id	parent	generator
0	-1	-1
1	0	0
2	0	1
3	1	0
4	1	1
5	2	0
6	2	1
7	3	0
8	3	1
9	4	0
10	4	1
11	5	0
12	5	1
13	6	0
14	6	1
15	7	0
16	7	1
17	8	0
18	8	1
19	9	0
20	9	1
21	10	0
22	10	1
23	11	0
24	11	1
25	12	0
26	12	1
27	13	0
28	13	1
29	14	0
30	15	0
31	15	1
32	16	0
33	16	1
34	17	1
35	18	0
36	18	1
37	19	0
38	19	1
39	20	0
40	20	1
41	21	0
42	21	1
43	22	0
44	23	0
45	23	1
46	24	1
47	25	0
48	25	1
49	26	0
50	26	1
51	27	0
52	27	1
53	28	0
54	28	1
55	29	0
56	29	1
57	30	0
58	30	1
59	31	0
60	31	1
61	32	1
62	33	0
63	33	1
64	34	0
65	34	1
66	35	0
67	35	1
68	36	0
69	37	0
70	37	1
71	38	1
72	39	0
73	39	1
74	40	0
75	40	1
76	41	0
77	41	1
78	42	0
79	42	1
80	43	0
81	43	1
82	44	0
83	44	1
84	45	0
85	45	1
86	46	0
87	46	1
88	47	0
89	47	1
90	48	0
91	48	1
92	49	0
93	49	1
94	50	0
95	51	0
96	51	1
97	52	1
98	53	0
99	53	1
100	54	0
101	54	1
102	55	0
103	55	1
104	56	0
105	56	1
106	57	0
107	57	1
108	58	0
109	58	1
110	59	1
111	60	0
112	60	1
113	61	0
114	61	1
115	62	0
116	62	1
117	63	0
118	64	0
119	64	1
120	65	0
121	65	1
122	66	0
123	66	1
124	67	0
125	67	1
126	68	0
127	68	1
128	69	0
129	69	1
130	70	0
131	70	1
132	71	0
133	71	1
134	72	0
135	72	1
136	73	0
137	73	1
138	74	0
139	74	1
140	75	0
141	76	0
142	76	1
143	77	1
144	78	0
145	78	1
146	79	0
147	79	1
148	80	0
149	80	1
150	81	0
151	81	1
152	82	0
153	82	1
154	83	0
155	83	1
156	84	1
157	85	0
158	85	1
159	86	0
160	86	1
161	87	0
162	88	0
163	88	1
164	89	1
165	90	0
166	90	1
167	91	0
168	91	1
169	92	0
170	92	1
171	93	0
172	93	1
173	94	0
174	94	1
175	95	0
176	95	1
177	96	0
178	96	1
179	97	0
180	97	1
181	98	0
182	98	1
183	99	0
184	99	1
185	100	0
186	100	1
187	101	0
188	102	0
189	102	1
190	103	1
191	104	1
192	105	0
193	105	1
194	106	0
195	106	1
196	107	0
197	107	1
198	108	1
199	109	0
200	109	1
201	110	0
202	110	1
203	111	0
204	111	1
205	112	0
206	113	0
207	113	1
208	114	0
209	114	1
210	115	0
211	115	1
212	116	0
213	116	1
214	117	0
215	117	1
216	118	0
217	118	1
218	119	0
219	119	1
220	120	0
221	120	1
222	121	0
223	122	0
224	122	1
225	123	1
226	124	0
227	124	1
228	125	0
229	125	1
230	126	0
231	126	1
232	127	0
233	127	1
234	128	0
235	128	1
236	129	0
237	129	1
238	130	1
239	131	0
240	131	1
241	132	0
242	132	1
243	133	0
244	134	0
245	134	1
246	135	1
247	136	0
248	136	1
249	137	0
250	137	1
251	138	0
252	138	1
253	139	0
254	139	1
255	140	0
256	140	1
257	141	0
258	141	1
259	142	0
260	142	1
261	143	0
262	143	1
263	144	0
264	144	1
265	145	0
266	145	1
267	146	0
268	146	1
269	147	0
270	148	0
271	148	1
272	149	1
273	150	1
274	151	0
275	151	1
276	152	0
277	152	1
278	153	0
279	153	1
280	154	1
281	155	0
282	155	1
283	156	0
284	156	1
285	157	0
286	157	1
287	158	0
288	159	0
289	160	0
290	160	1
291	161	0
292	161	1
293	162	0
294	162	1
295	163	0
296	163	1
297	164	0
298	164	1
299	165	0
300	165	1
301	166	0
302	166	1
303	167	0
304	167	1
305	168	0
306	169	0
307	169	1
308	170	1
309	171	0
310	171	1
311	172	0
312	172	1
313	173	0
314	173	1
315	174	0
316	174	1
317	175	0
318	175	1
319	176	0
320	176	1
321	177	1
322	178	0
323	178	1
324	179	0
325	179	1
326	180	0
327	181	0
328	181	1
329	182	1
330	183	0
331	183	1
332	184	0
333	184	1
334	185	0
335	185	1
336	186	0
337	186	1
338	187	0
339	187	1
340	188	0
341	188	1
342	189	0
343	189	1
344	190	0
345	190	1
346	191	0
347	191	1
348	192	0
349	192	1
350	193	0
351	194	1
352	195	0
353	195	1
354	196	1
355	197	0
356	197	1
357	198	0
358	198	1
359	199	0
360	199	1
361	200	0
362	201	0
363	201	1
364	202	0
365	202	1
366	203	0
367	203	1
368	204	0
369	204	1
370	205	0
371	205	1
372	206	0
373	206	1
374	207	0
375	207	1
376	208	0
377	208	1
378	209	0
379	210	0
380	210	1
381	211	1
382	212	0
383	212	1
384	213	0
385	213	1
386	214	0
387	214	1
388	215	0
389	215	1
390	216	0
391	216	1
392	217	1
393	218	0
394	218	1
395	219	0
396	219	1
397	220	0
398	220	1
399	221	0
400	221	1
401	222	0
402	222	1
403	223	0
404	223	1
405	224	0
406	224	1
407	225	0
408	225	1
409	226	0
410	226	1
411	227	0
412	227	1
413	228	0
414	228	1
415	229	0
416	230	0
417	230	1
418	231	1
419	232	1
420	233	0
421	233	1
422	234	0
423	234	1
424	235	0
425	235	1
426	236	1
427	237	0
428	237	1
429	238	0
430	238	1
431	239	0
432	239	1
433	240	0
434	241	0
435	242	0
436	242	1
437	243	0
438	243	1
439	244	0
440	244	1
441	245	0
442	245	1
443	246	0
444	246	1
445	247	0
446	247	1
447	248	0
448	248	1
449	249	0
450	249	1
451	250	0
452	251	0
453	251	1
454	252	1
455	253	0
456	253	1
457	254	0
458	254	1
459	255	0
460	255	1
461	256	0
462	256	1
463	257	0
464	257	1
465	258	0
466	258	1
467	259	1
468	260	0
469	260	1
470	261	0
471	261	1
472	262	0
473	263	0
474	263	1
475	264	1
476	265	0
477	265	1
478	266	0
479	266	1
480	267	0
481	267	1
482	268	0
483	268	1
484	269	0
485	269	1
486	270	0
487	270	1
488	271	0
489	271	1
490	272	0
491	272	1
492	273	0
493	273	1
494	274	0
495	274	1
496	275	0
497	276	0
498	276	1
499	277	0
500	277	1
501	278	1
502	279	0
503	279	1
504	280	0
505	280	1
506	281	0
507	281	1
508	282	0
509	283	0
510	283	1
511	284	0
512	284	1
513	285	0
514	285	1
515	286	0
516	286	1
517	287	0
518	287	1
519	288	0
520	288	1
521	289	0
522	289	1
523	290	0
524	290	1
525	291	0
526	291	1
527	292	0
528	292	1
529	293	0
530	293	1
531	294	0
532	294	1
533	295	1
534	296	0
535	296	1
536	297	0
537	297	1
538	298	0
539	299	0
540	299	1
541	300	1
542	301	1
543	302	0
544	302	1
545	303	1
546	304	0
547	304	1
548	305	0
549	305	1
550	306	0
551	306	1
552	307	0
553	307	1
554	308	0
555	308	1
556	309	0
557	309	1
558	310	0
559	310	1
560	311	0
561	311	1
562	312	0
563	313	0
564	313	1
565	314	1
566	315	1
567	316	0
568	316	1
569	317	0
570	317	1
571	318	0
572	318	1
573	319	1
574	320	0
575	320	1
576	321	0
577	321	1
578	322	0
579	322	1
580	324	0
581	325	0
582	325	1
583	326	0
584	326	1
585	327	0
586	327	1
587	328	0
588	328	1
589	329	0
590	329	1
591	330	0
592	330	1
593	331	0
594	331	1
595	332	0
596	332	1
597	334	0
598	334	1
599	335	1
600	336	0
601	336	1
602	337	0
603	337	1
604	338	1
605	339	0
606	339	1
607	340	0
608	340	1
609	341	0
610	341	1
611	342	1
612	343	0
613	343	1
614	344	0
615	344	1
616	345	0
617	346	0
618	346	1
619	347	0
620	347	1
621	348	0
622	348	1
623	349	0
624	349	1
625	350	0
626	350	1
627	351	0
628	351	1
629	352	1
630	353	0
631	354	0
632	354	1
633	355	0
634	355	1
635	356	0
636	357	0
637	357	1
638	358	0
639	358	1
640	359	0
641	359	1
642	360	0
643	360	1
644	361	0
645	361	1
646	362	0
647	362	1
648	363	0
649	363	1
650	364	0
651	364	1
652	365	0
653	366	0
654	366	1
655	367	1
656	368	0
657	368	1
658	369	0
659	369	1
660	370	0
661	370	1
662	371	0
663	371	1
664	372	0
665	372	1
666	373	1
667	374	0
668	374	1
669	375	0
670	375	1
671	376	0
672	376	1
673	377	0
674	377	1
675	378	0
676	378	1
677	379	0
678	379	1
679	380	0
680	380	1
681	381	0
682	381	1
683	382	0
684	382	1
685	383	0
686	383	1
687	384	0
688	384	1
689	385	0
690	386	0
691	386	1
692	387	1
693	388	1
694	389	0
695	389	1
696	390	0
697	390	1
698	391	0
699	391	1
700	392	0
701	392	1
702	393	0
703	393	1
704	394	0
705	394	1
706	395	0
707	395	1
708	396	0
709	397	0
710	397	1
711	398	1
712	399	0
713	399	1
714	400	0
715	400	1
716	401	0
717	401	1
718	402	0
719	402	1
720	403	0
721	403	1
722	404	0
723	404	1
724	405	1
725	406	0
726	406	1
727	407	0
728	407	1
729	408	0
730	409	0
731	409	1
732	410	1
733	411	0
734	411	1
735	412	0
736	412	1
737	413	0
738	413	1
739	414	0
740	414	1
741	415	0
742	415	1
743	416	0
744	416	1
745	417	0
746	417	1
747	418	0
748	418	1
749	419	0
750	419	1
751	420	0
752	420	1
753	421	0
754	422	0
755	422	1
756	423	0
757	423	1
758	424	1
759	425	0
760	425	1
761	426	0
762	426	1
763	427	0
764	427	1
765	428	0
766	429	0
767	429	1
768	430	0
769	430	1
770	431	0
771	431	1
772	432	0
773	432	1
774	433	0
775	433	1
776	434	0
777	434	1
778	435	0
779	435	1
780	436	0
781	436	1
782	437	0
783	437	1
784	438	0
785	438	1
786	439	0
787	439	1
788	440	0
789	440	1
790	441	1
791	442	0
792	442	1
793	443	0
794	443	1
795	444	0
796	445	0
797	445	1
798	446	1
799	447	1
800	448	0
801	448	1
802	449	1
803	450	0
804	450	1
805	451	0
806	451	1
807	452	0
808	452	1
809	453	0
810	453	1
811	454	0
812	454	1
813	455	0
814	455	1
815	456	0
816	456	1
817	457	0
818	457	1
819	458	0
820	459	0
821	459	1
822	460	1
823	461	1
824	462	0
825	462	1
826	463	0
827	463	1
828	464	0
829	464	1
830	465	1
831	466	0
832	466	1
833	467	0
834	467	1
835	468	0
836	468	1
837	470	0
838	471	0
839	471	1
840	472	0
841	472	1
842	473	0
843	473	1
844	474	0
845	474	1
846	475	0
847	475	1
848	476	0
849	476	1
850	477	0
851	477	1
852	478	0
853	478	1
854	480	0
855	480	1
856	481	1
857	482	0
858	482	1
859	483	0
860	483	1
861	484	1
862	485	0
863	485	1
864	486	0
865	486	1
866	487	0
867	487	1
868	488	1
869	489	0
870	489	1
871	490	0
872	490	1
873	491	0
874	492	0
875	492	1
876	493	0
877	493	1
878	494	0
879	494	1
880	495	0
881	495	1
882	496	0
883	496	1
884	497	1
885	498	0
886	498	1
887	499	1
888	500	0
889	500	1
890	501	0
891	501	1
892	502	0
893	502	1
894	503	0
895	504	0
896	504	1
897	505	0
898	505	1
899	506	0
900	506	1
901	507	0
902	507	1
903	508	0
904	508	1
905	509	0
906	509	1
907	510	0
908	510	1
909	511	0
910	511	1
911	512	0
912	513	0
913	513	1
914	514	1
915	515	0
916	515	1
917	516	0
918	516	1
919	517	0
920	517	1
921	518	0
922	518	1
923	519	0
924	519	1
925	520	0
926	520	1
927	521	0
928	521	1
929	522	0
930	522	1
931	523	0
932	523	1
933	524	0
934	525	0
935	525	1
936	526	1
937	527	1
938	528	0
939	528	1
940	529	0
941	529	1
942	530	0
943	530	1
944	532	0
945	532	1
946	533	0
947	533	1
948	534	0
949	534	1
950	536	0
951	537	1
952	538	1
953	539	0
954	539	1
955	540	0
956	540	1
957	541	0
958	541	1
959	542	0
960	542	1
961	543	0
962	543	1
963	544	0
964	545	1
965	546	0
966	546	1
967	547	0
968	547	1
969	548	0
970	548	1
971	549	0
972	549	1
973	550	0
974	550	1
975	551	0
976	551	1
977	552	1
978	553	0
979	553	1
980	554	0
981	554	1
982	555	0
983	556	0
984	556	1
985	557	1
986	558	0
987	558	1
988	559	0
989	559	1
990	560	0
991	560	1
992	561	0
993	561	1
994	562	0
995	562	1
996	563	0
997	563	1
998	564	0
999	564	1
1000	565	0
1001	565	1
1002	566	0
1003	566	1
1004	567	0
1005	567	1
1006	569	0
1007	569	1
1008	570	0
1009	570	1
1010	571	1
1011	572	0
1012	572	1
1013	573	0
1014	573	1
1015	574	0
1016	574	1
1017	575	0
1018	576	0
1019	576	1
1020	577	0
1021	577	1
1022	578	0
1023	578	1
1024	579	0
1025	579	1
1026	580	0
1027	580	1
1028	581	1
1029	582	0
1030	582	1
1031	583	0
1032	583	1
1033	584	0
1034	584	1
1035	585	0
1036	585	1
1037	586	0
1038	586	1
1039	587	1
1040	588	0
1041	588	1
1042	589	0
1043	589	1
1044	590	0
1045	591	0
1046	591	1
1047	592	1
1048	593	1
1049	594	0
1050	594	1
1051	595	1
1052	596	0
1053	596	1
1054	597	0
1055	597	1
1056	598	0
1057	598	1
1058	599	0
1059	599	1
1060	600	0
1061	600	1
1062	601	0
1063	601	1
1064	602	0
1065	602	1
1066	604	1
1067	605	1
1068	606	1
1069	607	1
1070	608	0
1071	608	1
1072	609	1
1073	610	0
1074	610	1
1075	611	0
1076	611	1
1077	612	0
1078	612	1
1079	614	0
1080	615	0
1081	615	1
1082	616	0
1083	616	1
1084	617	0
1085	617	1
1086	618	0
1087	618	1
1088	619	0
1089	619	1
1090	621	0
1091	621	1
1092	622	1
1093	623	0
1094	623	1
1095	624	0
1096	624	1
1097	625	1
1098	626	1
1099	627	1
1100	628	0
1101	629	0
1102	629	1
1103	630	0
1104	630	1
1105	631	0
1106	631	1
1107	632	0
1108	632	1
1109	633	0
1110	633	1
1111	634	0
1112	634	1
1113	635	0
1114	635	1
1115	636	0
1116	636	1
1117	637	0
1118	637	1
1119	638	0
1120	638	1
1121	639	0
1122	640	0
1123	640	1
1124	641	1
1125	642	0
1126	642	1
1127	643	0
1128	643	1
1129	644	0
1130	644	1
1131	645	0
1132	645	1
1133	646	0
1134	646	1
1135	647	1
1136	648	0
1137	648	1
1138	649	0
1139	649	1
1140	650	0
1141	650	1
1142	651	0
1143	651	1
1144	652	0
1145	652	1
1146	653	0
1147	653	1
1148	654	0
1149	654	1
1150	655	0
1151	655	1
1152	656	0
1153	656	1
1154	657	0
1155	657	1
1156	658	0
1157	658	1
1158	659	0
1159	660	0
1160	660	1
1161	661	1
1162	662	1
1163	663	0
1164	663	1
1165	664	0
1166	664	1
1167	665	0
1168	665	1
1169	666	0
1170	666	1
1171	667	0
1172	667	1
1173	668	0
1174	668	1
1175	669	0
1176	669	1
1177	670	0
1178	671	0
1179	671	1
1180	672	1
1181	673	0
1182	673	1
1183	674	0
1184	674	1
1185	675	0
1186	675	1
1187	676	1
1188	677	0
1189	677	1
1190	678	0
1191	678	1
1192	679	1
1193	680	0
1194	680	1
1195	681	0
1196	681	1
1197	682	0
1198	683	0
1199	683	1
1200	684	1
1201	685	0
1202	685	1
1203	686	0
1204	686	1
1205	687	0
1206	687	1
1207	688	0
1208	688	1
1209	689	0
1210	689	1
1211	690	0
1212	690	1
1213	691	0
1214	691	1
1215	692	0
1216	692	1
1217	693	0
1218	693	1
1219	694	0
1220	694	1
1221	695	0
1222	696	0
1223	696	1
1224	697	0
1225	697	1
1226	698	1
1227	699	0
1228	699	1
1229	700	0
1230	700	1
1231	701	0
1232	702	0
1233	702	1
1234	703	1
1235	704	1
1236	705	0
1237	705	1
1238	706	1
1239	707	0
1240	707	1
1241	708	0
1242	708	1
1243	709	0
1244	709	1
1245	710	0
1246	710	1
1247	711	0
1248	711	1
1249	712	0
1250	712	1
1251	713	0
1252	713	1
1253	714	0
1254	714	1
1255	715	0
1256	716	0
1257	716	1
1258	717	1
1259	718	1
1260	719	0
1261	719	1
1262	720	0
1263	720	1
1264	721	0
1265	721	1
1266	722	1
1267	723	0
1268	723	1
1269	724	0
1270	724	1
1271	725	0
1272	725	1
1273	727	0
1274	728	0
1275	728	1
1276	729	0
1277	729	1
1278	730	0
1279	730	1
1280	731	0
1281	731	1
1282	732	0
1283	732	1
1284	733	0
1285	733	1
1286	734	0
1287	734	1
1288	735	0
1289	735	1
1290	737	0
1291	737	1
1292	738	1
1293	739	0
1294	739	1
1295	740	0
1296	740	1
1297	741	1
1298	742	0
1299	742	1
1300	743	0
1301	743	1
1302	744	0
1303	744	1
1304	745	1
1305	746	0
1306	746	1
1307	747	0
1308	747	1
1309	748	0
1310	749	0
1311	749	1
1312	750	0
1313	750	1
1314	751	0
1315	751	1
1316	752	0
1317	752	1
1318	753	0
1319	753	1
1320	754	1
1321	755	0
1322	755	1
1323	756	1
1324	757	0
1325	757	1
1326	758	0
1327	758	1
1328	759	0
1329	759	1
1330	760	0
1331	761	0
1332	761	1
1333	762	0
1334	762	1
1335	763	0
1336	763	1
1337	764	0
1338	764	1
1339	765	0
1340	765	1
1341	766	0
1342	766	1
1343	767	0
1344	767	1
1345	768	0
1346	768	1
1347	770	0
1348	770	1
1349	771	1
1350	772	0
1351	772	1
1352	773	0
1353	773	1
1354	774	0
1355	774	1
1356	775	1
1357	776	0
1358	776	1
1359	777	0
1360	777	1
1361	778	0
1362	778	1
1363	779	0
1364	779	1
1365	780	0
1366	780	1
1367	781	0
1368	782	0
1369	782	1
1370	783	1
1371	784	1
1372	785	0
1373	785	1
1374	786	0
1375	786	1
1376	787	0
1377	787	1
1378	789	0
1379	789	1
1380	790	0
1381	790	1
1382	791	0
1383	791	1
1384	793	0
1385	794	1
1386	795	1
1387	796	0
1388	796	1
1389	797	0
1390	797	1
1391	798	0
1392	798	1
1393	799	0
1394	799	1
1395	800	0
1396	800	1
1397	801	0
1398	802	1
1399	803	0
1400	803	1
1401	804	0
1402	804	1
1403	805	0
1404	805	1
1405	806	0
1406	806	1
1407	807	0
1408	807	1
1409	808	0
1410	808	1
1411	809	1
1412	810	0
1413	810	1
1414	811	0
1415	811	1
1416	812	0
1417	813	0
1418	813	1
1419	814	1
1420	815	0
1421	815	1
1422	816	0
1423	816	1
1424	817	0
1425	817	1
1426	818	0
1427	818	1
1428	819	0
1429	819	1
1430	820	0
1431	820	1
1432	821	1
1433	822	0
1434	822	1
1435	823	0
1436	823	1
1437	824	0
1438	824	1
1439	826	0
1440	826	1
1441	827	0
1442	827	1
1443	828	1
1444	829	0
1445	829	1
1446	830	0
1447	830	1
1448	831	0
1449	831	1
1450	832	0
1451	833	0
1452	833	1
1453	834	0
1454	834	1
1455	835	0
1456	835	1
1457	836	0
1458	836	1
1459	837	0
1460	837	1
1461	838	1
1462	839	0
1463	839	1
1464	840	0
1465	840	1
1466	841	0
1467	841	1
1468	842	0
1469	842	1
1470	843	0
1471	843	1
1472	844	1
1473	845	0
1474	845	1
1475	846	0
1476	846	1
1477	847	0
1478	848	0
1479	848	1
1480	849	1
1481	850	1
1482	851	0
1483	851	1
1484	852	1
1485	853	0
1486	853	1
1487	854	0
1488	854	1
1489	855	0
1490	855	1
1491	856	0
1492	856	1
1493	857	0
1494	857	1
1495	858	0
1496	858	1
1497	859	0
1498	859	1
1499	861	1
1500	862	1
1501	863	1
1502	864	1
1503	865	0
1504	865	1
1505	866	1
1506	867	0
1507	867	1
1508	868	0
1509	868	1
1510	869	0
1511	869	1
1512	871	0
1513	872	0
1514	872	1
1515	873	0
1516	873	1
1517	874	0
1518	874	1
1519	875	0
1520	875	1
1521	876	0
1522	876	1
1523	878	0
1524	878	1
1525	879	1
1526	880	0
1527	880	1
1528	881	0
1529	881	1
1530	882	1
1531	883	1
1532	884	0
1533	884	1
1534	885	1
1535	886	0
1536	887	0
1537	887	1
1538	888	0
1539	888	1
1540	889	0
1541	890	0
1542	890	1
1543	891	0
1544	891	1
1545	892	0
1546	892	1
1547	893	0
1548	893	1
1549	894	0
1550	894	1
1551	895	0
1552	895	1
1553	896	0
1554	896	1
1555	897	0
1556	897	1
1557	898	0
1558	899	0
1559	899	1
1560	900	1
1561	901	0
1562	901	1
1563	902	0
1564	902	1
1565	903	0
1566	903	1
1567	904	0
1568	904	1
1569	905	0
1570	905	1
1571	906	1
1572	907	0
1573	907	1
1574	908	0
1575	908	1
1576	909	0
1577	909	1
1578	910	0
1579	910	1
1580	911	0
1581	911	1
1582	912	0
1583	912	1
1584	913	0
1585	913	1
1586	914	0
1587	914	1
1588	915	0
1589	915	1
1590	916	0
1591	916	1
1592	917	0
1593	917	1
1594	918	0
1595	919	0
1596	919	1
1597	920	1
1598	921	1
1599	922	0
1600	922	1
1601	923	0
1602	923	1
1603	924	0
1604	924	1
1605	925	1
1606	926	0
1607	926	1
1608	927	0
1609	927	1
1610	928	1
1611	929	0
1612	929	1
1613	930	1
1614	931	0
1615	931	1
1616	932	0
1617	932	1
1618	933	0
1619	933	1
1620	934	0
1621	934	1
1622	935	0
1623	935	1
1624	936	0
1625	936	1
1626	937	0
1627	937	1
1628	938	0
1629	938	1
1630	940	0
1631	940	1
1632	941	0
1633	941	1
1634	942	1
1635	943	0
1636	943	1
1637	944	0
1638	944	1
1639	945	0
1640	946	0
1641	946	1
1642	947	0
1643	947	1
1644	948	0
1645	948	1
1646	949	0
1647	949	1
1648	950	0
1649	950	1
1650	951	0
1651	951	1
1652	952	0
1653	952	1
1654	953	0
1655	953	1
1656	954	0
1657	954	1
1658	955	1
1659	956	0
1660	956	1
1661	957	0
1662	958	0
1663	959	1
1664	960	0
1665	960	1
1666	961	1
1667	962	0
1668	962	1
1669	963	0
1670	963	1
1671	964	0
1672	964	1
1673	965	0
1674	965	1
1675	966	0
1676	966	1
1677	967	0
1678	969	0
1679	969	1
1680	970	1
1681	971	1
1682	972	0
1683	972	1
1684	973	0
1685	973	1
1686	974	1
1687	975	1
1688	976	1
1689	977	0
1690	977	1
1691	978	0
1692	978	1
1693	980	0
1694	981	0
1695	981	1
1696	982	0
1697	982	1
1698	983	0
1699	983	1
1700	984	0
1701	984	1
1702	985	0
1703	985	1
1704	986	0
1705	986	1
1706	987	0
1707	987	1
1708	988	0
1709	988	1
1710	990	0
1711	990	1
1712	991	1
1713	992	0
1714	993	0
1715	993	1
1716	994	1
1717	995	0
1718	995	1
1719	996	0
1720	996	1
1721	997	0
1722	997	1
1723	998	1
1724	999	0
1725	999	1
1726	1000	0
1727	1000	1
1728	1001	0
1729	1002	0
1730	1002	1
1731	1003	0
1732	1003	1
1733	1004	0
1734	1004	1
1735	1005	0
1736	1005	1
1737	1006	1
1738	1007	0
1739	1007	1
1740	1008	1
1741	1009	0
1742	1009	1
1743	1010	0
1744	1010	1
1745	1011	0
1746	1011	1
1747	1012	0
1748	1013	0
1749	1013	1
1750	1014	0
1751	1014	1
1752	1015	0
1753	1015	1
1754	1016	0
1755	1016	1
1756	1017	0
1757	1017	1
1758	1018	0
1759	1018	1
1760	1019	0
1761	1019	1
1762	1020	0
1763	1020	1
1764	1021	0
1765	1022	0
1766	1022	1
1767	1023	1
1768	1024	1
1769	1025	0
1770	1025	1
1771	1026	0
1772	1026	1
1773	1027	0
1774	1027	1
1775	1028	0
1776	1028	1
1777	1029	0
1778	1029	1
1779	1030	0
1780	1031	0
1781	1031	1
1782	1032	1
1783	1033	1
1784	1034	0
1785	1034	1
1786	1035	0
1787	1035	1
1788	1036	0
1789	1036	1
1790	1038	0
1791	1038	1
1792	1039	0
1793	1039	1
1794	1040	0
1795	1040	1
1796	1042	0
1797	1043	1
1798	1044	1
1799	1045	0
1800	1045	1
1801	1046	0
1802	1046	1
1803	1047	0
1804	1047	1
1805	1048	0
1806	1048	1
1807	1049	0
1808	1049	1
1809	1050	0
1810	1051	1
1811	1052	0
1812	1052	1
1813	1053	0
1814	1053	1
1815	1054	0
1816	1054	1
1817	1055	0
1818	1055	1
1819	1056	1
1820	1057	0
1821	1057	1
1822	1058	0
1823	1058	1
1824	1059	0
1825	1060	0
1826	1060	1
1827	1061	1
1828	1062	0
1829	1062	1
1830	1063	0
1831	1063	1
1832	1064	0
1833	1064	1
1834	1065	0
1835	1065	1
1836	1066	0
1837	1066	1
1838	1067	0
1839	1067	1
1840	1069	0
1841	1069	1
1842	1070	1
1843	1071	0
1844	1072	0
1845	1072	1
1846	1073	0
1847	1073	1
1848	1074	0
1849	1075	0
1850	1075	1
1851	1076	0
1852	1077	0
1853	1077	1
1854	1078	1
1855	1079	0
1856	1079	1
1857	1080	1
1858	1081	0
1859	1081	1
1860	1082	0
1861	1082	1
1862	1083	0
1863	1083	1
1864	1084	0
1865	1084	1
1866	1085	1
1867	1086	1
1868	1087	0
1869	1087	1
1870	1088	1
1871	1089	0
1872	1089	1
1873	1090	0
1874	1090	1
1875	1091	0
1876	1091	1
1877	1092	0
1878	1092	1
1879	1093	0
1880	1093	1
1881	1094	0
1882	1094	1
1883	1095	0
1884	1095	1
1885	1097	1
1886	1098	1
1887	1099	0
1888	1099	1
1889	1100	0
1890	1100	1
1891	1101	0
1892	1101	1
1893	1102	0
1894	1102	1
1895	1103	0
1896	1103	1
1897	1104	0
1898	1104	1
1899	1105	0
1900	1105	1
1901	1106	0
1902	1106	1
1903	1107	0
1904	1107	1
1905	1108	0
1906	1109	0
1907	1109	1
1908	1110	1
1909	1111	0
1910	1111	1
1911	1112	0
1912	1112	1
1913	1113	0
1914	1113	1
1915	1114	0
1916	1114	1
1917	1115	0
1918	1115	1
1919	1117	0
1920	1117	1
1921	1118	0
1922	1118	1
1923	1119	0
1924	1119	1
1925	1120	0
1926	1120	1
1927	1121	0
1928	1121	1
1929	1122	1
1930	1123	0
1931	1123	1
1932	1124	0
1933	1124	1
1934	1125	0
1935	1125	1
1936	1126	0
1937	1126	1
1938	1127	0
1939	1127	1
1940	1128	0
1941	1129	0
1942	1129	1
1943	1130	1
1944	1131	1
1945	1132	0
1946	1132	1
1947	1133	0
1948	1133	1
1949	1134	0
1950	1134	1
1951	1135	0
1952	1135	1
1953	1136	0
1954	1136	1
1955	1137	0
1956	1137	1
1957	1138	0
1958	1138	1
1959	1139	0
1960	1140	0
1961	1140	1
1962	1141	1
1963	1142	0
1964	1142	1
1965	1143	0
1966	1143	1
1967	1144	0
1968	1144	1
1969	1145	1
1970	1146	0
1971	1146	1
1972	1147	0
1973	1147	1
1974	1148	1
1975	1149	0
1976	1149	1
1977	1150	0
1978	1150	1
1979	1151	0
1980	1152	0
1981	1152	1
1982	1153	1
1983	1154	0
1984	1154	1
1985	1155	0
1986	1155	1
1987	1156	0
1988	1156	1
1989	1157	0
1990	1157	1
1991	1158	0
1992	1158	1
1993	1159	0
1994	1159	1
1995	1160	0
1996	1160	1
1997	1161	0
1998	1161	1
1999	1162	0
2000	1162	1
2001	1163	0
2002	1163	1
2003	1164	0
2004	1165	0
2005	1165	1
2006	1166	0
2007	1166	1
2008	1167	1
2009	1168	0
2010	1168	1
2011	1169	0
2012	1169	1
2013	1170	0
2014	1171	0
2015	1171	1
2016	1172	1
2017	1173	1
2018	1174	0
2019	1174	1
2020	1175	1
2021	1176	0
2022	1176	1
2023	1177	0
2024	1177	1
2025	1178	0
2026	1178	1
2027	1179	0
2028	1179	1
2029	1180	0
2030	1180	1
2031	1181	0
2032	1181	1
2033	1182	0
2034	1182	1
2035	1183	0
2036	1183	1
2037	1185	0
2038	1185	1
2039	1186	1
2040	1187	0
2041	1187	1
2042	1188	0
2043	1188	1
2044	1189	0
2045	1189	1
2046	1190	1
2047	1191	0
2048	1191	1
2049	1192	0
2050	1192	1
2051	1193	0
2052	1193	1
2053	1195	0
2054	1196	0
2055	1196	1
2056	1197	0
2057	1197	1
2058	1198	0
2059	1198	1
2060	1199	0
2061	1199	1
2062	1200	0
2063	1200	1
2064	1201	0
2065	1201	1
2066	1202	0
2067	1202	1
2068	1203	1
2069	1205	0
2070	1205	1
2071	1206	1
2072	1207	0
2073	1207	1
2074	1208	0
2075	1208	1
2076	1209	1
2077	1210	0
2078	1210	1
2079	1211	0
2080	1211	1
2081	1212	0
2082	1212	1
2083	1213	1
2084	1214	0
2085	1214	1
2086	1215	0
2087	1215	1
2088	1216	0
2089	1217	0
2090	1217	1
2091	1218	0
2092	1218	1
2093	1219	0
2094	1219	1
2095	1220	0
2096	1220	1
2097	1221	1
2098	1222	0
2099	1222	1
2100	1223	0
2101	1223	1
2102	1225	0
2103	1225	1
2104	1226	0
2105	1226	1
2106	1227	0
2107	1227	1
2108	1229	0
2109	1230	1
2110	1231	1
2111	1232	0
2112	1232	1
2113	1233	0
2114	1233	1
2115	1234	0
2116	1234	1
2117	1235	0
2118	1235	1
2119	1236	0
2120	1236	1
2121	1237	0
2122	1238	1
2123	1239	0
2124	1239	1
2125	1240	0
2126	1240	1
2127	1241	0
2128	1241	1
2129	1242	0
2130	1242	1
2131	1243	0
2132	1243	1
2133	1244	0
2134	1244	1
2135	1245	1
2136	1246	0
2137	1246	1
2138	1247	0
2139	1247	1
2140	1248	0
2141	1249	0
2142	1249	1
2143	1250	1
2144	1251	0
2145	1251	1
2146	1252	0
2147	1252	1
2148	1253	0
2149	1253	1
2150	1254	0
2151	1254	1
2152	1255	0
2153	1255	1
2154	1256	0
2155	1256	1
2156	1257	1
2157	1258	0
2158	1258	1
2159	1259	0
2160	1259	1
2161	1260	0
2162	1260	1
2163	1262	0
2164	1262	1
2165	1263	0
2166	1263	1
2167	1264	1
2168	1265	0
2169	1265	1
2170	1266	0
2171	1266	1
2172	1267	0
2173	1267	1
2174	1268	0
2175	1269	0
2176	1269	1
2177	1270	0
2178	1270	1
2179	1271	0
2180	1271	1
2181	1272	1
2182	1273	0
2183	1273	1
2184	1274	1
2185	1275	0
2186	1275	1
2187	1276	0
2188	1276	1
2189	1277	0
2190	1277	1
2191	1278	0
2192	1278	1
2193	1279	0
2194	1279	1
2195	1280	1
2196	1281	0
2197	1281	1
2198	1282	0
2199	1282	1
2200	1283	0
2201	1284	0
2202	1284	1
2203	1285	1
2204	1286	1
2205	1287	0
2206	1287	1
2207	1288	1
2208	1289	0
2209	1289	1
2210	1290	0
2211	1290	1
2212	1291	0
2213	1291	1
2214	1292	0
2215	1292	1
2216	1293	0
2217	1293	1
2218	1294	1
2219	1295	1
2220	1297	1
2221	1298	1
2222	1299	1
2223	1300	1
2224	1301	0
2225	1301	1
2226	1302	1
2227	1303	0
2228	1303	1
2229	1304	0
2230	1304	1
2231	1305	0
2232	1305	1
2233	1307	0
2234	1308	0
2235	1308	1
2236	1309	0
2237	1309	1
2238	1310	0
2239	1310	1
2240	1311	0
2241	1311	1
2242	1312	0
2243	1312	1
2244	1314	0
2245	1314	1
2246	1315	1
2247	1316	0
2248	1316	1
2249	1317	0
2250	1317	1
2251	1318	1
2252	1319	1
2253	1320	0
2254	1320	1
2255	1321	1
2256	1322	0
2257	1323	0
2258	1323	1
2259	1324	0
2260	1324	1
2261	1325	0
2262	1326	0
2263	1326	1
2264	1327	0
2265	1328	0
2266	1328	1
2267	1329	1
2268	1330	0
2269	1330	1
2270	1331	0
2271	1331	1
2272	1332	0
2273	1332	1
2274	1333	0
2275	1333	1
2276	1334	0
2277	1335	0
2278	1335	1
2279	1336	1
2280	1337	0
2281	1337	1
2282	1338	0
2283	1338	1
2284	1339	0
2285	1339	1
2286	1340	0
2287	1340	1
2288	1341	0
2289	1341	1
2290	1342	1
2291	1343	0
2292	1343	1
2293	1344	0
2294	1344	1
2295	1345	0
2296	1345	1
2297	1346	1
2298	1347	0
2299	1347	1
2300	1348	0
2301	1348	1
2302	1349	0
2303	1349	1
2304	1350	0
2305	1350	1
2306	1351	0
2307	1351	1
2308	1352	0
2309	1352	1
2310	1354	0
2311	1354	1
2312	1355	1
2313	1356	0
2314	1356	1
2315	1357	0
2316	1357	1
2317	1358	0
2318	1358	1
2319	1359	1
2320	1360	0
2321	1360	1
2322	1361	0
2323	1361	1
2324	1362	1
2325	1363	0
2326	1363	1
2327	1364	1
2328	1365	0
2329	1365	1
2330	1366	0
2331	1366	1
2332	1367	0
2333	1367	1
2334	1368	0
2335	1368	1
2336	1369	0
2337	1369	1
2338	1370	0
2339	1370	1
2340	1371	0
2341	1371	1
2342	1372	0
2343	1372	1
2344	1374	0
2345	1374	1
2346	1375	0
2347	1375	1
2348	1376	1
2349	1377	0
2350	1377	1
2351	1378	0
2352	1378	1
2353	1379	0
2354	1380	0
2355	1380	1
2356	1381	0
2357	1381	1
2358	1382	0
2359	1382	1
2360	1383	0
2361	1383	1
2362	1384	0
2363	1384	1
2364	1385	0
2365	1385	1
2366	1386	0
2367	1386	1
2368	1387	0
2369	1387	1
2370	1388	0
2371	1388	1
2372	1389	1
2373	1390	0
2374	1390	1
2375	1391	0
2376	1392	0
2377	1393	1
2378	1394	0
2379	1394	1
2380	1395	1
2381	1396	0
2382	1396	1
2383	1397	0
2384	1397	1
2385	1398	0
2386	1398	1
2387	1399	0
2388	1399	1
2389	1400	1
2390	1403	0
2391	1403	1
2392	1404	1
2393	1405	1
2394	1406	0
2395	1406	1
2396	1407	0
2397	1407	1
2398	1408	1
2399	1409	1
2400	1410	1
2401	1411	0
2402	1411	1
2403	1412	1
2404	1414	0
2405	1415	0
2406	1415	1
2407	1416	0
2408	1416	1
2409	1417	0
2410	1417	1
2411	1418	1
2412	1419	0
2413	1419	1
2414	1420	0
2415	1420	1
2416	1421	0
2417	1421	1
2418	1422	0
2419	1422	1
2420	1424	0
2421	1424	1
2422	1425	1
2423	1426	0
2424	1427	0
2425	1427	1
2426	1428	1
2427	1429	0
2428	1429	1
2429	1430	0
2430	1430	1
2431	1431	0
2432	1431	1
2433	1432	0
2434	1432	1
2435	1433	0
2436	1433	1
2437	1434	0
2438	1435	0
2439	1435	1
2440	1436	0
2441	1436	1
2442	1437	0
2443	1437	1
2444	1438	0
2445	1438	1
2446	1439	1
2447	1440	0
2448	1440	1
2449	1441	1
2450	1442	1
2451	1443	0
2452	1443	1
2453	1444	0
2454	1444	1
2455	1445	0
2456	1446	0
2457	1446	1
2458	1447	0
2459	1447	1
2460	1448	0
2461	1448	1
2462	1449	0
2463	1449	1
2464	1450	0
2465	1450	1
2466	1451	0
2467	1451	1
2468	1452	0
2469	1452	1
2470	1453	0
2471	1453	1
2472	1454	0
2473	1455	0
2474	1455	1
2475	1456	1
2476	1457	1
2477	1458	0
2478	1458	1
2479	1459	0
2480	1459	1
2481	1460	0
2482	1460	1
2483	1461	0
2484	1461	1
2485	1462	0
2486	1462	1
2487	1463	0
2488	1464	0
2489	1464	1
2490	1465	1
2491	1466	1
2492	1467	0
2493	1467	1
2494	1468	0
2495	1468	1
2496	1469	0
2497	1469	1
2498	1471	0
2499	1471	1
2500	1472	0
2501	1472	1
2502	1473	0
2503	1473	1
2504	1475	0
2505	1476	1
2506	1477	1
2507	1478	0
2508	1478	1
2509	1479	0
2510	1479	1
2511	1480	0
2512	1480	1
2513	1481	0
2514	1481	1
2515	1482	0
2516	1483	0
2517	1484	1
2518	1485	0
2519	1485	1
2520	1486	0
2521	1486	1
2522	1487	0
2523	1487	1
2524	1488	0
2525	1488	1
2526	1489	1
2527	1490	0
2528	1490	1
2529	1491	0
2530	1491	1
2531	1492	0
2532	1493	0
2533	1493	1
2534	1494	1
2535	1495	0
2536	1495	1
2537	1496	0
2538	1496	1
2539	1497	0
2540	1497	1
2541	1498	0
2542	1498	1
2543	1499	0
2544	1499	1
2545	1500	0
2546	1500	1
2547	1502	0
2548	1502	1
2549	1503	1
2550	1504	0
2551	1505	0
2552	1505	1
2553	1506	0
2554	1506	1
2555	1508	0
2556	1508	1
2557	1510	0
2558	1510	1
2559	1511	1
2560	1512	0
2561	1512	1
2562	1513	1
2563	1514	0
2564	1514	1
2565	1515	0
2566	1515	1
2567	1516	0
2568	1516	1
2569	1517	0
2570	1517	1
2571	1518	1
2572	1519	1
2573	1520	0
2574	1520	1
2575	1521	1
2576	1522	0
2577	1522	1
2578	1523	0
2579	1523	1
2580	1524	1
2581	1525	0
2582	1525	1
2583	1526	1
2584	1527	0
2585	1527	1
2586	1528	0
2587	1528	1
2588	1530	1
2589	1531	1
2590	1532	1
2591	1534	0
2592	1534	1
2593	1535	0
2594	1535	1
2595	1536	0
2596	1536	1
2597	1537	0
2598	1537	1
2599	1538	0
2600	1538	1
2601	1539	0
2602	1540	0
2603	1540	1
2604	1541	0
2605	1541	1
2606	1542	0
2607	1542	1
2608	1543	0
2609	1543	1
2610	1544	0
2611	1545	0
2612	1545	1
2613	1546	1
2614	1547	0
2615	1548	0
2616	1548	1
2617	1549	0
2618	1549	1
2619	1550	0
2620	1550	1
2621	1551	0
2622	1551	1
2623	1552	1
2624	1553	1
2625	1554	0
2626	1554	1
2627	1555	0
2628	1555	1
2629	1556	0
2630	1556	1
2631	1557	0
2632	1557	1
2633	1558	0
2634	1558	1
2635	1559	0
2636	1559	1
2637	1560	0
2638	1560	1
2639	1561	0
2640	1561	1
2641	1562	0
2642	1562	1
2643	1563	0
2644	1564	0
2645	1565	0
2646	1565	1
2647	1566	1
2648	1567	1
2649	1568	0
2650	1568	1
2651	1569	0
2652	1569	1
2653	1570	0
2654	1570	1
2655	1571	0
2656	1571	1
2657	1572	0
2658	1572	1
2659	1573	0
2660	1573	1
2661	1574	0
2662	1574	1
2663	1575	0
2664	1576	0
2665	1576	1
2666	1577	1
2667	1578	0
2668	1578	1
2669	1579	0
2670	1579	1
2671	1580	0
2672	1580	1
2673	1581	1
2674	1582	1
2675	1583	0
2676	1583	1
2677	1584	1
2678	1585	0
2679	1585	1
2680	1586	0
2681	1586	1
2682	1587	0
2683	1588	0
2684	1588	1
2685	1589	1
2686	1590	0
2687	1590	1
2688	1591	0
2689	1591	1
2690	1592	0
2691	1592	1
2692	1593	0
2693	1593	1
2694	1594	0
2695	1594	1
2696	1595	0
2697	1595	1
2698	1596	1
2699	1597	0
2700	1597	1
2701	1598	0
2702	1599	0
2703	1599	1
2704	1601	0
2705	1601	1
2706	1602	0
2707	1602	1
2708	1603	1
2709	1604	0
2710	1604	1
2711	1605	0
2712	1605	1
2713	1606	0
2714	1606	1
2715	1608	0
2716	1608	1
2717	1609	0
2718	1609	1
2719	1610	0
2720	1610	1
2721	1611	0
2722	1611	1
2723	1612	0
2724	1612	1
2725	1614	0
2726	1614	1
2727	1615	1
2728	1616	0
2729	1616	1
2730	1617	0
2731	1617	1
2732	1618	1
2733	1619	0
2734	1619	1
2735	1620	1
2736	1621	0
2737	1621	1
2738	1622	1
2739	1623	0
2740	1623	1
2741	1624	0
2742	1624	1
2743	1625	0
2744	1626	0
2745	1626	1
2746	1627	0
2747	1627	1
2748	1628	0
2749	1628	1
2750	1629	0
2751	1629	1
2752	1630	1
2753	1631	1
2754	1632	1
2755	1633	0
2756	1633	1
2757	1634	0
2758	1634	1
2759	1635	0
2760	1635	1
2761	1636	0
2762	1637	0
2763	1637	1
2764	1638	0
2765	1638	1
2766	1639	0
2767	1639	1
2768	1640	0
2769	1640	1
2770	1641	0
2771	1641	1
2772	1642	0
2773	1644	0
2774	1644	1
2775	1645	1
2776	1646	0
2777	1646	1
2778	1647	0
2779	1647	1
2780	1648	1
2781	1649	0
2782	1649	1
2783	1650	0
2784	1650	1
2785	1652	1
2786	1653	0
2787	1653	1
2788	1654	0
2789	1654	1
2790	1655	0
2791	1655	1
2792	1657	0
2793	1657	1
2794	1658	1
2795	1659	0
2796	1659	1
2797	1661	0
2798	1662	1
2799	1663	0
2800	1663	1
2801	1664	0
2802	1664	1
2803	1665	0
2804	1666	1
2805	1667	0
2806	1668	0
2807	1668	1
2808	1669	0
2809	1669	1
2810	1670	0
2811	1670	1
2812	1671	0
2813	1671	1
2814	1672	0
2815	1673	0
2816	1673	1
2817	1674	1
2818	1675	0
2819	1676	0
2820	1676	1
2821	1677	0
2822	1677	1
2823	1678	0
2824	1678	1
2825	1679	1
2826	1680	0
2827	1680	1
2828	1681	0
2829	1681	1
2830	1682	0
2831	1682	1
2832	1684	0
2833	1684	1
2834	1685	0
2835	1685	1
2836	1686	0
2837	1686	1
2838	1687	0
2839	1687	1
2840	1688	0
2841	1689	0
2842	1689	1
2843	1690	0
2844	1690	1
2845	1691	0
2846	1691	1
2847	1692	0
2848	1692	1
2849	1693	1
2850	1694	1
2851	1695	0
2852	1695	1
2853	1696	0
2854	1696	1
2855	1697	0
2856	1697	1
2857	1698	0
2858	1698	1
2859	1699	0
2860	1699	1
2861	1701	0
2862	1701	1
2863	1702	0
2864	1702	1
2865	1703	0
2866	1704	0
2867	1704	1
2868	1705	1
2869	1706	1
2870	1707	1
2871	1708	1
2872	1709	0
2873	1709	1
2874	1710	0
2875	1711	0
2876	1711	1
2877	1712	0
2878	1712	1
2879	1713	0
2880	1713	1
2881	1714	0
2882	1714	1
2883	1716	1
2884	1717	1
2885	1718	1
2886	1719	1
2887	1720	0
2888	1720	1
2889	1721	1
2890	1722	0
2891	1722	1
2892	1723	0
2893	1723	1
2894	1724	0
2895	1724	1
2896	1726	0
2897	1727	0
2898	1727	1
2899	1728	0
2900	1728	1
2901	1729	0
2902	1729	1
2903	1730	0
2904	1730	1
2905	1731	0
2906	1731	1
2907	1733	0
2908	1733	1
2909	1734	1
2910	1735	0
2911	1735	1
2912	1736	0
2913	1736	1
2914	1737	0
2915	1737	1
2916	1738	1
2917	1739	0
2918	1740	0
2919	1740	1
2920	1741	0
2921	1741	1
2922	1742	0
2923	1743	0
2924	1743	1
2925	1744	0
2926	1745	1
2927	1746	0
2928	1746	1
2929	1747	0
2930	1747	1
2931	1748	0
2932	1748	1
2933	1749	0
2934	1749	1
2935	1750	0
2936	1750	1
2937	1751	0
2938	1752	0
2939	1752	1
2940	1753	1
2941	1754	0
2942	1754	1
2943	1755	0
2944	1755	1
2945	1756	0
2946	1756	1
2947	1757	0
2948	1758	0
2949	1758	1
2950	1759	1
2951	1760	1
2952	1761	0
2953	1761	1
2954	1762	0
2955	1762	1
2956	1763	0
2957	1764	0
2958	1764	1
2959	1765	0
2960	1765	1
2961	1766	0
2962	1766	1
2963	1767	0
2964	1767	1
2965	1768	0
2966	1768	1
2967	1769	0
2968	1769	1
2969	1770	0
2970	1771	0
2971	1771	1
2972	1772	0
2973	1772	1
2974	1773	1
2975	1774	0
2976	1774	1
2977	1775	0
2978	1775	1
2979	1776	1
2980	1777	0
2981	1777	1
2982	1778	0
2983	1778	1
2984	1779	0
2985	1779	1
2986	1780	0
2987	1780	1
2988	1781	1
2989	1782	0
2990	1782	1
2991	1783	0
2992	1783	1
2993	1784	0
2994	1784	1
2995	1786	0
2996	1786	1
2997	1787	0
2998	1787	1
2999	1788	1
3000	1789	0
3001	1789	1
3002	1790	0
3003	1790	1
3004	1791	0
3005	1792	0
3006	1792	1
3007	1793	0
3008	1794	0
3009	1794	1
3010	1795	0
3011	1795	1
3012	1796	0
3013	1796	1
3014	1797	0
3015	1797	1
3016	1798	0
3017	1798	1
3018	1799	0
3019	1799	1
3020	1800	0
3021	1800	1
3022	1801	1
3023	1802	0
3024	1802	1
3025	1803	0
3026	1804	0
3027	1805	1
3028	1806	0
3029	1806	1
3030	1807	1
3031	1808	0
3032	1808	1
3033	1809	0
3034	1809	1
3035	1810	0
3036	1810	1
3037	1811	0
3038	1812	0
3039	1812	1
3040	1813	0
3041	1815	0
3042	1816	1
3043	1817	1
3044	1818	1
3045	1819	0
3046	1819	1
3047	1820	0
3048	1820	1
3049	1822	0
3050	1823	0
3051	1823	1
3052	1824	0
3053	1824	1
3054	1825	0
3055	1825	1
3056	1826	0
3057	1827	0
3058	1827	1
3059	1828	0
3060	1828	1
3061	1829	0
3062	1829	1
3063	1830	1
3064	1832	0
3065	1832	1
3066	1833	1
3067	1834	0
3068	1835	0
3069	1835	1
3070	1836	0
3071	1836	1
3072	1838	1
3073	1839	0
3074	1839	1
3075	1840	1
3076	1841	0
3077	1842	0
3078	1842	1
3079	1843	0
3080	1843	1
3081	1844	0
3082	1844	1
3083	1845	0
3084	1845	1
3085	1846	0
3086	1846	1
3087	1847	0
3088	1847	1
3089	1848	0
3090	1848	1
3091	1849	0
3092	1849	1
3093	1850	0
3094	1850	1
3095	1851	0
3096	1851	1
3097	1852	0
3098	1852	1
3099	1853	1
3100	1854	0
3101	1854	1
3102	1855	0
3103	1855	1
3104	1856	0
3105	1856	1
3106	1857	0
3107	1857	1
3108	1858	0
3109	1858	1
3110	1859	0
3111	1860	0
3112	1860	1
3113	1861	1
3114	1862	1
3115	1863	0
3116	1863	1
3117	1864	0
3118	1864	1
3119	1865	0
3120	1865	1
3121	1866	0
3122	1866	1
3123	1867	0
3124	1867	1
3125	1868	0
3126	1868	1
3127	1869	0
3128	1870	1
3129	1871	0
3130	1871	1
3131	1872	0
3132	1872	1
3133	1873	0
3134	1873	1
3135	1874	0
3136	1874	1
3137	1875	1
3138	1876	0
3139	1876	1
3140	1877	0
3141	1877	1
3142	1878	0
3143	1879	0
3144	1879	1
3145	1880	1
3146	1881	0
3147	1881	1
3148	1882	0
3149	1882	1
3150	1883	0
3151	1883	1
3152	1884	0
3153	1884	1
3154	1885	0
3155	1885	1
3156	1887	0
3157	1888	0
3158	1888	1
3159	1889	0
3160	1889	1
3161	1890	0
3162	1890	1
3163	1891	0
3164	1891	1
3165	1892	0
3166	1892	1
3167	1893	0
3168	1893	1
3169	1894	0
3170	1895	0
3171	1895	1
3172	1896	1
3173	1897	0
3174	1897	1
3175	1898	0
3176	1898	1
3177	1899	0
3178	1899	1
3179	1901	0
3180	1901	1
3181	1902	0
3182	1902	1
3183	1903	0
3184	1903	1
3185	1905	0
3186	1905	1
3187	1906	1
3188	1907	0
3189	1907	1
3190	1908	0
3191	1909	0
3192	1909	1
3193	1910	0
3194	1910	1
3195	1911	0
3196	1911	1
3197	1913	0
3198	1913	1
3199	1914	1
3200	1915	1
3201	1916	0
3202	1916	1
3203	1917	0
3204	1917	1
3205	1918	0
3206	1918	1
3207	1919	0
3208	1919	1
3209	1920	1
3210	1921	0
3211	1921	1
3212	1922	0
3213	1923	0
3214	1923	1
3215	1924	1
3216	1925	0
3217	1926	0
3218	1926	1
3219	1927	0
3220	1927	1
3221	1928	1
3222	1929	0
3223	1929	1
3224	1930	1
3225	1931	0
3226	1931	1
3227	1932	0
3228	1932	1
3229	1933	0
3230	1934	1
3231	1935	1
3232	1936	0
3233	1936	1
3234	1937	0
3235	1937	1
3236	1938	0
3237	1938	1
3238	1939	0
3239	1939	1
3240	1940	0
3241	1940	1
3242	1941	0
3243	1941	1
3244	1942	0
3245	1942	1
3246	1943	0
3247	1943	1
3248	1944	0
3249	1944	1
3250	1945	0
3251	1945	1
3252	1946	0
3253	1947	0
3254	1947	1
3255	1948	0
3256	1948	1
3257	1949	1
3258	1950	0
3259	1950	1
3260	1951	0
3261	1951	1
3262	1952	0
3263	1953	0
3264	1953	1
3265	1954	1
3266	1955	1
3267	1956	0
3268	1956	1
3269	1957	1
3270	1958	0
3271	1958	1
3272	1959	0
3273	1959	1
3274	1960	1
3275	1961	0
3276	1962	0
3277	1962	1
3278	1963	0
3279	1963	1
3280	1964	0
3281	1965	0
3282	1965	1
3283	1967	0
3284	1967	1
3285	1968	1
3286	1969	0
3287	1969	1
3288	1970	0
3289	1970	1
3290	1971	0
3291	1971	1
3292	1972	1
3293	1973	0
3294	1973	1
3295	1974	0
3296	1974	1
3297	1975	0
3298	1975	1
3299	1977	0
3300	1978	0
3301	1978	1
3302	1979	0
3303	1979	1
3304	1980	0
3305	1980	1
3306	1981	0
3307	1981	1
3308	1982	0
3309	1982	1
3310	1983	0
3311	1983	1
3312	1984	0
3313	1984	1
3314	1985	1
3315	1987	0
3316	1987	1
3317	1988	1
3318	1989	0
3319	1989	1
3320	1990	0
3321	1990	1
3322	1992	0
3323	1992	1
3324	1993	0
3325	1993	1
3326	1994	0
3327	1994	1
3328	1995	1
3329	1996	0
3330	1996	1
3331	1997	0
3332	1998	0
3333	1999	0
3334	1999	1
3335	2000	0
3336	2000	1
3337	2001	0
3338	2001	1
3339	2002	0
3340	2002	1
3341	2003	1
3342	2004	0
3343	2004	1
3344	2005	0
3345	2005	1
3346	2007	0
3347	2007	1
3348	2008	0
3349	2008	1
3350	2009	0
3351	2009	1
3352	2011	0
3353	2012	1
3354	2013	1
3355	2014	0
3356	2014	1
3357	2015	0
3358	2015	1
3359	2016	0
3360	2016	1
3361	2017	0
3362	2017	1
3363	2018	0
3364	2018	1
3365	2019	0
3366	2020	1
3367	2021	0
3368	2021	1
3369	2022	0
3370	2022	1
3371	2023	0
3372	2023	1
3373	2024	0
3374	2024	1
3375	2025	0
3376	2025	1
3377	2026	0
3378	2026	1
3379	2027	1
3380	2028	1
3381	2029	0
3382	2029	1
3383	2030	0
3384	2031	0
3385	2031	1
3386	2032	1
3387	2033	0
3388	2034	0
3389	2034	1
3390	2035	0
3391	2035	1
3392	2036	0
3393	2036	1
3394	2037	0
3395	2037	1
3396	2038	1
3397	2039	0
3398	2039	1
3399	2040	0
3400	2040	1
3401	2042	0
3402	2042	1
3403	2043	0
3404	2043	1
3405	2044	1
3406	2045	1
3407	2046	0
3408	2047	0
3409	2047	1
3410	2048	0
3411	2049	0
3412	2049	1
3413	2050	0
3414	2050	1
3415	2051	0
3416	2051	1
3417	2052	1
3418	2053	0
3419	2053	1
3420	2054	1
3421	2055	0
3422	2055	1
3423	2056	0
3424	2056	1
3425	2057	0
3426	2057	1
3427	2058	0
3428	2058	1
3429	2059	0
3430	2059	1
3431	2060	1
3432	2061	0
3433	2061	1
3434	2062	0
3435	2062	1
3436	2063	0
3437	2064	0
3438	2064	1
3439	2065	1
3440	2066	1
3441	2067	0
3442	2067	1
3443	2068	0
3444	2068	1
3445	2069	0
3446	2069	1
3447	2070	0
3448	2070	1
3449	2071	0
3450	2071	1
3451	2072	0
3452	2072	1
3453	2073	1
3454	2074	1
3455	2076	1
3456	2077	1
3457	2078	1
3458	2079	1
3459	2080	0
3460	2080	1
3461	2081	1
3462	2082	0
3463	2082	1
3464	2083	0
3465	2083	1
3466	2084	0
3467	2084	1
3468	2086	0
3469	2087	0
3470	2088	0
3471	2088	1
3472	2089	0
3473	2089	1
3474	2090	0
3475	2090	1
3476	2091	0
3477	2091	1
3478	2093	1
3479	2094	1
3480	2095	1
3481	2096	0
3482	2096	1
3483	2097	1
3484	2098	0
3485	2099	0
3486	2099	1
3487	2100	1
3488	2101	0
3489	2102	0
3490	2102	1
3491	2103	0
3492	2104	0
3493	2104	1
3494	2105	0
3495	2105	1
3496	2106	0
3497	2106	1
3498	2107	0
3499	2107	1
3500	2108	0
3501	2108	1
3502	2109	0
3503	2109	1
3504	2110	0
3505	2110	1
3506	2111	0
3507	2111	1
3508	2112	1
3509	2113	1
3510	2114	0
3511	2114	1
3512	2115	0
3513	2116	0
3514	2117	1
3515	2118	0
3516	2118	1
3517	2120	0
3518	2120	1
3519	2121	0
3520	2121	1
3521	2122	0
3522	2122	1
3523	2123	0
3524	2123	1
3525	2124	1
3526	2127	0
3527	2127	1
3528	2128	1
3529	2129	1
3530	2130	0
3531	2130	1
3532	2131	0
3533	2131	1
3534	2133	1
3535	2134	1
3536	2135	0
3537	2135	1
3538	2136	1
3539	2138	0
3540	2139	0
3541	2139	1
3542	2140	0
3543	2140	1
3544	2141	0
3545	2141	1
3546	2142	1
3547	2143	0
3548	2143	1
3549	2144	0
3550	2144	1
3551	2145	0
3552	2145	1
3553	2146	0
3554	2146	1
3555	2148	0
3556	2148	1
3557	2149	1
3558	2150	0
3559	2151	0
3560	2151	1
3561	2152	1
3562	2153	0
3563	2153	1
3564	2154	0
3565	2154	1
3566	2155	0
3567	2155	1
3568	2156	0
3569	2156	1
3570	2157	0
3571	2157	1
3572	2158	0
3573	2159	0
3574	2159	1
3575	2160	0
3576	2160	1
3577	2161	0
3578	2161	1
3579	2162	0
3580	2162	1
3581	2163	1
3582	2164	0
3583	2164	1
3584	2165	1
3585	2167	1
3586	2168	0
3587	2168	1
3588	2169	0
3589	2170	0
3590	2170	1
3591	2171	0
3592	2171	1
3593	2172	0
3594	2172	1
3595	2173	0
3596	2173	1
3597	2174	0
3598	2174	1
3599	2175	0
3600	2175	1
3601	2176	0
3602	2176	1
3603	2177	0
3604	2177	1
3605	2178	0
3606	2179	0
3607	2179	1
3608	2180	1
3609	2181	0
3610	2181	1
3611	2182	0
3612	2182	1
3613	2183	0
3614	2183	1
3615	2184	0
3616	2184	1
3617	2185	0
3618	2186	0
3619	2187	0
3620	2187	1
3621	2188	1
3622	2189	1
3623	2190	0
3624	2190	1
3625	2191	0
3626	2191	1
3627	2192	0
3628	2192	1
3629	2194	0
3630	2194	1
3631	2195	0
3632	2195	1
3633	2196	0
3634	2196	1
3635	2198	0
3636	2199	1
3637	2200	1
3638	2201	0
3639	2201	1
3640	2202	0
3641	2202	1
3642	2203	0
3643	2203	1
3644	2204	0
3645	2204	1
3646	2205	0
3647	2206	0
3648	2207	1
3649	2208	0
3650	2208	1
3651	2209	1
3652	2210	0
3653	2210	1
3654	2211	0
3655	2211	1
3656	2212	1
3657	2213	0
3658	2213	1
3659	2214	0
3660	2214	1
3661	2215	0
3662	2216	0
3663	2216	1
3664	2217	1
3665	2218	0
3666	2218	1
3667	2219	0
3668	2219	1
3669	2220	0
3670	2220	1
3671	2221	0
3672	2221	1
3673	2223	0
3674	2223	1
3675	2224	1
3676	2225	0
3677	2226	0
3678	2226	1
3679	2227	0
3680	2227	1
3681	2229	0
3682	2229	1
3683	2231	0
3684	2231	1
3685	2232	1
3686	2233	0
3687	2233	1
3688	2234	1
3689	2235	0
3690	2235	1
3691	2236	0
3692	2236	1
3693	2237	0
3694	2237	1
3695	2238	0
3696	2238	1
3697	2239	1
3698	2240	1
3699	2241	0
3700	2241	1
3701	2242	1
3702	2243	0
3703	2243	1
3704	2244	0
3705	2244	1
3706	2245	1
3707	2246	0
3708	2246	1
3709	2247	1
3710	2248	0
3711	2248	1
3712	2249	0
3713	2249	1
3714	2251	1
3715	2252	1
3716	2253	1
3717	2255	0
3718	2255	1
3719	2256	0
3720	2256	1
3721	2257	0
3722	2257	1
3723	2258	0
3724	2258	1
3725	2259	0
3726	2259	1
3727	2260	0
3728	2261	0
3729	2261	1
3730	2262	0
3731	2262	1
3732	2263	0
3733	2263	1
3734	2264	0
3735	2264	1
3736	2265	0
3737	2265	1
3738	2266	1
3739	2267	0
3740	2267	1
3741	2268	0
3742	2268	1
3743	2269	0
3744	2269	1
3745	2270	0
3746	2270	1
3747	2271	1
3748	2272	1
3749	2273	0
3750	2273	1
3751	2274	0
3752	2274	1
3753	2275	0
3754	2275	1
3755	2276	0
3756	2276	1
3757	2277	0
3758	2277	1
3759	2278	0
3760	2279	0
3761	2279	1
3762	2280	0
3763	2280	1
3764	2281	0
3765	2281	1
3766	2282	0
3767	2283	0
3768	2284	0
3769	2284	1
3770	2285	1
3771	2286	1
3772	2287	0
3773	2287	1
3774	2288	0
3775	2288	1
3776	2289	0
3777	2289	1
3778	2290	0
3779	2290	1
3780	2291	0
3781	2291	1
3782	2292	0
3783	2292	1
3784	2293	0
3785	2294	0
3786	2295	0
3787	2295	1
3788	2296	1
3789	2297	0
3790	2297	1
3791	2298	1
3792	2299	0
3793	2299	1
3794	2300	1
3795	2301	0
3796	2301	1
3797	2302	0
3798	2302	1
3799	2303	0
3800	2304	0
3801	2304	1
3802	2305	1
3803	2306	0
3804	2306	1
3805	2307	0
3806	2307	1
3807	2308	0
3808	2308	1
3809	2309	0
3810	2309	1
3811	2310	0
3812	2310	1
3813	2311	1
3814	2312	0
3815	2312	1
3816	2313	0
3817	2313	1
3818	2315	0
3819	2315	1
3820	2316	0
3821	2316	1
3822	2317	1
3823	2318	0
3824	2318	1
3825	2319	0
3826	2319	1
3827	2320	0
3828	2320	1
3829	2322	0
3830	2322	1
3831	2323	0
3832	2323	1
3833	2324	0
3834	2324	1
3835	2325	0
3836	2325	1
3837	2326	0
3838	2326	1
3839	2328	0
3840	2328	1
3841	2329	1
3842	2330	0
3843	2330	1
3844	2331	0
3845	2331	1
3846	2332	1
3847	2333	0
3848	2333	1
3849	2334	1
3850	2335	0
3851	2335	1
3852	2336	1
3853	2337	0
3854	2337	1
3855	2338	0
3856	2338	1
3857	2339	0
3858	2340	0
3859	2340	1
3860	2341	0
3861	2341	1
3862	2342	0
3863	2342	1
3864	2343	0
3865	2343	1
3866	2344	1
3867	2345	1
3868	2346	1
3869	2347	0
3870	2347	1
3871	2348	0
3872	2348	1
3873	2349	1
3874	2350	0
3875	2351	0
3876	2351	1
3877	2352	0
3878	2352	1
3879	2353	0
3880	2353	1
3881	2354	0
3882	2354	1
3883	2355	0
3884	2355	1
3885	2356	0
3886	2358	0
3887	2358	1
3888	2359	1
3889	2360	0
3890	2360	1
3891	2361	0
3892	2361	1
3893	2362	1
3894	2363	0
3895	2363	1
3896	2364	0
3897	2364	1
3898	2366	1
3899	2367	0
3900	2367	1
3901	2368	0
3902	2368	1
3903	2369	0
3904	2369	1
3905	2371	0
3906	2371	1
3907	2372	1
3908	2373	0
3909	2373	1
3910	2375	0
3911	2376	1
3912	2377	0
3913	2377	1
3914	2378	0
3915	2379	0
3916	2380	1
3917	2381	0
3918	2382	0
3919	2382	1
3920	2383	0
3921	2383	1
3922	2384	0
3923	2384	1
3924	2385	0
3925	2385	1
3926	2386	0
3927	2387	0
3928	2387	1
3929	2388	1
3930	2389	0
3931	2389	1
3932	2390	0
3933	2390	1
3934	2391	1
3935	2392	0
3936	2392	1
3937	2393	0
3938	2393	1
3939	2394	0
3940	2394	1
3941	2396	0
3942	2396	1
3943	2397	0
3944	2397	1
3945	2398	0
3946	2398	1
3947	2399	0
3948	2399	1
3949	2400	0
3950	2401	0
3951	2401	1
3952	2402	0
3953	2402	1
3954	2403	0
3955	2403	1
3956	2404	1
3957	2405	1
3958	2406	1
3959	2407	0
3960	2407	1
3961	2408	0
3962	2408	1
3963	2409	1
3964	2410	0
3965	2411	0
3966	2411	1
3967	2412	0
3968	2412	1
3969	2413	0
3970	2414	0
3971	2414	1
3972	2415	1
3973	2416	1
3974	2417	1
3975	2418	1
3976	2419	0
3977	2419	1
3978	2420	0
3979	2421	0
3980	2421	1
3981	2422	0
3982	2422	1
3983	2423	0
3984	2423	1
3985	2424	0
3986	2424	1
3987	2426	1
3988	2427	1
3989	2428	1
3990	2430	0
3991	2430	1
3992	2431	1
3993	2432	0
3994	2432	1
3995	2433	0
3996	2435	0
3997	2436	0
3998	2436	1
3999	2437	0
4000	2437	1
4001	2438	0
4002	2438	1
4003	2439	0
4004	2439	1
4005	2440	0
4006	2442	0
4007	2442	1
4008	2443	1
4009	2444	0
4010	2444	1
4011	2445	0
4012	2445	1
4013	2446	0
4014	2446	1
4015	2447	1
4016	2448	0
4017	2449	0
4018	2449	1
4019	2450	0
4020	2451	0
4021	2451	1
4022	2452	0
4023	2453	1
4024	2454	0
4025	2454	1
4026	2455	0
4027	2455	1
4028	2456	0
4029	2456	1
4030	2457	0
4031	2457	1
4032	2458	0
4033	2458	1
4034	2459	0
4035	2460	0
4036	2460	1
4037	2461	1
4038	2462	0
4039	2462	1
4040	2463	0
4041	2463	1
4042	2464	0
4043	2464	1
4044	2465	0
4045	2466	0
4046	2466	1
4047	2467	1
4048	2468	1
4049	2469	0
4050	2469	1
4051	2470	0
4052	2470	1
4053	2471	0
4054	2472	0
4055	2472	1
4056	2473	0
4057	2473	1
4058	2474	0
4059	2474	1
4060	2475	0
4061	2475	1
4062	2476	0
4063	2476	1
4064	2477	0
4065	2477	1
4066	2478	0
4067	2479	0
4068	2479	1
4069	2480	0
4070	2480	1
4071	2481	1
4072	2482	0
4073	2482	1
4074	2483	0
4075	2483	1
4076	2484	1
4077	2485	0
4078	2485	1
4079	2486	0
4080	2486	1
4081	2487	0
4082	2487	1
4083	2488	0
4084	2488	1
4085	2489	1
4086	2490	0
4087	2490	1
4088	2491	0
4089	2491	1
4090	2492	0
4091	2492	1
4092	2494	0
4093	2494	1
4094	2495	0
4095	2495	1
4096	2496	1
4097	2497	0
4098	2497	1
4099	2498	0
4100	2498	1
4101	2499	0
4102	2500	0
4103	2500	1
4104	2501	0
4105	2502	0
4106	2502	1
4107	2503	0
4108	2503	1
4109	2504	0
4110	2504	1
4111	2505	0
4112	2505	1
4113	2506	0
4114	2506	1
4115	2507	0
4116	2507	1
4117	2508	0
4118	2508	1
4119	2509	1
4120	2510	0
4121	2510	1
4122	2511	0
4123	2512	0
4124	2513	1
4125	2514	0
4126	2514	1
4127	2515	1
4128	2516	0
4129	2516	1
4130	2517	0
4131	2517	1
4132	2518	0
4133	2519	0
4134	2519	1
4135	2520	0
4136	2522	0
4137	2523	1
4138	2524	1
4139	2525	1
4140	2526	0
4141	2526	1
4142	2527	0
4143	2527	1
4144	2529	0
4145	2530	1
4146	2531	0
4147	2531	1
4148	2532	0
4149	2532	1
4150	2533	0
4151	2534	0
4152	2534	1
4153	2535	0
4154	2535	1
4155	2536	0
4156	2536	1
4157	2537	1
4158	2539	0
4159	2540	1
4160	2541	0
4161	2542	0
4162	2542	1
4163	2543	0
4164	2545	1
4165	2546	0
4166	2546	1
4167	2547	1
4168	2548	0
4169	2549	0
4170	2549	1
4171	2550	0
4172	2550	1
4173	2551	0
4174	2551	1
4175	2552	0
4176	2552	1
4177	2553	0
4178	2553	1
4179	2554	0
4180	2554	1
4181	2555	0
4182	2555	1
4183	2556	0
4184	2556	1
4185	2557	0
4186	2557	1
4187	2558	1
4188	2559	0
4189	2559	1
4190	2560	0
4191	2560	1
4192	2561	0
4193	2561	1
4194	2562	0
4195	2562	1
4196	2563	0
4197	2563	1
4198	2564	0
4199	2565	0
4200	2565	1
4201	2566	1
4202	2567	1
4203	2568	0
4204	2569	0
4205	2569	1
4206	2570	0
4207	2570	1
4208	2571	0
4209	2571	1
4210	2572	0
4211	2572	1
4212	2573	0
4213	2573	1
4214	2574	0
4215	2575	1
4216	2576	1
4217	2577	0
4218	2577	1
4219	2578	1
4220	2579	0
4221	2579	1
4222	2580	0
4223	2580	1
4224	2581	0
4225	2581	1
4226	2582	0
4227	2583	1
4228	2584	0
4229	2584	1
4230	2585	0
4231	2585	1
4232	2586	0
4233	2586	1
4234	2587	0
4235	2587	1
4236	2588	0
4237	2588	1
4238	2590	0
4239	2590	1
4240	2591	1
4241	2592	1
4242	2593	0
4243	2594	0
4244	2595	0
4245	2595	1
4246	2596	0
4247	2596	1
4248	2597	1
4249	2598	0
4250	2599	1
4251	2600	1
4252	2601	0
4253	2601	1
4254	2602	0
4255	2602	1
4256	2603	1
4257	2604	0
4258	2604	1
4259	2606	0
4260	2606	1
4261	2607	0
4262	2607	1
4263	2608	0
4264	2608	1
4265	2609	0
4266	2609	1
4267	2610	0
4268	2610	1
4269	2611	1
4270	2612	1
4271	2613	0
4272	2613	1
4273	2614	0
4274	2614	1
4275	2615	0
4276	2615	1
4277	2616	0
4278	2617	0
4279	2617	1
4280	2618	1
4281	2619	1
4282	2620	0
4283	2620	1
4284	2621	0
4285	2621	1
4286	2622	0
4287	2622	1
4288	2623	0
4289	2623	1
4290	2624	0
4291	2624	1
4292	2625	1
4293	2626	0
4294	2627	0
4295	2627	1
4296	2628	1
4297	2629	0
4298	2630	0
4299	2630	1
4300	2631	0
4301	2632	1
4302	2633	0
4303	2633	1
4304	2634	0
4305	2634	1
4306	2635	1
4307	2636	0
4308	2636	1
4309	2637	1
4310	2638	0
4311	2639	1
4312	2640	1
4313	2641	1
4314	2642	0
4315	2642	1
4316	2643	0
4317	2643	1
4318	2644	0
4319	2644	1
4320	2645	0
4321	2646	0
4322	2646	1
4323	2647	0
4324	2647	1
4325	2648	0
4326	2648	1
4327	2649	0
4328	2649	1
4329	2651	0
4330	2651	1
4331	2652	0
4332	2652	1
4333	2653	1
4334	2654	0
4335	2654	1
4336	2655	0
4337	2655	1
4338	2656	0
4339	2657	0
4340	2657	1
4341	2659	1
4342	2662	0
4343	2662	1
4344	2663	0
4345	2663	1
4346	2664	0
4347	2664	1
4348	2665	0
4349	2665	1
4350	2666	0
4351	2666	1
4352	2667	0
4353	2667	1
4354	2668	0
4355	2669	0
4356	2671	0
4357	2671	1
4358	2672	1
4359	2673	0
4360	2674	0
4361	2674	1
4362	2675	1
4363	2676	0
4364	2676	1
4365	2677	0
4366	2677	1
4367	2678	0
4368	2678	1
4369	2680	0
4370	2681	0
4371	2681	1
4372	2682	0
4373	2682	1
4374	2683	0
4375	2683	1
4376	2684	0
4377	2685	0
4378	2685	1
4379	2686	0
4380	2686	1
4381	2687	0
4382	2687	1
4383	2690	0
4384	2690	1
4385	2691	1
4386	2692	0
4387	2692	1
4388	2693	1
4389	2694	1
4390	2695	0
4391	2696	0
4392	2696	1
4393	2697	0
4394	2698	0
4395	2698	1
4396	2699	0
4397	2699	1
4398	2701	0
4399	2701	1
4400	2702	0
4401	2702	1
4402	2704	0
4403	2705	0
4404	2705	1
4405	2706	1
4406	2707	0
4407	2707	1
4408	2708	0
4409	2709	0
4410	2710	0
4411	2711	0
4412	2711	1
4413	2712	0
4414	2712	1
4415	2713	0
4416	2713	1
4417	2714	1
4418	2715	0
4419	2715	1
4420	2716	1
4421	2717	1
4422	2718	0
4423	2718	1
4424	2719	0
4425	2719	1
4426	2721	0
4427	2722	1
4428	2723	1
4429	2724	0
4430	2724	1
4431	2725	0
4432	2725	1
4433	2726	0
4434	2726	1
4435	2727	0
4436	2727	1
4437	2728	0
4438	2728	1
4439	2729	1
4440	2732	1
4441	2733	1
4442	2734	1
4443	2736	1
4444	2737	0
4445	2737	1
4446	2738	0
4447	2738	1
4448	2739	0
4449	2739	1
4450	2741	0
4451	2742	0
4452	2742	1
4453	2743	0
4454	2743	1
4455	2744	0
4456	2744	1
4457	2745	1
4458	2746	0
4459	2746	1
4460	2748	1
4461	2749	1
4462	2750	0
4463	2750	1
4464	2751	0
4465	2751	1
4466	2752	0
4467	2752	1
4468	2753	0
4469	2754	0
4470	2754	1
4471	2755	1
4472	2756	0
4473	2757	0
4474	2757	1
4475	2758	0
4476	2759	0
4477	2759	1
4478	2760	1
4479	2761	1
4480	2762	0
4481	2762	1
4482	2763	1
4483	2764	1
4484	2765	0
4485	2765	1
4486	2766	0
4487	2766	1
4488	2767	0
4489	2768	0
4490	2768	1
4491	2770	0
4492	2770	1
4493	2771	0
4494	2771	1
4495	2772	1
4496	2773	0
4497	2773	1
4498	2774	0
4499	2774	1
4500	2775	0
4501	2775	1
4502	2776	0
4503	2777	0
4504	2778	0
4505	2778	1
4506	2780	0
4507	2780	1
4508	2782	0
4509	2782	1
4510	2783	0
4511	2783	1
4512	2784	0
4513	2784	1
4514	2785	0
4515	2785	1
4516	2786	0
4517	2786	1
4518	2788	1
4519	2789	0
4520	2789	1
4521	2790	1
4522	2791	0
4523	2791	1
4524	2792	1
4525	2793	0
4526	2794	0
4527	2794	1
4528	2795	0
4529	2795	1
4530	2796	0
4531	2796	1
4532	2797	0
4533	2797	1
4534	2798	0
4535	2798	1
4536	2799	1
4537	2800	0
4538	2800	1
4539	2801	1
4540	2802	0
4541	2802	1
4542	2804	0
4543	2804	1
4544	2805	1
4545	2808	0
4546	2808	1
4547	2809	1
4548	2810	1
4549	2811	0
4550	2811	1
4551	2812	0
4552	2813	0
4553	2813	1
4554	2814	0
4555	2816	1
4556	2817	1
4557	2818	0
4558	2818	1
4559	2819	0
4560	2821	0
4561	2821	1
4562	2822	1
4563	2823	0
4564	2823	1
4565	2824	0
4566	2824	1
4567	2825	0
4568	2825	1
4569	2826	0
4570	2826	1
4571	2827	0
4572	2828	0
4573	2828	1
4574	2829	0
4575	2829	1
4576	2830	0
4577	2830	1
4578	2831	0
4579	2831	1
4580	2832	1
4581	2833	0
4582	2833	1
4583	2834	1
4584	2835	1
4585	2836	0
4586	2836	1
4587	2837	0
4588	2838	0
4589	2838	1
4590	2839	0
4591	2839	1
4592	2840	0
4593	2840	1
4594	2841	0
4595	2841	1
4596	2842	0
4597	2842	1
4598	2843	0
4599	2844	0
4600	2845	0
4601	2845	1
4602	2846	1
4603	2847	1
4604	2848	0
4605	2848	1
4606	2849	0
4607	2849	1
4608	2850	0
4609	2850	1
4610	2851	0
4611	2851	1
4612	2852	0
4613	2853	1
4614	2854	1
4615	2855	1
4616	2856	1
4617	2857	1
4618	2858	0
4619	2858	1
4620	2860	0
4621	2860	1
4622	2861	0
4623	2863	0
4624	2864	1
4625	2865	1
4626	2866	0
4627	2866	1
4628	2867	1
4629	2868	0
4630	2868	1
4631	2869	1
4632	2870	0
4633	2871	1
4634	2872	0
4635	2873	0
4636	2874	0
4637	2874	1
4638	2875	1
4639	2876	0
4640	2876	1
4641	2877	1
4642	2878	0
4643	2879	0
4644	2880	1
4645	2881	0
4646	2882	0
4647	2882	1
4648	2883	0
4649	2883	1
4650	2884	0
4651	2884	1
4652	2886	0
4653	2886	1
4654	2887	1
4655	2888	0
4656	2889	0
4657	2889	1
4658	2890	0
4659	2890	1
4660	2892	0
4661	2892	1
4662	2894	0
4663	2894	1
4664	2895	1
4665	2896	1
4666	2898	0
4667	2898	1
4668	2899	0
4669	2899	1
4670	2900	0
4671	2900	1
4672	2901	0
4673	2901	1
4674	2902	1
4675	2904	0
4676	2904	1
4677	2905	1
4678	2906	0
4679	2906	1
4680	2907	0
4681	2907	1
4682	2908	1
4683	2909	0
4684	2909	1
4685	2911	0
4686	2911	1
4687	2912	0
4688	2912	1
4689	2914	1
4690	2916	0
4691	2916	1
4692	2917	0
4693	2917	1
4694	2918	0
4695	2918	1
4696	2919	0
4697	2919	1
4698	2920	0
4699	2920	1
4700	2921	0
4701	2922	1
4702	2923	0
4703	2923	1
4704	2925	0
4705	2925	1
4706	2926	1
4707	2928	0
4708	2928	1
4709	2929	0
4710	2930	0
4711	2930	1
4712	2931	1
4713	2932	1
4714	2933	1
4715	2934	0
4716	2934	1
4717	2935	0
4718	2935	1
4719	2937	0
4720	2937	1
4721	2938	0
4722	2938	1
4723	2939	1
4724	2940	1
4725	2941	0
4726	2941	1
4727	2942	0
4728	2942	1
4729	2943	0
4730	2944	0
4731	2945	0
4732	2947	1
4733	2948	0
4734	2948	1
4735	2949	0
4736	2949	1
4737	2950	0
4738	2950	1
4739	2951	0
4740	2951	1
4741	2952	0
4742	2952	1
4743	2954	0
4744	2955	1
4745	2956	0
4746	2956	1
4747	2957	0
4748	2957	1
4749	2958	1
4750	2959	1
4751	2960	1
4752	2961	1
4753	2962	0
4754	2962	1
4755	2963	0
4756	2963	1
4757	2964	0
4758	2965	0
4759	2965	1
4760	2966	0
4761	2966	1
4762	2967	0
4763	2967	1
4764	2968	1
4765	2969	0
4766	2969	1
4767	2970	0
4768	2970	1
4769	2971	0
4770	2971	1
4771	2972	1
4772	2973	0
4773	2973	1
4774	2974	0
4775	2974	1
4776	2975	1
4777	2977	0
4778	2977	1
4779	2978	0
4780	2978	1
4781	2980	0
4782	2980	1
4783	2981	1
4784	2982	0
4785	2982	1
4786	2983	0
4787	2983	1
4788	2984	1
4789	2985	0
4790	2985	1
4791	2986	1
4792	2987	0
4793	2988	0
4794	2988	1
4795	2989	0
4796	2989	1
4797	2990	0
4798	2991	0
4799	2991	1
4800	2992	0
4801	2992	1
4802	2993	0
4803	2993	1
4804	2994	0
4805	2994	1
4806	2995	1
4807	2996	1
4808	2997	1
4809	2998	0
4810	2999	0
4811	2999	1
4812	3000	0
4813	3000	1
4814	3001	0
4815	3003	0
4816	3003	1
4817	3004	0
4818	3004	1
4819	3005	0
4820	3005	1
4821	3006	1
4822	3007	0
4823	3008	1
4824	3009	1
4825	3010	0
4826	3011	0
4827	3011	1
4828	3012	1
4829	3013	0
4830	3013	1
4831	3014	0
4832	3014	1
4833	3016	1
4834	3017	0
4835	3017	1
4836	3018	0
4837	3018	1
4838	3019	0
4839	3021	0
4840	3021	1
4841	3022	1
4842	3023	0
4843	3023	1
4844	3025	0
4845	3026	1
4846	3028	0
4847	3028	1
4848	3029	0
4849	3030	1
4850	3031	0
4851	3032	0
4852	3033	1
4853	3034	0
4854	3034	1
4855	3035	0
4856	3035	1
4857	3036	0
4858	3038	0
4859	3039	0
4860	3040	0
4861	3040	1
4862	3041	0
4863	3042	0
4864	3042	1
4865	3043	0
4866	3043	1
4867	3044	0
4868	3045	0
4869	3045	1
4870	3046	0
4871	3047	0
4872	3047	1
4873	3048	1
4874	3049	1
4875	3050	1
4876	3051	0
4877	3051	1
4878	3052	1
4879	3053	0
4880	3053	1
4881	3054	1
4882	3055	0
4883	3057	1
4884	3058	0
4885	3059	0
4886	3059	1
4887	3060	1
4888	3061	1
4889	3062	1
4890	3063	0
4891	3063	1
4892	3064	0
4893	3065	0
4894	3065	1
4895	3066	0
4896	3066	1
4897	3067	0
4898	3068	0
4899	3068	1
4900	3070	0
4901	3071	0
4902	3071	1
4903	3072	0
4904	3072	1
4905	3073	0
4906	3075	0
4907	3076	1
4908	3077	1
4909	3078	0
4910	3079	1
4911	3080	0
4912	3080	1
4913	3081	0
4914	3081	1
4915	3082	0
4916	3082	1
4917	3083	0
4918	3083	1
4919	3084	0
4920	3085	0
4921	3085	1
4922	3086	1
4923	3087	0
4924	3087	1
4925	3088	0
4926	3088	1
4927	3089	0
4928	3089	1
4929	3090	0
4930	3091	0
4931	3091	1
4932	3092	1
4933	3093	1
4934	3094	0
4935	3094	1
4936	3095	0
4937	3095	1
4938	3096	0
4939	3097	1
4940	3098	0
4941	3098	1
4942	3099	0
4943	3099	1
4944	3100	0
4945	3100	1
4946	3101	0
4947	3102	1
4948	3103	0
4949	3103	1
4950	3104	1
4951	3105	0
4952	3105	1
4953	3106	0
4954	3106	1
4955	3107	1
4956	3108	0
4957	3108	1
4958	3109	0
4959	3109	1
4960	3110	0
4961	3110	1
4962	3111	0
4963	3111	1
4964	3112	1
4965	3113	0
4966	3113	1
4967	3114	0
4968	3114	1
4969	3115	0
4970	3115	1
4971	3117	0
4972	3117	1
4973	3118	0
4974	3118	1
4975	3119	1
4976	3120	0
4977	3120	1
4978	3121	0
4979	3122	0
4980	3123	1
4981	3124	1
4982	3125	1
4983	3126	0
4984	3126	1
4985	3127	0
4986	3127	1
4987	3128	0
4988	3128	1
4989	3129	0
4990	3130	0
4991	3131	0
4992	3133	0
4993	3134	1
4994	3135	1
4995	3136	1
4996	3137	0
4997	3137	1
4998	3138	0
4999	3138	1
5000	3140	0
5001	3141	0
5002	3141	1
5003	3142	0
5004	3142	1
5005	3143	0
5006	3143	1
5007	3144	0
5008	3145	0
5009	3145	1
5010	3146	0
5011	3146	1
5012	3150	0
5013	3150	1
5014	3151	1
5015	3152	0
5016	3153	0
5017	3153	1
5018	3154	0
5019	3154	1
5020	3156	0
5021	3156	1
5022	3157	0
5023	3157	1
5024	3158	0
5025	3159	0
5026	3161	0
5027	3161	1
5028	3162	0
5029	3162	1
5030	3163	0
5031	3163	1
5032	3165	0
5033	3165	1
5034	3166	0
5035	3166	1
5036	3167	0
5037	3167	1
5038	3169	0
5039	3169	1
5040	3170	1
5041	3171	0
5042	3171	1
5043	3172	0
5044	3173	0
5045	3174	0
5046	3174	1
5047	3175	0
5048	3175	1
5049	3177	0
5050	3177	1
5051	3178	0
5052	3179	0
5053	3179	1
5054	3180	1
5055	3181	0
5056	3181	1
5057	3182	0
5058	3183	0
5059	3183	1
5060	3184	1
5061	3185	0
5062	3185	1
5063	3186	1
5064	3187	1
5065	3188	1
5066	3189	0
5067	3189	1
5068	3190	0
5069	3190	1
5070	3191	1
5071	3192	1
5072	3193	0
5073	3193	1
5074	3194	0
5075	3194	1
5076	3195	0
5077	3195	1
5078	3196	0
5079	3197	0
5080	3197	1
5081	3198	0
5082	3198	1
5083	3199	0
5084	3199	1
5085	3200	0
5086	3201	0
5087	3201	1
5088	3202	0
5089	3203	0
5090	3203	1
5091	3204	0
5092	3204	1
5093	3205	1
5094	3206	0
5095	3206	1
5096	3207	0
5097	3207	1
5098	3208	1
5099	3209	0
5100	3209	1
5101	3210	1
5102	3211	1
5103	3212	0
5104	3212	1
5105	3213	1
5106	3214	0
5107	3215	0
5108	3216	0
5109	3216	1
5110	3217	0
5111	3217	1
5112	3219	0
5113	3219	1
5114	3220	1
5115	3221	0
5116	3221	1
5117	3222	1
5118	3223	0
5119	3223	1
5120	3224	0
5121	3224	1
5122	3225	0
5123	3225	1
5124	3227	0
5125	3228	0
5126	3228	1
5127	3229	0
5128	3229	1
5129	3230	0
5130	3230	1
5131	3231	0
5132	3232	0
5133	3232	1
5134	3233	0
5135	3233	1
5136	3234	1
5137	3236	0
5138	3236	1
5139	3237	1
5140	3238	0
5141	3238	1
5142	3239	0
5143	3239	1
5144	3241	0
5145	3241	1
5146	3242	0
5147	3242	1
5148	3243	0
5149	3243	1
5150	3244	1
5151	3245	0
5152	3245	1
5153	3246	0
5154	3247	0
5155	3248	0
5156	3249	0
5157	3249	1
5158	3250	0
5159	3250	1
5160	3251	0
5161	3251	1
5162	3252	1
5163	3253	0
5164	3253	1
5165	3254	0
5166	3254	1
5167	3256	0
5168	3256	1
5169	3257	0
5170	3258	0
5171	3258	1
5172	3260	0
5173	3261	1
5174	3262	1
5175	3263	0
5176	3263	1
5177	3264	0
5178	3264	1
5179	3265	0
5180	3265	1
5181	3266	0
5182	3266	1
5183	3267	0
5184	3267	1
5185	3268	0
5186	3269	1
5187	3270	0
5188	3270	1
5189	3271	0
5190	3271	1
5191	3272	1
5192	3273	0
5193	3273	1
5194	3274	0
5195	3274	1
5196	3275	1
5197	3276	0
5198	3276	1
5199	3277	0
5200	3278	0
5201	3278	1
5202	3279	1
5203	3280	0
5204	3281	0
5205	3281	1
5206	3282	1
5207	3283	0
5208	3283	1
5209	3284	1
5210	3285	0
5211	3285	1
5212	3286	0
5213	3288	0
5214	3288	1
5215	3289	0
5216	3290	1
5217	3291	1
5218	3292	0
5219	3293	0
5220	3293	1
5221	3294	0
5222	3295	0
5223	3295	1
5224	3296	0
5225	3296	1
5226	3297	0
5227	3297	1
5228	3298	1
5229	3299	0
5230	3299	1
5231	3300	1
5232	3301	0
5233	3301	1
5234	3302	0
5235	3302	1
5236	3303	0
5237	3303	1
5238	3304	0
5239	3304	1
5240	3305	0
5241	3305	1
5242	3306	1
5243	3307	0
5244	3307	1
5245	3308	0
5246	3308	1
5247	3309	0
5248	3310	0
5249	3310	1
5250	3311	1
5251	3312	1
5252	3313	0
5253	3313	1
5254	3314	0
5255	3315	0
5256	3315	1
5257	3316	0
5258	3316	1
5259	3317	0
5260	3317	1
5261	3318	0
5262	3320	1
5263	3322	1
5264	3324	1
5265	3325	0
5266	3325	1
5267	3326	1
5268	3327	0
5269	3327	1
5270	3328	0
5271	3328	1
5272	3329	1
5273	3331	0
5274	3332	0
5275	3332	1
5276	3333	0
5277	3333	1
5278	3334	1
5279	3335	0
5280	3335	1
5281	3337	1
5282	3338	1
5283	3339	1
5284	3340	0
5285	3340	1
5286	3341	1
5287	3342	0
5288	3343	0
5289	3344	1
5290	3345	0
5291	3346	0
5292	3346	1
5293	3347	0
5294	3348	0
5295	3348	1
5296	3349	0
5297	3349	1
5298	3350	0
5299	3350	1
5300	3351	0
5301	3351	1
5302	3352	0
5303	3352	1
5304	3353	0
5305	3353	1
5306	3354	0
5307	3354	1
5308	3355	0
5309	3355	1
5310	3356	1
5311	3357	1
5312	3358	0
5313	3358	1
5314	3359	0
5315	3360	0
5316	3361	1
5317	3362	0
5318	3364	0
5319	3364	1
5320	3365	0
5321	3365	1
5322	3366	0
5323	3366	1
5324	3367	0
5325	3367	1
5326	3371	0
5327	3371	1
5328	3372	1
5329	3373	1
5330	3374	0
5331	3374	1
5332	3375	0
5333	3375	1
5334	3377	1
5335	3378	1
5336	3379	0
5337	3379	1
5338	3381	0
5339	3382	0
5340	3382	1
5341	3383	0
5342	3383	1
5343	3384	0
5344	3385	1
5345	3386	0
5346	3386	1
5347	3387	0
5348	3387	1
5349	3388	0
5350	3388	1
5351	3390	0
5352	3390	1
5353	3391	1
5354	3392	0
5355	3393	0
5356	3393	1
5357	3394	0
5358	3394	1
5359	3395	0
5360	3395	1
5361	3396	0
5362	3396	1
5363	3397	0
5364	3397	1
5365	3398	0
5366	3399	0
5367	3400	0
5368	3400	1
5369	3402	0
5370	3402	1
5371	3403	1
5372	3405	1
5373	3406	0
5374	3407	0
5375	3407	1
5376	3408	1
5377	3409	0
5378	3409	1
5379	3410	0
5380	3410	1
5381	3411	0
5382	3411	1
5383	3412	0
5384	3412	1
5385	3413	0
5386	3414	0
5387	3415	0
5388	3416	1
5389	3417	0
5390	3417	1
5391	3418	0
5392	3418	1
5393	3419	0
5394	3419	1
5395	3420	0
5396	3420	1
5397	3421	0
5398	3422	0
5399	3423	0
5400	3423	1
5401	3424	1
5402	3425	1
5403	3426	0
5404	3426	1
5405	3427	0
5406	3427	1
5407	3428	0
5408	3428	1
5409	3430	0
5410	3431	0
5411	3431	1
5412	3432	0
5413	3432	1
5414	3434	0
5415	3435	1
5416	3436	1
5417	3437	0
5418	3437	1
5419	3438	0
5420	3438	1
5421	3439	0
5422	3439	1
5423	3440	0
5424	3440	1
5425	3441	0
5426	3442	0
5427	3443	0
5428	3443	1
5429	3444	1
5430	3445	0
5431	3445	1
5432	3446	0
5433	3446	1
5434	3447	1
5435	3448	0
5436	3448	1
5437	3449	0
5438	3449	1
5439	3450	0
5440	3451	0
5441	3451	1
5442	3452	1
5443	3453	1
5444	3454	1
5445	3455	0
5446	3455	1
5447	3456	0
5448	3456	1
5449	3458	1
5450	3459	1
5451	3460	0
5452	3461	0
5453	3461	1
5454	3462	0
5455	3462	1
5456	3464	0
5457	3464	1
5458	3466	1
5459	3467	1
5460	3468	0
5461	3468	1
5462	3469	1
5463	3470	0
5464	3470	1
5465	3471	0
5466	3471	1
5467	3472	1
5468	3473	1
5469	3474	1
5470	3475	0
5471	3475	1
5472	3476	1
5473	3477	0
5474	3477	1
5475	3478	1
5476	3479	0
5477	3480	0
5478	3480	1
5479	3481	0
5480	3481	1
5481	3483	1
5482	3484	1
5483	3485	1
5484	3486	0
5485	3486	1
5486	3487	0
5487	3487	1
5488	3488	1
5489	3489	0
5490	3489	1
5491	3490	0
5492	3491	0
5493	3491	1
5494	3492	0
5495	3492	1
5496	3493	0
5497	3493	1
5498	3494	0
5499	3496	0
5500	3496	1
5501	3497	1
5502	3498	0
5503	3498	1
5504	3499	0
5505	3499	1
5506	3501	0
5507	3501	1
5508	3502	0
5509	3502	1
5510	3504	1
5511	3505	0
5512	3506	0
5513	3506	1
5514	3507	1
5515	3508	0
5516	3508	1
5517	3509	1
5518	3510	0
5519	3510	1
5520	3512	0
5521	3513	1
5522	3514	0
5523	3514	1
5524	3515	0
5525	3516	0
5526	3517	0
5527	3518	0
5528	3518	1
5529	3519	0
5530	3519	1
5531	3520	0
5532	3520	1
5533	3521	0
5534	3521	1
5535	3522	0
5536	3523	0
5537	3523	1
5538	3525	1
5539	3526	0
5540	3526	1
5541	3527	1
5542	3528	0
5543	3528	1
5544	3529	0
5545	3529	1
5546	3530	0
5547	3530	1
5548	3532	0
5549	3532	1
5550	3533	0
5551	3533	1
5552	3534	0
5553	3534	1
5554	3535	0
5555	3536	0
5556	3536	1
5557	3537	0
5558	3537	1
5559	3538	0
5560	3538	1
5561	3539	1
5562	3540	1
5563	3541	1
5564	3542	0
5565	3543	0
5566	3543	1
5567	3544	1
5568	3545	0
5569	3546	0
5570	3546	1
5571	3547	0
5572	3547	1
5573	3548	0
5574	3549	0
5575	3549	1
5576	3551	1
5577	3552	1
5578	3553	1
5579	3555	0
5580	3556	0
5581	3556	1
5582	3557	0
5583	3557	1
5584	3558	0
5585	3558	1
5586	3559	0
5587	3559	1
5588	3561	1
5589	3562	1
5590	3563	1
5591	3565	0
5592	3565	1
5593	3566	1
5594	3567	0
5595	3568	0
5596	3571	0
5597	3571	1
5598	3572	0
5599	3572	1
5600	3573	0
5601	3573	1
5602	3574	0
5603	3574	1
5604	3575	0
5605	3577	0
5606	3577	1
5607	3578	1
5608	3579	0
5609	3579	1
5610	3580	0
5611	3580	1
5612	3581	1
5613	3582	1
5614	3583	0
5615	3584	0
5616	3584	1
5617	3585	0
5618	3586	1
5619	3587	0
5620	3587	1
5621	3588	0
5622	3588	1
5623	3589	0
5624	3589	1
5625	3590	0
5626	3590	1
5627	3591	0
5628	3591	1
5629	3592	0
5630	3593	0
5631	3593	1
5632	3594	1
5633	3595	0
5634	3595	1
5635	3596	0
5636	3596	1
5637	3597	0
5638	3597	1
5639	3598	0
5640	3599	0
5641	3599	1
5642	3600	1
5643	3601	1
5644	3602	0
5645	3602	1
5646	3603	0
5647	3603	1
5648	3604	0
5649	3605	0
5650	3605	1
5651	3606	0
5652	3606	1
5653	3607	0
5654	3607	1
5655	3608	0
5656	3608	1
5657	3609	0
5658	3609	1
5659	3610	0
5660	3611	0
5661	3611	1
5662	3612	1
5663	3613	1
5664	3614	0
5665	3614	1
5666	3615	0
5667	3615	1
5668	3616	1
5669	3617	0
5670	3617	1
5671	3618	0
5672	3618	1
5673	3619	0
5674	3619	1
5675	3620	1
5676	3621	0
5677	3621	1
5678	3622	0
5679	3622	1
5680	3623	0
5681	3623	1
5682	3625	0
5683	3625	1
5684	3626	0
5685	3626	1
5686	3627	1
5687	3628	0
5688	3629	0
5689	3629	1
5690	3630	0
5691	3631	0
5692	3631	1
5693	3632	0
5694	3633	0
5695	3633	1
5696	3634	0
5697	3634	1
5698	3635	0
5699	3635	1
5700	3636	0
5701	3636	1
5702	3637	0
5703	3637	1
5704	3638	0
5705	3638	1
5706	3639	0
5707	3639	1
5708	3640	1
5709	3641	0
5710	3641	1
5711	3642	0
5712	3643	0
5713	3645	0
5714	3646	1
5715	3647	0
5716	3647	1
5717	3648	0
5718	3648	1
5719	3649	0
5720	3650	0
5721	3650	1
5722	3652	0
5723	3653	1
5724	3654	1
5725	3655	1
5726	3656	0
5727	3656	1
5728	3657	0
5729	3657	1
5730	3659	0
5731	3660	1
5732	3661	0
5733	3662	0
5734	3662	1
5735	3663	0
5736	3664	0
5737	3664	1
5738	3667	0
5739	3668	0
5740	3668	1
5741	3669	0
5742	3671	1
5743	3672	0
5744	3672	1
5745	3673	1
5746	3674	0
5747	3675	0
5748	3675	1
5749	3676	0
5750	3676	1
5751	3677	0
5752	3677	1
5753	3678	0
5754	3678	1
5755	3679	0
5756	3679	1
5757	3680	1
5758	3681	0
5759	3681	1
5760	3682	0
5761	3682	1
5762	3683	0
5763	3683	1
5764	3684	1
5765	3685	0
5766	3685	1
5767	3686	0
5768	3686	1
5769	3687	0
5770	3687	1
5771	3688	0
5772	3688	1
5773	3689	0
5774	3689	1
5775	3690	0
5776	3691	0
5777	3691	1
5778	3692	1
5779	3693	1
5780	3694	0
5781	3695	0
5782	3695	1
5783	3696	0
5784	3696	1
5785	3697	0
5786	3697	1
5787	3698	0
5788	3698	1
5789	3699	0
5790	3699	1
5791	3700	0
5792	3701	1
5793	3702	1
5794	3703	0
5795	3704	1
5796	3705	0
5797	3706	0
5798	3706	1
5799	3707	0
5800	3707	1
5801	3708	0
5802	3709	1
5803	3710	0
5804	3710	1
5805	3711	0
5806	3711	1
5807	3712	0
5808	3712	1
5809	3713	0
5810	3713	1
5811	3714	0
5812	3714	1
5813	3716	0
5814	3717	1
5815	3718	1
5816	3719	0
5817	3720	0
5818	3721	0
5819	3721	1
5820	3722	0
5821	3722	1
5822	3723	1
5823	3724	0
5824	3725	1
5825	3726	1
5826	3727	0
5827	3727	1
5828	3728	1
5829	3730	0
5830	3730	1
5831	3732	1
5832	3733	0
5833	3733	1
5834	3734	0
5835	3734	1
5836	3735	0
5837	3736	1
5838	3737	1
5839	3738	0
5840	3738	1
5841	3739	0
5842	3739	1
5843	3740	0
5844	3741	0
5845	3741	1
5846	3742	1
5847	3743	1
5848	3744	0
5849	3744	1
5850	3745	0
5851	3745	1
5852	3746	0
5853	3746	1
5854	3747	0
5855	3747	1
5856	3748	0
5857	3748	1
5858	3750	0
5859	3751	0
5860	3751	1
5861	3752	1
5862	3753	0
5863	3754	0
5864	3754	1
5865	3755	0
5866	3756	1
5867	3758	0
5868	3758	1
5869	3759	1
5870	3760	1
5871	3761	0
5872	3762	1
5873	3763	1
5874	3764	1
5875	3765	1
5876	3766	0
5877	3767	0
5878	3767	1
5879	3768	0
5880	3769	1
5881	3770	0
5882	3770	1
5883	3771	0
5884	3771	1
5885	3772	0
5886	3772	1
5887	3774	0
5888	3774	1
5889	3775	0
5890	3775	1
5891	3776	1
5892	3777	0
5893	3777	1
5894	3778	0
5895	3778	1
5896	3779	0
5897	3780	0
5898	3782	1
5899	3785	0
5900	3785	1
5901	3786	0
5902	3786	1
5903	3787	0
5904	3787	1
5905	3788	0
5906	3788	1
5907	3789	0
5908	3791	0
5909	3791	1
5910	3792	1
5911	3793	1
5912	3794	0
5913	3794	1
5914	3795	0
5915	3795	1
5916	3797	0
5917	3798	0
5918	3798	1
5919	3799	0
5920	3799	1
5921	3800	0
5922	3800	1
5923	3801	0
5924	3802	0
5925	3802	1
5926	3803	0
5927	3803	1
5928	3807	0
5929	3807	1
5930	3808	1
5931	3809	0
5932	3809	1
5933	3810	1
5934	3811	0
5935	3811	1
5936	3813	0
5937	3813	1
5938	3814	0
5939	3814	1
5940	3816	0
5941	3816	1
5942	3818	0
5943	3819	0
5944	3819	1
5945	3820	1
5946	3821	0
5947	3822	0
5948	3823	0
5949	3824	0
5950	3825	0
5951	3825	1
5952	3826	0
5953	3826	1
5954	3827	0
5955	3827	1
5956	3828	1
5957	3829	0
5958	3829	1
5959	3830	1
5960	3831	1
5961	3832	0
5962	3832	1
5963	3833	0
5964	3835	0
5965	3837	1
5966	3838	0
5967	3838	1
5968	3839	0
5969	3839	1
5970	3840	0
5971	3840	1
5972	3841	0
5973	3841	1
5974	3842	0
5975	3842	1
5976	3843	1
5977	3846	1
5978	3847	1
5979	3848	1
5980	3850	1
5981	3851	0
5982	3851	1
5983	3852	0
5984	3852	1
5985	3853	1
5986	3855	0
5987	3856	0
5988	3856	1
5989	3857	0
5990	3857	1
5991	3858	0
5992	3858	1
5993	3859	1
5994	3860	0
5995	3860	1
5996	3862	1
5997	3863	1
5998	3864	0
5999	3864	1
6000	3865	0
6001	3865	1
6002	3866	0
6003	3866	1
6004	3867	0
6005	3868	0
6006	3868	1
6007	3869	1
6008	3870	0
6009	3871	0
6010	3871	1
6011	3872	0
6012	3873	1
6013	3874	1
6014	3875	0
6015	3875	1
6016	3876	1
6017	3877	1
6018	3878	0
6019	3878	1
6020	3879	0
6021	3879	1
6022	3881	0
6023	3881	1
6024	3883	0
6025	3883	1
6026	3884	0
6027	3884	1
6028	3885	1
6029	3886	0
6030	3886	1
6031	3887	0
6032	3887	1
6033	3888	0
6034	3888	1
6035	3889	0
6036	3890	0
6037	3891	0
6038	3891	1
6039	3893	0
6040	3893	1
6041	3895	0
6042	3895	1
6043	3896	0
6044	3896	1
6045	3897	0
6046	3897	1
6047	3898	0
6048	3898	1
6049	3899	0
6050	3899	1
6051	3901	1
6052	3902	0
6053	3902	1
6054	3903	1
6055	3904	0
6056	3904	1
6057	3905	1
6058	3906	0
6059	3907	1
6060	3908	0
6061	3909	0
6062	3909	1
6063	3910	0
6064	3910	1
6065	3911	0
6066	3911	1
6067	3912	1
6068	3913	0
6069	3913	1
6070	3914	1
6071	3916	0
6072	3917	1
6073	3920	1
6074	3921	1
6075	3922	1
6076	3923	0
6077	3923	1
6078	3924	0
6079	3925	0
6080	3925	1
6081	3926	0
6082	3929	1
6083	3930	0
6084	3932	0
6085	3932	1
6086	3933	0
6087	3933	1
6088	3934	0
6089	3934	1
6090	3935	0
6091	3936	0
6092	3937	0
6093	3937	1
6094	3938	0
6095	3938	1
6096	3939	0
6097	3939	1
6098	3940	0
6099	3940	1
6100	3941	1
6101	3942	0
6102	3942	1
6103	3943	1
6104	3944	1
6105	3945	0
6106	3945	1
6107	3946	0
6108	3947	0
6109	3947	1
6110	3948	0
6111	3948	1
6112	3949	1
6113	3950	0
6114	3951	0
6115	3951	1
6116	3952	0
6117	3953	0
6118	3954	1
6119	3955	0
6120	3955	1
6121	3956	0
6122	3956	1
6123	3957	0
6124	3957	1
6125	3958	0
6126	3959	1
6127	3960	1
6128	3961	1
6129	3962	1
6130	3963	0
6131	3963	1
6132	3965	0
6133	3967	0
6134	3968	1
6135	3969	1
6136	3971	1
6137	3972	0
6138	3972	1
6139	3973	1
6140	3974	0
6141	3975	1
6142	3977	0
6143	3978	0
6144	3978	1
6145	3979	1
6146	3980	0
6147	3980	1
6148	3981	1
6149	3984	1
6150	3986	0
6151	3986	1
6152	3987	0
6153	3987	1
6154	3988	0
6155	3988	1
6156	3990	1
6157	3991	0
6158	3992	1
6159	3993	0
6160	3993	1
6161	3995	0
6162	3995	1
6163	3996	1
6164	3998	0
6165	3998	1
6166	3999	0
6167	3999	1
6168	4000	0
6169	4000	1
6170	4001	0
6171	4001	1
6172	4002	1
6173	4004	1
6174	4005	1
6175	4006	0
6176	4006	1
6177	4007	1
6178	4008	0
6179	4008	1
6180	4010	0
6181	4010	1
6182	4011	0
6183	4011	1
6184	4013	1
6185	4015	0
6186	4015	1
6187	4016	0
6188	4016	1
6189	4017	0
6190	4017	1
6191	4018	0
6192	4018	1
6193	4019	1
6194	4020	0
6195	4020	1
6196	4022	0
6197	4022	1
6198	4023	1
6199	4025	0
6200	4026	0
6201	4027	0
6202	4027	1
6203	4028	1
6204	4029	1
6205	4030	1
6206	4031	0
6207	4031	1
6208	4032	0
6209	4032	1
6210	4034	0
6211	4034	1
6212	4035	0
6213	4035	1
6214	4036	1
6215	4037	1
6216	4038	0
6217	4038	1
6218	4039	0
6219	4039	1
6220	4040	0
6221	4041	0
6222	4042	0
6223	4044	1
6224	4045	0
6225	4045	1
6226	4046	0
6227	4046	1
6228	4047	0
6229	4047	1
6230	4048	0
6231	4048	1
6232	4049	0
6233	4049	1
6234	4051	0
6235	4052	1
6236	4053	0
6237	4053	1
6238	4054	0
6239	4054	1
6240	4055	1
6241	4056	1
6242	4057	1
6243	4058	1
6244	4059	1
6245	4060	0
6246	4060	1
6247	4061	0
6248	4062	0
6249	4062	1
6250	4063	0
6251	4063	1
6252	4064	0
6253	4064	1
6254	4065	1
6255	4066	0
6256	4067	0
6257	4067	1
6258	4068	0
6259	4068	1
6260	4069	1
6261	4070	0
6262	4070	1
6263	4071	0
6264	4071	1
6265	4072	1
6266	4074	0
6267	4074	1
6268	4075	0
6269	4075	1
6270	4077	0
6271	4077	1
6272	4078	1
6273	4079	0
6274	4079	1
6275	4080	0
6276	4080	1
6277	4081	1
6278	4082	0
6279	4082	1
6280	4084	0
6281	4085	0
6282	4086	0
6283	4086	1
6284	4087	0
6285	4088	0
6286	4088	1
6287	4089	0
6288	4089	1
6289	4090	0
6290	4090	1
6291	4091	0
6292	4092	1
6293	4093	1
6294	4094	1
6295	4095	0
6296	4096	0
6297	4096	1
6298	4097	0
6299	4097	1
6300	4098	0
6301	4100	0
6302	4100	1
6303	4101	0
6304	4101	1
6305	4102	0
6306	4102	1
6307	4104	0
6308	4105	1
6309	4106	1
6310	4107	0
6311	4108	0
6312	4108	1
6313	4109	1
6314	4110	0
6315	4110	1
6316	4111	0
6317	4111	1
6318	4113	1
6319	4114	0
6320	4114	1
6321	4115	0
6322	4115	1
6323	4116	0
6324	4118	0
6325	4118	1
6326	4119	1
6327	4120	0
6328	4120	1
6329	4122	0
6330	4123	1
6331	4125	0
6332	4125	1
6333	4126	0
6334	4129	1
6335	4130	0
6336	4130	1
6337	4134	0
6338	4135	1
6339	4136	0
6340	4137	0
6341	4137	1
6342	4138	0
6343	4138	1
6344	4139	0
6345	4140	0
6346	4140	1
6347	4141	0
6348	4142	0
6349	4142	1
6350	4143	1
6351	4144	1
6352	4145	0
6353	4145	1
6354	4146	1
6355	4147	0
6356	4147	1
6357	4148	1
6358	4149	0
6359	4151	1
6360	4152	0
6361	4153	0
6362	4153	1
6363	4154	1
6364	4155	1
6365	4156	1
6366	4157	0
6367	4157	1
6368	4158	0
6369	4159	0
6370	4159	1
6371	4160	0
6372	4161	0
6373	4161	1
6374	4163	0
6375	4164	0
6376	4164	1
6377	4165	0
6378	4167	0
6379	4168	1
6380	4169	1
6381	4170	0
6382	4171	1
6383	4172	0
6384	4172	1
6385	4173	0
6386	4173	1
6387	4174	0
6388	4174	1
6389	4175	0
6390	4175	1
6391	4176	0
6392	4177	0
6393	4177	1
6394	4178	1
6395	4179	0
6396	4179	1
6397	4180	0
6398	4180	1
6399	4181	0
6400	4181	1
6401	4182	1
6402	4183	1
6403	4184	0
6404	4184	1
6405	4185	1
6406	4186	0
6407	4187	0
6408	4187	1
6409	4188	0
6410	4188	1
6411	4189	0
6412	4190	1
6413	4191	0
6414	4191	1
6415	4192	1
6416	4193	0
6417	4193	1
6418	4194	0
6419	4194	1
6420	4195	1
6421	4196	0
6422	4196	1
6423	4197	1
6424	4198	0
6425	4198	1
6426	4199	0
6427	4199	1
6428	4200	1
6429	4201	0
6430	4201	1
6431	4202	0
6432	4202	1
6433	4203	0
6434	4203	1
6435	4204	0
6436	4204	1
6437	4205	0
6438	4205	1
6439	4206	1
6440	4207	0
6441	4207	1
6442	4208	0
6443	4209	0
6444	4210	1
6445	4211	1
6446	4212	1
6447	4213	0
6448	4213	1
6449	4214	0
6450	4214	1
6451	4215	0
6452	4215	1
6453	4216	0
6454	4217	0
6455	4219	1
6456	4220	1
6457	4222	0
6458	4222	1
6459	4224	0
6460	4225	0
6461	4225	1
6462	4226	0
6463	4226	1
6464	4227	0
6465	4227	1
6466	4228	0
6467	4228	1
6468	4232	0
6469	4232	1
6470	4233	1
6471	4235	0
6472	4235	1
6473	4236	0
6474	4236	1
6475	4239	0
6476	4240	0
6477	4240	1
6478	4241	0
6479	4242	0
6480	4242	1
6481	4243	0
6482	4244	0
6483	4244	1
6484	4246	0
6485	4246	1
6486	4247	0
6487	4247	1
6488	4249	0
6489	4250	0
6490	4250	1
6491	4251	0
6492	4252	0
6493	4252	1
6494	4253	0
6495	4253	1
6496	4254	0
6497	4255	1
6498	4256	0
6499	4257	0
6500	4257	1
6501	4258	1
6502	4259	0
6503	4259	1
6504	4260	1
6505	4261	0
6506	4261	1
6507	4263	0
6508	4263	1
6509	4264	1
6510	4265	0
6511	4266	0
6512	4266	1
6513	4267	0
6514	4267	1
6515	4268	1
6516	4269	1
6517	4270	0
6518	4271	0
6519	4272	0
6520	4273	1
6521	4275	0
6522	4275	1
6523	4276	0
6524	4276	1
6525	4277	0
6526	4277	1
6527	4278	0
6528	4278	1
6529	4279	0
6530	4279	1
6531	4280	1
6532	4281	0
6533	4281	1
6534	4282	0
6535	4282	1
6536	4284	1
6537	4285	0
6538	4285	1
6539	4286	1
6540	4287	0
6541	4287	1
6542	4288	1
6543	4289	0
6544	4291	0
6545	4291	1
6546	4292	1
6547	4293	0
6548	4293	1
6549	4294	1
6550	4295	0
6551	4296	0
6552	4296	1
6553	4298	1
6554	4300	0
6555	4300	1
6556	4301	0
6557	4301	1
6558	4302	0
6559	4303	0
6560	4304	1
6561	4305	0
6562	4305	1
6563	4306	0
6564	4307	0
6565	4307	1
6566	4309	0
6567	4309	1
6568	4310	0
6569	4310	1
6570	4311	0
6571	4312	0
6572	4312	1
6573	4313	0
6574	4313	1
6575	4314	1
6576	4316	0
6577	4316	1
6578	4317	1
6579	4319	0
6580	4319	1
6581	4320	0
6582	4320	1
6583	4321	1
6584	4322	0
6585	4322	1
6586	4323	0
6587	4324	0
6588	4325	0
6589	4325	1
6590	4327	0
6591	4327	1
6592	4328	0
6593	4328	1
6594	4329	0
6595	4329	1
6596	4330	0
6597	4330	1
6598	4332	0
6599	4332	1
6600	4333	0
6601	4334	0
6602	4334	1
6603	4336	0
6604	4337	1
6605	4338	1
6606	4339	0
6607	4339	1
6608	4340	1
6609	4341	0
6610	4341	1
6611	4342	1
6612	4343	0
6613	4343	1
6614	4344	0
6615	4344	1
6616	4345	0
6617	4345	1
6618	4346	1
6619	4347	0
6620	4347	1
6621	4348	1
6622	4349	1
6623	4350	0
6624	4350	1
6625	4351	0
6626	4352	0
6627	4352	1
6628	4353	1
6629	4355	0
6630	4355	1
6631	4356	0
6632	4357	1
6633	4358	0
6634	4359	0
6635	4359	1
6636	4360	1
6637	4361	1
6638	4362	0
6639	4363	0
6640	4364	0
6641	4365	0
6642	4365	1
6643	4366	0
6644	4366	1
6645	4367	1
6646	4368	1
6647	4369	0
6648	4369	1
6649	4370	1
6650	4371	0
6651	4371	1
6652	4372	0
6653	4373	0
6654	4373	1
6655	4374	0
6656	4374	1
6657	4375	0
6658	4375	1
6659	4376	1
6660	4377	1
6661	4378	0
6662	4379	0
6663	4379	1
6664	4380	1
6665	4381	1
6666	4382	0
6667	4382	1
6668	4383	0
6669	4383	1
6670	4384	0
6671	4384	1
6672	4385	0
6673	4385	1
6674	4386	0
6675	4386	1
6676	4387	1
6677	4389	1
6678	4390	1
6679	4392	0
6680	4392	1
6681	4393	1
6682	4394	0
6683	4396	0
6684	4397	0
6685	4398	0
6686	4398	1
6687	4399	1
6688	4401	1
6689	4402	1
6690	4403	1
6691	4405	1
6692	4406	0
6693	4406	1
6694	4407	0
6695	4408	0
6696	4408	1
6697	4409	0
6698	4410	0
6699	4410	1
6700	4411	0
6701	4411	1
6702	4413	0
6703	4413	1
6704	4415	1
6705	4416	1
6706	4417	0
6707	4417	1
6708	4418	0
6709	4418	1
6710	4419	1
6711	4420	0
6712	4420	1
6713	4421	0
6714	4421	1
6715	4422	0
6716	4422	1
6717	4425	1
6718	4426	0
6719	4426	1
6720	4427	0
6721	4427	1
6722	4428	0
6723	4428	1
6724	4429	0
6725	4430	0
6726	4431	0
6727	4431	1
6728	4432	1
6729	4433	1
6730	4434	0
6731	4434	1
6732	4435	0
6733	4436	0
6734	4437	0
6735	4437	1
6736	4439	0
6737	4440	0
6738	4440	1
6739	4441	0
6740	4443	0
6741	4444	0
6742	4444	1
6743	4446	0
6744	4446	1
6745	4448	0
6746	4449	1
6747	4450	0
6748	4451	1
6749	4452	0
6750	4452	1
6751	4453	0
6752	4454	0
6753	4454	1
6754	4455	0
6755	4455	1
6756	4457	1
6757	4459	0
6758	4459	1
6759	4460	1
6760	4461	0
6761	4461	1
6762	4463	0
6763	4464	0
6764	4464	1
6765	4468	0
6766	4468	1
6767	4469	0
6768	4469	1
6769	4470	0
6770	4470	1
6771	4472	0
6772	4472	1
6773	4473	0
6774	4473	1
6775	4474	0
6776	4474	1
6777	4475	0
6778	4475	1
6779	4476	0
6780	4476	1
6781	4477	1
6782	4478	0
6783	4478	1
6784	4480	0
6785	4480	1
6786	4481	0
6787	4482	0
6788	4482	1
6789	4483	0
6790	4483	1
6791	4484	0
6792	4486	0
6793	4486	1
6794	4487	1
6795	4488	1
6796	4489	0
6797	4489	1
6798	4491	0
6799	4491	1
6800	4492	0
6801	4492	1
6802	4493	0
6803	4494	0
6804	4497	0
6805	4497	1
6806	4498	1
6807	4499	0
6808	4499	1
6809	4500	0
6810	4501	0
6811	4502	0
6812	4502	1
6813	4503	0
6814	4503	1
6815	4504	1
6816	4505	0
6817	4505	1
6818	4507	0
6819	4507	1
6820	4508	0
6821	4508	1
6822	4510	0
6823	4510	1
6824	4511	1
6825	4512	1
6826	4513	0
6827	4513	1
6828	4514	1
6829	4515	0
6830	4515	1
6831	4516	0
6832	4517	0
6833	4517	1
6834	4518	1
6835	4519	1
6836	4520	0
6837	4521	0
6838	4521	1
6839	4522	1
6840	4523	0
6841	4524	0
6842	4524	1
6843	4525	0
6844	4525	1
6845	4526	0
6846	4528	0
6847	4528	1
6848	4530	0
6849	4530	1
6850	4531	0
6851	4531	1
6852	4532	1
6853	4533	0
6854	4534	1
6855	4535	0
6856	4535	1
6857	4536	0
6858	4536	1
6859	4538	0
6860	4539	1
6861	4540	0
6862	4541	0
6863	4541	1
6864	4542	0
6865	4542	1
6866	4543	0
6867	4544	1
6868	4545	1
6869	4546	1
6870	4547	0
6871	4547	1
6872	4548	0
6873	4549	0
6874	4549	1
6875	4551	1
6876	4553	1
6877	4554	0
6878	4554	1
6879	4555	0
6880	4556	0
6881	4557	0
6882	4557	1
6883	4558	1
6884	4559	1
6885	4560	0
6886	4561	0
6887	4562	0
6888	4562	1
6889	4564	0
6890	4564	1
6891	4565	1
6892	4566	0
6893	4566	1
6894	4567	0
6895	4569	0
6896	4570	0
6897	4570	1
6898	4571	0
6899	4571	1
6900	4572	0
6901	4572	1
6902	4573	0
6903	4573	1
6904	4576	0
6905	4576	1
6906	4577	1
6907	4578	0
6908	4579	0
6909	4579	1
6910	4580	0
6911	4580	1
6912	4581	1
6913	4583	0
6914	4583	1
6915	4584	0
6916	4585	1
6917	4586	0
6918	4586	1
6919	4587	0
6920	4587	1
6921	4588	0
6922	4589	0
6923	4589	1
6924	4590	0
6925	4590	1
6926	4591	0
6927	4592	0
6928	4592	1
6929	4593	0
6930	4594	0
6931	4594	1
6932	4595	1
6933	4597	0
6934	4597	1
6935	4598	0
6936	4598	1
6937	4599	1
6938	4600	0
6939	4600	1
6940	4602	0
6941	4602	1
6942	4603	1
6943	4605	0
6944	4607	0
6945	4607	1
6946	4608	0
6947	4608	1
6948	4609	1
6949	4610	0
6950	4611	0
6951	4612	0
6952	4612	1
6953	4613	1
6954	4614	0
6955	4617	0
6956	4617	1
6957	4618	1
6958	4619	0
6959	4620	1
6960	4621	0
6961	4622	1
6962	4623	0
6963	4623	1
6964	4624	0
6965	4624	1
6966	4625	0
6967	4625	1
6968	4626	0
6969	4626	1
6970	4627	1
6971	4628	1
6972	4629	0
6973	4630	0
6974	4631	0
6975	4632	0
6976	4632	1
6977	4633	0
6978	4634	0
6979	4636	0
6980	4637	1
6981	4638	0
6982	4638	1
6983	4639	0
6984	4642	0
6985	4642	1
6986	4643	0
6987	4643	1
6988	4644	0
6989	4644	1
6990	4645	0
6991	4647	0
6992	4647	1
6993	4648	0
6994	4650	1
6995	4651	0
6996	4651	1
6997	4652	1
6998	4653	0
6999	4654	0
7000	4654	1
7001	4655	0
7002	4655	1
7003	4656	0
7004	4656	1
7005	4657	0
7006	4657	1
7007	4658	0
7008	4658	1
7009	4659	0
7010	4659	1
7011	4660	0
7012	4660	1
7013	4661	0
7014	4661	1
7015	4662	0
7016	4662	1
7017	4663	1
7018	4664	1
7019	4665	0
7020	4666	1
7021	4667	0
7022	4668	0
7023	4670	1
7024	4671	0
7025	4672	1
7026	4673	0
7027	4673	1
7028	4674	0
7029	4674	1
7030	4675	0
7031	4675	1
7032	4676	0
7033	4677	1
7034	4678	1
7035	4679	0
7036	4679	1
7037	4680	1
7038	4681	0
7039	4681	1
7040	4682	1
7041	4683	0
7042	4683	1
7043	4684	0
7044	4685	0
7045	4686	0
7046	4686	1
7047	4687	1
7048	4688	0
7049	4688	1
7050	4689	1
7051	4690	1
7052	4691	1
7053	4692	0
7054	4693	0
7055	4694	1
7056	4695	1
7057	4696	1
7058	4697	0
7059	4700	1
7060	4701	1
7061	4702	0
7062	4702	1
7063	4704	0
7064	4704	1
7065	4705	0
7066	4705	1
7067	4706	0
7068	4706	1
7069	4707	0
7070	4707	1
7071	4708	0
7072	4709	0
7073	4709	1
7074	4710	1
7075	4711	0
7076	4711	1
7077	4712	0
7078	4712	1
7079	4713	0
7080	4713	1
7081	4714	0
7082	4714	1
7083	4715	1
7084	4716	0
7085	4717	1
7086	4718	1
7087	4719	0
7088	4721	0
7089	4721	1
7090	4722	0
7091	4722	1
7092	4723	0
7093	4723	1
7094	4724	0
7095	4725	1
7096	4726	1
7097	4727	1
7098	4729	0
7099	4729	1
7100	4730	1
7101	4731	0
7102	4732	0
7103	4732	1
7104	4733	1
7105	4734	0
7106	4734	1
7107	4736	0
7108	4736	1
7109	4737	0
7110	4738	0
7111	4739	1
7112	4742	0
7113	4743	0
7114	4744	0
7115	4744	1
7116	4745	0
7117	4745	1
7118	4747	0
7119	4747	1
7120	4749	0
7121	4750	1
7122	4751	0
7123	4751	1
7124	4752	0
7125	4752	1
7126	4753	0
7127	4755	0
7128	4756	0
7129	4756	1
7130	4757	0
7131	4758	0
7132	4758	1
7133	4759	0
7134	4762	0
7135	4762	1
7136	4763	1
7137	4764	1
7138	4765	1
7139	4769	1
7140	4770	0
7141	4770	1
7142	4771	0
7143	4772	0
7144	4773	0
7145	4774	0
7146	4775	0
7147	4775	1
7148	4776	1
7149	4777	0
7150	4778	1
7151	4779	1
7152	4780	1
7153	4781	0
7154	4781	1
7155	4782	0
7156	4782	1
7157	4783	0
7158	4783	1
7159	4784	0
7160	4784	1
7161	4788	1
7162	4789	1
7163	4790	1
7164	4792	1
7165	4793	0
7166	4793	1
7167	4795	0
7168	4796	0
7169	4796	1
7170	4797	0
7171	4798	0
7172	4798	1
7173	4799	1
7174	4800	0
7175	4800	1
7176	4802	1
7177	4803	1
7178	4804	0
7179	4805	0
7180	4805	1
7181	4806	1
7182	4807	0
7183	4808	0
7184	4808	1
7185	4809	1
7186	4810	0
7187	4810	1
7188	4811	0
7189	4812	1
7190	4813	1
7191	4814	1
7192	4815	1
7193	4816	0
7194	4816	1
7195	4817	0
7196	4818	0
7197	4821	0
7198	4821	1
7199	4822	1
7200	4823	0
7201	4823	1
7202	4824	0
7203	4824	1
7204	4825	0
7205	4826	0
7206	4826	1
7207	4828	0
7208	4828	1
7209	4830	0
7210	4830	1
7211	4831	0
7212	4831	1
7213	4832	1
7214	4833	0
7215	4834	0
7216	4834	1
7217	4836	1
7218	4837	0
7219	4837	1
7220	4838	1
7221	4839	1
7222	4840	0
7223	4841	1
7224	4843	0
7225	4843	1
7226	4844	0
7227	4844	1
7228	4846	1
7229	4847	0
7230	4847	1
7231	4849	0
7232	4850	1
7233	4852	1
7234	4853	1
7235	4854	0
7236	4854	1
7237	4855	0
7238	4856	0
7239	4857	0
7240	4858	1
7241	4859	0
7242	4860	1
7243	4863	0
7244	4863	1
7245	4864	0
7246	4865	1
7247	4866	0
7248	4866	1
7249	4867	0
7250	4867	1
7251	4868	0
7252	4868	1
7253	4869	0
7254	4869	1
7255	4870	0
7256	4871	0
7257	4871	1
7258	4872	1
7259	4873	1
7260	4874	0
7261	4874	1
7262	4875	0
7263	4876	0
7264	4877	0
7265	4878	1
7266	4879	1
7267	4881	1
7268	4884	1
7269	4885	0
7270	4885	1
7271	4887	0
7272	4887	1
7273	4888	1
7274	4891	0
7275	4892	1
7276	4893	1
7277	4894	0
7278	4896	0
7279	4897	0
7280	4898	0
7281	4899	1
7282	4900	1
7283	4902	0
7284	4902	1
7285	4904	1
7286	4905	1
7287	4906	0
7288	4907	0
7289	4910	1
7290	4912	0
7291	4912	1
7292	4913	1
7293	4914	1
7294	4915	1
7295	4916	0
7296	4917	1
7297	4919	0
7298	4920	1
7299	4921	1
7300	4922	1
7301	4923	0
7302	4923	1
7303	4924	0
7304	4924	1
7305	4925	0
7306	4927	0
7307	4929	1
7308	4930	0
7309	4930	1
7310	4931	0
7311	4931	1
7312	4932	0
7313	4932	1
7314	4933	1
7315	4934	0
7316	4934	1
7317	4936	0
7318	4937	1
7319	4938	0
7320	4939	1
7321	4940	1
7322	4941	0
7323	4941	1
7324	4942	0
7325	4942	1
7326	4943	0
7327	4944	0
7328	4944	1
7329	4946	0
7330	4946	1
7331	4947	0
7332	4947	1
7333	4948	1
7334	4949	0
7335	4949	1
7336	4950	0
7337	4950	1
7338	4951	1
7339	4953	0
7340	4953	1
7341	4956	0
7342	4956	1
7343	4957	1
7344	4958	0
7345	4958	1
7346	4959	0
7347	4959	1
7348	4960	1
7349	4961	0
7350	4961	1
7351	4962	1
7352	4963	0
7353	4964	0
7354	4964	1
7355	4965	0
7356	4966	0
7357	4967	0
7358	4967	1
7359	4968	1
7360	4969	0
7361	4969	1
7362	4970	0
7363	4970	1
7364	4971	0
7365	4971	1
7366	4972	0
7367	4974	0
7368	4975	1
7369	4976	0
7370	4976	1
7371	4978	0
7372	4979	1
7373	4981	0
7374	4982	1
7375	4983	0
7376	4984	0
7377	4985	1
7378	4986	0
7379	4986	1
7380	4987	0
7381	4987	1
7382	4988	0
7383	4993	1
7384	4994	0
7385	4994	1
7386	4995	0
7387	4996	0
7388	4996	1
7389	4997	0
7390	4998	0
7391	4998	1
7392	4999	1
7393	5000	1
7394	5001	1
7395	5002	0
7396	5002	1
7397	5003	1
7398	5004	0
7399	5004	1
7400	5005	1
7401	5006	0
7402	5008	1
7403	5009	0
7404	5010	0
7405	5010	1
7406	5011	1
7407	5012	0
7408	5013	0
7409	5013	1
7410	5014	0
7411	5014	1
7412	5015	0
7413	5016	0
7414	5016	1
7415	5018	0
7416	5019	0
7417	5020	0
7418	5020	1
7419	5022	0
7420	5022	1
7421	5024	0
7422	5024	1
7423	5025	1
7424	5026	0
7425	5027	0
7426	5027	1
7427	5028	0
7428	5028	1
7429	5030	0
7430	5030	1
7431	5031	0
7432	5032	1
7433	5033	1
7434	5034	0
7435	5034	1
7436	5035	0
7437	5036	0
7438	5036	1
7439	5037	1
7440	5038	0
7441	5038	1
7442	5039	1
7443	5041	1
7444	5042	0
7445	5043	0
7446	5043	1
7447	5044	1
7448	5045	0
7449	5046	0
7450	5046	1
7451	5047	0
7452	5047	1
7453	5049	0
7454	5049	1
7455	5050	0
7456	5050	1
7457	5051	1
7458	5052	0
7459	5052	1
7460	5053	1
7461	5054	0
7462	5054	1
7463	5056	1
7464	5057	0
7465	5057	1
7466	5059	0
7467	5060	0
7468	5061	0
7469	5061	1
7470	5063	0
7471	5064	0
7472	5065	0
7473	5065	1
7474	5066	1
7475	5068	0
7476	5069	1
7477	5070	0
7478	5070	1
7479	5072	0
7480	5072	1
7481	5073	0
7482	5076	1
7483	5077	1
7484	5078	0
7485	5078	1
7486	5079	0
7487	5080	0
7488	5080	1
7489	5081	1
7490	5082	0
7491	5084	0
7492	5085	0
7493	5086	0
7494	5086	1
7495	5087	0
7496	5087	1
7497	5088	1
7498	5089	0
7499	5089	1
7500	5090	0
7501	5090	1
7502	5092	0
7503	5092	1
7504	5093	0
7505	5094	0
7506	5094	1
7507	5096	0
7508	5096	1
7509	5097	1
7510	5098	0
7511	5098	1
7512	5099	0
7513	5099	1
7514	5100	0
7515	5101	1
7516	5102	0
7517	5102	1
7518	5103	1
7519	5104	1
7520	5105	1
7521	5106	1
7522	5107	0
7523	5107	1
7524	5108	0
7525	5108	1
7526	5109	1
7527	5110	0
7528	5110	1
7529	5111	1
7530	5112	0
7531	5112	1
7532	5113	1
7533	5114	0
7534	5114	1
7535	5115	0
7536	5117	0
7537	5118	0
7538	5118	1
7539	5119	0
7540	5120	0
7541	5120	1
7542	5121	1
7543	5122	0
7544	5122	1
7545	5123	1
7546	5124	0
7547	5124	1
7548	5126	0
7549	5126	1
7550	5127	0
7551	5127	1
7552	5128	1
7553	5129	1
7554	5130	0
7555	5130	1
7556	5131	0
7557	5131	1
7558	5132	0
7559	5132	1
7560	5133	1
7561	5134	1
7562	5135	1
7563	5136	0
7564	5137	0
7565	5138	0
7566	5138	1
7567	5139	0
7568	5139	1
7569	5140	0
7570	5144	1
7571	5146	1
7572	5147	0
7573	5147	1
7574	5148	1
7575	5149	0
7576	5149	1
7577	5150	0
7578	5150	1
7579	5151	1
7580	5153	0
7581	5154	0
7582	5154	1
7583	5155	1
7584	5156	0
7585	5156	1
7586	5158	1
7587	5160	1
7588	5161	0
7589	5161	1
7590	5163	0
7591	5164	0
7592	5165	1
7593	5166	0
7594	5167	0
7595	5167	1
7596	5168	0
7597	5169	0
7598	5169	1
7599	5170	0
7600	5170	1
7601	5171	0
7602	5171	1
7603	5172	1
7604	5173	0
7605	5173	1
7606	5174	0
7607	5174	1
7608	5175	0
7609	5175	1
7610	5176	1
7611	5177	1
7612	5178	0
7613	5178	1
7614	5179	0
7615	5180	0
7616	5182	0
7617	5184	0
7618	5185	0
7619	5185	1
7620	5186	0
7621	5186	1
7622	5187	0
7623	5187	1
7624	5191	1
7625	5192	1
7626	5193	0
7627	5193	1
7628	5194	1
7629	5195	1
7630	5196	0
7631	5196	1
7632	5198	0
7633	5198	1
7634	5199	0
7635	5199	1
7636	5200	0
7637	5202	0
7638	5202	1
7639	5203	0
7640	5203	1
7641	5204	0
7642	5204	1
7643	5205	1
7644	5206	0
7645	5206	1
7646	5207	0
7647	5207	1
7648	5208	0
7649	5208	1
7650	5209	0
7651	5209	1
7652	5210	0
7653	5210	1
7654	5211	0
7655	5212	0
7656	5214	0
7657	5215	1
7658	5216	1
7659	5217	0
7660	5218	0
7661	5218	1
7662	5219	1
7663	5220	0
7664	5220	1
7665	5221	0
7666	5221	1
7667	5222	0
7668	5222	1
7669	5223	0
7670	5223	1
7671	5224	0
7672	5225	0
7673	5227	1
7674	5228	0
7675	5228	1
7676	5229	0
7677	5230	0
7678	5231	1
7679	5232	0
7680	5233	0
7681	5234	0
7682	5234	1
7683	5235	1
7684	5236	1
7685	5237	0
7686	5237	1
7687	5238	0
7688	5239	0
7689	5239	1
7690	5241	0
7691	5242	0
7692	5243	0
7693	5243	1
7694	5246	1
7695	5248	0
7696	5249	0
7697	5249	1
7698	5250	0
7699	5250	1
7700	5251	0
7701	5251	1
7702	5252	0
7703	5253	0
7704	5254	0
7705	5254	1
7706	5255	1
7707	5256	0
7708	5256	1
7709	5258	0
7710	5258	1
7711	5259	0
7712	5259	1
7713	5260	0
7714	5261	0
7715	5261	1
7716	5263	0
7717	5264	1
7718	5267	0
7719	5267	1
7720	5268	0
7721	5268	1
7722	5270	1
7723	5272	1
7724	5273	0
7725	5273	1
7726	5274	0
7727	5274	1
7728	5275	1
7729	5276	1
7730	5277	1
7731	5278	0
7732	5278	1
7733	5279	1
7734	5280	1
7735	5281	1
7736	5282	0
7737	5283	0
7738	5283	1
7739	5284	1
7740	5286	1
7741	5287	1
7742	5288	1
7743	5289	0
7744	5289	1
7745	5290	1
7746	5291	0
7747	5291	1
7748	5292	0
7749	5293	0
7750	5293	1
7751	5294	1
7752	5295	0
7753	5295	1
7754	5296	0
7755	5298	0
7756	5298	1
7757	5300	0
7758	5300	1
7759	5301	0
7760	5301	1
7761	5303	0
7762	5303	1
7763	5304	1
7764	5306	1
7765	5307	0
7766	5308	1
7767	5309	1
7768	5310	0
7769	5310	1
7770	5312	0
7771	5312	1
7772	5314	0
7773	5315	1
7774	5317	0
7775	5318	0
7776	5320	0
7777	5320	1
7778	5321	0
7779	5324	0
7780	5324	1
7781	5326	1
7782	5327	1
7783	5328	0
7784	5328	1
7785	5330	0
7786	5330	1
7787	5332	0
7788	5332	1
7789	5333	0
7790	5333	1
7791	5334	0
7792	5334	1
7793	5335	0
7794	5336	0
7795	5336	1
7796	5337	0
7797	5338	1
7798	5339	1
7799	5340	1
7800	5341	0
7801	5342	1
7802	5344	0
7803	5344	1
7804	5345	0
7805	5345	1
7806	5346	0
7807	5347	0
7808	5347	1
7809	5349	1
7810	5351	0
7811	5352	0
7812	5353	0
7813	5353	1
7814	5354	0
7815	5355	0
7816	5355	1
7817	5358	0
7818	5358	1
7819	5359	1
7820	5360	0
7821	5361	0
7822	5364	1
7823	5365	0
7824	5365	1
7825	5366	0
7826	5366	1
7827	5367	0
7828	5367	1
7829	5368	0
7830	5368	1
7831	5369	1
7832	5370	0
7833	5371	0
7834	5371	1
7835	5372	0
7836	5373	1
7837	5374	0
7838	5374	1
7839	5375	0
7840	5375	1
7841	5376	1
7842	5377	0
7843	5377	1
7844	5378	0
7845	5379	0
7846	5379	1
7847	5380	0
7848	5381	0
7849	5381	1
7850	5382	1
7851	5383	1
7852	5384	0
7853	5384	1
7854	5385	0
7855	5385	1
7856	5386	0
7857	5386	1
7858	5387	0
7859	5387	1
7860	5388	0
7861	5388	1
7862	5391	0
7863	5391	1
7864	5392	1
7865	5393	1
7866	5394	0
7867	5394	1
7868	5395	0
7869	5395	1
7870	5396	1
7871	5397	0
7872	5397	1
7873	5398	1
7874	5399	0
7875	5399	1
7876	5400	1
7877	5401	1
7878	5402	0
7879	5402	1
7880	5403	0
7881	5403	1
7882	5405	0
7883	5405	1
7884	5406	1
7885	5407	1
7886	5408	0
7887	5409	1
7888	5410	0
7889	5410	1
7890	5411	0
7891	5412	0
7892	5412	1
7893	5413	1
7894	5414	1
7895	5415	0
7896	5415	1
7897	5416	0
7898	5416	1
7899	5417	1
7900	5418	0
7901	5418	1
7902	5419	1
7903	5420	1
7904	5421	0
7905	5422	0
7906	5424	0
7907	5425	1
7908	5426	1
7909	5427	0
7910	5428	0
7911	5428	1
7912	5430	0
7913	5431	1
7914	5432	1
7915	5433	1
7916	5434	0
7917	5434	1
7918	5435	0
7919	5435	1
7920	5437	0
7921	5438	1
7922	5440	0
7923	5440	1
7924	5442	0
7925	5442	1
7926	5444	0
7927	5445	0
7928	5448	0
7929	5448	1
7930	5450	0
7931	5451	0
7932	5451	1
7933	5452	0
7934	5452	1
7935	5453	0
7936	5453	1
7937	5454	0
7938	5454	1
7939	5455	1
7940	5456	1
7941	5457	0
7942	5457	1
7943	5458	1
7944	5459	0
7945	5459	1
7946	5460	0
7947	5460	1
7948	5461	0
7949	5461	1
7950	5462	0
7951	5462	1
7952	5463	0
7953	5463	1
7954	5464	1
7955	5465	1
7956	5466	0
7957	5467	0
7958	5467	1
7959	5468	0
7960	5468	1
7961	5469	0
7962	5469	1
7963	5470	1
7964	5472	1
7965	5473	1
7966	5474	0
7967	5475	0
7968	5476	0
7969	5476	1
7970	5477	0
7971	5477	1
7972	5478	0
7973	5478	1
7974	5479	0
7975	5479	1
7976	5480	0
7977	5480	1
7978	5482	0
7979	5482	1
7980	5483	0
7981	5483	1
7982	5484	1
7983	5485	0
7984	5487	0
7985	5489	0
7986	5489	1
7987	5490	1
7988	5491	1
7989	5492	0
7990	5492	1
7991	5494	0
7992	5494	1
7993	5496	1
7994	5497	0
7995	5497	1
7996	5498	1
7997	5499	0
7998	5499	1
7999	5500	0
8000	5500	1
8001	5501	0
8002	5501	1
8003	5502	0
8004	5503	0
8005	5504	0
8006	5507	0
8007	5507	1
8008	5508	0
8009	5508	1
8010	5509	0
8011	5510	0
8012	5510	1
8013	5511	0
8014	5511	1
8015	5512	1
8016	5513	0
8017	5513	1
8018	5514	0
8019	5514	1
8020	5515	1
8021	5517	1
8022	5518	0
8023	5519	1
8024	5520	0
8025	5520	1
8026	5521	0
8027	5521	1
8028	5522	1
8029	5523	0
8030	5526	1
8031	5529	1
8032	5530	1
8033	5531	1
8034	5532	0
8035	5532	1
8036	5533	0
8037	5534	0
8038	5534	1
8039	5539	0
8040	5540	0
8041	5540	1
8042	5541	0
8043	5541	1
8044	5542	0
8045	5543	0
8046	5544	0
8047	5544	1
8048	5545	0
8049	5545	1
8050	5546	0
8051	5546	1
8052	5547	0
8053	5547	1
8054	5548	1
8055	5549	0
8056	5549	1
8057	5550	1
8058	5551	1
8059	5552	0
8060	5552	1
8061	5553	0
8062	5553	1
8063	5554	1
8064	5555	0
8065	5556	0
8066	5556	1
8067	5557	0
8068	5558	0
8069	5559	1
8070	5560	0
8071	5560	1
8072	5561	0
8073	5561	1
8074	5562	0
8075	5562	1
8076	5563	0
8077	5564	1
8078	5565	1
8079	5566	1
8080	5567	1
8081	5569	0
8082	5571	0
8083	5572	1
8084	5573	1
8085	5575	1
8086	5577	0
8087	5579	0
8088	5579	1
8089	5580	1
8090	5581	0
8091	5581	1
8092	5582	1
8093	5585	1
8094	5587	0
8095	5587	1
8096	5588	0
8097	5588	1
8098	5589	0
8099	5589	1
8100	5592	0
8101	5593	1
8102	5594	0
8103	5594	1
8104	5595	0
8105	5595	1
8106	5597	0
8107	5597	1
8108	5598	0
8109	5599	0
8110	5599	1
8111	5600	1
8112	5601	1
8113	5603	1
8114	5604	1
8115	5605	0
8116	5605	1
8117	5606	1
8118	5607	0
8119	5607	1
8120	5609	1
8121	5610	0
8122	5610	1
8123	5613	0
8124	5613	1
8125	5615	0
8126	5615	1
8127	5616	0
8128	5616	1
8129	5617	0
8130	5617	1
8131	5618	1
8132	5620	0
8133	5621	0
8134	5622	1
8135	5623	1
8136	5624	1
8137	5625	1
8138	5626	0
8139	5626	1
8140	5627	1
8141	5629	0
8142	5629	1
8143	5630	0
8144	5630	1
8145	5631	1
8146	5632	1
8147	5633	0
8148	5633	1
8149	5634	0
8150	5634	1
8151	5635	0
8152	5636	0
8153	5637	0
8154	5640	0
8155	5640	1
8156	5641	0
8157	5641	1
8158	5642	0
8159	5642	1
8160	5643	0
8161	5643	1
8162	5644	0
8163	5644	1
8164	5646	0
8165	5647	1
8166	5648	0
8167	5648	1
8168	5649	0
8169	5649	1
8170	5650	1
8171	5651	1
8172	5652	1
8173	5653	1
8174	5654	1
8175	5655	0
8176	5655	1
8177	5656	0
8178	5657	0
8179	5657	1
8180	5658	1
8181	5659	0
8182	5660	0
8183	5661	0
8184	5661	1
8185	5662	1
8186	5663	0
8187	5663	1
8188	5666	1
8189	5667	0
8190	5667	1
8191	5669	0
8192	5669	1
8193	5670	1
8194	5671	1
8195	5672	0
8196	5672	1
8197	5675	0
8198	5676	0
8199	5676	1
8200	5677	0
8201	5678	0
8202	5679	0
8203	5679	1
8204	5680	0
8205	5680	1
8206	5682	1
8207	5683	1
8208	5684	1
8209	5685	0
8210	5686	0
8211	5686	1
8212	5687	0
8213	5687	1
8214	5689	1
8215	5690	0
8216	5690	1
8217	5691	0
8218	5691	1
8219	5695	1
8220	5696	0
8221	5697	0
8222	5697	1
8223	5698	1
8224	5699	0
8225	5699	1
8226	5700	0
8227	5700	1
8228	5703	0
8229	5703	1
8230	5704	0
8231	5704	1
8232	5705	0
8233	5707	0
8234	5707	1
8235	5708	1
8236	5709	0
8237	5709	1
8238	5712	1
8239	5713	0
8240	5713	1
8241	5716	1
8242	5717	0
8243	5722	0
8244	5723	0
8245	5723	1
8246	5724	0
8247	5724	1
8248	5725	0
8249	5726	0
8250	5726	1
8251	5727	0
8252	5729	1
8253	5730	1
8254	5731	1
8255	5732	1
8256	5733	1
8257	5734	0
8258	5736	1
8259	5737	0
8260	5738	0
8261	5739	1
8262	5741	0
8263	5742	0
8264	5743	0
8265	5745	0
8266	5746	1
8267	5747	1
8268	5748	0
8269	5749	1
8270	5750	0
8271	5751	0
8272	5751	1
8273	5752	0
8274	5752	1
8275	5753	0
8276	5753	1
8277	5754	0
8278	5755	0
8279	5755	1
8280	5757	0
8281	5757	1
8282	5758	0
8283	5758	1
8284	5759	1
8285	5760	1
8286	5761	0
8287	5761	1
8288	5762	1
8289	5763	0
8290	5764	0
8291	5764	1
8292	5765	0
8293	5765	1
8294	5766	0
8295	5767	1
8296	5768	0
8297	5768	1
8298	5769	1
8299	5770	0
8300	5770	1
8301	5772	1
8302	5773	1
8303	5774	1
8304	5776	0
8305	5776	1
8306	5777	1
8307	5778	0
8308	5778	1
8309	5779	1
8310	5780	0
8311	5780	1
8312	5781	0
8313	5781	1
8314	5782	0
8315	5782	1
8316	5784	0
8317	5784	1
8318	5785	0
8319	5787	1
8320	5788	1
8321	5789	1
8322	5790	0
8323	5790	1
8324	5791	0
8325	5792	1
8326	5793	0
8327	5794	0
8328	5795	1
8329	5796	1
8330	5797	0
8331	5797	1
8332	5800	0
8333	5800	1
8334	5801	1
8335	5802	0
8336	5802	1
8337	5803	0
8338	5803	1
8339	5807	0
8340	5807	1
8341	5808	1
8342	5810	0
8343	5810	1
8344	5811	0
8345	5811	1
8346	5814	1
8347	5815	0
8348	5816	0
8349	5816	1
8350	5817	0
8351	5818	0
8352	5818	1
8353	5820	0
8354	5820	1
8355	5821	0
8356	5823	0
8357	5824	0
8358	5824	1
8359	5826	0
8360	5826	1
8361	5827	0
8362	5827	1
8363	5828	1
8364	5829	0
8365	5829	1
8366	5830	1
8367	5831	1
8368	5832	0
8369	5832	1
8370	5834	0
8371	5834	1
8372	5835	1
8373	5837	1
8374	5838	0
8375	5839	0
8376	5840	0
8377	5841	0
8378	5841	1
8379	5842	0
8380	5843	0
8381	5843	1
8382	5844	0
8383	5844	1
8384	5845	0
8385	5846	1
8386	5847	0
8387	5847	1
8388	5848	0
8389	5848	1
8390	5850	1
8391	5851	0
8392	5851	1
8393	5852	1
8394	5853	0
8395	5853	1
8396	5854	1
8397	5855	0
8398	5857	0
8399	5857	1
8400	5858	0
8401	5858	1
8402	5859	1
8403	5860	0
8404	5861	0
8405	5861	1
8406	5863	1
8407	5865	1
8408	5866	0
8409	5866	1
8410	5867	1
8411	5868	0
8412	5869	0
8413	5870	0
8414	5870	1
8415	5871	0
8416	5871	1
8417	5872	0
8418	5873	0
8419	5873	1
8420	5876	0
8421	5876	1
8422	5878	1
8423	5879	0
8424	5879	1
8425	5880	0
8426	5880	1
8427	5882	0
8428	5883	0
8429	5883	1
8430	5885	0
8431	5885	1
8432	5886	0
8433	5886	1
8434	5887	0
8435	5887	1
8436	5888	0
8437	5888	1
8438	5890	0
8439	5892	0
8440	5892	1
8441	5894	0
8442	5896	1
8443	5897	1
8444	5898	1
8445	5899	0
8446	5899	1
8447	5900	0
8448	5900	1
8449	5901	1
8450	5902	0
8451	5903	1
8452	5904	1
8453	5905	0
8454	5905	1
8455	5906	0
8456	5908	1
8457	5909	1
8458	5910	0
8459	5911	0
8460	5912	0
8461	5912	1
8462	5913	0
8463	5914	1
8464	5915	1
8465	5916	0
8466	5916	1
8467	5917	1
8468	5918	0
8469	5918	1
8470	5919	0
8471	5920	0
8472	5920	1
8473	5921	0
8474	5921	1
8475	5922	0
8476	5922	1
8477	5923	1
8478	5924	1
8479	5925	0
8480	5926	0
8481	5926	1
8482	5927	1
8483	5928	0
8484	5928	1
8485	5929	0
8486	5929	1
8487	5930	0
8488	5930	1
8489	5931	0
8490	5932	1
8491	5935	0
8492	5935	1
8493	5936	0
8494	5938	0
8495	5939	0
8496	5941	1
8497	5942	1
8498	5943	1
8499	5945	1
8500	5946	1
8501	5947	0
8502	5947	1
8503	5948	0
8504	5949	0
8505	5949	1
8506	5950	0
8507	5950	1
8508	5952	0
8509	5952	1
8510	5954	1
8511	5955	1
8512	5956	0
8513	5956	1
8514	5957	0
8515	5957	1
8516	5958	1
8517	5959	0
8518	5959	1
8519	5960	0
8520	5960	1
8521	5961	0
8522	5961	1
8523	5964	1
8524	5965	0
8525	5965	1
8526	5966	0
8527	5967	0
8528	5968	0
8529	5968	1
8530	5969	1
8531	5970	1
8532	5971	0
8533	5972	0
8534	5973	0
8535	5974	0
8536	5974	1
8537	5977	0
8538	5977	1
8539	5978	0
8540	5980	0
8541	5981	0
8542	5981	1
8543	5983	0
8544	5983	1
8545	5985	1
8546	5986	0
8547	5987	1
8548	5988	1
8549	5989	0
8550	5990	0
8551	5990	1
8552	5991	0
8553	5991	1
8554	5993	1
8555	5996	1
8556	5997	0
8557	5997	1
8558	5999	0
8559	6000	0
8560	6000	1
8561	6004	0
8562	6004	1
8563	6005	0
8564	6005	1
8565	6008	0
8566	6008	1
8567	6009	0
8568	6010	0
8569	6010	1
8570	6011	0
8571	6011	1
8572	6014	0
8573	6014	1
8574	6015	0
8575	6016	0
8576	6016	1
8577	6017	0
8578	6017	1
8579	6018	0
8580	6020	0
8581	6020	1
8582	6021	1
8583	6022	0
8584	6022	1
8585	6024	0
8586	6024	1
8587	6025	0
8588	6025	1
8589	6027	0
8590	6030	0
8591	6030	1
8592	6031	1
8593	6032	0
8594	6032	1
8595	6033	0
8596	6034	0
8597	6035	0
8598	6035	1
8599	6036	0
8600	6036	1
8601	6037	1
8602	6038	0
8603	6038	1
8604	6040	1
8605	6041	0
8606	6041	1
8607	6043	0
8608	6044	1
8609	6045	1
8610	6046	0
8611	6046	1
8612	6047	1
8613	6048	1
8614	6049	0
8615	6050	0
8616	6050	1
8617	6052	1
8618	6053	0
8619	6054	0
8620	6054	1
8621	6055	1
8622	6056	0
8623	6057	0
8624	6057	1
8625	6058	0
8626	6058	1
8627	6060	0
8628	6060	1
8629	6061	0
8630	6061	1
8631	6062	0
8632	6062	1
8633	6063	1
8634	6064	0
8635	6065	1
8636	6066	0
8637	6066	1
8638	6067	0
8639	6067	1
8640	6071	0
8641	6072	1
8642	6073	1
8643	6074	0
8644	6074	1
8645	6075	0
8646	6076	0
8647	6081	0
8648	6082	0
8649	6083	1
8650	6085	0
8651	6085	1
8652	6087	0
8653	6087	1
8654	6088	0
8655	6090	0
8656	6091	1
8657	6092	1
8658	6093	0
8659	6096	0
8660	6098	0
8661	6099	1
8662	6100	0
8663	6100	1
8664	6101	1
8665	6103	0
8666	6103	1
8667	6104	0
8668	6105	1
8669	6106	0
8670	6106	1
8671	6107	0
8672	6107	1
8673	6108	0
8674	6109	0
8675	6109	1
8676	6110	1
8677	6112	0
8678	6113	0
8679	6113	1
8680	6115	0
8681	6115	1
8682	6116	1
8683	6118	1
8684	6120	0
8685	6122	0
8686	6122	1
8687	6123	0
8688	6123	1
8689	6124	1
8690	6125	0
8691	6125	1
8692	6126	1
8693	6127	0
8694	6131	0
8695	6133	0
8696	6133	1
8697	6134	1
8698	6135	0
8699	6135	1
8700	6137	0
8701	6138	0
8702	6139	0
8703	6140	0
8704	6141	0
8705	6145	0
8706	6145	1
8707	6146	0
8708	6149	0
8709	6149	1
8710	6151	0
8711	6151	1
8712	6154	1
8713	6155	0
8714	6155	1
8715	6156	0
8716	6156	1
8717	6157	1
8718	6158	0
8719	6158	1
8720	6159	0
8721	6159	1
8722	6160	0
8723	6160	1
8724	6161	0
8725	6161	1
8726	6162	1
8727	6163	0
8728	6164	1
8729	6165	0
8730	6168	1
8731	6169	0
8732	6171	0
8733	6171	1
8734	6172	1
8735	6173	0
8736	6174	1
8737	6175	1
8738	6176	1
8739	6177	1
8740	6178	0
8741	6178	1
8742	6179	0
8743	6180	0
8744	6181	0
8745	6181	1
8746	6182	1
8747	6183	0
8748	6183	1
8749	6185	1
8750	6186	1
8751	6187	0
8752	6188	0
8753	6190	1
8754	6191	1
8755	6192	0
8756	6193	1
8757	6194	0
8758	6194	1
8759	6196	0
8760	6196	1
8761	6197	0
8762	6197	1
8763	6198	0
8764	6199	0
8765	6199	1
8766	6200	1
8767	6202	0
8768	6202	1
8769	6203	0
8770	6203	1
8771	6205	1
8772	6206	1
8773	6207	0
8774	6208	1
8775	6209	1
8776	6210	0
8777	6212	0
8778	6212	1
8779	6213	0
8780	6214	0
8781	6215	0
8782	6216	1
8783	6217	1
8784	6218	1
8785	6220	0
8786	6220	1
8787	6222	0
8788	6223	0
8789	6223	1
8790	6224	1
8791	6225	0
8792	6225	1
8793	6227	0
8794	6227	1
8795	6228	0
8796	6229	0
8797	6230	1
8798	6233	0
8799	6234	0
8800	6235	0
8801	6235	1
8802	6236	0
8803	6236	1
8804	6238	0
8805	6238	1
8806	6240	0
8807	6241	1
8808	6242	0
8809	6242	1
8810	6243	0
8811	6245	0
8812	6246	0
8813	6246	1
8814	6247	0
8815	6248	1
8816	6249	0
8817	6252	0
8818	6252	1
8819	6254	1
8820	6255	1
8821	6258	1
8822	6259	0
8823	6259	1
8824	6260	0
8825	6261	0
8826	6262	0
8827	6263	0
8828	6264	0
8829	6264	1
8830	6266	0
8831	6267	1
8832	6268	1
8833	6270	0
8834	6270	1
8835	6271	0
8836	6271	1
8837	6272	0
8838	6272	1
8839	6273	0
8840	6273	1
8841	6277	1
8842	6278	1
8843	6279	1
8844	6280	1
8845	6281	0
8846	6281	1
8847	6283	0
8848	6283	1
8849	6284	0
8850	6285	0
8851	6285	1
8852	6286	1
8853	6287	0
8854	6287	1
8855	6290	1
8856	6291	0
8857	6295	1
8858	6296	0
8859	6296	1
8860	6297	0
8861	6298	1
8862	6299	1
8863	6301	1
8864	6302	1
8865	6303	0
8866	6304	0
8867	6307	1
8868	6308	0
8869	6308	1
8870	6309	0
8871	6309	1
8872	6310	0
8873	6311	0
8874	6313	0
8875	6313	1
8876	6315	0
8877	6315	1
8878	6316	0
8879	6316	1
8880	6317	1
8881	6318	0
8882	6319	0
8883	6321	1
8884	6322	0
8885	6324	1
8886	6325	0
8887	6328	0
8888	6329	0
8889	6331	1
8890	6332	0
8891	6332	1
8892	6334	0
8893	6334	1
8894	6335	0
8895	6336	0
8896	6340	0
8897	6340	1
8898	6341	0
8899	6343	1
8900	6344	0
8901	6345	0
8902	6345	1
8903	6346	0
8904	6346	1
8905	6347	0
8906	6348	0
8907	6349	1
8908	6350	1
8909	6351	0
8910	6351	1
8911	6353	0
8912	6354	1
8913	6355	1
8914	6357	1
8915	6360	1
8916	6361	0
8917	6361	1
8918	6363	0
8919	6363	1
8920	6364	1
8921	6367	0
8922	6368	1
8923	6370	0
8924	6371	0
8925	6372	0
8926	6373	1
8927	6376	1
8928	6377	1
8929	6378	0
8930	6379	0
8931	6382	1
8932	6384	0
8933	6384	1
8934	6385	1
8935	6386	1
8936	6387	1
8937	6388	0
8938	6389	1
8939	6391	0
8940	6392	1
8941	6393	1
8942	6394	1
8943	6395	0
8944	6396	0
8945	6396	1
8946	6397	0
8947	6399	0
8948	6399	1
8949	6401	0
8950	6401	1
8951	6402	1
8952	6403	0
8953	6403	1
8954	6405	1
8955	6406	1
8956	6407	0
8957	6408	0
8958	6409	0
8959	6411	0
8960	6411	1
8961	6412	0
8962	6412	1
8963	6413	1
8964	6414	0
8965	6414	1
8966	6415	0
8967	6415	1
8968	6416	1
8969	6418	1
8970	6421	0
8971	6421	1
8972	6422	1
8973	6423	0
8974	6423	1
8975	6424	1
8976	6425	0
8977	6425	1
8978	6426	1
8979	6427	0
8980	6428	0
8981	6428	1
8982	6429	0
8983	6430	0
8984	6431	0
8985	6431	1
8986	6432	1
8987	6433	0
8988	6433	1
8989	6434	1
8990	6435	0
8991	6435	1
8992	6438	0
8993	6439	1
8994	6440	0
8995	6440	1
8996	6442	0
8997	6443	1
8998	6446	1
8999	6447	0
9000	6449	1
9001	6450	0
9002	6450	1
9003	6451	0
9004	6451	1
9005	6452	0
9006	6456	0
9007	6456	1
9008	6458	1
9009	6459	1
9010	6460	1
9011	6461	0
9012	6461	1
9013	6462	1
9014	6463	0
9015	6464	1
9016	6465	0
9017	6466	0
9018	6466	1
9019	6468	0
9020	6469	0
9021	6469	1
9022	6470	0
9023	6470	1
9024	6471	0
9025	6471	1
9026	6473	0
9027	6474	0
9028	6476	0
9029	6478	0
9030	6478	1
9031	6479	1
9032	6480	0
9033	6480	1
9034	6481	0
9035	6482	0
9036	6483	0
9037	6484	0
9038	6486	0
9039	6486	1
9040	6487	0
9041	6488	0
9042	6488	1
9043	6489	1
9044	6490	0
9045	6490	1
9046	6492	1
9047	6493	1
9048	6494	0
9049	6494	1
9050	6495	0
9051	6495	1
9052	6496	0
9053	6496	1
9054	6497	0
9055	6497	1
9056	6498	0
9057	6499	0
9058	6500	0
9059	6500	1
9060	6501	0
9061	6502	0
9062	6502	1
9063	6504	0
9064	6504	1
9065	6506	1
9066	6508	0
9067	6509	0
9068	6510	1
9069	6511	0
9070	6511	1
9071	6513	0
9072	6515	1
9073	6516	0
9074	6516	1
9075	6517	0
9076	6518	0
9077	6519	0
9078	6519	1
9079	6520	0
9080	6522	1
9081	6523	0
9082	6523	1
9083	6524	0
9084	6526	0
9085	6526	1
9086	6527	1
9087	6528	0
9088	6529	1
9089	6530	0
9090	6530	1
9091	6531	0
9092	6533	0
9093	6534	0
9094	6534	1
9095	6535	0
9096	6535	1
9097	6536	0
9098	6536	1
9099	6538	0
9100	6538	1
9101	6539	0
9102	6540	0
9103	6540	1
9104	6542	1
9105	6544	0
9106	6544	1
9107	6545	0
9108	6546	0
9109	6546	1
9110	6547	1
9111	6548	1
9112	6549	0
9113	6549	1
9114	6551	0
9115	6551	1
9116	6552	0
9117	6554	0
9118	6554	1
9119	6555	1
9120	6558	0
9121	6558	1
9122	6559	1
9123	6560	0
9124	6561	0
9125	6561	1
9126	6562	0
9127	6563	0
9128	6563	1
9129	6564	0
9130	6565	1
9131	6567	0
9132	6567	1
9133	6568	0
9134	6568	1
9135	6569	1
9136	6570	1
9137	6571	0
9138	6571	1
9139	6572	0
9140	6574	0
9141	6574	1
9142	6575	0
9143	6576	1
9144	6578	0
9145	6581	1
9146	6582	0
9147	6583	0
9148	6583	1
9149	6584	1
9150	6586	0
9151	6587	0
9152	6587	1
9153	6588	1
9154	6589	1
9155	6592	1
9156	6593	0
9157	6594	0
9158	6595	0
9159	6596	1
9160	6598	0
9161	6598	1
9162	6599	0
9163	6600	0
9164	6601	0
9165	6602	0
9166	6605	0
9167	6605	1
9168	6606	0
9169	6606	1
9170	6607	1
9171	6608	0
9172	6608	1
9173	6609	1
9174	6610	0
9175	6614	0
9176	6615	1
9177	6616	1
9178	6617	0
9179	6617	1
9180	6619	1
9181	6620	1
9182	6621	0
9183	6624	1
9184	6625	0
9185	6626	0
9186	6627	1
9187	6628	0
9188	6628	1
9189	6629	0
9190	6629	1
9191	6631	0
9192	6631	1
9193	6632	0
9194	6632	1
9195	6633	1
9196	6634	0
9197	6635	1
9198	6637	0
9199	6638	0
9200	6640	0
9201	6640	1
9202	6641	0
9203	6641	1
9204	6642	0
9205	6644	0
9206	6645	1
9207	6647	0
9208	6648	0
9209	6648	1
9210	6649	1
9211	6651	0
9212	6652	0
9213	6652	1
9214	6653	1
9215	6654	1
9216	6655	0
9217	6655	1
9218	6656	0
9219	6656	1
9220	6658	0
9221	6660	1
9222	6661	1
9223	6662	0
9224	6663	0
9225	6663	1
9226	6664	1
9227	6665	0
9228	6665	1
9229	6666	0
9230	6667	0
9231	6669	0
9232	6669	1
9233	6670	1
9234	6671	0
9235	6671	1
9236	6672	0
9237	6672	1
9238	6673	0
9239	6674	0
9240	6674	1
9241	6675	1
9242	6676	1
9243	6680	0
9244	6681	0
9245	6681	1
9246	6682	1
9247	6683	0
9248	6683	1
9249	6684	1
9250	6687	0
9251	6687	1
9252	6689	1
9253	6690	0
9254	6690	1
9255	6691	0
9256	6693	0
9257	6693	1
9258	6694	0
9259	6694	1
9260	6695	0
9261	6696	0
9262	6697	0
9263	6698	0
9264	6698	1
9265	6701	1
9266	6702	0
9267	6702	1
9268	6704	0
9269	6704	1
9270	6705	0
9271	6705	1
9272	6706	1
9273	6708	0
9274	6709	0
9275	6709	1
9276	6710	0
9277	6711	0
9278	6711	1
9279	6713	1
9280	6715	0
9281	6715	1
9282	6716	1
9283	6717	0
9284	6717	1
9285	6719	0
9286	6719	1
9287	6720	0
9288	6721	0
9289	6723	0
9290	6724	1
9291	6725	0
9292	6725	1
9293	6726	0
9294	6728	1
9295	6729	0
9296	6729	1
9297	6732	0
9298	6733	0
9299	6734	0
9300	6740	0
9301	6740	1
9302	6741	0
9303	6741	1
9304	6743	0
9305	6744	0
9306	6744	1
9307	6745	0
9308	6745	1
9309	6746	0
9310	6746	1
9311	6747	0
9312	6747	1
9313	6749	0
9314	6749	1
9315	6750	0
9316	6751	0
9317	6753	0
9318	6754	0
9319	6754	1
9320	6755	0
9321	6755	1
9322	6757	1
9323	6758	0
9324	6759	0
9325	6759	1
9326	6760	1
9327	6762	0
9328	6762	1
9329	6763	0
9330	6763	1
9331	6764	0
9332	6764	1
9333	6765	0
9334	6766	0
9335	6767	0
9336	6768	0
9337	6768	1
9338	6769	1
9339	6771	1
9340	6773	0
9341	6773	1
9342	6776	1
9343	6779	1
9344	6781	0
9345	6782	1
9346	6785	1
9347	6786	1
9348	6788	0
9349	6790	1
9350	6791	0
9351	6792	0
9352	6793	1
9353	6794	1
9354	6795	1
9355	6796	0
9356	6797	0
9357	6797	1
9358	6798	0
9359	6800	1
9360	6804	1
9361	6805	1
9362	6806	0
9363	6806	1
9364	6807	0
9365	6807	1
9366	6809	0
9367	6810	0
9368	6810	1
9369	6811	0
9370	6813	1
9371	6815	1
9372	6816	0
9373	6817	1
9374	6818	0
9375	6820	0
9376	6820	1
9377	6821	1
9378	6822	0
9379	6822	1
9380	6824	0
9381	6824	1
9382	6825	1
9383	6828	1
9384	6829	1
9385	6831	1
9386	6832	1
9387	6833	1
9388	6835	0
9389	6835	1
9390	6836	1
9391	6838	0
9392	6839	1
9393	6840	1
9394	6842	1
9395	6843	0
9396	6843	1
9397	6845	1
9398	6846	0
9399	6846	1
9400	6847	0
9401	6847	1
9402	6848	0
9403	6849	0
9404	6850	0
9405	6850	1
9406	6852	1
9407	6854	0
9408	6854	1
9409	6855	0
9410	6855	1
9411	6858	1
9412	6860	0
9413	6864	0
9414	6865	0
9415	6865	1
9416	6868	0
9417	6868	1
9418	6869	0
9419	6869	1
9420	6872	1
9421	6874	0
9422	6874	1
9423	6875	0
9424	6875	1
9425	6876	0
9426	6877	1
9427	6878	1
9428	6879	0
9429	6880	1
9430	6882	1
9431	6883	0
9432	6884	1
9433	6885	0
9434	6885	1
9435	6887	1
9436	6889	1
9437	6894	0
9438	6894	1
9439	6895	1
9440	6897	1
9441	6899	0
9442	6899	1
9443	6900	1
9444	6901	1
9445	6903	1
9446	6904	0
9447	6905	1
9448	6906	0
9449	6906	1
9450	6908	0
9451	6910	1
9452	6912	0
9453	6913	0
9454	6913	1
9455	6914	1
9456	6915	1
9457	6916	1
9458	6918	0
9459	6919	0
9460	6920	1
9461	6921	1
9462	6922	1
9463	6923	0
9464	6923	1
9465	6924	0
9466	6924	1
9467	6926	0
9468	6926	1
9469	6927	0
9470	6930	0
9471	6930	1
9472	6931	0
9473	6931	1
9474	6932	0
9475	6932	1
9476	6933	0
9477	6935	0
9478	6936	1
9479	6937	1
9480	6939	1
9481	6940	1
9482	6941	0
9483	6942	1
9484	6944	1
9485	6947	1
9486	6949	1
9487	6950	0
9488	6950	1
9489	6951	1
9490	6952	0
9491	6952	1
9492	6953	0
9493	6954	0
9494	6954	1
9495	6955	1
9496	6957	0
9497	6957	1
9498	6958	0
9499	6958	1
9500	6959	0
9501	6959	1
9502	6960	0
9503	6960	1
9504	6961	1
9505	6963	0
9506	6963	1
9507	6964	0
9508	6964	1
9509	6966	1
9510	6967	0
9511	6968	1
9512	6969	0
9513	6970	0
9514	6970	1
9515	6972	0
9516	6973	1
9517	6974	0
9518	6974	1
9519	6977	1
9520	6979	0
9521	6980	0
9522	6981	1
9523	6983	1
9524	6984	1
9525	6985	0
9526	6986	1
9527	6987	0
9528	6988	1
9529	6991	0
9530	6991	1
9531	6993	0
9532	6995	0
9533	6997	0
9534	6998	1
9535	6999	1
9536	7001	1
9537	7003	0
9538	7003	1
9539	7004	0
9540	7004	1
9541	7005	0
9542	7005	1
9543	7006	0
9544	7007	0
9545	7007	1
9546	7009	0
9547	7009	1
9548	7010	1
9549	7011	0
9550	7011	1
9551	7012	1
9552	7013	1
9553	7014	0
9554	7014	1
9555	7015	1
9556	7016	0
9557	7017	0
9558	7017	1
9559	7018	0
9560	7019	1
9561	7021	0
9562	7022	0
9563	7022	1
9564	7024	0
9565	7024	1
9566	7025	0
9567	7025	1
9568	7027	0
9569	7028	0
9570	7030	1
9571	7033	0
9572	7033	1
9573	7034	0
9574	7038	1
9575	7041	0
9576	7042	0
9577	7042	1
9578	7044	0
9579	7044	1
9580	7047	1
9581	7049	0
9582	7051	1
9583	7052	0
9584	7054	0
9585	7058	0
9586	7059	0
9587	7059	1
9588	7060	0
9589	7061	0
9590	7061	1
9591	7062	1
9592	7063	0
9593	7063	1
9594	7064	1
9595	7065	0
9596	7066	0
9597	7067	0
9598	7070	1
9599	7071	0
9600	7072	0
9601	7073	0
9602	7073	1
9603	7074	1
9604	7077	1
9605	7078	0
9606	7078	1
9607	7079	1
9608	7080	0
9609	7083	1
9610	7084	0
9611	7084	1
9612	7085	0
9613	7086	1
9614	7089	0
9615	7090	1
9616	7091	1
9617	7092	0
9618	7092	1
9619	7094	0
9620	7094	1
9621	7096	0
9622	7096	1
9623	7098	0
9624	7098	1
9625	7099	1
9626	7100	0
9627	7100	1
9628	7101	0
9629	7102	0
9630	7102	1
9631	7104	0
9632	7104	1
9633	7106	0
9634	7107	0
9635	7107	1
9636	7109	0
9637	7110	1
9638	7111	1
9639	7112	1
9640	7114	0
9641	7114	1
9642	7115	0
9643	7116	1
9644	7118	0
9645	7120	0
9646	7120	1
9647	7121	1
9648	7123	0
9649	7124	0
9650	7124	1
9651	7125	0
9652	7126	1
9653	7127	1
9654	7128	1
9655	7129	0
9656	7129	1
9657	7130	0
9658	7131	0
9659	7131	1
9660	7133	1
9661	7135	0
9662	7135	1
9663	7136	0
9664	7136	1
9665	7139	1
9666	7140	1
9667	7141	0
9668	7142	0
9669	7142	1
9670	7143	0
9671	7146	0
9672	7146	1
9673	7148	0
9674	7148	1
9675	7149	0
9676	7149	1
9677	7150	0
9678	7151	1
9679	7152	0
9680	7153	0
9681	7153	1
9682	7154	1
9683	7155	1
9684	7156	1
9685	7157	0
9686	7158	0
9687	7159	0
9688	7161	0
9689	7164	0
9690	7165	0
9691	7166	1
9692	7167	0
9693	7168	1
9694	7169	0
9695	7169	1
9696	7170	0
9697	7171	0
9698	7171	1
9699	7175	1
9700	7177	0
9701	7177	1
9702	7179	0
9703	7179	1
9704	7182	0
9705	7183	0
9706	7183	1
9707	7184	1
9708	7186	0
9709	7186	1
9710	7187	1
9711	7188	1
9712	7189	1
9713	7190	1
9714	7192	0
9715	7192	1
9716	7193	0
9717	7195	0
9718	7195	1
9719	7197	0
9720	7198	0
9721	7200	1
9722	7202	0
9723	7203	0
9724	7204	0
9725	7205	1
9726	7206	1
9727	7208	1
9728	7209	0
9729	7209	1
9730	7211	1
9731	7213	0
9732	7213	1
9733	7215	0
9734	7216	0
9735	7216	1
9736	7217	1
9737	7218	1
9738	7220	1
9739	7221	0
9740	7222	0
9741	7222	1
9742	7224	0
9743	7224	1
9744	7225	1
9745	7226	1
9746	7228	1
9747	7230	0
9748	7231	0
9749	7231	1
9750	7232	1
9751	7233	0
9752	7233	1
9753	7237	1
9754	7239	0
9755	7240	1
9756	7242	0
9757	7243	1
9758	7244	0
9759	7244	1
9760	7246	0
9761	7247	0
9762	7247	1
9763	7249	0
9764	7250	0
9765	7251	0
9766	7252	1
9767	7255	1
9768	7256	0
9769	7256	1
9770	7261	0
9771	7261	1
9772	7262	0
9773	7262	1
9774	7263	0
9775	7264	1
9776	7265	0
9777	7268	0
9778	7268	1
9779	7269	0
9780	7269	1
9781	7270	1
9782	7273	0
9783	7275	1
9784	7276	1
9785	7277	0
9786	7278	0
9787	7279	0
9788	7281	0
9789	7281	1
9790	7288	1
9791	7289	0
9792	7293	0
9793	7293	1
9794	7294	0
9795	7294	1
9796	7295	1
9797	7296	1
9798	7297	0
9799	7298	1
9800	7299	0
9801	7299	1
9802	7301	1
9803	7302	1
9804	7303	1
9805	7305	0
9806	7305	1
9807	7306	0
9808	7307	0
9809	7309	0
9810	7309	1
9811	7311	0
9812	7312	0
9813	7313	0
9814	7317	0
9815	7318	0
9816	7319	0
9817	7320	1
9818	7322	0
9819	7324	0
9820	7325	0
9821	7325	1
9822	7326	0
9823	7327	0
9824	7327	1
9825	7328	1
9826	7329	1
9827	7334	0
9828	7335	0
9829	7336	0
9830	7337	0
9831	7337	1
9832	7340	1
9833	7342	0
9834	7342	1
9835	7343	0
9836	7343	1
9837	7344	0
9838	7344	1
9839	7348	1
9840	7349	1
9841	7350	1
9842	7352	1
9843	7353	0
9844	7353	1
9845	7355	0
9846	7356	0
9847	7357	0
9848	7357	1
9849	7358	1
9850	7363	0
9851	7363	1
9852	7366	1
9853	7367	1
9854	7368	1
9855	7370	0
9856	7371	0
9857	7375	1
9858	7378	1
9859	7379	0
9860	7379	1
9861	7380	0
9862	7381	0
9863	7382	0
9864	7384	1
9865	7385	0
9866	7385	1
9867	7386	0
9868	7386	1
9869	7387	0
9870	7387	1
9871	7388	0
9872	7388	1
9873	7389	0
9874	7390	0
9875	7391	1
9876	7393	0
9877	7393	1
9878	7395	0
9879	7396	0
9880	7397	1
9881	7398	1
9882	7404	0
9883	7404	1
9884	7406	0
9885	7406	1
9886	7408	1
9887	7411	0
9888	7412	0
9889	7414	1
9890	7415	1
9891	7417	0
9892	7418	0
9893	7419	0
9894	7419	1
9895	7421	0
9896	7426	0
9897	7426	1
9898	7427	0
9899	7429	0
9900	7429	1
9901	7430	0
9902	7430	1
9903	7431	1
9904	7432	1
9905	7433	0
9906	7435	1
9907	7436	0
9908	7436	1
9909	7438	0
9910	7439	0
9911	7440	0
9912	7440	1
9913	7442	0
9914	7443	0
9915	7443	1
9916	7444	1
9917	7446	1
9918	7447	1
9919	7448	0
9920	7448	1
9921	7451	1
9922	7452	1
9923	7453	0
9924	7453	1
9925	7454	0
9926	7454	1
9927	7456	0
9928	7457	0
9929	7458	1
9930	7459	1
9931	7460	0
9932	7460	1
9933	7461	1
9934	7462	0
9935	7463	0
9936	7464	1
9937	7465	1
9938	7467	0
9939	7468	0
9940	7468	1
9941	7470	0
9942	7471	0
9943	7471	1
9944	7472	1
9945	7474	1
9946	7475	0
9947	7476	0
9948	7477	1
9949	7478	0
9950	7478	1
9951	7479	0
9952	7479	1
9953	7481	1
9954	7482	0
9955	7482	1
9956	7483	0
9957	7486	1
9958	7487	1
9959	7488	0
9960	7488	1
9961	7489	0
9962	7489	1
9963	7490	1
9964	7491	0
9965	7492	1
9966	7493	1
9967	7495	1
9968	7496	0
9969	7496	1
9970	7498	0
9971	7499	0
9972	7500	1
9973	7503	0
9974	7504	0
9975	7505	0
9976	7505	1
9977	7506	0
9978	7506	1
9979	7507	1
9980	7508	1
9981	7509	1
9982	7511	0
9983	7513	0
9984	7514	0
9985	7515	0
9986	7519	1
9987	7520	1
9988	7521	1
9989	7523	1
9990	7526	0
9991	7527	0
9992	7527	1
9993	7528	1
9994	7529	0
9995	7529	1
9996	7530	0
9997	7530	1
9998	7531	1
9999	7532	0
10000	7532	1
10001	7533	0
10002	7533	1
10003	7536	1
10004	7538	1
10005	7539	1
10006	7540	0
10007	7540	1
10008	7541	0
10009	7541	1
10010	7542	0
10011	7544	1
10012	7545	0
10013	7545	1
10014	7546	0
10015	7547	0
10016	7548	0
10017	7549	0
10018	7550	1
10019	7551	1
10020	7552	1
10021	7553	0
10022	7554	0
10023	7557	1
10024	7559	0
10025	7559	1
10026	7560	0
10027	7560	1
10028	7561	0
10029	7561	1
10030	7562	0
10031	7563	0
10032	7564	1
10033	7566	1
10034	7569	0
10035	7569	1
10036	7570	0
10037	7574	0
10038	7574	1
10039	7575	0
10040	7575	1
10041	7579	1
10042	7580	0
10043	7581	1
10044	7582	1
10045	7583	1
10046	7584	1
10047	7585	1
10048	7586	1
10049	7587	0
10050	7588	1
10051	7591	1
10052	7592	0
10053	7592	1
10054	7593	1
10055	7594	0
10056	7594	1
10057	7595	0
10058	7596	1
10059	7597	1
10060	7598	0
10061	7598	1
10062	7599	0
10063	7599	1
10064	7602	0
10065	7602	1
10066	7604	1
10067	7607	0
10068	7608	1
10069	7610	0
10070	7610	1
10071	7612	0
10072	7614	0
10073	7615	1
10074	7616	0
10075	7617	0
10076	7618	1
10077	7619	0
10078	7622	0
10079	7624	1
10080	7626	1
10081	7628	0
10082	7628	1
10083	7629	0
10084	7630	0
10085	7630	1
10086	7631	0
10087	7632	1
10088	7633	1
10089	7635	1
10090	7637	0
10091	7637	1
10092	7638	0
10093	7639	0
10094	7639	1
10095	7641	0
10096	7642	0
10097	7643	0
10098	7643	1
10099	7644	1
10100	7647	1
10101	7648	1
10102	7649	0
10103	7654	0
10104	7655	1
10105	7656	1
10106	7657	0
10107	7658	0
10108	7659	1
10109	7660	0
10110	7660	1
10111	7661	0
10112	7662	1
10113	7663	0
10114	7663	1
10115	7664	0
10116	7665	0
10117	7666	0
10118	7667	0
10119	7667	1
10120	7668	1
10121	7670	0
10122	7670	1
10123	7671	0
10124	7671	1
10125	7672	1
10126	7673	1
10127	7676	0
10128	7676	1
10129	7677	1
10130	7678	1
10131	7679	0
10132	7679	1
10133	7681	0
10134	7681	1
10135	7682	1
10136	7683	1
10137	7684	0
10138	7684	1
10139	7685	1
10140	7687	0
10141	7687	1
10142	7688	1
10143	7689	0
10144	7690	1
10145	7691	0
10146	7691	1
10147	7692	0
10148	7692	1
10149	7693	1
10150	7694	0
10151	7694	1
10152	7695	1
10153	7696	1
10154	7698	0
10155	7699	0
10156	7701	0
10157	7702	1
10158	7703	1
10159	7704	0
10160	7705	0
10161	7705	1
10162	7706	1
10163	7707	1
10164	7709	0
10165	7709	1
10166	7712	1
10167	7714	0
10168	7719	0
10169	7720	0
10170	7720	1
10171	7721	1
10172	7722	0
10173	7722	1
10174	7723	0
10175	7724	1
10176	7725	0
10177	7725	1
10178	7726	1
10179	7727	1
10180	7728	0
10181	7729	1
10182	7730	0
10183	7730	1
10184	7734	0
10185	7735	0
10186	7736	0
10187	7736	1
10188	7737	0
10189	7738	0
10190	7738	1
10191	7739	1
10192	7741	0
10193	7742	0
10194	7742	1
10195	7746	0
10196	7747	1
10197	7748	1
10198	7749	0
10199	7749	1
10200	7753	0
10201	7755	0
10202	7755	1
10203	7756	0
10204	7756	1
10205	7757	0
10206	7758	0
10207	7759	0
10208	7762	0
10209	7763	0
10210	7765	0
10211	7766	0
10212	7766	1
10213	7767	0
10214	7767	1
10215	7771	1
10216	7772	0
10217	7772	1
10218	7773	0
10219	7773	1
10220	7775	1
10221	7776	1
10222	7777	1
10223	7778	1
10224	7781	0
10225	7781	1
10226	7782	1
10227	7783	0
10228	7785	1
10229	7788	0
10230	7788	1
10231	7789	1
10232	7790	1
10233	7791	1
10234	7792	0
10235	7794	0
10236	7796	0
10237	7797	0
10238	7797	1
10239	7798	0
10240	7798	1
10241	7799	0
10242	7800	1
10243	7801	1
10244	7804	0
10245	7805	1
10246	7806	1
10247	7808	1
10248	7810	1
10249	7811	1
10250	7812	1
10251	7816	0
10252	7816	1
10253	7818	0
10254	7819	1
10255	7820	1
10256	7821	1
10257	7822	0
10258	7822	1
10259	7824	0
10260	7824	1
10261	7825	0
10262	7829	1
10263	7831	0
10264	7831	1
10265	7833	0
10266	7834	0
10267	7834	1
10268	7835	0
10269	7835	1
10270	7837	1
10271	7839	1
10272	7840	0
10273	7840	1
10274	7842	0
10275	7842	1
10276	7843	0
10277	7843	1
10278	7844	0
10279	7845	0
10280	7848	0
10281	7848	1
10282	7849	1
10283	7850	0
10284	7850	1
10285	7851	0
10286	7852	0
10287	7852	1
10288	7854	0
10289	7856	1
10290	7858	1
10291	7860	0
10292	7860	1
10293	7863	1
10294	7865	0
10295	7865	1
10296	7868	1
10297	7869	0
10298	7871	1
10299	7872	1
10300	7873	0
10301	7873	1
10302	7876	0
10303	7877	0
10304	7879	0
10305	7879	1
10306	7880	1
10307	7882	1
10308	7883	1
10309	7884	0
10310	7885	0
10311	7885	1
10312	7886	0
10313	7888	0
10314	7888	1
10315	7892	1
10316	7893	0
10317	7893	1
10318	7894	0
10319	7895	0
10320	7895	1
10321	7898	1
10322	7899	0
10323	7901	0
10324	7902	1
10325	7905	1
10326	7906	1
10327	7908	1
10328	7912	0
10329	7913	1
10330	7914	0
10331	7914	1
10332	7915	0
10333	7916	0
10334	7916	1
10335	7919	1
10336	7920	1
10337	7921	1
10338	7922	1
10339	7925	0
10340	7926	1
10341	7930	1
10342	7931	1
10343	7932	0
10344	7933	0
10345	7933	1
10346	7935	0
10347	7937	0
10348	7939	0
10349	7939	1
10350	7940	1
10351	7941	1
10352	7942	0
10353	7942	1
10354	7943	1
10355	7944	1
10356	7946	1
10357	7947	0
10358	7947	1
10359	7949	0
10360	7949	1
10361	7952	1
10362	7954	0
10363	7955	1
10364	7956	0
10365	7958	1
10366	7961	1
10367	7962	1
10368	7963	0
10369	7963	1
10370	7967	1
10371	7969	0
10372	7970	0
10373	7970	1
10374	7974	0
10375	7974	1
10376	7975	1
10377	7977	1
10378	7980	1
10379	7983	0
10380	7983	1
10381	7984	0
10382	7984	1
10383	7985	1
10384	7986	0
10385	7987	0
10386	7987	1
10387	7988	0
10388	7988	1
10389	7989	1
10390	7990	1
10391	7991	0
10392	7991	1
10393	7993	1
10394	7995	0
10395	7998	0
10396	7998	1
10397	8000	1
10398	8001	0
10399	8002	0
10400	8003	0
10401	8004	0
10402	8004	1
10403	8005	1
10404	8006	0
10405	8008	0
10406	8010	1
10407	8011	1
10408	8014	0
10409	8014	1
10410	8017	0
10411	8018	1
10412	8020	0
10413	8020	1
10414	8022	0
10415	8022	1
10416	8023	0
10417	8023	1
10418	8024	1
10419	8026	1
10420	8027	0
10421	8028	0
10422	8030	1
10423	8031	1
10424	8032	0
10425	8032	1
10426	8033	0
10427	8034	0
10428	8041	0
10429	8041	1
10430	8045	1
10431	8046	1
10432	8047	0
10433	8050	0
10434	8054	0
10435	8054	1
10436	8055	1
10437	8058	0
10438	8059	0
10439	8060	0
10440	8060	1
10441	8061	1
10442	8063	0
10443	8067	1
10444	8073	0
10445	8073	1
10446	8074	0
10447	8074	1
10448	8076	0
10449	8076	1
10450	8077	1
10451	8080	0
10452	8082	0
10453	8082	1
10454	8083	1
10455	8084	0
10456	8084	1
10457	8086	0
10458	8089	0
10459	8089	1
10460	8093	1
10461	8095	0
10462	8095	1
10463	8098	1
10464	8099	1
10465	8100	1
10466	8101	1
10467	8102	0
10468	8102	1
10469	8103	0
10470	8104	0
10471	8104	1
10472	8105	1
10473	8107	0
10474	8110	0
10475	8111	0
10476	8112	1
10477	8113	0
10478	8114	1
10479	8118	0
10480	8119	0
10481	8120	1
10482	8121	1
10483	8122	0
10484	8122	1
10485	8123	1
10486	8126	1
10487	8129	0
10488	8129	1
10489	8130	0
10490	8130	1
10491	8132	0
10492	8132	1
10493	8134	0
10494	8134	1
10495	8135	0
10496	8135	1
10497	8138	1
10498	8139	0
10499	8141	0
10500	8143	0
10501	8144	0
10502	8145	0
10503	8147	1
10504	8148	1
10505	8151	0
10506	8153	0
10507	8155	0
10508	8155	1
10509	8158	0
10510	8159	0
10511	8160	1
10512	8163	0
10513	8164	0
10514	8166	1
10515	8168	0
10516	8168	1
10517	8170	0
10518	8171	1
10519	8172	0
10520	8172	1
10521	8173	0
10522	8175	0
10523	8176	0
10524	8176	1
10525	8178	0
10526	8178	1
10527	8180	1
10528	8181	1
10529	8183	1
10530	8184	0
10531	8184	1
10532	8185	0
10533	8186	0
10534	8187	1
10535	8188	1
10536	8189	1
10537	8191	1
10538	8192	0
10539	8192	1
10540	8193	0
10541	8195	1
10542	8196	1
10543	8199	0
10544	8200	0
10545	8201	0
10546	8201	1
10547	8202	0
10548	8202	1
10549	8209	1
10550	8210	0
10551	8210	1
10552	8211	0
10553	8212	1
10554	8214	1
10555	8215	0
10556	8216	0
10557	8219	0
10558	8220	0
10559	8221	0
10560	8223	0
10561	8226	0
10562	8227	1
10563	8228	0
10564	8230	1
10565	8231	0
10566	8234	0
10567	8237	0
10568	8239	1
10569	8240	1
10570	8241	0
10571	8241	1
10572	8244	0
10573	8245	0
10574	8248	0
10575	8249	0
10576	8250	0
10577	8251	0
10578	8253	0
10579	8253	1
10580	8254	0
10581	8255	1
10582	8256	1
10583	8259	1
10584	8261	1
10585	8265	0
10586	8266	0
10587	8269	1
10588	8272	1
10589	8273	1
10590	8274	0
10591	8277	0
10592	8278	1
10593	8279	1
10594	8280	0
10595	8282	0
10596	8282	1
10597	8284	0
10598	8284	1
10599	8286	0
10600	8288	1
10601	8291	0
10602	8292	0
10603	8294	1
10604	8295	0
10605	8296	1
10606	8297	1
10607	8298	1
10608	8299	1
10609	8302	1
10610	8303	0
10611	8303	1
10612	8304	1
10613	8305	0
10614	8307	0
10615	8308	0
10616	8309	1
10617	8310	0
10618	8310	1
10619	8311	1
10620	8312	0
10621	8312	1
10622	8315	0
10623	8316	0
10624	8316	1
10625	8318	0
10626	8321	1
10627	8322	0
10628	8324	1
10629	8325	0
10630	8329	0
10631	8331	1
10632	8332	1
10633	8333	1
10634	8334	0
10635	8335	1
10636	8336	0
10637	8337	0
10638	8337	1
10639	8339	0
10640	8340	0
10641	8340	1
10642	8341	0
10643	8341	1
10644	8342	1
10645	8344	0
10646	8345	0
10647	8347	1
10648	8348	1
10649	8349	0
10650	8349	1
10651	8350	0
10652	8351	0
10653	8353	0
10654	8355	0
10655	8356	1
10656	8357	1
10657	8358	0
10658	8358	1
10659	8359	1
10660	8360	1
10661	8361	0
10662	8361	1
10663	8362	0
10664	8362	1
10665	8364	0
10666	8365	1
10667	8367	0
10668	8367	1
10669	8369	1
10670	8372	0
10671	8373	1
10672	8374	0
10673	8376	0
10674	8376	1
10675	8379	0
10676	8379	1
10677	8381	0
10678	8381	1
10679	8382	1
10680	8383	0
10681	8384	1
10682	8385	0
10683	8388	0
10684	8389	0
10685	8389	1
10686	8390	1
10687	8392	1
10688	8393	0
10689	8394	0
10690	8394	1
10691	8396	1
10692	8398	0
10693	8398	1
10694	8399	0
10695	8401	1
10696	8402	0
10697	8402	1
10698	8404	0
10699	8404	1
10700	8405	0
10701	8407	1
10702	8411	0
10703	8412	0
10704	8414	0
10705	8414	1
10706	8415	0
10707	8415	1
10708	8416	1
10709	8418	0
10710	8418	1
10711	8419	0
10712	8423	1
10713	8424	0
10714	8425	1
10715	8427	0
10716	8427	1
10717	8428	1
10718	8429	1
10719	8433	0
10720	8434	0
10721	8436	1
10722	8438	0
10723	8438	1
10724	8442	0
10725	8442	1
10726	8444	0
10727	8447	1
10728	8448	1
10729	8450	1
10730	8454	1
10731	8455	0
10732	8458	0
10733	8459	0
10734	8459	1
10735	8460	0
10736	8460	1
10737	8461	0
10738	8463	1
10739	8465	0
10740	8466	0
10741	8466	1
10742	8467	1
10743	8469	0
10744	8470	0
10745	8470	1
10746	8471	1
10747	8472	1
10748	8473	0
10749	8478	1
10750	8480	0
10751	8481	0
10752	8482	1
10753	8484	0
10754	8484	1
10755	8485	1
10756	8487	0
10757	8488	0
10758	8489	0
10759	8489	1
10760	8490	1
10761	8493	1
10762	8494	0
10763	8494	1
10764	8495	1
10765	8497	1
10766	8498	0
10767	8498	1
10768	8499	0
10769	8501	0
10770	8502	0
10771	8503	0
10772	8504	0
10773	8504	1
10774	8508	0
10775	8508	1
10776	8510	0
10777	8510	1
10778	8511	0
10779	8511	1
10780	8515	0
10781	8515	1
10782	8516	0
10783	8517	0
10784	8517	1
10785	8519	1
10786	8521	0
10787	8522	1
10788	8523	0
10789	8523	1
10790	8525	0
10791	8527	0
10792	8527	1
10793	8528	0
10794	8530	1
10795	8531	0
10796	8533	0
10797	8540	0
10798	8540	1
10799	8541	0
10800	8541	1
10801	8543	0
10802	8544	0
10803	8544	1
10804	8545	0
10805	8545	1
10806	8546	0
10807	8546	1
10808	8548	0
10809	8553	1
10810	8555	0
10811	8555	1
10812	8556	1
10813	8558	0
10814	8558	1
10815	8560	0
10816	8560	1
10817	8561	0
10818	8562	0
10819	8563	0
10820	8564	1
10821	8567	0
10822	8573	1
10823	8576	0
10824	8578	1
10825	8579	0
10826	8580	0
10827	8581	1
10828	8583	0
10829	8584	0
10830	8584	1
10831	8587	1
10832	8590	1
10833	8591	1
10834	8592	1
10835	8593	0
10836	8593	1
10837	8595	0
10838	8596	1
10839	8599	1
10840	8601	1
10841	8602	0
10842	8603	1
10843	8605	0
10844	8605	1
10845	8607	0
10846	8607	1
10847	8608	0
10848	8612	1
10849	8617	1
10850	8618	1
10851	8620	0
10852	8621	1
10853	8622	1
10854	8624	1
10855	8627	0
10856	8628	0
10857	8630	0
10858	8631	0
10859	8631	1
10860	8633	1
10861	8635	0
10862	8635	1
10863	8636	0
10864	8636	1
10865	8639	1
10866	8640	0
10867	8642	0
10868	8642	1
10869	8645	1
10870	8650	1
10871	8654	1
10872	8656	0
10873	8656	1
10874	8657	1
10875	8659	0
10876	8664	0
10877	8665	0
10878	8665	1
10879	8666	1
10880	8668	1
10881	8671	0
10882	8672	1
10883	8673	1
10884	8674	1
10885	8675	1
10886	8678	0
10887	8680	0
10888	8682	1
10889	8685	1
10890	8688	1
10891	8690	1
10892	8691	0
10893	8691	1
10894	8692	0
10895	8693	0
10896	8693	1
10897	8694	0
10898	8694	1
10899	8696	0
10900	8696	1
10901	8698	1
10902	8699	0
10903	8700	0
10904	8701	1
10905	8704	1
10906	8705	1
10907	8707	1
10908	8708	1
10909	8710	0
10910	8710	1
10911	8713	0
10912	8718	0
10913	8719	0
10914	8720	0
10915	8720	1
10916	8722	0
10917	8723	1
10918	8724	1
10919	8725	0
10920	8726	0
10921	8726	1
10922	8727	1
10923	8729	0
10924	8731	0
10925	8731	1
10926	8733	0
10927	8736	0
10928	8740	0
10929	8741	0
10930	8741	1
10931	8743	0
10932	8743	1
10933	8746	1
10934	8748	0
10935	8749	1
10936	8750	0
10937	8752	0
10938	8755	0
10939	8756	0
10940	8757	1
10941	8758	1
10942	8759	0
10943	8759	1
10944	8760	1
10945	8761	0
10946	8762	0
10947	8763	0
10948	8765	1
10949	8773	0
10950	8775	1
10951	8779	1
10952	8780	0
10953	8780	1
10954	8781	1
10955	8783	0
10956	8785	0
10957	8785	1
10958	8786	1
10959	8787	0
10960	8788	0
10961	8788	1
10962	8790	1
10963	8793	1
10964	8795	0
10965	8796	1
10966	8797	1
10967	8798	1
10968	8800	1
10969	8801	0
10970	8802	1
10971	8804	0
10972	8806	0
10973	8806	1
10974	8807	1
10975	8809	0
10976	8810	1
10977	8812	1
10978	8814	0
10979	8816	1
10980	8818	1
10981	8821	1
10982	8822	1
10983	8823	0
10984	8824	0
10985	8824	1
10986	8828	0
10987	8828	1
10988	8830	0
10989	8830	1
10990	8831	0
10991	8833	0
10992	8833	1
10993	8834	1
10994	8836	1
10995	8837	0
10996	8839	0
10997	8845	0
10998	8847	1
10999	8849	0
11000	8854	1
11001	8855	1
11002	8858	1
11003	8859	1
11004	8860	1
11005	8861	1
11006	8862	1
11007	8863	0
11008	8863	1
11009	8865	0
11010	8865	1
11011	8868	1
11012	8871	0
11013	8872	0
11014	8873	1
11015	8876	0
11016	8876	1
11017	8878	1
11018	8880	0
11019	8880	1
11020	8882	0
11021	8883	1
11022	8886	0
11023	8888	1
11024	8891	0
11025	8896	1
11026	8900	0
11027	8901	0
11028	8902	1
11029	8905	1
11030	8906	0
11031	8906	1
11032	8910	1
11033	8911	1
11034	8915	0
11035	8916	0
11036	8916	1
11037	8917	1
11038	8920	0
11039	8922	1
11040	8923	0
11041	8924	0
11042	8926	0
11043	8930	1
11044	8931	0
11045	8935	0
11046	8935	1
11047	8936	0
11048	8936	1
11049	8938	1
11050	8940	1
11051	8941	0
11052	8941	1
11053	8943	1
11054	8944	1
11055	8946	0
11056	8946	1
11057	8948	0
11058	8948	1
11059	8949	0
11060	8957	0
11061	8958	0
11062	8958	1
11063	8959	1
11064	8965	0
11065	8966	0
11066	8967	0
11067	8967	1
11068	8969	1
11069	8971	0
11070	8971	1
11071	8975	1
11072	8976	1
11073	8979	1
11074	8980	1
11075	8982	0
11076	8983	0
11077	8984	1
11078	8989	0
11079	8989	1
11080	8992	1
11081	8993	1
11082	8995	0
11083	8996	0
11084	8999	1
11085	9001	1
11086	9002	1
11087	9003	0
11088	9004	0
11089	9005	0
11090	9007	1
11091	9009	0
11092	9009	1
11093	9011	0
11094	9014	1
11095	9017	0
11096	9017	1
11097	9020	1
11098	9023	0
11099	9025	1
11100	9029	0
11101	9029	1
11102	9033	0
11103	9035	0
11104	9035	1
11105	9036	1
11106	9037	0
11107	9039	1
11108	9040	1
11109	9041	0
11110	9041	1
11111	9043	0
11112	9043	1
11113	9046	1
11114	9053	0
11115	9055	0
11116	9056	0
11117	9056	1
11118	9057	0
11119	9057	1
11120	9059	0
11121	9059	1
11122	9061	0
11123	9061	1
11124	9062	1
11125	9064	0
11126	9065	0
11127	9066	1
11128	9067	0
11129	9067	1
11130	9069	1
11131	9071	0
11132	9071	1
11133	9073	1
11134	9075	1
11135	9076	0
11136	9076	1
11137	9077	0
11138	9077	1
11139	9078	1
11140	9080	0
11141	9080	1
11142	9084	1
11143	9086	0
11144	9087	1
11145	9088	0
11146	9091	0
11147	9092	0
11148	9092	1
11149	9093	1
11150	9095	1
11151	9096	0
11152	9096	1
11153	9097	1
11154	9099	0
11155	9099	1
11156	9100	0
11157	9101	0
11158	9102	1
11159	9104	0
11160	9107	1
11161	9111	0
11162	9111	1
11163	9116	0
11164	9117	1
11165	9118	0
11166	9119	1
11167	9121	0
11168	9125	1
11169	9127	0
11170	9130	0
11171	9133	0
11172	9135	0
11173	9141	0
11174	9142	0
11175	9142	1
11176	9143	1
11177	9144	0
11178	9144	1
11179	9145	1
11180	9150	0
11181	9151	0
11182	9151	1
11183	9152	1
11184	9154	1
11185	9155	0
11186	9156	1
11187	9158	1
11188	9160	0
11189	9160	1
11190	9161	0
11191	9164	0
11192	9166	1
11193	9171	1
11194	9174	0
11195	9175	1
11196	9176	1
11197	9178	0
11198	9180	0
11199	9181	0
11200	9182	1
11201	9183	1
11202	9186	1
11203	9188	0
11204	9189	0
11205	9190	0
11206	9192	0
11207	9192	1
11208	9196	0
11209	9200	1
11210	9202	0
11211	9203	1
11212	9204	1
11213	9206	1
11214	9207	1
11215	9209	1
11216	9210	1
11217	9213	1
11218	9214	1
11219	9216	1
11220	9219	0
11221	9220	1
11222	9222	1
11223	9226	0
11224	9230	1
11225	9231	1
11226	9233	0
11227	9234	0
11228	9236	0
11229	9239	0
11230	9243	1
11231	9244	0
11232	9245	0
11233	9247	0
11234	9248	0
11235	9248	1
11236	9250	1
11237	9253	1
11238	9254	0
11239	9255	0
11240	9255	1
11241	9257	0
11242	9258	0
11243	9260	1
11244	9263	0
11245	9265	0
11246	9265	1
11247	9268	1
11248	9269	1
11249	9270	1
11250	9271	0
11251	9272	1
11252	9273	1
11253	9276	0
11254	9278	1
11255	9281	1
11256	9282	1
11257	9283	0
11258	9283	1
11259	9286	0
11260	9289	0
11261	9289	1
11262	9292	1
11263	9294	0
11264	9295	0
11265	9297	1
11266	9298	1
11267	9299	1
11268	9300	1
11269	9302	1
11270	9306	1
11271	9308	0
11272	9311	1
11273	9312	0
11274	9312	1
11275	9313	1
11276	9316	0
11277	9316	1
11278	9317	0
11279	9318	1
11280	9319	1
11281	9321	0
11282	9321	1
11283	9322	0
11284	9323	0
11285	9324	0
11286	9326	0
11287	9327	1
11288	9329	1
11289	9332	0
11290	9332	1
11291	9333	0
11292	9333	1
11293	9335	0
11294	9335	1
11295	9336	1
11296	9340	0
11297	9340	1
11298	9341	1
11299	9344	0
11300	9346	0
11301	9348	0
11302	9348	1
11303	9350	0
11304	9350	1
11305	9351	1
11306	9353	0
11307	9355	0
11308	9355	1
11309	9358	1
11310	9361	0
11311	9362	1
11312	9364	1
11313	9369	1
11314	9371	1
11315	9372	0
11316	9375	1
11317	9376	1
11318	9377	0
11319	9377	1
11320	9379	1
11321	9380	0
11322	9385	1
11323	9388	0
11324	9388	1
11325	9396	1
11326	9399	1
11327	9400	1
11328	9401	1
11329	9402	0
11330	9402	1
11331	9403	1
11332	9405	0
11333	9405	1
11334	9406	1
11335	9407	1
11336	9410	0
11337	9410	1
11338	9412	0
11339	9417	0
11340	9420	0
11341	9421	0
11342	9424	0
11343	9425	1
11344	9427	0
11345	9429	0
11346	9429	1
11347	9431	0
11348	9437	0
11349	9437	1
11350	9440	0
11351	9441	1
11352	9442	0
11353	9443	1
11354	9444	1
11355	9445	0
11356	9446	1
11357	9448	1
11358	9454	1
11359	9455	0
11360	9457	0
11361	9458	1
11362	9459	1
11363	9460	0
11364	9461	0
11365	9461	1
11366	9462	1
11367	9464	0
11368	9465	1
11369	9467	0
11370	9471	0
11371	9473	0
11372	9478	0
11373	9478	1
11374	9480	0
11375	9481	0
11376	9486	1
11377	9487	0
11378	9487	1
11379	9490	1
11380	9491	1
11381	9494	0
11382	9496	0
11383	9497	0
11384	9498	1
11385	9499	1
11386	9500	1
11387	9504	0
11388	9506	0
11389	9508	1
11390	9510	0
11391	9517	1
11392	9518	1
11393	9521	1
11394	9523	1
11395	9525	1
11396	9529	0
11397	9530	1
11398	9532	1
11399	9533	0
11400	9536	1
11401	9538	1
11402	9541	1
11403	9547	0
11404	9547	1
11405	9551	1
11406	9552	1
11407	9553	0
11408	9555	1
11409	9560	0
11410	9560	1
11411	9561	1
11412	9565	1
11413	9568	0
11414	9569	0
11415	9570	1
11416	9571	1
11417	9572	0
11418	9574	1
11419	9576	1
11420	9577	0
11421	9580	0
11422	9581	1
11423	9583	1
11424	9586	1
11425	9587	1
11426	9588	0
11427	9590	1
11428	9591	0
11429	9594	0
11430	9596	0
11431	9597	0
11432	9598	0
11433	9601	1
11434	9602	0
11435	9602	1
11436	9604	0
11437	9609	0
11438	9610	1
11439	9613	0
11440	9616	0
11441	9619	0
11442	9619	1
11443	9621	0
11444	9622	0
11445	9623	1
11446	9625	0
11447	9631	1
11448	9633	0
11449	9633	1
11450	9641	1
11451	9642	0
11452	9648	0
11453	9649	0
11454	9649	1
11455	9653	0
11456	9656	0
11457	9657	1
11458	9659	1
11459	9662	0
11460	9662	1
11461	9663	1
11462	9666	0
11463	9666	1
11464	9667	0
11465	9667	1
11466	9668	0
11467	9669	0
11468	9670	0
11469	9671	0
11470	9671	1
11471	9673	1
11472	9679	1
11473	9682	1
11474	9683	0
11475	9683	1
11476	9687	0
11477	9689	0
11478	9689	1
11479	9692	0
11480	9696	0
11481	9698	1
11482	9703	0
11483	9703	1
11484	9704	0
11485	9705	0
11486	9706	1
11487	9708	0
11488	9717	0
11489	9721	1
11490	9722	0
11491	9723	0
11492	9723	1
11493	9724	0
11494	9725	1
11495	9726	1
11496	9728	0
11497	9728	1
11498	9729	1
11499	9737	1
11500	9738	0
11501	9743	0
11502	9753	0
11503	9757	1
11504	9761	1
11505	9763	0
11506	9765	0
11507	9766	1
11508	9767	1
11509	9777	1
11510	9779	1
11511	9780	0
11512	9781	1
11513	9782	0
11514	9782	1
11515	9783	0
11516	9785	1
11517	9788	0
11518	9788	1
11519	9791	0
11520	9792	1
11521	9796	1
11522	9806	1
11523	9807	0
11524	9808	0
11525	9815	0
11526	9815	1
11527	9816	1
11528	9818	1
11529	9819	1
11530	9821	1
11531	9822	0
11532	9824	1
11533	9825	0
11534	9825	1
11535	9833	1
11536	9834	1
11537	9845	0
11538	9847	0
11539	9847	1
11540	9850	1
11541	9861	1
11542	9864	0
11543	9865	0
11544	9867	0
11545	9868	0
11546	9869	0
11547	9870	1
11548	9873	1
11549	9877	1
11550	9878	0
11551	9886	1
11552	9887	0
11553	9888	0
11554	9891	0
11555	9891	1
11556	9892	1
11557	9894	0
11558	9895	0
11559	9895	1
11560	9899	0
11561	9899	1
11562	9900	0
11563	9902	0
11564	9903	0
11565	9904	0
11566	9904	1
11567	9905	1
11568	9908	1
11569	9910	0
11570	9911	0
11571	9913	0
11572	9918	1
11573	9919	0
11574	9919	1
11575	9923	0
11576	9925	1
11577	9928	0
11578	9930	1
11579	9939	0
11580	9944	0
11581	9944	1
11582	9945	0
11583	9945	1
11584	9946	0
11585	9948	0
11586	9952	0
11587	9952	1
11588	9953	0
11589	9958	0
11590	9958	1
11591	9959	0
11592	9959	1
11593	9964	1
11594	9966	1
11595	9967	0
11596	9972	0
11597	9974	1
11598	9978	1
11599	9980	0
11600	9982	1
11601	9983	0
11602	9984	1
11603	9987	0
11604	9988	0
11605	9990	0
11606	9990	1
11607	9992	0
11608	9997	1
11609	10003	0
11610	10004	0
11611	10005	0
11612	10009	0
11613	10011	1
11614	10014	0
11615	10015	1
11616	10018	1
11617	10021	0
11618	10021	1
11619	10022	1
11620	10023	0
11621	10023	1
11622	10024	1
11623	10026	0
11624	10027	0
11625	10032	1
11626	10039	0
11627	10041	0
11628	10042	1
11629	10047	0
11630	10048	0
11631	10049	0
11632	10050	1
11633	10056	1
11634	10057	1
11635	10061	0
11636	10062	1
11637	10063	0
11638	10064	0
11639	10067	0
11640	10068	0
11641	10072	0
11642	10072	1
11643	10073	1
11644	10075	1
11645	10081	1
11646	10082	0
11647	10087	0
11648	10087	1
11649	10088	0
11650	10092	1
11651	10094	1
11652	10095	1
11653	10096	1
11654	10099	0
11655	10099	1
11656	10100	0
11657	10102	1
11658	10105	0
11659	10107	1
11660	10111	1
11661	10114	1
11662	10115	0
11663	10120	0
11664	10120	1
11665	10121	0
11666	10121	1
11667	10128	1
11668	10129	1
11669	10132	1
11670	10138	1
11671	10141	1
11672	10142	1
11673	10143	0
11674	10145	0
11675	10145	1
11676	10149	1
11677	10150	1
11678	10155	1
11679	10158	1
11680	10166	1
11681	10168	0
11682	10171	0
11683	10171	1
11684	10172	1
11685	10173	0
11686	10174	1
11687	10179	0
11688	10181	1
11689	10185	1
11690	10187	0
11691	10191	1
11692	10196	1
11693	10197	1
11694	10199	1
11695	10202	0
11696	10204	1
11697	10206	1
11698	10208	0
11699	10213	1
11700	10215	0
11701	10215	1
11702	10218	1
11703	10221	1
11704	10222	1
11705	10225	0
11706	10225	1
11707	10229	1
11708	10233	0
11709	10233	1
11710	10236	1
11711	10238	0
11712	10238	1
11713	10239	0
11714	10239	1
11715	10241	0
11716	10241	1
11717	10249	1
11718	10252	1
11719	10254	1
11720	10255	0
11721	10256	1
11722	10258	0
11723	10260	0
11724	10263	1
11725	10268	0
11726	10268	1
11727	10269	0
11728	10269	1
11729	10270	0
11730	10272	1
11731	10275	1
11732	10278	0
11733	10279	0
11734	10281	1
11735	10283	0
11736	10284	0
11737	10291	0
11738	10292	1
11739	10293	0
11740	10294	0
11741	10295	1
11742	10299	0
11743	10303	0
11744	10304	0
11745	10304	1
11746	10310	1
11747	10311	0
11748	10312	1
11749	10315	0
11750	10319	0
11751	10336	0
11752	10338	1
11753	10339	1
11754	10342	1
11755	10347	1
11756	10350	1
11757	10354	0
11758	10356	0
11759	10359	1
11760	10364	0
11761	10371	1
11762	10372	0
11763	10374	0
11764	10375	0
11765	10376	0
11766	10376	1
11767	10386	0
11768	10389	1
11769	10391	0
11770	10392	0
11771	10395	1
11772	10396	1
11773	10398	0
11774	10401	1
11775	10404	0
11776	10405	0
11777	10407	1
11778	10410	1
11779	10411	1
11780	10413	1
11781	10416	1
11782	10418	1
11783	10419	0
11784	10419	1
11785	10420	0
11786	10420	1
11787	10430	1
11788	10431	1
11789	10433	0
11790	10436	0
11791	10438	1
11792	10440	1
11793	10443	1
11794	10444	1
11795	10449	0
11796	10450	0
11797	10451	0
11798	10453	0
11799	10455	1
11800	10458	1
11801	10461	1
11802	10466	0
11803	10467	1
11804	10471	0
11805	10472	0
11806	10474	1
11807	10478	0
11808	10479	0
11809	10482	1
11810	10487	0
11811	10487	1
11812	10488	1
11813	10489	0
11814	10490	0
11815	10492	1
11816	10501	1
11817	10502	1
11818	10505	0
11819	10506	0
11820	10509	0
11821	10512	1
11822	10515	0
11823	10517	0
11824	10518	1
11825	10521	1
11826	10523	1
11827	10529	1
11828	10530	1
11829	10531	0
11830	10543	1
11831	10548	1
11832	10550	1
11833	10551	1
11834	10552	1
11835	10553	1
11836	10555	0
11837	10555	1
11838	10559	1
11839	10562	0
11840	10572	1
11841	10575	0
11842	10584	0
11843	10586	1
11844	10588	0
11845	10589	1
11846	10592	1
11847	10593	1
11848	10594	1
11849	10596	1
11850	10601	0
11851	10607	0
11852	10613	1
11853	10614	0
11854	10615	0
11855	10619	0
11856	10622	1
11857	10627	1
11858	10637	0
11859	10637	1
11860	10640	1
11861	10643	0
11862	10644	1
11863	10650	0
11864	10652	1
11865	10653	0
11866	10656	0
11867	10656	1
11868	10659	1
11869	10665	0
11870	10665	1
11871	10666	1
11872	10668	0
11873	10669	0
11874	10670	0
11875	10670	1
11876	10672	1
11877	10673	0
11878	10673	1
11879	10674	1
11880	10679	0
11881	10685	0
11882	10685	1
11883	10687	0
11884	10688	0
11885	10689	1
11886	10695	1
11887	10703	0
11888	10708	0
11889	10716	1
11890	10719	1
11891	10722	0
11892	10730	1
11893	10733	1
11894	10735	0
11895	10737	1
11896	10738	1
11897	10741	1
11898	10742	1
11899	10748	1
11900	10752	0
11901	10753	1
11902	10755	0
11903	10758	0
11904	10766	1
11905	10768	0
11906	10768	1
11907	10769	1
11908	10777	1
11909	10779	0
11910	10784	1
11911	10787	1
11912	10792	1
11913	10794	0
11914	10795	0
11915	10797	1
11916	10799	1
11917	10807	0
11918	10809	0
11919	10816	0
11920	10816	1
11921	10817	0
11922	10817	1
11923	10821	0
11924	10821	1
11925	10822	0
11926	10823	0
11927	10828	0
11928	10828	1
11929	10833	0
11930	10843	1
11931	10846	1
11932	10856	1
11933	10859	0
11934	10859	1
11935	10861	1
11936	10869	0
11937	10872	1
11938	10878	1
11939	10879	0
11940	10881	1
11941	10882	0
11942	10884	1
11943	10888	0
11944	10888	1
11945	10892	1
11946	10896	0
11947	10897	1
11948	10898	1
11949	10900	0
11950	10907	1
11951	10909	0
11952	10912	1
11953	10918	1
11954	10922	0
11955	10923	1
11956	10925	1
11957	10926	0
11958	10927	1
11959	10929	1
11960	10936	1
11961	10939	0
11962	10946	0
11963	10947	0
11964	10948	0
11965	10955	0
11966	10956	1
11967	10958	0
11968	10968	1
11969	10983	1
11970	10986	0
11971	10986	1
11972	10993	1
11973	10999	0
11974	11011	1
11975	11012	0
11976	11012	1
11977	11013	0
11978	11014	1
11979	11015	0
11980	11015	1
11981	11025	1
11982	11026	0
11983	11036	0
11984	11038	1
11985	11039	0
11986	11042	0
11987	11044	0
11988	11045	1
11989	11060	0
11990	11062	1
11991	11069	1
11992	11087	1
11993	11104	0
11994	11105	0
11995	11109	1
11996	11111	1
11997	11113	0
11998	11125	0
11999	11129	1
12000	11133	1
12001	11137	1
12002	11153	0
12003	11153	1
12004	11154	1
12005	11156	1
12006	11157	1
12007	11165	1
12008	11171	1
12009	11173	1
12010	11174	0
12011	11178	1
12012	11180	1
12013	11181	1
12014	11182	1
12015	11189	1
12016	11190	1
12017	11195	0
12018	11207	0
12019	11211	0
12020	11219	1
12021	11220	0
12022	11224	1
12023	11226	0
12024	11229	1
12025	11232	0
12026	11233	1
12027	11239	0
12028	11240	0
12029	11241	1
12030	11249	0
12031	11251	1
12032	11254	1
12033	11255	0
12034	11262	0
12035	11263	0
12036	11268	1
12037	11278	0
12038	11289	1
12039	11292	1
12040	11296	0
12041	11297	1
12042	11300	0
12043	11306	0
12044	11307	0
12045	11314	0
12046	11316	1
12047	11317	1
12048	11320	1
12049	11322	1
12050	11332	0
12051	11335	1
12052	11343	0
12053	11344	0
12054	11344	1
12055	11345	1
12056	11357	0
12057	11360	0
12058	11367	0
12059	11372	1
12060	11376	1
12061	11381	1
12062	11382	1
12063	11383	1
12064	11392	0
12065	11400	0
12066	11401	1
12067	11403	1
12068	11410	0
12069	11411	1
12070	11412	0
12071	11416	0
12072	11417	0
12073	11426	0
12074	11427	0
12075	11431	0
12076	11439	0
12077	11446	1
12078	11454	1
12079	11457	1
12080	11464	0
12081	11466	1
12082	11471	1
12083	11480	1
12084	11481	0
12085	11483	1
12086	11487	1
12087	11516	1
12088	11518	1
12089	11526	1
12090	11529	0
12091	11532	1
12092	11533	1
12093	11540	0
12094	11541	0
12095	11543	1
12096	11544	0
12097	11546	0
12098	11562	1
12099	11585	1
12100	11591	0
12101	11601	1
12102	11612	1
12103	11617	1
12104	11645	1
12105	11655	1
12106	11659	1
12107	11667	0
12108	11672	0
12109	11698	0
12110	11700	1
12111	11710	1
12112	11725	1
12113	11733	0
12114	11735	0
12115	11757	0
12116	11762	1
12117	11766	0
12118	11775	1
12119	11781	1
12120	11793	0
12121	11797	1
12122	11818	1
12123	11829	1
12124	11844	1
12125	11864	0
12126	11875	1
12127	11883	1
12128	11884	1
12129	11902	0
12130	11903	1
12131	11910	1
12132	11919	1
12133	11922	1
12134	11930	1
12135	11931	1
12136	11933	0
12137	11943	1
12138	11946	1
12139	11963	0
12140	12009	1
12141	12019	0
12142	12054	0
12143	12109	1
