from	generator	to
0	0	1
0	1	2
1	0	3
1	1	4
2	0	5
2	1	6
3	0	7
3	1	8
4	0	9
4	1	10
5	0	11
5	1	12
6	0	13
6	1	14
7	0	15
7	1	16
8	0	17
8	1	18
9	0	19
9	1	20
10	0	21
10	1	22
11	0	23
11	1	24
12	0	25
12	1	26
13	0	27
13	1	28
14	0	29
14	1	0
15	0	30
15	1	31
16	0	32
16	1	33
17	0	14
17	1	34
18	0	35
18	1	36
19	0	37
19	1	38
20	0	39
20	1	40
21	0	41
21	1	42
22	0	43
22	1	1
23	0	44
23	1	45
24	0	38
24	1	46
25	0	47
25	1	48
26	0	49
26	1	50
27	0	51
27	1	52
28	0	53
28	1	54
29	0	55
29	1	56
30	0	57
30	1	58
31	0	59
31	1	60
32	0	22
32	1	61
33	0	62
33	1	63
34	0	64
34	1	65
35	0	66
35	1	67
36	0	68
36	1	3
37	0	69
37	1	70
38	0	0
38	1	71
39	0	72
39	1	73
40	0	74
40	1	75
41	0	76
41	1	77
42	0	78
42	1	79
43	0	80
43	1	81
44	0	82
44	1	83
45	0	84
45	1	85
46	0	86
46	1	87
47	0	88
47	1	89
48	0	90
48	1	91
49	0	92
49	1	93
50	0	94
50	1	5
51	0	95
51	1	96
52	0	89
52	1	97
53	0	98
53	1	99
54	0	100
54	1	101
55	0	102
55	1	103
56	0	104
56	1	105
57	0	106
57	1	107
58	0	108
58	1	109
59	0	36
59	1	110
60	0	111
60	1	112
61	0	113
61	1	114
62	0	115
62	1	116
63	0	117
63	1	7
64	0	118
64	1	119
65	0	120
65	1	121
66	0	122
66	1	123
67	0	124
67	1	125
68	0	126
68	1	127
69	0	128
69	1	129
70	0	130
70	1	131
71	0	132
71	1	133
72	0	134
72	1	135
73	0	136
73	1	137
74	0	138
74	1	139
75	0	140
75	1	9
76	0	141
76	1	142
77	0	135
77	1	143
78	0	144
78	1	145
79	0	146
79	1	147
80	0	148
80	1	149
81	0	150
81	1	151
82	0	152
82	1	153
83	0	154
83	1	155
84	0	50
84	1	156
85	0	157
85	1	158
86	0	159
86	1	160
87	0	161
87	1	11
88	0	162
88	1	163
89	0	2
89	1	164
90	0	165
90	1	166
91	0	167
91	1	168
92	0	169
92	1	170
93	0	171
93	1	172
94	0	173
94	1	174
95	0	175
95	1	176
96	0	177
96	1	178
97	0	179
97	1	180
98	0	181
98	1	182
99	0	183
99	1	184
100	0	185
100	1	186
101	0	187
101	1	13
102	0	188
102	1	189
103	0	182
103	1	190
104	0	121
104	1	191
105	0	192
105	1	193
106	0	194
106	1	195
107	0	196
107	1	197
108	0	63
108	1	198
109	0	199
109	1	200
110	0	201
110	1	202
111	0	203
111	1	204
112	0	205
112	1	15
113	0	206
113	1	207
114	0	208
114	1	209
115	0	210
115	1	211
116	0	212
116	1	213
117	0	214
117	1	215
118	0	216
118	1	217
119	0	218
119	1	219
120	0	220
120	1	221
121	0	222
121	1	17
122	0	223
122	1	224
123	0	217
123	1	225
124	0	226
124	1	227
125	0	228
125	1	229
126	0	230
126	1	231
127	0	232
127	1	233
128	0	234
128	1	235
129	0	236
129	1	237
130	0	75
130	1	238
131	0	239
131	1	240
132	0	241
132	1	242
133	0	243
133	1	19
134	0	244
134	1	245
135	0	4
135	1	246
136	0	247
136	1	248
137	0	249
137	1	250
138	0	251
138	1	252
139	0	253
139	1	254
140	0	255
140	1	256
141	0	257
141	1	258
142	0	259
142	1	260
143	0	261
143	1	262
144	0	263
144	1	264
145	0	265
145	1	266
146	0	267
146	1	268
147	0	269
147	1	21
148	0	270
148	1	271
149	0	264
149	1	272
150	0	209
150	1	273
151	0	274
151	1	275
152	0	276
152	1	277
153	0	278
153	1	279
154	0	87
154	1	280
155	0	281
155	1	282
156	0	283
156	1	284
157	0	285
157	1	286
158	0	287
158	1	23
159	0	288
159	1	106
160	0	289
160	1	290
161	0	291
161	1	292
162	0	293
162	1	294
163	0	295
163	1	296
164	0	297
164	1	298
165	0	299
165	1	300
166	0	301
166	1	302
167	0	303
167	1	304
168	0	305
168	1	25
169	0	306
169	1	307
170	0	300
170	1	308
171	0	309
171	1	310
172	0	311
172	1	312
173	0	313
173	1	314
174	0	315
174	1	316
175	0	317
175	1	318
176	0	319
176	1	320
177	0	101
177	1	321
178	0	322
178	1	323
179	0	324
179	1	325
180	0	326
180	1	27
181	0	327
181	1	328
182	0	6
182	1	329
183	0	330
183	1	331
184	0	332
184	1	333
185	0	334
185	1	335
186	0	336
186	1	337
187	0	338
187	1	339
188	0	340
188	1	341
189	0	342
189	1	343
190	0	344
190	1	345
191	0	346
191	1	347
192	0	348
192	1	349
193	0	350
193	1	29
194	0	24
194	1	351
195	0	352
195	1	353
196	0	112
196	1	354
197	0	355
197	1	356
198	0	357
198	1	358
199	0	359
199	1	360
200	0	361
200	1	30
201	0	362
201	1	363
202	0	364
202	1	365
203	0	366
203	1	367
204	0	368
204	1	369
205	0	370
205	1	371
206	0	372
206	1	373
207	0	374
207	1	375
208	0	376
208	1	377
209	0	378
209	1	32
210	0	379
210	1	380
211	0	373
211	1	381
212	0	382
212	1	383
213	0	384
213	1	385
214	0	386
214	1	387
215	0	388
215	1	389
216	0	390
216	1	391
217	0	8
217	1	392
218	0	393
218	1	394
219	0	395
219	1	396
220	0	397
220	1	398
221	0	399
221	1	400
222	0	401
222	1	402
223	0	403
223	1	404
224	0	405
224	1	406
225	0	407
225	1	408
226	0	409
226	1	410
227	0	411
227	1	412
228	0	413
228	1	414
229	0	415
229	1	35
230	0	416
230	1	417
231	0	410
231	1	418
232	0	365
232	1	419
233	0	420
233	1	421
234	0	422
234	1	423
235	0	424
235	1	425
236	0	133
236	1	426
237	0	427
237	1	428
238	0	429
238	1	430
239	0	431
239	1	432
240	0	433
240	1	37
241	0	434
241	1	194
242	0	435
242	1	436
243	0	437
243	1	438
244	0	439
244	1	440
245	0	441
245	1	442
246	0	443
246	1	444
247	0	445
247	1	446
248	0	447
248	1	448
249	0	449
249	1	450
250	0	451
250	1	39
251	0	452
251	1	453
252	0	446
252	1	454
253	0	455
253	1	456
254	0	457
254	1	458
255	0	459
255	1	460
256	0	461
256	1	462
257	0	463
257	1	464
258	0	465
258	1	466
259	0	147
259	1	467
260	0	468
260	1	469
261	0	470
261	1	471
262	0	472
262	1	41
263	0	473
263	1	474
264	0	10
264	1	475
265	0	476
265	1	477
266	0	478
266	1	479
267	0	480
267	1	481
268	0	482
268	1	483
269	0	484
269	1	485
270	0	486
270	1	487
271	0	488
271	1	489
272	0	490
272	1	491
273	0	492
273	1	493
274	0	494
274	1	495
275	0	496
275	1	43
276	0	497
276	1	498
277	0	499
277	1	500
278	0	158
278	1	501
279	0	502
279	1	503
280	0	504
280	1	505
281	0	506
281	1	507
282	0	508
282	1	44
283	0	509
283	1	510
284	0	511
284	1	512
285	0	513
285	1	514
286	0	515
286	1	516
287	0	517
287	1	518
288	0	519
288	1	520
289	0	521
289	1	522
290	0	523
290	1	524
291	0	525
291	1	526
292	0	527
292	1	528
293	0	529
293	1	530
294	0	531
294	1	532
295	0	168
295	1	533
296	0	534
296	1	535
297	0	536
297	1	537
298	0	538
298	1	47
299	0	539
299	1	540
300	0	12
300	1	541
301	0	493
301	1	542
302	0	543
302	1	544
303	0	383
303	1	545
304	0	546
304	1	547
305	0	548
305	1	549
306	0	550
306	1	551
307	0	552
307	1	553
308	0	554
308	1	555
309	0	556
309	1	557
310	0	558
310	1	559
311	0	560
311	1	561
312	0	562
312	1	49
313	0	563
313	1	564
314	0	557
314	1	565
315	0	512
315	1	566
316	0	567
316	1	568
317	0	569
317	1	570
318	0	571
318	1	572
319	0	180
319	1	573
320	0	574
320	1	575
321	0	576
321	1	577
322	0	578
322	1	579
323	0	489
323	1	51
324	0	580
324	1	276
325	0	581
325	1	582
326	0	583
326	1	584
327	0	585
327	1	586
328	0	587
328	1	588
329	0	589
329	1	590
330	0	591
330	1	592
331	0	593
331	1	594
332	0	595
332	1	596
333	0	394
333	1	53
334	0	597
334	1	598
335	0	592
335	1	599
336	0	600
336	1	601
337	0	602
337	1	603
338	0	389
338	1	604
339	0	605
339	1	606
340	0	607
340	1	608
341	0	609
341	1	610
342	0	193
342	1	611
343	0	612
343	1	613
344	0	614
344	1	615
345	0	616
345	1	55
346	0	617
346	1	618
347	0	619
347	1	620
348	0	621
348	1	622
349	0	623
349	1	624
350	0	625
350	1	626
351	0	627
351	1	628
352	0	200
352	1	629
353	0	630
353	1	159
354	0	631
354	1	632
355	0	633
355	1	634
356	0	635
356	1	57
357	0	636
357	1	637
358	0	638
358	1	639
359	0	640
359	1	641
360	0	642
360	1	643
361	0	644
361	1	645
362	0	646
362	1	647
363	0	648
363	1	649
364	0	650
364	1	651
365	0	652
365	1	59
366	0	653
366	1	654
367	0	647
367	1	655
368	0	656
368	1	657
369	0	658
369	1	659
370	0	660
370	1	661
371	0	662
371	1	663
372	0	664
372	1	665
373	0	16
373	1	666
374	0	667
374	1	668
375	0	669
375	1	670
376	0	671
376	1	672
377	0	673
377	1	674
378	0	675
378	1	676
379	0	677
379	1	678
380	0	679
380	1	680
381	0	681
381	1	682
382	0	683
382	1	684
383	0	685
383	1	686
384	0	687
384	1	688
385	0	689
385	1	62
386	0	690
386	1	691
387	0	684
387	1	692
388	0	639
388	1	693
389	0	694
389	1	695
390	0	696
390	1	697
391	0	698
391	1	699
392	0	700
392	1	701
393	0	702
393	1	703
394	0	704
394	1	705
395	0	706
395	1	707
396	0	708
396	1	64
397	0	709
397	1	710
398	0	703
398	1	711
399	0	712
399	1	713
400	0	714
400	1	715
401	0	716
401	1	717
402	0	718
402	1	719
403	0	720
403	1	721
404	0	722
404	1	723
405	0	229
405	1	724
406	0	725
406	1	726
407	0	727
407	1	728
408	0	729
408	1	66
409	0	730
409	1	731
410	0	18
410	1	732
411	0	733
411	1	734
412	0	735
412	1	736
413	0	737
413	1	738
414	0	739
414	1	740
415	0	741
415	1	742
416	0	743
416	1	744
417	0	745
417	1	746
418	0	747
418	1	748
419	0	749
419	1	750
420	0	751
420	1	752
421	0	753
421	1	68
422	0	754
422	1	755
423	0	756
423	1	757
424	0	240
424	1	758
425	0	759
425	1	760
426	0	761
426	1	762
427	0	763
427	1	764
428	0	765
428	1	69
429	0	766
429	1	767
430	0	768
430	1	769
431	0	770
431	1	771
432	0	772
432	1	773
433	0	774
433	1	775
434	0	776
434	1	777
435	0	778
435	1	779
436	0	780
436	1	781
437	0	782
437	1	783
438	0	784
438	1	785
439	0	786
439	1	787
440	0	788
440	1	789
441	0	250
441	1	790
442	0	791
442	1	792
443	0	793
443	1	794
444	0	795
444	1	72
445	0	796
445	1	797
446	0	20
446	1	798
447	0	750
447	1	799
448	0	800
448	1	801
449	0	657
449	1	802
450	0	803
450	1	804
451	0	805
451	1	806
452	0	807
452	1	808
453	0	809
453	1	810
454	0	811
454	1	812
455	0	813
455	1	814
456	0	815
456	1	816
457	0	817
457	1	818
458	0	819
458	1	74
459	0	820
459	1	821
460	0	814
460	1	822
461	0	769
461	1	823
462	0	824
462	1	825
463	0	826
463	1	827
464	0	828
464	1	829
465	0	262
465	1	830
466	0	831
466	1	832
467	0	833
467	1	834
468	0	835
468	1	836
469	0	746
469	1	76
470	0	837
470	1	422
471	0	838
471	1	839
472	0	840
472	1	841
473	0	842
473	1	843
474	0	844
474	1	845
475	0	846
475	1	847
476	0	848
476	1	849
477	0	850
477	1	851
478	0	852
478	1	853
479	0	668
479	1	78
480	0	854
480	1	855
481	0	849
481	1	856
482	0	857
482	1	858
483	0	859
483	1	860
484	0	663
484	1	861
485	0	862
485	1	863
486	0	864
486	1	865
487	0	866
487	1	867
488	0	275
488	1	868
489	0	869
489	1	870
490	0	871
490	1	872
491	0	873
491	1	80
492	0	874
492	1	875
493	0	876
493	1	877
494	0	878
494	1	879
495	0	880
495	1	881
496	0	882
496	1	883
497	0	52
497	1	884
498	0	885
498	1	886
499	0	282
499	1	887
500	0	888
500	1	889
501	0	890
501	1	891
502	0	892
502	1	893
503	0	894
503	1	82
504	0	895
504	1	896
505	0	897
505	1	898
506	0	899
506	1	900
507	0	901
507	1	902
508	0	903
508	1	904
509	0	905
509	1	906
510	0	907
510	1	908
511	0	909
511	1	910
512	0	911
512	1	84
513	0	912
513	1	913
514	0	906
514	1	914
515	0	915
515	1	916
516	0	917
516	1	918
517	0	919
517	1	920
518	0	921
518	1	922
519	0	923
519	1	924
520	0	925
520	1	926
521	0	927
521	1	928
522	0	929
522	1	930
523	0	931
523	1	932
524	0	933
524	1	86
525	0	934
525	1	935
526	0	928
526	1	936
527	0	898
527	1	937
528	0	938
528	1	939
529	0	940
529	1	941
530	0	942
530	1	943
531	0	298
531	1	873
532	0	944
532	1	945
533	0	946
533	1	947
534	0	948
534	1	949
535	0	868
535	1	88
536	0	950
536	1	497
537	0	825
537	1	951
538	0	863
538	1	952
539	0	953
539	1	954
540	0	955
540	1	956
541	0	957
541	1	958
542	0	959
542	1	960
543	0	961
543	1	962
544	0	963
544	1	90
545	0	877
545	1	964
546	0	965
546	1	966
547	0	967
547	1	968
548	0	969
548	1	970
549	0	971
549	1	972
550	0	973
550	1	974
551	0	975
551	1	976
552	0	312
552	1	977
553	0	978
553	1	979
554	0	980
554	1	981
555	0	982
555	1	92
556	0	983
556	1	984
557	0	26
557	1	985
558	0	986
558	1	987
559	0	988
559	1	989
560	0	990
560	1	991
561	0	992
561	1	993
562	0	994
562	1	995
563	0	996
563	1	997
564	0	998
564	1	999
565	0	1000
565	1	1001
566	0	1002
566	1	1003
567	0	1004
567	1	1005
568	0	883
568	1	94
569	0	1006
569	1	1007
570	0	1008
570	1	1009
571	0	323
571	1	1010
572	0	1011
572	1	1012
573	0	1013
573	1	1014
574	0	1015
574	1	1016
575	0	1017
575	1	95
576	0	1018
576	1	1019
577	0	1020
577	1	1021
578	0	1022
578	1	1023
579	0	1024
579	1	1025
580	0	1026
580	1	1027
581	0	881
581	1	1028
582	0	1029
582	1	1030
583	0	1031
583	1	1032
584	0	1033
584	1	1034
585	0	1035
585	1	1036
586	0	1037
586	1	1038
587	0	333
587	1	1039
588	0	1040
588	1	1041
589	0	1042
589	1	1043
590	0	1044
590	1	98
591	0	1045
591	1	1046
592	0	28
592	1	1047
593	0	1003
593	1	1048
594	0	1049
594	1	1050
595	0	916
595	1	1051
596	0	1052
596	1	1053
597	0	1054
597	1	1055
598	0	1056
598	1	1057
599	0	1058
599	1	1059
600	0	1060
600	1	1061
601	0	1062
601	1	1063
602	0	1064
602	1	1065
603	0	711
603	1	100
604	0	1061
604	1	1066
605	0	1021
605	1	1067
606	0	732
606	1	1068
607	0	123
607	1	1069
608	0	1070
608	1	1071
609	0	345
609	1	1072
610	0	1073
610	1	1074
611	0	1075
611	1	1076
612	0	1077
612	1	1078
613	0	999
613	1	102
614	0	1079
614	1	569
615	0	1080
615	1	1081
616	0	1082
616	1	1083
617	0	1084
617	1	1085
618	0	1086
618	1	1087
619	0	1088
619	1	1089
620	0	779
620	1	104
621	0	1090
621	1	1091
622	0	1085
622	1	1092
623	0	1093
623	1	1094
624	0	1095
624	1	1096
625	0	922
625	1	1097
626	0	798
626	1	1098
627	0	356
627	1	1099
628	0	1100
628	1	241
629	0	1101
629	1	1102
630	0	1103
630	1	1104
631	0	1105
631	1	1106
632	0	1107
632	1	1108
633	0	1109
633	1	1110
634	0	1111
634	1	1112
635	0	1113
635	1	1114
636	0	1115
636	1	1116
637	0	1117
637	1	1118
638	0	1119
638	1	1120
639	0	1121
639	1	108
640	0	1122
640	1	1123
641	0	1116
641	1	1124
642	0	1125
642	1	1126
643	0	1127
643	1	1128
644	0	1129
644	1	1130
645	0	1131
645	1	1132
646	0	1133
646	1	1134
647	0	31
647	1	1135
648	0	1136
648	1	1137
649	0	1138
649	1	1139
650	0	1140
650	1	1141
651	0	1142
651	1	1143
652	0	1144
652	1	1145
653	0	1146
653	1	1147
654	0	1148
654	1	1149
655	0	1150
655	1	1151
656	0	1152
656	1	1153
657	0	1154
657	1	1155
658	0	1156
658	1	1157
659	0	1158
659	1	111
660	0	1159
660	1	1160
661	0	1153
661	1	1161
662	0	1108
662	1	1162
663	0	1163
663	1	1164
664	0	1165
664	1	1166
665	0	1167
665	1	1168
666	0	1169
666	1	1170
667	0	1171
667	1	1172
668	0	1173
668	1	1174
669	0	1175
669	1	1176
670	0	1177
670	1	113
671	0	1178
671	1	1179
672	0	1172
672	1	1180
673	0	1181
673	1	1182
674	0	1183
674	1	1184
675	0	1185
675	1	1186
676	0	545
676	1	1187
677	0	1188
677	1	1189
678	0	1190
678	1	1191
679	0	385
679	1	1192
680	0	1193
680	1	1194
681	0	1195
681	1	1196
682	0	1197
682	1	115
683	0	1198
683	1	1199
684	0	33
684	1	1200
685	0	1201
685	1	1202
686	0	1203
686	1	1204
687	0	1205
687	1	1206
688	0	1207
688	1	1208
689	0	1209
689	1	1210
690	0	1211
690	1	1212
691	0	1213
691	1	1214
692	0	1215
692	1	1216
693	0	1217
693	1	1218
694	0	1219
694	1	1220
695	0	1221
695	1	117
696	0	1222
696	1	1223
697	0	1224
697	1	1225
698	0	396
698	1	1226
699	0	1227
699	1	1228
700	0	1229
700	1	1230
701	0	1231
701	1	118
702	0	1232
702	1	1233
703	0	34
703	1	1234
704	0	1218
704	1	1235
705	0	1236
705	1	1237
706	0	1126
706	1	1238
707	0	1239
707	1	1240
708	0	1241
708	1	1242
709	0	1243
709	1	1244
710	0	1245
710	1	1246
711	0	1247
711	1	1248
712	0	1249
712	1	1250
713	0	1251
713	1	1252
714	0	1253
714	1	1254
715	0	1255
715	1	120
716	0	1256
716	1	1257
717	0	1250
717	1	1258
718	0	620
718	1	1259
719	0	1260
719	1	1261
720	0	1262
720	1	1263
721	0	1264
721	1	1265
722	0	408
722	1	1266
723	0	1267
723	1	1268
724	0	1269
724	1	1270
725	0	1271
725	1	1272
726	0	1214
726	1	122
727	0	1273
727	1	340
728	0	1274
728	1	1275
729	0	1276
729	1	1277
730	0	1278
730	1	1279
731	0	1280
731	1	1281
732	0	1282
732	1	1283
733	0	1284
733	1	1285
734	0	1286
734	1	1287
735	0	1288
735	1	1289
736	0	1137
736	1	124
737	0	1290
737	1	1291
738	0	1285
738	1	1292
739	0	1293
739	1	1294
740	0	1295
740	1	1296
741	0	1132
741	1	1297
742	0	1298
742	1	1299
743	0	1300
743	1	1301
744	0	1302
744	1	1303
745	0	421
745	1	1304
746	0	1305
746	1	1306
747	0	1307
747	1	1308
748	0	1309
748	1	126
749	0	1310
749	1	1311
750	0	1312
750	1	1313
751	0	1314
751	1	1315
752	0	1316
752	1	1317
753	0	1318
753	1	1319
754	0	77
754	1	1320
755	0	1321
755	1	1322
756	0	428
756	1	1323
757	0	1324
757	1	1325
758	0	1326
758	1	1327
759	0	1328
759	1	1329
760	0	1330
760	1	128
761	0	1331
761	1	1332
762	0	1333
762	1	1334
763	0	1335
763	1	1336
764	0	1337
764	1	1338
765	0	1339
765	1	1340
766	0	1341
766	1	1342
767	0	1343
767	1	1344
768	0	1345
768	1	1346
769	0	522
769	1	130
770	0	1347
770	1	1348
771	0	1342
771	1	1349
772	0	1350
772	1	1351
773	0	1352
773	1	1353
774	0	1354
774	1	1355
775	0	541
775	1	1356
776	0	1357
776	1	1358
777	0	1359
777	1	1360
778	0	1361
778	1	1362
779	0	1363
779	1	1364
780	0	1365
780	1	1366
781	0	1367
781	1	132
782	0	1368
782	1	1369
783	0	1362
783	1	1370
784	0	1334
784	1	1371
785	0	1372
785	1	1373
786	0	1374
786	1	1375
787	0	1376
787	1	1377
788	0	444
788	1	1309
789	0	1378
789	1	1379
790	0	1380
790	1	1381
791	0	1382
791	1	1383
792	0	1304
792	1	134
793	0	1384
793	1	754
794	0	1261
794	1	1385
795	0	1299
795	1	1386
796	0	1387
796	1	1388
797	0	1389
797	1	1390
798	0	1391
798	1	1392
799	0	1393
799	1	1394
800	0	1395
800	1	1396
801	0	1397
801	1	136
802	0	1313
802	1	1398
803	0	1399
803	1	1400
804	0	1401
804	1	1402
805	0	1403
805	1	1404
806	0	1405
806	1	1406
807	0	1407
807	1	1408
808	0	1409
808	1	1410
809	0	458
809	1	1411
810	0	1412
810	1	1413
811	0	1414
811	1	1415
812	0	1416
812	1	138
813	0	1417
813	1	1418
814	0	40
814	1	1419
815	0	1420
815	1	1421
816	0	1422
816	1	1423
817	0	1424
817	1	1425
818	0	1426
818	1	1427
819	0	1428
819	1	1429
820	0	1430
820	1	1431
821	0	537
821	1	1432
822	0	1433
822	1	1434
823	0	1435
823	1	1436
824	0	1437
824	1	1438
825	0	1319
825	1	140
826	0	1439
826	1	1440
827	0	1441
827	1	1442
828	0	469
828	1	1443
829	0	1444
829	1	1445
830	0	1446
830	1	1447
831	0	1448
831	1	1449
832	0	1450
832	1	141
833	0	1451
833	1	1452
834	0	1453
834	1	1454
835	0	1455
835	1	1456
836	0	1457
836	1	1458
837	0	1459
837	1	1460
838	0	1317
838	1	1461
839	0	1462
839	1	1463
840	0	1464
840	1	1465
841	0	1466
841	1	1467
842	0	1468
842	1	1469
843	0	1470
843	1	1471
844	0	479
844	1	1472
845	0	1473
845	1	1474
846	0	1475
846	1	1476
847	0	1477
847	1	144
848	0	1478
848	1	1479
849	0	42
849	1	1480
850	0	1436
850	1	1481
851	0	1482
851	1	1483
852	0	1351
852	1	1484
853	0	1485
853	1	1486
854	0	1487
854	1	1488
855	0	1489
855	1	1490
856	0	1491
856	1	1492
857	0	1493
857	1	1494
858	0	1495
858	1	1496
859	0	1497
859	1	1498
860	0	1180
860	1	146
861	0	1494
861	1	1499
862	0	1454
862	1	1500
863	0	1200
863	1	1501
864	0	211
864	1	1502
865	0	1503
865	1	1504
866	0	491
866	1	1505
867	0	1506
867	1	1507
868	0	1508
868	1	1509
869	0	1510
869	1	1511
870	0	1432
870	1	148
871	0	1512
871	1	826
872	0	1513
872	1	1514
873	0	1515
873	1	1516
874	0	1517
874	1	1518
875	0	1519
875	1	1520
876	0	1521
876	1	1522
877	0	48
877	1	150
878	0	1523
878	1	1524
879	0	1518
879	1	1525
880	0	1526
880	1	1527
881	0	1528
881	1	1529
882	0	1356
882	1	1530
883	0	1234
883	1	1531
884	0	1532
884	1	1533
885	0	503
885	1	1534
886	0	1535
886	1	324
887	0	1536
887	1	1537
888	0	1538
888	1	1539
889	0	1540
889	1	152
890	0	1541
890	1	1542
891	0	1543
891	1	1544
892	0	1545
892	1	1546
893	0	1547
893	1	1548
894	0	1549
894	1	1550
895	0	1551
895	1	1552
896	0	1553
896	1	1554
897	0	1555
897	1	1556
898	0	1557
898	1	154
899	0	1558
899	1	1559
900	0	1552
900	1	1560
901	0	1561
901	1	1562
902	0	1563
902	1	1564
903	0	1565
903	1	1566
904	0	1567
904	1	1568
905	0	1569
905	1	1570
906	0	45
906	1	1571
907	0	1572
907	1	1573
908	0	1574
908	1	1575
909	0	1576
909	1	1577
910	0	1578
910	1	1579
911	0	1580
911	1	1581
912	0	1582
912	1	1583
913	0	1584
913	1	1585
914	0	1586
914	1	1587
915	0	1588
915	1	1589
916	0	1590
916	1	1591
917	0	1592
917	1	1593
918	0	1594
918	1	157
919	0	1595
919	1	1596
920	0	1589
920	1	1597
921	0	1544
921	1	1598
922	0	1599
922	1	1600
923	0	1601
923	1	1602
924	0	1603
924	1	1604
925	0	524
925	1	1605
926	0	1606
926	1	1607
927	0	1608
927	1	1609
928	0	46
928	1	1610
929	0	1611
929	1	1612
930	0	1484
930	1	1613
931	0	1614
931	1	1615
932	0	1616
932	1	1617
933	0	1618
933	1	1619
934	0	1620
934	1	1621
935	0	1622
935	1	1623
936	0	1624
936	1	1625
937	0	1626
937	1	1627
938	0	1628
938	1	1629
939	0	1530
939	1	161
940	0	1630
940	1	1631
941	0	1632
941	1	1633
942	0	535
942	1	1634
943	0	1635
943	1	1636
944	0	1637
944	1	1638
945	0	1639
945	1	162
946	0	1640
946	1	1641
947	0	1642
947	1	1643
948	0	1644
948	1	1645
949	0	1646
949	1	1647
950	0	1648
950	1	1649
951	0	1650
951	1	1651
952	0	1652
952	1	1653
953	0	1654
953	1	1655
954	0	1656
954	1	1657
955	0	544
955	1	1658
956	0	1659
956	1	1660
957	0	1661
957	1	424
958	0	1662
958	1	165
959	0	1627
959	1	1663
960	0	1664
960	1	1665
961	0	1562
961	1	1666
962	0	1667
962	1	1668
963	0	1669
963	1	1670
964	0	1671
964	1	1672
965	0	1673
965	1	1674
966	0	1675
966	1	1676
967	0	1677
967	1	1278
968	0	1527
968	1	167
969	0	1678
969	1	1679
970	0	1674
970	1	1680
971	0	1643
971	1	1681
972	0	1682
972	1	1683
973	0	1684
973	1	1685
974	0	1329
974	1	1686
975	0	555
975	1	1687
976	0	1449
976	1	1688
977	0	1689
977	1	1690
978	0	1691
978	1	1692
979	0	1623
979	1	169
980	0	1693
980	1	940
981	0	1694
981	1	1695
982	0	1696
982	1	1697
983	0	1698
983	1	1699
984	0	1700
984	1	1701
985	0	1702
985	1	1703
986	0	1704
986	1	1705
987	0	1706
987	1	1707
988	0	1708
988	1	1709
989	0	1573
989	1	171
990	0	1710
990	1	1711
991	0	1705
991	1	1712
992	0	1713
992	1	1119
993	0	1714
993	1	1715
994	0	1568
994	1	1716
995	0	1717
995	1	1718
996	0	1719
996	1	1720
997	0	1721
997	1	1722
998	0	568
998	1	1723
999	0	1724
999	1	1725
1000	0	1726
1000	1	1727
1001	0	1728
1001	1	173
1002	0	1729
1002	1	1730
1003	0	1731
1003	1	1732
1004	0	1733
1004	1	1734
1005	0	1735
1005	1	1736
1006	0	103
1006	1	1737
1007	0	1738
1007	1	1739
1008	0	575
1008	1	1740
1009	0	1741
1009	1	1742
1010	0	1743
1010	1	1744
1011	0	1745
1011	1	1746
1012	0	1747
1012	1	175
1013	0	1748
1013	1	1749
1014	0	1750
1014	1	1751
1015	0	1752
1015	1	1753
1016	0	1754
1016	1	1755
1017	0	1756
1017	1	1757
1018	0	1758
1018	1	1759
1019	0	1760
1019	1	1761
1020	0	1762
1020	1	1763
1021	0	1764
1021	1	177
1022	0	1765
1022	1	1766
1023	0	1759
1023	1	1767
1024	0	1246
1024	1	1768
1025	0	1769
1025	1	1770
1026	0	1771
1026	1	1772
1027	0	1773
1027	1	1774
1028	0	1775
1028	1	1776
1029	0	1777
1029	1	1778
1030	0	1779
1030	1	179
1031	0	1780
1031	1	1781
1032	0	1529
1032	1	1782
1033	0	1751
1033	1	1783
1034	0	1784
1034	1	1785
1035	0	1786
1035	1	1787
1036	0	1788
1036	1	1789
1037	0	590
1037	1	1728
1038	0	1790
1038	1	1791
1039	0	1792
1039	1	1793
1040	0	1794
1040	1	1795
1041	0	1723
1041	1	181
1042	0	1796
1042	1	1006
1043	0	1683
1043	1	1797
1044	0	1718
1044	1	1798
1045	0	1799
1045	1	1800
1046	0	1801
1046	1	1802
1047	0	1803
1047	1	1804
1048	0	1805
1048	1	1806
1049	0	1807
1049	1	1808
1050	0	1809
1050	1	183
1051	0	1732
1051	1	1810
1052	0	1811
1052	1	1812
1053	0	1813
1053	1	1814
1054	0	1815
1054	1	1816
1055	0	1817
1055	1	1818
1056	0	603
1056	1	1819
1057	0	1820
1057	1	1821
1058	0	1822
1058	1	1823
1059	0	1824
1059	1	185
1060	0	1825
1060	1	1826
1061	0	54
1061	1	1827
1062	0	1828
1062	1	1829
1063	0	1830
1063	1	1831
1064	0	1832
1064	1	1833
1065	0	1834
1065	1	1835
1066	0	1836
1066	1	1837
1067	0	1838
1067	1	1839
1068	0	1531
1068	1	187
1069	0	1840
1069	1	1841
1070	0	613
1070	1	1842
1071	0	1843
1071	1	727
1072	0	1844
1072	1	1845
1073	0	1846
1073	1	1847
1074	0	1848
1074	1	188
1075	0	1849
1075	1	1850
1076	0	1851
1076	1	1391
1077	0	1852
1077	1	1853
1078	0	1413
1078	1	1854
1079	0	1855
1079	1	1856
1080	0	1736
1080	1	1857
1081	0	1858
1081	1	1859
1082	0	1860
1082	1	1861
1083	0	1862
1083	1	1863
1084	0	1864
1084	1	1865
1085	0	56
1085	1	1866
1086	0	1839
1086	1	1867
1087	0	1868
1087	1	1869
1088	0	1768
1088	1	1870
1089	0	1871
1089	1	1872
1090	0	1873
1090	1	1874
1091	0	1875
1091	1	1876
1092	0	1877
1092	1	1878
1093	0	1879
1093	1	1880
1094	0	1881
1094	1	1882
1095	0	1883
1095	1	1884
1096	0	1370
1096	1	192
1097	0	1880
1097	1	1885
1098	0	1610
1098	1	1886
1099	0	1887
1099	1	1888
1100	0	1889
1100	1	1890
1101	0	1891
1101	1	1892
1102	0	1893
1102	1	1894
1103	0	1895
1103	1	1896
1104	0	1897
1104	1	1898
1105	0	1899
1105	1	1900
1106	0	1901
1106	1	1902
1107	0	1903
1107	1	1904
1108	0	1905
1108	1	196
1109	0	1906
1109	1	1907
1110	0	1900
1110	1	1908
1111	0	1909
1111	1	1910
1112	0	1911
1112	1	1912
1113	0	1913
1113	1	1914
1114	0	1915
1114	1	1916
1115	0	1917
1115	1	1918
1116	0	58
1116	1	1595
1117	0	1919
1117	1	1920
1118	0	1921
1118	1	1922
1119	0	1923
1119	1	1924
1120	0	1925
1120	1	1926
1121	0	1927
1121	1	1928
1122	0	1009
1122	1	1929
1123	0	1930
1123	1	1931
1124	0	1932
1124	1	1933
1125	0	1934
1125	1	1935
1126	0	1936
1126	1	1937
1127	0	1938
1127	1	1939
1128	0	1940
1128	1	199
1129	0	1941
1129	1	1942
1130	0	1935
1130	1	1943
1131	0	1894
1131	1	1944
1132	0	1945
1132	1	1946
1133	0	1947
1133	1	1948
1134	0	1949
1134	1	1950
1135	0	1951
1135	1	1952
1136	0	1953
1136	1	1954
1137	0	1955
1137	1	1956
1138	0	1957
1138	1	1958
1139	0	1959
1139	1	201
1140	0	1960
1140	1	1961
1141	0	1954
1141	1	1962
1142	0	1963
1142	1	1964
1143	0	1965
1143	1	1966
1144	0	1967
1144	1	1968
1145	0	802
1145	1	1969
1146	0	1970
1146	1	1971
1147	0	1972
1147	1	1973
1148	0	659
1148	1	1974
1149	0	1975
1149	1	1976
1150	0	1977
1150	1	1978
1151	0	1979
1151	1	203
1152	0	1980
1152	1	1981
1153	0	60
1153	1	1982
1154	0	1983
1154	1	1984
1155	0	1985
1155	1	1986
1156	0	1987
1156	1	1988
1157	0	1989
1157	1	1990
1158	0	1991
1158	1	1992
1159	0	1993
1159	1	1994
1160	0	1995
1160	1	1996
1161	0	1997
1161	1	1998
1162	0	1999
1162	1	2000
1163	0	2001
1163	1	2002
1164	0	2003
1164	1	205
1165	0	2004
1165	1	2005
1166	0	2006
1166	1	2007
1167	0	670
1167	1	2008
1168	0	2009
1168	1	2010
1169	0	2011
1169	1	2012
1170	0	2013
1170	1	206
1171	0	2014
1171	1	2015
1172	0	61
1172	1	2016
1173	0	2000
1173	1	2017
1174	0	2018
1174	1	2019
1175	0	1910
1175	1	2020
1176	0	2021
1176	1	2022
1177	0	2023
1177	1	2024
1178	0	2025
1178	1	2026
1179	0	2027
1179	1	2028
1180	0	2029
1180	1	2030
1181	0	2031
1181	1	2032
1182	0	2033
1182	1	2034
1183	0	2035
1183	1	2036
1184	0	952
1184	1	208
1185	0	2037
1185	1	2038
1186	0	2032
1186	1	2039
1187	0	2040
1187	1	2041
1188	0	2042
1188	1	2043
1189	0	2044
1189	1	2045
1190	0	682
1190	1	2046
1191	0	2047
1191	1	2048
1192	0	2049
1192	1	2050
1193	0	2051
1193	1	2052
1194	0	1996
1194	1	210
1195	0	2053
1195	1	486
1196	0	2054
1196	1	2055
1197	0	2056
1197	1	2057
1198	0	2058
1198	1	2059
1199	0	2060
1199	1	2061
1200	0	2062
1200	1	2063
1201	0	2064
1201	1	2065
1202	0	2066
1202	1	2067
1203	0	968
1203	1	2068
1204	0	1920
1204	1	212
1205	0	2069
1205	1	2070
1206	0	2065
1206	1	2071
1207	0	2072
1207	1	2073
1208	0	2074
1208	1	2075
1209	0	1916
1209	1	2076
1210	0	2077
1210	1	2078
1211	0	2079
1211	1	2080
1212	0	2081
1212	1	2082
1213	0	695
1213	1	2083
1214	0	2084
1214	1	2085
1215	0	2086
1215	1	2087
1216	0	2088
1216	1	214
1217	0	2089
1217	1	2090
1218	0	2091
1218	1	2092
1219	0	2093
1219	1	2094
1220	0	2095
1220	1	2096
1221	0	1068
1221	1	2097
1222	0	2098
1222	1	2099
1223	0	2100
1223	1	2101
1224	0	701
1224	1	2088
1225	0	2102
1225	1	2103
1226	0	2104
1226	1	2105
1227	0	2106
1227	1	2107
1228	0	2083
1228	1	216
1229	0	2108
1229	1	607
1230	0	2041
1230	1	2109
1231	0	2078
1231	1	2110
1232	0	2111
1232	1	2112
1233	0	2113
1233	1	2114
1234	0	2115
1234	1	2116
1235	0	2117
1235	1	2118
1236	0	2119
1236	1	2120
1237	0	2121
1237	1	218
1238	0	2092
1238	1	2122
1239	0	2123
1239	1	2124
1240	0	2125
1240	1	2126
1241	0	2127
1241	1	2128
1242	0	2129
1242	1	2130
1243	0	2131
1243	1	2132
1244	0	2133
1244	1	2134
1245	0	715
1245	1	2135
1246	0	2136
1246	1	2137
1247	0	2138
1247	1	2139
1248	0	2140
1248	1	220
1249	0	2141
1249	1	2142
1250	0	65
1250	1	2143
1251	0	2144
1251	1	2145
1252	0	2146
1252	1	2147
1253	0	2148
1253	1	2149
1254	0	2150
1254	1	2151
1255	0	2152
1255	1	2153
1256	0	2154
1256	1	2155
1257	0	794
1257	1	2156
1258	0	2157
1258	1	2158
1259	0	2159
1259	1	2160
1260	0	2161
1260	1	2162
1261	0	2097
1261	1	222
1262	0	2163
1262	1	2164
1263	0	2165
1263	1	2166
1264	0	726
1264	1	2167
1265	0	2168
1265	1	2169
1266	0	2170
1266	1	2171
1267	0	2172
1267	1	2173
1268	0	2174
1268	1	223
1269	0	2175
1269	1	2176
1270	0	2177
1270	1	2178
1271	0	2179
1271	1	2180
1272	0	1712
1272	1	2181
1273	0	2182
1273	1	2183
1274	0	2096
1274	1	2184
1275	0	2185
1275	1	2186
1276	0	2187
1276	1	2188
1277	0	2189
1277	1	2190
1278	0	2191
1278	1	2192
1279	0	2193
1279	1	2194
1280	0	736
1280	1	2195
1281	0	2196
1281	1	2197
1282	0	2198
1282	1	2199
1283	0	2200
1283	1	226
1284	0	2201
1284	1	2202
1285	0	67
1285	1	2203
1286	0	2160
1286	1	2204
1287	0	2205
1287	1	2206
1288	0	1094
1288	1	2207
1289	0	2208
1289	1	2209
1290	0	2210
1290	1	2211
1291	0	2212
1291	1	2213
1292	0	2214
1292	1	2215
1293	0	2216
1293	1	2217
1294	0	1542
1294	1	2218
1295	0	1591
1295	1	2219
1296	0	1962
1296	1	228
1297	0	2217
1297	1	2220
1298	0	2178
1298	1	2221
1299	0	1982
1299	1	2222
1300	0	367
1300	1	2223
1301	0	2224
1301	1	2225
1302	0	748
1302	1	2226
1303	0	2227
1303	1	2228
1304	0	2229
1304	1	2230
1305	0	2231
1305	1	2232
1306	0	2156
1306	1	230
1307	0	2233
1307	1	1262
1308	0	2234
1308	1	2235
1309	0	2236
1309	1	2237
1310	0	2238
1310	1	2239
1311	0	2240
1311	1	2241
1312	0	2242
1312	1	2243
1313	0	73
1313	1	232
1314	0	2244
1314	1	2245
1315	0	2239
1315	1	2246
1316	0	2247
1316	1	2248
1317	0	2249
1317	1	2250
1318	0	1098
1318	1	2251
1319	0	2016
1319	1	2252
1320	0	2253
1320	1	2254
1321	0	760
1321	1	2255
1322	0	2256
1322	1	470
1323	0	2257
1323	1	2258
1324	0	2259
1324	1	2260
1325	0	2261
1325	1	234
1326	0	2262
1326	1	2263
1327	0	2264
1327	1	957
1328	0	2265
1328	1	2266
1329	0	979
1329	1	2267
1330	0	2268
1330	1	2269
1331	0	2270
1331	1	2271
1332	0	2272
1332	1	2273
1333	0	2274
1333	1	2275
1334	0	2276
1334	1	236
1335	0	2277
1335	1	2278
1336	0	2271
1336	1	2279
1337	0	2280
1337	1	2281
1338	0	2282
1338	1	2283
1339	0	2284
1339	1	2285
1340	0	2286
1340	1	2287
1341	0	2288
1341	1	2289
1342	0	70
1342	1	2290
1343	0	2291
1343	1	2292
1344	0	2293
1344	1	2294
1345	0	2295
1345	1	2296
1346	0	1808
1346	1	2297
1347	0	2298
1347	1	2299
1348	0	2300
1348	1	2301
1349	0	2302
1349	1	2303
1350	0	2304
1350	1	2305
1351	0	2306
1351	1	2307
1352	0	2308
1352	1	2309
1353	0	936
1353	1	239
1354	0	2310
1354	1	2311
1355	0	2305
1355	1	2312
1356	0	2313
1356	1	2314
1357	0	2315
1357	1	2316
1358	0	2317
1358	1	2318
1359	0	781
1359	1	2319
1360	0	2320
1360	1	2321
1361	0	2322
1361	1	2323
1362	0	71
1362	1	2324
1363	0	2325
1363	1	2326
1364	0	2207
1364	1	2327
1365	0	2328
1365	1	2329
1366	0	2330
1366	1	2331
1367	0	2332
1367	1	2333
1368	0	2334
1368	1	2335
1369	0	2336
1369	1	2337
1370	0	2338
1370	1	2339
1371	0	2340
1371	1	2341
1372	0	2342
1372	1	2343
1373	0	2251
1373	1	243
1374	0	2344
1374	1	2345
1375	0	2346
1375	1	2347
1376	0	792
1376	1	2348
1377	0	2349
1377	1	2350
1378	0	2351
1378	1	2352
1379	0	2353
1379	1	244
1380	0	2354
1380	1	2355
1381	0	2356
1381	1	2357
1382	0	2358
1382	1	2359
1383	0	2360
1383	1	2361
1384	0	2362
1384	1	2363
1385	0	2364
1385	1	2365
1386	0	2366
1386	1	2367
1387	0	2368
1387	1	2369
1388	0	2370
1388	1	2371
1389	0	801
1389	1	2372
1390	0	2373
1390	1	2374
1391	0	2375
1391	1	342
1392	0	2376
1392	1	247
1393	0	2341
1393	1	2377
1394	0	2378
1394	1	2379
1395	0	2281
1395	1	2380
1396	0	2381
1396	1	2382
1397	0	2383
1397	1	2384
1398	0	2385
1398	1	2386
1399	0	2387
1399	1	2388
1400	0	1793
1400	1	2389
1401	0	1655
1401	1	2058
1402	0	2248
1402	1	249
1403	0	2390
1403	1	2391
1404	0	2388
1404	1	2392
1405	0	2357
1405	1	2393
1406	0	2394
1406	1	2395
1407	0	2396
1407	1	2397
1408	0	1078
1408	1	2398
1409	0	812
1409	1	2399
1410	0	2173
1410	1	2400
1411	0	2401
1411	1	2402
1412	0	1778
1412	1	2403
1413	0	2337
1413	1	251
1414	0	2404
1414	1	1374
1415	0	2405
1415	1	2406
1416	0	2407
1416	1	2408
1417	0	2409
1417	1	2410
1418	0	1707
1418	1	2411
1419	0	2412
1419	1	2413
1420	0	2414
1420	1	2415
1421	0	2416
1421	1	2417
1422	0	2418
1422	1	2419
1423	0	2292
1423	1	253
1424	0	2420
1424	1	2421
1425	0	2415
1425	1	2422
1426	0	2423
1426	1	1903
1427	0	2424
1427	1	2425
1428	0	2287
1428	1	2426
1429	0	2427
1429	1	2428
1430	0	2429
1430	1	2430
1431	0	2431
1431	1	2432
1432	0	2433
1432	1	2434
1433	0	2435
1433	1	2436
1434	0	2437
1434	1	255
1435	0	2438
1435	1	2439
1436	0	2440
1436	1	2441
1437	0	2442
1437	1	2443
1438	0	2444
1438	1	2445
1439	0	149
1439	1	2446
1440	0	2447
1440	1	2448
1441	0	832
1441	1	2449
1442	0	572
1442	1	2450
1443	0	2451
1443	1	2452
1444	0	2453
1444	1	2454
1445	0	2455
1445	1	257
1446	0	2456
1446	1	2457
1447	0	2458
1447	1	2459
1448	0	2460
1448	1	2461
1449	0	2462
1449	1	2463
1450	0	2464
1450	1	2465
1451	0	2466
1451	1	2467
1452	0	2468
1452	1	2469
1453	0	2470
1453	1	2471
1454	0	2472
1454	1	259
1455	0	2473
1455	1	2474
1456	0	2467
1456	1	2475
1457	0	2028
1457	1	2476
1458	0	2477
1458	1	2478
1459	0	2479
1459	1	2480
1460	0	2481
1460	1	2482
1461	0	2483
1461	1	2484
1462	0	2485
1462	1	2486
1463	0	2487
1463	1	261
1464	0	2488
1464	1	2489
1465	0	2250
1465	1	2490
1466	0	2459
1466	1	2491
1467	0	2492
1467	1	2493
1468	0	2494
1468	1	2495
1469	0	2496
1469	1	2497
1470	0	847
1470	1	2437
1471	0	2498
1471	1	2499
1472	0	2500
1472	1	2501
1473	0	2502
1473	1	2503
1474	0	951
1474	1	263
1475	0	2504
1475	1	1439
1476	0	2395
1476	1	2505
1477	0	2428
1477	1	2506
1478	0	2507
1478	1	2508
1479	0	2509
1479	1	2510
1480	0	2511
1480	1	2512
1481	0	2513
1481	1	2514
1482	0	2515
1482	1	1871
1483	0	2516
1483	1	265
1484	0	2441
1484	1	2517
1485	0	2518
1485	1	2519
1486	0	2520
1486	1	2521
1487	0	2522
1487	1	2523
1488	0	2524
1488	1	2525
1489	0	860
1489	1	2526
1490	0	2527
1490	1	2528
1491	0	2529
1491	1	2530
1492	0	2531
1492	1	267
1493	0	2532
1493	1	2533
1494	0	79
1494	1	2534
1495	0	2535
1495	1	2536
1496	0	2537
1496	1	2538
1497	0	2539
1497	1	2540
1498	0	2541
1498	1	2542
1499	0	2543
1499	1	2544
1500	0	2545
1500	1	2546
1501	0	2252
1501	1	269
1502	0	2547
1502	1	2548
1503	0	870
1503	1	2549
1504	0	2550
1504	1	1195
1505	0	2551
1505	1	2552
1506	0	2553
1506	1	2554
1507	0	498
1507	1	270
1508	0	2555
1508	1	2556
1509	0	1047
1509	1	2115
1510	0	2557
1510	1	2558
1511	0	2137
1511	1	2559
1512	0	2560
1512	1	2561
1513	0	2445
1513	1	2562
1514	0	2563
1514	1	2564
1515	0	2565
1515	1	2566
1516	0	2567
1516	1	2568
1517	0	2569
1517	1	2570
1518	0	81
1518	1	2571
1519	0	2546
1519	1	2572
1520	0	2573
1520	1	2574
1521	0	2476
1521	1	2575
1522	0	2576
1522	1	2577
1523	0	2578
1523	1	2579
1524	0	1032
1524	1	2580
1525	0	2581
1525	1	2582
1526	0	985
1526	1	2583
1527	0	2584
1527	1	2585
1528	0	2586
1528	1	2587
1529	0	97
1529	1	274
1530	0	2583
1530	1	2588
1531	0	2324
1531	1	2589
1532	0	889
1532	1	2590
1533	0	2446
1533	1	536
1534	0	2591
1534	1	2592
1535	0	2593
1535	1	2594
1536	0	2595
1536	1	2596
1537	0	2597
1537	1	2598
1538	0	2599
1538	1	2600
1539	0	2601
1539	1	1243
1540	0	2602
1540	1	2603
1541	0	2604
1541	1	2605
1542	0	2606
1542	1	2607
1543	0	2608
1543	1	2609
1544	0	2610
1544	1	278
1545	0	2611
1545	1	2612
1546	0	2605
1546	1	2613
1547	0	2614
1547	1	2328
1548	0	2615
1548	1	2616
1549	0	2617
1549	1	2618
1550	0	2619
1550	1	2620
1551	0	2621
1551	1	2622
1552	0	83
1552	1	2623
1553	0	2312
1553	1	2624
1554	0	2625
1554	1	2626
1555	0	2627
1555	1	2628
1556	0	2629
1556	1	2630
1557	0	2631
1557	1	2632
1558	0	2633
1558	1	2634
1559	0	2635
1559	1	2636
1560	0	2637
1560	1	2638
1561	0	2639
1561	1	2640
1562	0	2641
1562	1	2642
1563	0	2643
1563	1	1173
1564	0	2644
1564	1	281
1565	0	2645
1565	1	2646
1566	0	2640
1566	1	2647
1567	0	2598
1567	1	2648
1568	0	2649
1568	1	2650
1569	0	2651
1569	1	2652
1570	0	2653
1570	1	2654
1571	0	2655
1571	1	2656
1572	0	2657
1572	1	2658
1573	0	2659
1573	1	2660
1574	0	2661
1574	1	2662
1575	0	2663
1575	1	283
1576	0	2664
1576	1	2665
1577	0	2658
1577	1	2666
1578	0	2667
1578	1	2668
1579	0	2669
1579	1	2670
1580	0	2671
1580	1	2672
1581	0	1051
1581	1	2673
1582	0	1907
1582	1	2674
1583	0	2675
1583	1	2676
1584	0	918
1584	1	2677
1585	0	2678
1585	1	2679
1586	0	2680
1586	1	2681
1587	0	2682
1587	1	285
1588	0	2683
1588	1	2684
1589	0	85
1589	1	2685
1590	0	2686
1590	1	2687
1591	0	2688
1591	1	2689
1592	0	2690
1592	1	2691
1593	0	2692
1593	1	2693
1594	0	2694
1594	1	2695
1595	0	2696
1595	1	2697
1596	0	2311
1596	1	2698
1597	0	2699
1597	1	2700
1598	0	2701
1598	1	2325
1599	0	2702
1599	1	2703
1600	0	2314
1600	1	287
1601	0	2704
1601	1	2705
1602	0	2706
1602	1	2707
1603	0	353
1603	1	2708
1604	0	2709
1604	1	2710
1605	0	2711
1605	1	2712
1606	0	2713
1606	1	2714
1607	0	2698
1607	1	288
1608	0	2715
1608	1	2716
1609	0	2717
1609	1	2718
1610	0	2719
1610	1	2720
1611	0	2721
1611	1	2722
1612	0	2723
1612	1	2724
1613	0	2624
1613	1	289
1614	0	2725
1614	1	2726
1615	0	2722
1615	1	2727
1616	0	2728
1616	1	2729
1617	0	2730
1617	1	2731
1618	0	2620
1618	1	2732
1619	0	2733
1619	1	2734
1620	0	2045
1620	1	2735
1621	0	2736
1621	1	2737
1622	0	939
1622	1	2738
1623	0	2739
1623	1	2740
1624	0	2741
1624	1	2742
1625	0	2743
1625	1	291
1626	0	2744
1626	1	2745
1627	0	2746
1627	1	2747
1628	0	2748
1628	1	2749
1629	0	2750
1629	1	2751
1630	0	170
1630	1	2752
1631	0	2209
1631	1	2753
1632	0	945
1632	1	2754
1633	0	2755
1633	1	2756
1634	0	2757
1634	1	2758
1635	0	2759
1635	1	2760
1636	0	2761
1636	1	293
1637	0	2762
1637	1	2763
1638	0	2764
1638	1	2765
1639	0	2766
1639	1	2767
1640	0	2768
1640	1	2769
1641	0	2770
1641	1	2771
1642	0	2772
1642	1	2349
1643	0	1028
1643	1	295
1644	0	2773
1644	1	2774
1645	0	2769
1645	1	2775
1646	0	2776
1646	1	2777
1647	0	2778
1647	1	2779
1648	0	1160
1648	1	2780
1649	0	2781
1649	1	2782
1650	0	2783
1650	1	2784
1651	0	2571
1651	1	297
1652	0	2568
1652	1	2785
1653	0	2786
1653	1	2787
1654	0	2788
1654	1	2789
1655	0	2790
1655	1	2791
1656	0	958
1656	1	2743
1657	0	2792
1657	1	2793
1658	0	1978
1658	1	2794
1659	0	2795
1659	1	2796
1660	0	2738
1660	1	299
1661	0	2797
1661	1	1630
1662	0	2734
1662	1	2798
1663	0	2799
1663	1	2800
1664	0	2801
1664	1	2802
1665	0	2803
1665	1	301
1666	0	2747
1666	1	2804
1667	0	2805
1667	1	1286
1668	0	2806
1668	1	2807
1669	0	2808
1669	1	2809
1670	0	2810
1670	1	2811
1671	0	2812
1671	1	2813
1672	0	2814
1672	1	303
1673	0	2815
1673	1	2816
1674	0	91
1674	1	2817
1675	0	2818
1675	1	1395
1676	0	2819
1676	1	2820
1677	0	2821
1677	1	2822
1678	0	2823
1678	1	2824
1679	0	1043
1679	1	2825
1680	0	2826
1680	1	2827
1681	0	2828
1681	1	2829
1682	0	2830
1682	1	2831
1683	0	2588
1683	1	305
1684	0	2832
1684	1	2833
1685	0	2834
1685	1	2835
1686	0	2836
1686	1	2837
1687	0	2838
1687	1	2839
1688	0	2840
1688	1	306
1689	0	2841
1689	1	2842
1690	0	2843
1690	1	2844
1691	0	2845
1691	1	2846
1692	0	2847
1692	1	2848
1693	0	2355
1693	1	2849
1694	0	2751
1694	1	2850
1695	0	2851
1695	1	2852
1696	0	2853
1696	1	2854
1697	0	2855
1697	1	2856
1698	0	2857
1698	1	2858
1699	0	2859
1699	1	2860
1700	0	989
1700	1	2451
1701	0	2861
1701	1	2862
1702	0	2863
1702	1	2864
1703	0	2865
1703	1	309
1704	0	2866
1704	1	2867
1705	0	93
1705	1	2868
1706	0	2829
1706	1	2869
1707	0	1423
1707	1	2870
1708	0	2777
1708	1	2871
1709	0	2872
1709	1	2873
1710	0	2874
1710	1	1312
1711	0	2875
1711	1	2876
1712	0	2877
1712	1	2878
1713	0	2879
1713	1	2880
1714	0	2881
1714	1	2882
1715	0	2666
1715	1	311
1716	0	2880
1716	1	2883
1717	0	2844
1717	1	2884
1718	0	2685
1718	1	2885
1719	0	514
1719	1	2886
1720	0	2887
1720	1	2888
1721	0	1001
1721	1	2889
1722	0	2890
1722	1	2891
1723	0	2892
1723	1	2893
1724	0	2894
1724	1	2895
1725	0	2825
1725	1	313
1726	0	2896
1726	1	1684
1727	0	2897
1727	1	2898
1728	0	2899
1728	1	2900
1729	0	2901
1729	1	2902
1730	0	2903
1730	1	2904
1731	0	2905
1731	1	2906
1732	0	99
1732	1	315
1733	0	2907
1733	1	2908
1734	0	2902
1734	1	2909
1735	0	2910
1735	1	2911
1736	0	2912
1736	1	2913
1737	0	2914
1737	1	2915
1738	0	1012
1738	1	2916
1739	0	2917
1739	1	614
1740	0	2918
1740	1	2919
1741	0	2920
1741	1	2921
1742	0	2922
1742	1	317
1743	0	2923
1743	1	2924
1744	0	2925
1744	1	2433
1745	0	1914
1745	1	2926
1746	0	2927
1746	1	2928
1747	0	2929
1747	1	2930
1748	0	2931
1748	1	2932
1749	0	2933
1749	1	2934
1750	0	2935
1750	1	2936
1751	0	2937
1751	1	319
1752	0	2938
1752	1	2939
1753	0	2932
1753	1	2940
1754	0	2941
1754	1	2942
1755	0	2943
1755	1	2944
1756	0	2945
1756	1	2946
1757	0	2947
1757	1	2138
1758	0	2948
1758	1	2949
1759	0	96
1759	1	2950
1760	0	2114
1760	1	2951
1761	0	2952
1761	1	2953
1762	0	2954
1762	1	2955
1763	0	2956
1763	1	2144
1764	0	2957
1764	1	2958
1765	0	2959
1765	1	2960
1766	0	2961
1766	1	2962
1767	0	2963
1767	1	2964
1768	0	2965
1768	1	2966
1769	0	2967
1769	1	2968
1770	0	2969
1770	1	322
1771	0	2970
1771	1	2971
1772	0	2972
1772	1	2973
1773	0	1030
1773	1	2974
1774	0	2975
1774	1	2976
1775	0	2977
1775	1	2978
1776	0	2871
1776	1	2979
1777	0	2980
1777	1	2981
1778	0	2982
1778	1	2983
1779	0	2984
1779	1	2985
1780	0	2986
1780	1	2987
1781	0	2112
1781	1	2988
1782	0	2989
1782	1	2990
1783	0	2991
1783	1	2992
1784	0	2993
1784	1	2994
1785	0	2116
1785	1	326
1786	0	2995
1786	1	2996
1787	0	2997
1787	1	2998
1788	0	1041
1788	1	2999
1789	0	3000
1789	1	3001
1790	0	3002
1790	1	3003
1791	0	3004
1791	1	327
1792	0	3005
1792	1	3006
1793	0	3007
1793	1	2119
1794	0	3008
1794	1	3009
1795	0	3010
1795	1	3011
1796	0	3012
1796	1	3013
1797	0	3014
1797	1	3015
1798	0	3016
1798	1	3017
1799	0	3018
1799	1	3019
1800	0	3020
1800	1	3021
1801	0	1050
1801	1	3022
1802	0	3023
1802	1	3024
1803	0	3025
1803	1	942
1804	0	3026
1804	1	330
1805	0	2992
1805	1	3027
1806	0	3028
1806	1	3029
1807	0	2942
1807	1	3030
1808	0	3031
1808	1	3032
1809	0	3033
1809	1	3034
1810	0	3035
1810	1	3036
1811	0	3037
1811	1	2117
1812	0	3038
1812	1	3039
1813	0	3040
1813	1	2715
1814	0	2911
1814	1	332
1815	0	3041
1815	1	1125
1816	0	2760
1816	1	3042
1817	0	1059
1817	1	3043
1818	0	2463
1818	1	3044
1819	0	3045
1819	1	3046
1820	0	3047
1820	1	3048
1821	0	2988
1821	1	334
1822	0	3049
1822	1	1786
1823	0	3050
1823	1	3051
1824	0	3052
1824	1	3053
1825	0	3054
1825	1	3055
1826	0	3056
1826	1	2123
1827	0	3057
1827	1	3058
1828	0	3059
1828	1	3060
1829	0	3061
1829	1	3062
1830	0	2255
1830	1	3063
1831	0	2951
1831	1	336
1832	0	3064
1832	1	3065
1833	0	3060
1833	1	3066
1834	0	3067
1834	1	2608
1835	0	3068
1835	1	3069
1836	0	3070
1836	1	3071
1837	0	2143
1837	1	338
1838	0	2130
1838	1	3072
1839	0	3073
1839	1	3074
1840	0	1074
1840	1	3075
1841	0	3076
1841	1	1229
1842	0	3077
1842	1	3078
1843	0	3079
1843	1	3080
1844	0	3081
1844	1	3082
1845	0	3083
1845	1	3084
1846	0	3085
1846	1	3086
1847	0	3087
1847	1	3088
1848	0	3089
1848	1	3090
1849	0	3091
1849	1	3092
1850	0	3093
1850	1	3094
1851	0	3095
1851	1	3096
1852	0	3097
1852	1	3098
1853	0	3092
1853	1	3099
1854	0	3100
1854	1	3101
1855	0	3102
1855	1	3103
1856	0	3104
1856	1	3105
1857	0	3106
1857	1	3107
1858	0	3108
1858	1	3109
1859	0	3110
1859	1	344
1860	0	3111
1860	1	3112
1861	0	2913
1861	1	3113
1862	0	3084
1862	1	3114
1863	0	3115
1863	1	3116
1864	0	3117
1864	1	3118
1865	0	3119
1865	1	3120
1866	0	3121
1866	1	3122
1867	0	3123
1867	1	3124
1868	0	3125
1868	1	3126
1869	0	3127
1869	1	346
1870	0	3074
1870	1	3128
1871	0	3129
1871	1	3130
1872	0	3131
1872	1	3132
1873	0	3133
1873	1	3134
1874	0	3135
1874	1	3136
1875	0	1096
1875	1	3137
1876	0	3138
1876	1	3139
1877	0	3140
1877	1	3141
1878	0	3142
1878	1	348
1879	0	3143
1879	1	3144
1880	0	105
1880	1	3145
1881	0	3146
1881	1	3147
1882	0	3148
1882	1	3149
1883	0	3150
1883	1	3151
1884	0	3152
1884	1	3153
1885	0	3154
1885	1	3155
1886	0	2589
1886	1	350
1887	0	3156
1887	1	911
1888	0	3157
1888	1	3158
1889	0	3159
1889	1	3160
1890	0	3161
1890	1	3162
1891	0	3163
1891	1	3164
1892	0	3165
1892	1	3166
1893	0	3167
1893	1	3168
1894	0	3169
1894	1	352
1895	0	3170
1895	1	3171
1896	0	3164
1896	1	3172
1897	0	3173
1897	1	3174
1898	0	3175
1898	1	3176
1899	0	3177
1899	1	3178
1900	0	107
1900	1	2310
1901	0	3179
1901	1	3180
1902	0	3181
1902	1	3182
1903	0	3183
1903	1	3184
1904	0	987
1904	1	2855
1905	0	3185
1905	1	3186
1906	0	1442
1906	1	3187
1907	0	3188
1907	1	3189
1908	0	3190
1908	1	2819
1909	0	3191
1909	1	3192
1910	0	3193
1910	1	3194
1911	0	3195
1911	1	3196
1912	0	920
1912	1	355
1913	0	3197
1913	1	3198
1914	0	3192
1914	1	3199
1915	0	3158
1915	1	3200
1916	0	3201
1916	1	3202
1917	0	3203
1917	1	3204
1918	0	3205
1918	1	3206
1919	0	3207
1919	1	3208
1920	0	3109
1920	1	3209
1921	0	3210
1921	1	3211
1922	0	3212
1922	1	357
1923	0	3213
1923	1	3214
1924	0	3208
1924	1	3215
1925	0	3216
1925	1	1700
1926	0	3217
1926	1	3218
1927	0	3219
1927	1	3220
1928	0	1238
1928	1	3221
1929	0	3222
1929	1	3223
1930	0	1128
1930	1	3224
1931	0	3225
1931	1	3226
1932	0	3227
1932	1	3228
1933	0	3229
1933	1	359
1934	0	3044
1934	1	3230
1935	0	109
1935	1	3231
1936	0	3232
1936	1	3233
1937	0	3234
1937	1	3235
1938	0	3236
1938	1	3237
1939	0	3238
1939	1	3239
1940	0	3240
1940	1	3241
1941	0	3242
1941	1	3243
1942	0	3244
1942	1	3245
1943	0	3246
1943	1	3247
1944	0	3248
1944	1	3249
1945	0	3250
1945	1	3251
1946	0	3252
1946	1	361
1947	0	3253
1947	1	3254
1948	0	3255
1948	1	3256
1949	0	1139
1949	1	3257
1950	0	3258
1950	1	3259
1951	0	3260
1951	1	3261
1952	0	3262
1952	1	362
1953	0	3263
1953	1	3264
1954	0	110
1954	1	3265
1955	0	3249
1955	1	3266
1956	0	3267
1956	1	3268
1957	0	3174
1957	1	3269
1958	0	3270
1958	1	3271
1959	0	3272
1959	1	3273
1960	0	3088
1960	1	3274
1961	0	3275
1961	1	2877
1962	0	3276
1962	1	3277
1963	0	3278
1963	1	3279
1964	0	3280
1964	1	1743
1965	0	3281
1965	1	3282
1966	0	1386
1966	1	364
1967	0	3283
1967	1	3284
1968	0	3279
1968	1	3285
1969	0	3286
1969	1	3287
1970	0	3288
1970	1	3289
1971	0	3290
1971	1	3291
1972	0	1151
1972	1	3292
1973	0	3293
1973	1	3294
1974	0	3295
1974	1	3296
1975	0	3297
1975	1	3298
1976	0	3245
1976	1	366
1977	0	3299
1977	1	743
1978	0	3300
1978	1	3301
1979	0	3302
1979	1	3303
1980	0	3304
1980	1	3305
1981	0	3306
1981	1	3307
1982	0	3308
1982	1	3309
1983	0	3310
1983	1	3311
1984	0	3312
1984	1	3313
1985	0	1402
1985	1	3314
1986	0	3180
1986	1	368
1987	0	3315
1987	1	3316
1988	0	3311
1988	1	3317
1989	0	3318
1989	1	3319
1990	0	3320
1990	1	3321
1991	0	926
1991	1	2627
1992	0	3322
1992	1	3323
1993	0	3324
1993	1	3325
1994	0	3326
1994	1	3327
1995	0	1164
1995	1	3328
1996	0	3329
1996	1	3330
1997	0	3331
1997	1	1049
1998	0	3332
1998	1	370
1999	0	3333
1999	1	3334
2000	0	3335
2000	1	3336
2001	0	3337
2001	1	3338
2002	0	3339
2002	1	3340
2003	0	1501
2003	1	3341
2004	0	3342
2004	1	3343
2005	0	3344
2005	1	3345
2006	0	1170
2006	1	3332
2007	0	3346
2007	1	3347
2008	0	3348
2008	1	3349
2009	0	3350
2009	1	3351
2010	0	3328
2010	1	372
2011	0	3352
2011	1	864
2012	0	3287
2012	1	3353
2013	0	3323
2013	1	3354
2014	0	3355
2014	1	3356
2015	0	3357
2015	1	3358
2016	0	3359
2016	1	3360
2017	0	3361
2017	1	3362
2018	0	3363
2018	1	3364
2019	0	3365
2019	1	374
2020	0	3336
2020	1	3366
2021	0	3367
2021	1	3368
2022	0	3369
2022	1	3370
2023	0	3371
2023	1	3372
2024	0	3373
2024	1	3374
2025	0	3375
2025	1	3376
2026	0	3377
2026	1	3378
2027	0	1184
2027	1	3379
2028	0	1806
2028	1	3380
2029	0	3381
2029	1	3382
2030	0	3383
2030	1	376
2031	0	3384
2031	1	3385
2032	0	114
2032	1	3386
2033	0	3387
2033	1	1616
2034	0	3388
2034	1	3389
2035	0	3390
2035	1	3391
2036	0	3392
2036	1	3393
2037	0	3394
2037	1	3395
2038	0	1230
2038	1	3396
2039	0	3397
2039	1	3398
2040	0	3399
2040	1	3400
2041	0	3341
2041	1	378
2042	0	3401
2042	1	3402
2043	0	3403
2043	1	3404
2044	0	1194
2044	1	3405
2045	0	900
2045	1	3406
2046	0	3407
2046	1	3035
2047	0	3408
2047	1	3409
2048	0	3410
2048	1	379
2049	0	3411
2049	1	3412
2050	0	3413
2050	1	3414
2051	0	3415
2051	1	3416
2052	0	2422
2052	1	3417
2053	0	3418
2053	1	3419
2054	0	3340
2054	1	3420
2055	0	3421
2055	1	3422
2056	0	3423
2056	1	3424
2057	0	3425
2057	1	3426
2058	0	3427
2058	1	3428
2059	0	3429
2059	1	3430
2060	0	1204
2060	1	3431
2061	0	3432
2061	1	3433
2062	0	3434
2062	1	3435
2063	0	3436
2063	1	382
2064	0	3437
2064	1	3438
2065	0	116
2065	1	3439
2066	0	1672
2066	1	3440
2067	0	3441
2067	1	3442
2068	0	3443
2068	1	3444
2069	0	3445
2069	1	3446
2070	0	3447
2070	1	3448
2071	0	3449
2071	1	3450
2072	0	3451
2072	1	3452
2073	0	2263
2073	1	3453
2074	0	2307
2074	1	3454
2075	0	3215
2075	1	384
2076	0	3452
2076	1	3455
2077	0	3414
2077	1	3456
2078	0	3231
2078	1	3457
2079	0	641
2079	1	3458
2080	0	3459
2080	1	3460
2081	0	1216
2081	1	3461
2082	0	3462
2082	1	3463
2083	0	3464
2083	1	3465
2084	0	3466
2084	1	3467
2085	0	3396
2085	1	386
2086	0	3468
2086	1	2042
2087	0	3469
2087	1	1578
2088	0	3470
2088	1	3471
2089	0	3472
2089	1	3473
2090	0	3474
2090	1	3475
2091	0	3476
2091	1	3477
2092	0	119
2092	1	388
2093	0	1023
2093	1	3478
2094	0	3473
2094	1	3479
2095	0	1837
2095	1	3480
2096	0	3481
2096	1	3482
2097	0	3265
2097	1	3483
2098	0	3484
2098	1	1017
2099	0	3485
2099	1	3486
2100	0	1228
2100	1	3487
2101	0	3488
2101	1	2945
2102	0	3489
2102	1	3490
2103	0	3491
2103	1	390
2104	0	3492
2104	1	3493
2105	0	3494
2105	1	3495
2106	0	3496
2106	1	3497
2107	0	3498
2107	1	3499
2108	0	3500
2108	1	3501
2109	0	3502
2109	1	3503
2110	0	3504
2110	1	3505
2111	0	3506
2111	1	3507
2112	0	1785
2112	1	3508
2113	0	1237
2113	1	3509
2114	0	3510
2114	1	3511
2115	0	3512
2115	1	488
2116	0	3513
2116	1	393
2117	0	184
2117	1	3514
2118	0	3515
2118	1	3516
2119	0	1857
2119	1	587
2120	0	3517
2120	1	3518
2121	0	3519
2121	1	3520
2122	0	3521
2122	1	3522
2123	0	3523
2123	1	3524
2124	0	2501
2124	1	3525
2125	0	2369
2125	1	3304
2126	0	3480
2126	1	395
2127	0	3526
2127	1	3527
2128	0	3524
2128	1	3528
2129	0	3495
2129	1	3529
2130	0	3530
2130	1	3531
2131	0	3532
2131	1	3533
2132	0	1511
2132	1	888
2133	0	1248
2133	1	3534
2134	0	3409
2134	1	3535
2135	0	3536
2135	1	3537
2136	0	2486
2136	1	3538
2137	0	178
2137	1	397
2138	0	3539
2138	1	2098
2139	0	3540
2139	1	3541
2140	0	3542
2140	1	3543
2141	0	3544
2141	1	3545
2142	0	2417
2142	1	3546
2143	0	3547
2143	1	3548
2144	0	3549
2144	1	3550
2145	0	3551
2145	1	3552
2146	0	3553
2146	1	3554
2147	0	1867
2147	1	399
2148	0	3555
2148	1	3556
2149	0	3550
2149	1	3557
2150	0	3558
2150	1	3167
2151	0	3559
2151	1	3560
2152	0	1863
2152	1	3561
2153	0	3562
2153	1	3563
2154	0	3564
2154	1	3565
2155	0	3566
2155	1	3567
2156	0	3568
2156	1	3569
2157	0	3570
2157	1	3571
2158	0	3572
2158	1	401
2159	0	3573
2159	1	3574
2160	0	3575
2160	1	3576
2161	0	3577
2161	1	3578
2162	0	3579
2162	1	3580
2163	0	231
2163	1	3581
2164	0	3582
2164	1	3583
2165	0	1268
2165	1	3584
2166	0	829
2166	1	2872
2167	0	2870
2167	1	3585
2168	0	3586
2168	1	3587
2169	0	3588
2169	1	403
2170	0	3589
2170	1	3590
2171	0	3591
2171	1	3592
2172	0	3593
2172	1	3594
2173	0	3595
2173	1	3596
2174	0	3597
2174	1	3598
2175	0	3599
2175	1	3600
2176	0	3601
2176	1	3602
2177	0	3603
2177	1	3604
2178	0	3605
2178	1	405
2179	0	3606
2179	1	3607
2180	0	3600
2180	1	3608
2181	0	3609
2181	1	3610
2182	0	3611
2182	1	3612
2183	0	3613
2183	1	3614
2184	0	3615
2184	1	3616
2185	0	3617
2185	1	3028
2186	0	3618
2186	1	407
2187	0	3619
2187	1	3620
2188	0	3482
2188	1	3621
2189	0	3592
2189	1	3622
2190	0	3623
2190	1	3624
2191	0	3625
2191	1	3626
2192	0	3627
2192	1	3628
2193	0	1283
2193	1	3572
2194	0	3629
2194	1	3630
2195	0	3631
2195	1	3632
2196	0	3633
2196	1	3634
2197	0	1385
2197	1	409
2198	0	3635
2198	1	2163
2199	0	3531
2199	1	3636
2200	0	3563
2200	1	3637
2201	0	3638
2201	1	3639
2202	0	3640
2202	1	3641
2203	0	3642
2203	1	3643
2204	0	3644
2204	1	3645
2205	0	3646
2205	1	2576
2206	0	3647
2206	1	411
2207	0	3576
2207	1	3648
2208	0	3649
2208	1	3650
2209	0	1636
2209	1	3651
2210	0	3652
2210	1	3653
2211	0	3654
2211	1	3655
2212	0	1296
2212	1	3656
2213	0	3657
2213	1	3658
2214	0	3659
2214	1	3660
2215	0	3661
2215	1	413
2216	0	3662
2216	1	3663
2217	0	125
2217	1	3664
2218	0	3665
2218	1	3666
2219	0	3667
2219	1	3668
2220	0	3669
2220	1	3670
2221	0	3671
2221	1	3672
2222	0	3483
2222	1	415
2223	0	3673
2223	1	3674
2224	0	1306
2224	1	3675
2225	0	3676
2225	1	1977
2226	0	3677
2226	1	3678
2227	0	3679
2227	1	3680
2228	0	755
2228	1	416
2229	0	3681
2229	1	3682
2230	0	1480
2230	1	3359
2231	0	3683
2231	1	3684
2232	0	3380
2232	1	3685
2233	0	3686
2233	1	3687
2234	0	3580
2234	1	3688
2235	0	3689
2235	1	3690
2236	0	3691
2236	1	3692
2237	0	3693
2237	1	3694
2238	0	3695
2238	1	3696
2239	0	127
2239	1	3697
2240	0	3672
2240	1	3698
2241	0	3699
2241	1	3700
2242	0	2878
2242	1	3701
2243	0	3702
2243	1	3703
2244	0	3704
2244	1	3705
2245	0	1465
2245	1	3706
2246	0	3707
2246	1	3708
2247	0	1419
2247	1	3709
2248	0	3710
2248	1	3711
2249	0	3712
2249	1	3713
2250	0	143
2250	1	420
2251	0	3709
2251	1	3714
2252	0	164
2252	1	3715
2253	0	1325
2253	1	3716
2254	0	3581
2254	1	793
2255	0	3717
2255	1	3718
2256	0	3719
2256	1	3720
2257	0	3721
2257	1	3722
2258	0	3723
2258	1	3724
2259	0	3725
2259	1	3726
2260	0	3727
2260	1	2025
2261	0	3728
2261	1	3729
2262	0	3730
2262	1	3731
2263	0	3732
2263	1	3733
2264	0	3734
2264	1	3735
2265	0	3736
2265	1	3737
2266	0	3731
2266	1	3738
2267	0	3739
2267	1	3740
2268	0	3741
2268	1	3742
2269	0	3743
2269	1	3744
2270	0	3745
2270	1	3746
2271	0	129
2271	1	3747
2272	0	1885
2272	1	3748
2273	0	3749
2273	1	3750
2274	0	3751
2274	1	3752
2275	0	3753
2275	1	3754
2276	0	3755
2276	1	3756
2277	0	3757
2277	1	3758
2278	0	3759
2278	1	3050
2279	0	3760
2279	1	3761
2280	0	3762
2280	1	3763
2281	0	3764
2281	1	3765
2282	0	3766
2282	1	1955
2283	0	3767
2283	1	427
2284	0	3768
2284	1	3769
2285	0	3763
2285	1	3770
2286	0	3724
2286	1	3771
2287	0	3772
2287	1	3773
2288	0	3774
2288	1	3775
2289	0	3776
2289	1	3777
2290	0	3778
2290	1	3779
2291	0	3780
2291	1	3781
2292	0	3782
2292	1	3783
2293	0	3784
2293	1	2759
2294	0	3785
2294	1	429
2295	0	3786
2295	1	3787
2296	0	3781
2296	1	3788
2297	0	3789
2297	1	3790
2298	0	3171
2298	1	3791
2299	0	3792
2299	1	3793
2300	0	1353
2300	1	3794
2301	0	3795
2301	1	3796
2302	0	3797
2302	1	3798
2303	0	3799
2303	1	431
2304	0	3800
2304	1	3801
2305	0	131
2305	1	3802
2306	0	3803
2306	1	3804
2307	0	3805
2307	1	3806
2308	0	3807
2308	1	3808
2309	0	3809
2309	1	3810
2310	0	3811
2310	1	3812
2311	0	1600
2311	1	3813
2312	0	3814
2312	1	3815
2313	0	3816
2313	1	3817
2314	0	1886
2314	1	433
2315	0	3818
2315	1	3819
2316	0	3820
2316	1	3821
2317	0	628
2317	1	3822
2318	0	3823
2318	1	3824
2319	0	3825
2319	1	3826
2320	0	3827
2320	1	3828
2321	0	3813
2321	1	434
2322	0	3829
2322	1	3830
2323	0	3831
2323	1	3832
2324	0	3833
2324	1	3834
2325	0	3835
2325	1	3836
2326	0	3837
2326	1	3838
2327	0	3748
2327	1	435
2328	0	3839
2328	1	3840
2329	0	3836
2329	1	3841
2330	0	3842
2330	1	3843
2331	0	3844
2331	1	3845
2332	0	3744
2332	1	3846
2333	0	3847
2333	1	3848
2334	0	3291
2334	1	3849
2335	0	3850
2335	1	3851
2336	0	1373
2336	1	3852
2337	0	3853
2337	1	3854
2338	0	3855
2338	1	3856
2339	0	3857
2339	1	437
2340	0	3858
2340	1	3859
2341	0	3860
2341	1	3861
2342	0	3862
2342	1	3863
2343	0	3864
2343	1	3865
2344	0	252
2344	1	3866
2345	0	3444
2345	1	3867
2346	0	1379
2346	1	3868
2347	0	3869
2347	1	3870
2348	0	3871
2348	1	3872
2349	0	3126
2349	1	3873
2350	0	3874
2350	1	439
2351	0	3875
2351	1	3876
2352	0	3877
2352	1	3878
2353	0	3879
2353	1	3880
2354	0	3881
2354	1	3882
2355	0	3883
2355	1	3884
2356	0	3885
2356	1	3488
2357	0	1461
2357	1	441
2358	0	3886
2358	1	3887
2359	0	3882
2359	1	3888
2360	0	3889
2360	1	3890
2361	0	3891
2361	1	3892
2362	0	1942
2362	1	3893
2363	0	3894
2363	1	3895
2364	0	3896
2364	1	3897
2365	0	3697
2365	1	443
2366	0	3694
2366	1	3898
2367	0	3899
2367	1	3900
2368	0	3901
2368	1	3902
2369	0	3903
2369	1	3904
2370	0	1392
2370	1	3857
2371	0	3905
2371	1	3906
2372	0	3228
2372	1	3907
2373	0	3908
2373	1	3909
2374	0	3852
2374	1	445
2375	0	3910
2375	1	2344
2376	0	3848
2376	1	3911
2377	0	3912
2377	1	3913
2378	0	3914
2378	1	1035
2379	0	3915
2379	1	447
2380	0	3861
2380	1	3916
2381	0	3917
2381	1	2066
2382	0	3918
2382	1	3919
2383	0	3920
2383	1	3921
2384	0	3922
2384	1	3923
2385	0	3924
2385	1	3925
2386	0	3926
2386	1	449
2387	0	3927
2387	1	3928
2388	0	137
2388	1	3929
2389	0	3930
2389	1	3931
2390	0	3932
2390	1	3933
2391	0	1476
2391	1	3934
2392	0	3935
2392	1	3936
2393	0	3937
2393	1	3938
2394	0	3939
2394	1	3940
2395	0	3714
2395	1	451
2396	0	3941
2396	1	3942
2397	0	3943
2397	1	3944
2398	0	3945
2398	1	3946
2399	0	3947
2399	1	3948
2400	0	3949
2400	1	452
2401	0	3950
2401	1	3951
2402	0	3952
2402	1	3953
2403	0	3954
2403	1	3955
2404	0	3493
2404	1	3956
2405	0	3865
2405	1	3957
2406	0	2964
2406	1	3958
2407	0	3959
2407	1	3960
2408	0	3961
2408	1	3962
2409	0	962
2409	1	3963
2410	0	3964
2410	1	1799
2411	0	3965
2411	1	3966
2412	0	3967
2412	1	3968
2413	0	3969
2413	1	455
2414	0	3970
2414	1	3971
2415	0	139
2415	1	3972
2416	0	3938
2416	1	3973
2417	0	2147
2417	1	3974
2418	0	3890
2418	1	3975
2419	0	3976
2419	1	3977
2420	0	3978
2420	1	2091
2421	0	3979
2421	1	3980
2422	0	3981
2422	1	3982
2423	0	3983
2423	1	3984
2424	0	3985
2424	1	3986
2425	0	3788
2425	1	457
2426	0	3984
2426	1	3987
2427	0	3953
2427	1	3988
2428	0	3802
2428	1	3989
2429	0	771
2429	1	3040
2430	0	3990
2430	1	3991
2431	0	1434
2431	1	3992
2432	0	3993
2432	1	3994
2433	0	3995
2433	1	571
2434	0	3934
2434	1	459
2435	0	3996
2435	1	2396
2436	0	3997
2436	1	3998
2437	0	3999
2437	1	4000
2438	0	4001
2438	1	4002
2439	0	4003
2439	1	4004
2440	0	4005
2440	1	1698
2441	0	145
2441	1	461
2442	0	4006
2442	1	4007
2443	0	4002
2443	1	4008
2444	0	4009
2444	1	4010
2445	0	4011
2445	1	4012
2446	0	4013
2446	1	4014
2447	0	1445
2447	1	4015
2448	0	4016
2448	1	871
2449	0	4017
2449	1	4018
2450	0	4019
2450	1	463
2451	0	4020
2451	1	4021
2452	0	4022
2452	1	3568
2453	0	924
2453	1	4023
2454	0	4024
2454	1	4025
2455	0	4026
2455	1	4027
2456	0	4028
2456	1	4029
2457	0	4030
2457	1	4031
2458	0	4032
2458	1	4033
2459	0	4034
2459	1	465
2460	0	4035
2460	1	4036
2461	0	4029
2461	1	4037
2462	0	4038
2462	1	4039
2463	0	4040
2463	1	4041
2464	0	4042
2464	1	4043
2465	0	4044
2465	1	3381
2466	0	4045
2466	1	4046
2467	0	142
2467	1	4047
2468	0	3358
2468	1	4048
2469	0	4049
2469	1	4050
2470	0	4051
2470	1	4052
2471	0	4053
2471	1	3387
2472	0	4054
2472	1	4055
2473	0	4056
2473	1	4057
2474	0	4058
2474	1	4059
2475	0	4060
2475	1	4061
2476	0	4062
2476	1	4063
2477	0	4064
2477	1	4065
2478	0	4066
2478	1	468
2479	0	4067
2479	1	4068
2480	0	4069
2480	1	4070
2481	0	1463
2481	1	4071
2482	0	4072
2482	1	4073
2483	0	4074
2483	1	4075
2484	0	3975
2484	1	4076
2485	0	4077
2485	1	4078
2486	0	4079
2486	1	4080
2487	0	4081
2487	1	4082
2488	0	4083
2488	1	4084
2489	0	3356
2489	1	4085
2490	0	4086
2490	1	4087
2491	0	4088
2491	1	4089
2492	0	4090
2492	1	4091
2493	0	3360
2493	1	472
2494	0	4092
2494	1	4093
2495	0	4094
2495	1	4095
2496	0	1474
2496	1	4096
2497	0	4097
2497	1	4098
2498	0	4099
2498	1	4100
2499	0	4101
2499	1	473
2500	0	4102
2500	1	4103
2501	0	4104
2501	1	3363
2502	0	4105
2502	1	4106
2503	0	4107
2503	1	4108
2504	0	4109
2504	1	4110
2505	0	4111
2505	1	4112
2506	0	4113
2506	1	4114
2507	0	4115
2507	1	4116
2508	0	4117
2508	1	4118
2509	0	1483
2509	1	4119
2510	0	4120
2510	1	4121
2511	0	4122
2511	1	1376
2512	0	4123
2512	1	476
2513	0	4089
2513	1	4124
2514	0	4125
2514	1	4126
2515	0	4039
2515	1	4127
2516	0	4128
2516	1	4129
2517	0	4130
2517	1	4131
2518	0	4132
2518	1	3361
2519	0	4133
2519	1	4134
2520	0	4135
2520	1	3829
2521	0	4010
2521	1	478
2522	0	4136
2522	1	1909
2523	0	3873
2523	1	4137
2524	0	1492
2524	1	4138
2525	0	3596
2525	1	4139
2526	0	4140
2526	1	4141
2527	0	4142
2527	1	4143
2528	0	4085
2528	1	480
2529	0	4144
2529	1	2494
2530	0	3105
2530	1	4145
2531	0	4146
2531	1	4147
2532	0	4148
2532	1	4149
2533	0	4150
2533	1	3367
2534	0	4151
2534	1	4152
2535	0	4153
2535	1	4154
2536	0	4155
2536	1	4156
2537	0	1842
2537	1	4157
2538	0	4048
2538	1	482
2539	0	4158
2539	1	2678
2540	0	4154
2540	1	4159
2541	0	4160
2541	1	3734
2542	0	4161
2542	1	4162
2543	0	4163
2543	1	3047
2544	0	3386
2544	1	484
2545	0	3374
2545	1	4164
2546	0	4165
2546	1	4166
2547	0	1507
2547	1	4167
2548	0	4168
2548	1	2011
2549	0	4169
2549	1	4170
2550	0	4171
2550	1	4172
2551	0	4173
2551	1	4174
2552	0	4175
2552	1	4176
2553	0	4177
2553	1	4178
2554	0	4179
2554	1	4180
2555	0	4181
2555	1	4182
2556	0	4183
2556	1	4184
2557	0	4185
2557	1	4186
2558	0	4182
2558	1	4187
2559	0	4188
2559	1	4189
2560	0	4190
2560	1	4191
2561	0	4192
2561	1	4193
2562	0	4194
2562	1	4195
2563	0	4196
2563	1	4197
2564	0	4198
2564	1	490
2565	0	4199
2565	1	4200
2566	0	4012
2566	1	4201
2567	0	4176
2567	1	4202
2568	0	4203
2568	1	531
2569	0	4204
2569	1	4205
2570	0	4206
2570	1	4207
2571	0	4208
2571	1	4209
2572	0	4210
2572	1	4211
2573	0	4212
2573	1	4213
2574	0	4214
2574	1	492
2575	0	4166
2575	1	4215
2576	0	1665
2576	1	4216
2577	0	4217
2577	1	4218
2578	0	935
2578	1	4219
2579	0	4220
2579	1	4221
2580	0	4222
2580	1	4223
2581	0	4224
2581	1	4225
2582	0	4226
2582	1	494
2583	0	151
2583	1	4227
2584	0	4228
2584	1	4229
2585	0	4230
2585	1	4231
2586	0	4232
2586	1	4233
2587	0	4234
2587	1	4235
2588	0	4236
2588	1	4237
2589	0	3715
2589	1	496
2590	0	4238
2590	1	4239
2591	0	867
2591	1	4240
2592	0	3919
2592	1	4241
2593	0	4242
2593	1	2547
2594	0	4243
2594	1	3238
2595	0	4244
2595	1	4245
2596	0	4246
2596	1	4247
2597	0	3626
2597	1	4248
2598	0	4249
2598	1	499
2599	0	3612
2599	1	4250
2600	0	4245
2600	1	4251
2601	0	4252
2601	1	4253
2602	0	4254
2602	1	4255
2603	0	2218
2603	1	4256
2604	0	4257
2604	1	4258
2605	0	153
2605	1	2557
2606	0	4259
2606	1	4260
2607	0	4261
2607	1	4262
2608	0	4263
2608	1	4264
2609	0	4265
2609	1	4266
2610	0	4267
2610	1	4268
2611	0	1841
2611	1	4269
2612	0	3907
2612	1	4270
2613	0	4271
2613	1	4272
2614	0	4273
2614	1	4274
2615	0	4275
2615	1	4276
2616	0	4277
2616	1	502
2617	0	4278
2617	1	4279
2618	0	4274
2618	1	4280
2619	0	4241
2619	1	4281
2620	0	4282
2620	1	4283
2621	0	4284
2621	1	4285
2622	0	4286
2622	1	4287
2623	0	4288
2623	1	4289
2624	0	4290
2624	1	4291
2625	0	3639
2625	1	4292
2626	0	4293
2626	1	504
2627	0	4294
2627	1	4295
2628	0	3815
2628	1	4296
2629	0	4297
2629	1	4107
2630	0	4298
2630	1	4299
2631	0	4300
2631	1	3315
2632	0	1666
2632	1	4301
2633	0	4302
2633	1	4303
2634	0	4304
2634	1	4305
2635	0	1564
2635	1	4306
2636	0	4307
2636	1	4308
2637	0	3289
2637	1	4309
2638	0	4310
2638	1	506
2639	0	3274
2639	1	4311
2640	0	155
2640	1	4312
2641	0	3233
2641	1	4313
2642	0	4314
2642	1	4315
2643	0	4316
2643	1	4317
2644	0	4318
2644	1	4319
2645	0	4320
2645	1	4086
2646	0	4321
2646	1	4322
2647	0	4323
2647	1	4324
2648	0	4325
2648	1	4326
2649	0	4327
2649	1	4328
2650	0	3817
2650	1	508
2651	0	4329
2651	1	4330
2652	0	4331
2652	1	4332
2653	0	1575
2653	1	4333
2654	0	4334
2654	1	4335
2655	0	4336
2655	1	4337
2656	0	4338
2656	1	509
2657	0	4339
2657	1	4340
2658	0	156
2658	1	4236
2659	0	4326
2659	1	4341
2660	0	1120
2660	1	3413
2661	0	4253
2661	1	3924
2662	0	4342
2662	1	4343
2663	0	4344
2663	1	4345
2664	0	4346
2664	1	4347
2665	0	4348
2665	1	4349
2666	0	4350
2666	1	4351
2667	0	4352
2667	1	4353
2668	0	4354
2668	1	1215
2669	0	4355
2669	1	3807
2670	0	1798
2670	1	511
2671	0	4356
2671	1	4357
2672	0	4353
2672	1	4358
2673	0	4359
2673	1	1887
2674	0	4360
2674	1	4361
2675	0	1587
2675	1	4362
2676	0	4363
2676	1	4364
2677	0	4365
2677	1	4366
2678	0	4367
2678	1	4368
2679	0	4322
2679	1	513
2680	0	4369
2680	1	996
2681	0	4370
2681	1	4371
2682	0	4372
2682	1	4373
2683	0	4374
2683	1	4375
2684	0	4376
2684	1	3551
2685	0	4377
2685	1	4378
2686	0	4379
2686	1	4380
2687	0	4381
2687	1	4382
2688	0	1814
2688	1	3795
2689	0	4260
2689	1	515
2690	0	4383
2690	1	4384
2691	0	4380
2691	1	4385
2692	0	4386
2692	1	4387
2693	0	2474
2693	1	4388
2694	0	4256
2694	1	4389
2695	0	4390
2695	1	1889
2696	0	4391
2696	1	4392
2697	0	4393
2697	1	636
2698	0	4394
2698	1	4395
2699	0	4396
2699	1	4397
2700	0	3822
2700	1	517
2701	0	4398
2701	1	4399
2702	0	4400
2702	1	4401
2703	0	3752
2703	1	1891
2704	0	4402
2704	1	2261
2705	0	4403
2705	1	4404
2706	0	1607
2706	1	4405
2707	0	4406
2707	1	4407
2708	0	4408
2708	1	3652
2709	0	4409
2709	1	3441
2710	0	4410
2710	1	519
2711	0	4411
2711	1	4412
2712	0	4413
2712	1	4414
2713	0	4415
2713	1	4416
2714	0	3066
2714	1	4417
2715	0	4418
2715	1	4419
2716	0	3773
2716	1	4420
2717	0	1613
2717	1	4421
2718	0	4422
2718	1	4423
2719	0	4424
2719	1	4425
2720	0	3989
2720	1	521
2721	0	4426
2721	1	3615
2722	0	160
2722	1	4427
2723	0	430
2723	1	4428
2724	0	4429
2724	1	4430
2725	0	4431
2725	1	4432
2726	0	4433
2726	1	4434
2727	0	4435
2727	1	4436
2728	0	4437
2728	1	4438
2729	0	2924
2729	1	4439
2730	0	2966
2730	1	3377
2731	0	4296
2731	1	523
2732	0	4438
2732	1	4440
2733	0	4414
2733	1	4441
2734	0	4312
2734	1	4442
2735	0	3742
2735	1	1970
2736	0	1625
2736	1	4443
2737	0	4444
2737	1	4445
2738	0	4446
2738	1	4447
2739	0	4448
2739	1	4449
2740	0	425
2740	1	525
2741	0	4450
2741	1	2704
2742	0	4451
2742	1	4452
2743	0	4453
2743	1	4454
2744	0	4455
2744	1	4456
2745	0	3955
2745	1	4457
2746	0	4458
2746	1	4459
2747	0	166
2747	1	527
2748	0	2059
2748	1	4460
2749	0	4456
2749	1	4461
2750	0	4462
2750	1	4463
2751	0	4464
2751	1	4465
2752	0	4466
2752	1	4467
2753	0	4468
2753	1	980
2754	0	4469
2754	1	4470
2755	0	3584
2755	1	4471
2756	0	4472
2756	1	529
2757	0	4473
2757	1	4474
2758	0	4475
2758	1	1803
2759	0	4476
2759	1	4477
2760	0	1821
2760	1	4478
2761	0	3913
2761	1	4479
2762	0	4480
2762	1	4481
2763	0	4200
2763	1	4482
2764	0	4207
2764	1	4483
2765	0	4484
2765	1	4485
2766	0	4486
2766	1	4487
2767	0	4488
2767	1	4228
2768	0	4489
2768	1	4490
2769	0	163
2769	1	4226
2770	0	4491
2770	1	4492
2771	0	4493
2771	1	4494
2772	0	3431
2772	1	4495
2773	0	4496
2773	1	4497
2774	0	4498
2774	1	4499
2775	0	4500
2775	1	4501
2776	0	4502
2776	1	4183
2777	0	4503
2777	1	4058
2778	0	4504
2778	1	4505
2779	0	1782
2779	1	534
2780	0	4506
2780	1	4507
2781	0	1651
2781	1	4198
2782	0	4508
2782	1	4509
2783	0	4510
2783	1	4511
2784	0	4512
2784	1	4513
2785	0	4514
2785	1	4515
2786	0	4516
2786	1	4517
2787	0	4227
2787	1	538
2788	0	676
2788	1	4518
2789	0	4519
2789	1	4520
2790	0	1660
2790	1	4521
2791	0	4522
2791	1	4523
2792	0	3590
2792	1	4524
2793	0	4525
2793	1	539
2794	0	4526
2794	1	4527
2795	0	4528
2795	1	4529
2796	0	4530
2796	1	4531
2797	0	4532
2797	1	4533
2798	0	4534
2798	1	4535
2799	0	4515
2799	1	4536
2800	0	4537
2800	1	4538
2801	0	4483
2801	1	4539
2802	0	4540
2802	1	4541
2803	0	3904
2803	1	3959
2804	0	4542
2804	1	4543
2805	0	1425
2805	1	4544
2806	0	3019
2806	1	4374
2807	0	4463
2807	1	543
2808	0	4545
2808	1	4546
2809	0	4544
2809	1	4547
2810	0	4527
2810	1	4548
2811	0	4549
2811	1	4550
2812	0	4551
2812	1	2788
2813	0	4552
2813	1	4553
2814	0	4554
2814	1	3544
2815	0	1346
2815	1	3952
2816	0	3062
2816	1	4555
2817	0	3980
2817	1	4556
2818	0	4557
2818	1	4558
2819	0	4559
2819	1	633
2820	0	4492
2820	1	546
2821	0	4560
2821	1	4561
2822	0	4558
2822	1	4562
2823	0	4563
2823	1	4564
2824	0	4565
2824	1	4566
2825	0	4567
2825	1	4568
2826	0	4569
2826	1	4570
2827	0	4571
2827	1	548
2828	0	4572
2828	1	4573
2829	0	4574
2829	1	4575
2830	0	4576
2830	1	4577
2831	0	4578
2831	1	4579
2832	0	314
2832	1	4580
2833	0	4581
2833	1	4582
2834	0	1688
2834	1	4583
2835	0	1071
2835	1	4584
2836	0	4585
2836	1	4586
2837	0	4587
2837	1	550
2838	0	4588
2838	1	4589
2839	0	4590
2839	1	4591
2840	0	4592
2840	1	4593
2841	0	4594
2841	1	4595
2842	0	4596
2842	1	4597
2843	0	4598
2843	1	3774
2844	0	4599
2844	1	552
2845	0	4600
2845	1	4601
2846	0	4595
2846	1	4602
2847	0	4349
2847	1	4603
2848	0	4604
2848	1	4605
2849	0	4606
2849	1	4607
2850	0	4608
2850	1	4609
2851	0	4610
2851	1	4611
2852	0	4612
2852	1	554
2853	0	851
2853	1	4613
2854	0	4465
2854	1	4614
2855	0	4591
2855	1	4615
2856	0	2181
2856	1	4616
2857	0	4126
2857	1	4617
2858	0	4618
2858	1	4619
2859	0	1703
2859	1	4571
2860	0	4620
2860	1	4621
2861	0	4622
2861	1	3205
2862	0	1797
2862	1	556
2863	0	4623
2863	1	2832
2864	0	4550
2864	1	4624
2865	0	4231
2865	1	4625
2866	0	4626
2866	1	4627
2867	0	2167
2867	1	4628
2868	0	4629
2868	1	4630
2869	0	632
2869	1	4631
2870	0	4632
2870	1	558
2871	0	4575
2871	1	4633
2872	0	4634
2872	1	720
2873	0	4635
2873	1	4066
2874	0	4636
2874	1	4637
2875	0	1715
2875	1	4638
2876	0	4639
2876	1	4640
2877	0	2514
2877	1	4641
2878	0	4642
2878	1	560
2879	0	4643
2879	1	3447
2880	0	172
2880	1	4644
2881	0	4645
2881	1	3762
2882	0	4646
2882	1	4647
2883	0	4648
2883	1	4649
2884	0	4650
2884	1	4651
2885	0	4237
2885	1	562
2886	0	4652
2886	1	4653
2887	0	1725
2887	1	4654
2888	0	4655
2888	1	2680
2889	0	4656
2889	1	4657
2890	0	4658
2890	1	4659
2891	0	1007
2891	1	563
2892	0	4660
2892	1	4661
2893	0	1866
2893	1	3833
2894	0	4662
2894	1	4663
2895	0	3854
2895	1	4664
2896	0	3303
2896	1	4665
2897	0	4579
2897	1	3216
2898	0	4666
2898	1	4667
2899	0	4668
2899	1	4669
2900	0	4670
2900	1	4671
2901	0	4672
2901	1	4673
2902	0	174
2902	1	4674
2903	0	4651
2903	1	3469
2904	0	4675
2904	1	4676
2905	0	4603
2905	1	4677
2906	0	4678
2906	1	4679
2907	0	4680
2907	1	4681
2908	0	1861
2908	1	4682
2909	0	4683
2909	1	4684
2910	0	1827
2910	1	3513
2911	0	4685
2911	1	4686
2912	0	4687
2912	1	4688
2913	0	190
2913	1	567
2914	0	1742
2914	1	4689
2915	0	4580
2915	1	1042
2916	0	4690
2916	1	4691
2917	0	4692
2917	1	4693
2918	0	4694
2918	1	4695
2919	0	4696
2919	1	4697
2920	0	4698
2920	1	4699
2921	0	4700
2921	1	2334
2922	0	3226
2922	1	4701
2923	0	4702
2923	1	4703
2924	0	3698
2924	1	1142
2925	0	4704
2925	1	4705
2926	0	4703
2926	1	4706
2927	0	827
2927	1	4510
2928	0	4707
2928	1	4708
2929	0	4709
2929	1	1906
2930	0	4710
2930	1	4711
2931	0	3608
2931	1	4712
2932	0	176
2932	1	4713
2933	0	4184
2933	1	4714
2934	0	4715
2934	1	4716
2935	0	4717
2935	1	4718
2936	0	1118
2936	1	3451
2937	0	4719
2937	1	4720
2938	0	4721
2938	1	4722
2939	0	3793
2939	1	4723
2940	0	4070
2940	1	4724
2941	0	4725
2941	1	4726
2942	0	4727
2942	1	4728
2943	0	4729
2943	1	2659
2944	0	4730
2944	1	574
2945	0	4731
2945	1	696
2946	0	4726
2946	1	1985
2947	0	4697
2947	1	4732
2948	0	4733
2948	1	4734
2949	0	4735
2949	1	4736
2950	0	4737
2950	1	4738
2951	0	4739
2951	1	4740
2952	0	4741
2952	1	4742
2953	0	3534
2953	1	576
2954	0	4743
2954	1	3917
2955	0	3511
2955	1	4744
2956	0	4745
2956	1	4746
2957	0	4747
2957	1	4748
2958	0	1870
2958	1	4749
2959	0	4250
2959	1	4750
2960	0	2406
2960	1	4751
2961	0	1770
2961	1	4752
2962	0	4753
2962	1	4754
2963	0	4755
2963	1	4756
2964	0	4757
2964	1	578
2965	0	4758
2965	1	4759
2966	0	4760
2966	1	4761
2967	0	4762
2967	1	4763
2968	0	3898
2968	1	4764
2969	0	4765
2969	1	4766
2970	0	4767
2970	1	4768
2971	0	4769
2971	1	4770
2972	0	886
2972	1	4771
2973	0	4772
2973	1	4773
2974	0	4774
2974	1	4775
2975	0	3256
2975	1	4776
2976	0	4187
2976	1	580
2977	0	4777
2977	1	4778
2978	0	4779
2978	1	4780
2979	0	4714
2979	1	581
2980	0	4781
2980	1	4782
2981	0	4778
2981	1	4783
2982	0	4784
2982	1	4785
2983	0	4786
2983	1	4787
2984	0	4711
2984	1	4788
2985	0	4789
2985	1	4790
2986	0	4361
2986	1	4791
2987	0	4792
2987	1	2306
2988	0	4793
2988	1	4794
2989	0	4795
2989	1	4796
2990	0	4797
2990	1	583
2991	0	4798
2991	1	4799
2992	0	4800
2992	1	4801
2993	0	4802
2993	1	4803
2994	0	4804
2994	1	4805
2995	0	335
2995	1	4806
2996	0	4131
2996	1	4807
2997	0	1791
2997	1	4808
2998	0	4809
2998	1	2378
2999	0	4810
2999	1	4811
3000	0	4812
3000	1	4813
3001	0	4814
3001	1	585
3002	0	2484
3002	1	3195
3003	0	4815
3003	1	4816
3004	0	4817
3004	1	4818
3005	0	4819
3005	1	4820
3006	0	3791
3006	1	4821
3007	0	4822
3007	1	4522
3008	0	3296
3008	1	4823
3009	0	4820
3009	1	4824
3010	0	4825
3010	1	3717
3011	0	4826
3011	1	4827
3012	0	2646
3012	1	4828
3013	0	4829
3013	1	4830
3014	0	4831
3014	1	4832
3015	0	4674
3015	1	589
3016	0	4671
3016	1	4833
3017	0	4834
3017	1	4835
3018	0	4836
3018	1	4837
3019	0	4838
3019	1	1417
3020	0	1804
3020	1	4797
3021	0	4839
3021	1	4840
3022	0	4309
3022	1	4841
3023	0	4842
3023	1	4843
3024	0	3508
3024	1	591
3025	0	4844
3025	1	2995
3026	0	4790
3026	1	4845
3027	0	3675
3027	1	2253
3028	0	4846
3028	1	4847
3029	0	4848
3029	1	593
3030	0	4801
3030	1	4849
3031	0	4850
3031	1	2723
3032	0	4851
3032	1	1997
3033	0	3475
3033	1	4852
3034	0	4853
3034	1	4854
3035	0	4855
3035	1	4856
3036	0	4857
3036	1	595
3037	0	1377
3037	1	1464
3038	0	4858
3038	1	2801
3039	0	4859
3039	1	4083
3040	0	4860
3040	1	4861
3041	0	4862
3041	1	3978
3042	0	4863
3042	1	4864
3043	0	4865
3043	1	4866
3044	0	4867
3044	1	597
3045	0	4868
3045	1	4869
3046	0	4870
3046	1	3542
3047	0	4871
3047	1	4872
3048	0	3921
3048	1	4873
3049	0	3301
3049	1	4874
3050	0	4805
3050	1	4875
3051	0	4876
3051	1	4877
3052	0	1418
3052	1	4878
3053	0	4879
3053	1	4880
3054	0	2436
3054	1	4881
3055	0	4882
3055	1	3390
3056	0	1831
3056	1	3739
3057	0	3505
3057	1	4883
3058	0	4884
3058	1	600
3059	0	4885
3059	1	4886
3060	0	186
3060	1	4887
3061	0	3518
3061	1	4888
3062	0	2820
3062	1	4889
3063	0	4890
3063	1	4891
3064	0	4892
3064	1	2746
3065	0	4893
3065	1	4894
3066	0	4895
3066	1	4896
3067	0	4897
3067	1	3540
3068	0	4898
3068	1	4899
3069	0	4744
3069	1	602
3070	0	4900
3070	1	3041
3071	0	4901
3071	1	4902
3072	0	4903
3072	1	4904
3073	0	4905
3073	1	4105
3074	0	191
3074	1	605
3075	0	4906
3075	1	2513
3076	0	2419
3076	1	4907
3077	0	2082
3077	1	4908
3078	0	4909
3078	1	4567
3079	0	4255
3079	1	4910
3080	0	4911
3080	1	4912
3081	0	4913
3081	1	4914
3082	0	4915
3082	1	4916
3083	0	4917
3083	1	4918
3084	0	4919
3084	1	609
3085	0	4920
3085	1	4921
3086	0	4914
3086	1	4922
3087	0	4923
3087	1	4924
3088	0	4925
3088	1	4926
3089	0	4927
3089	1	4928
3090	0	4929
3090	1	3855
3091	0	4930
3091	1	4931
3092	0	189
3092	1	4932
3093	0	3832
3093	1	4933
3094	0	4934
3094	1	4935
3095	0	4936
3095	1	4937
3096	0	4938
3096	1	3858
3097	0	3674
3097	1	4939
3098	0	4940
3098	1	4941
3099	0	4942
3099	1	4943
3100	0	4944
3100	1	4945
3101	0	4946
3101	1	612
3102	0	2519
3102	1	4947
3103	0	4948
3103	1	4949
3104	0	1859
3104	1	4950
3105	0	4951
3105	1	4952
3106	0	4953
3106	1	4954
3107	0	3718
3107	1	4955
3108	0	4956
3108	1	4957
3109	0	4958
3109	1	4959
3110	0	4960
3110	1	4961
3111	0	4962
3111	1	4963
3112	0	3830
3112	1	4964
3113	0	4965
3113	1	4966
3114	0	4967
3114	1	4968
3115	0	4969
3115	1	4970
3116	0	3834
3116	1	616
3117	0	4971
3117	1	4972
3118	0	4973
3118	1	4974
3119	0	1869
3119	1	4975
3120	0	4976
3120	1	4977
3121	0	4978
3121	1	1788
3122	0	4979
3122	1	617
3123	0	4968
3123	1	4980
3124	0	3168
3124	1	4981
3125	0	4924
3125	1	4982
3126	0	4983
3126	1	4984
3127	0	4985
3127	1	4986
3128	0	4987
3128	1	4988
3129	0	4989
3129	1	3837
3130	0	4990
3130	1	3246
3131	0	4991
3131	1	4232
3132	0	3637
3132	1	619
3133	0	4992
3133	1	2614
3134	0	4813
3134	1	4993
3135	0	1878
3135	1	4994
3136	0	4041
3136	1	4995
3137	0	4996
3137	1	4997
3138	0	4998
3138	1	4999
3139	0	4964
3139	1	621
3140	0	5000
3140	1	2154
3141	0	5001
3141	1	5002
3142	0	5003
3142	1	5004
3143	0	5005
3143	1	5006
3144	0	5007
3144	1	3842
3145	0	5008
3145	1	5009
3146	0	5010
3146	1	5011
3147	0	4093
3147	1	2488
3148	0	3651
3148	1	4222
3149	0	4933
3149	1	623
3150	0	5012
3150	1	5013
3151	0	5011
3151	1	5014
3152	0	5015
3152	1	4704
3153	0	5016
3153	1	5017
3154	0	5018
3154	1	5019
3155	0	426
3155	1	625
3156	0	5020
3156	1	5021
3157	0	5022
3157	1	5023
3158	0	5024
3158	1	627
3159	0	5025
3159	1	3133
3160	0	5021
3160	1	1594
3161	0	5026
3161	1	5027
3162	0	5028
3162	1	5029
3163	0	5030
3163	1	5031
3164	0	195
3164	1	1599
3165	0	5032
3165	1	5033
3166	0	5034
3166	1	5035
3167	0	5036
3167	1	5037
3168	0	1421
3168	1	3961
3169	0	5038
3169	1	5039
3170	0	2166
3170	1	5040
3171	0	5041
3171	1	5042
3172	0	5043
3172	1	3930
3173	0	5044
3173	1	1603
3174	0	5045
3174	1	5046
3175	0	5047
3175	1	5048
3176	0	1355
3176	1	630
3177	0	5049
3177	1	5050
3178	0	5051
3178	1	3059
3179	0	5052
3179	1	5053
3180	0	4197
3180	1	5054
3181	0	5055
3181	1	5056
3182	0	5057
3182	1	631
3183	0	5058
3183	1	5059
3184	0	5053
3184	1	5060
3185	0	5061
3185	1	5062
3186	0	2020
3186	1	5063
3187	0	1676
3187	1	5064
3188	0	1912
3188	1	5065
3189	0	5066
3189	1	5067
3190	0	5068
3190	1	5069
3191	0	4139
3191	1	5070
3192	0	197
3192	1	5071
3193	0	5072
3193	1	5073
3194	0	5074
3194	1	5075
3195	0	5076
3195	1	5077
3196	0	5078
3196	1	4721
3197	0	5079
3197	1	5080
3198	0	5081
3198	1	5082
3199	0	5083
3199	1	5084
3200	0	5085
3200	1	4958
3201	0	5086
3201	1	5087
3202	0	5088
3202	1	635
3203	0	5089
3203	1	5090
3204	0	5091
3204	1	5092
3205	0	1922
3205	1	5093
3206	0	5094
3206	1	5095
3207	0	5096
3207	1	5097
3208	0	198
3208	1	5098
3209	0	5099
3209	1	5100
3210	0	5027
3210	1	5101
3211	0	1014
3211	1	5102
3212	0	5103
3212	1	5104
3213	0	4180
3213	1	5105
3214	0	5106
3214	1	3981
3215	0	5107
3215	1	992
3216	0	5108
3216	1	5109
3217	0	5110
3217	1	5111
3218	0	2110
3218	1	638
3219	0	5112
3219	1	5113
3220	0	5109
3220	1	5114
3221	0	5115
3221	1	5116
3222	0	1933
3222	1	5117
3223	0	5118
3223	1	5119
3224	0	5120
3224	1	5121
3225	0	5122
3225	1	5123
3226	0	5082
3226	1	640
3227	0	5124
3227	1	1211
3228	0	5125
3228	1	5126
3229	0	5127
3229	1	5128
3230	0	5129
3230	1	5130
3231	0	5131
3231	1	1815
3232	0	5132
3232	1	5133
3233	0	5134
3233	1	5135
3234	0	2126
3234	1	5136
3235	0	5033
3235	1	642
3236	0	5137
3236	1	5138
3237	0	5133
3237	1	5139
3238	0	5140
3238	1	5141
3239	0	5142
3239	1	5143
3240	0	1360
3240	1	3751
3241	0	5144
3241	1	5145
3242	0	5146
3242	1	5147
3243	0	5148
3243	1	5149
3244	0	1946
3244	1	5150
3245	0	5151
3245	1	5152
3246	0	5153
3246	1	1482
3247	0	5154
3247	1	644
3248	0	5155
3248	1	4672
3249	0	5156
3249	1	5157
3250	0	5158
3250	1	5159
3251	0	5160
3251	1	5161
3252	0	2222
3252	1	5162
3253	0	5163
3253	1	5164
3254	0	5165
3254	1	5166
3255	0	1952
3255	1	5154
3256	0	5167
3256	1	5168
3257	0	5169
3257	1	2795
3258	0	5170
3258	1	5171
3259	0	5150
3259	1	646
3260	0	5172
3260	1	1300
3261	0	5116
3261	1	5173
3262	0	5145
3262	1	5174
3263	0	5175
3263	1	5176
3264	0	5177
3264	1	5178
3265	0	5179
3265	1	5180
3266	0	5181
3266	1	5182
3267	0	5183
3267	1	5184
3268	0	5185
3268	1	648
3269	0	5157
3269	1	5186
3270	0	5187
3270	1	5188
3271	0	5189
3271	1	5190
3272	0	4782
3272	1	5191
3273	0	5192
3273	1	5193
3274	0	5194
3274	1	5195
3275	0	1966
3275	1	5196
3276	0	5197
3276	1	5198
3277	0	5199
3277	1	650
3278	0	5200
3278	1	5201
3279	0	202
3279	1	5202
3280	0	5203
3280	1	2330
3281	0	5204
3281	1	5205
3282	0	4436
3282	1	5206
3283	0	5207
3283	1	5208
3284	0	2012
3284	1	5209
3285	0	5210
3285	1	5211
3286	0	5212
3286	1	1754
3287	0	5162
3287	1	652
3288	0	5213
3288	1	5214
3289	0	5215
3289	1	1620
3290	0	1976
3290	1	5216
3291	0	1336
3291	1	5217
3292	0	5218
3292	1	4130
3293	0	5219
3293	1	5220
3294	0	5221
3294	1	653
3295	0	5222
3295	1	5223
3296	0	5224
3296	1	5225
3297	0	5226
3297	1	5227
3298	0	3557
3298	1	5228
3299	0	5229
3299	1	5230
3300	0	5161
3300	1	5231
3301	0	5232
3301	1	5233
3302	0	5234
3302	1	5235
3303	0	5236
3303	1	5237
3304	0	5238
3304	1	5239
3305	0	5240
3305	1	5241
3306	0	1986
3306	1	5242
3307	0	5243
3307	1	5244
3308	0	5245
3308	1	5246
3309	0	5247
3309	1	656
3310	0	5248
3310	1	5249
3311	0	204
3311	1	5250
3312	0	2386
3312	1	5251
3313	0	5252
3313	1	5253
3314	0	5254
3314	1	1756
3315	0	5255
3315	1	5256
3316	0	5257
3316	1	5258
3317	0	5259
3317	1	5260
3318	0	5261
3318	1	4294
3319	0	1850
3319	1	4929
3320	0	1882
3320	1	5262
3321	0	5060
3321	1	658
3322	0	5225
3322	1	5263
3323	0	5071
3323	1	4394
3324	0	1110
3324	1	5264
3325	0	5265
3325	1	5266
3326	0	1998
3326	1	5267
3327	0	5268
3327	1	5269
3328	0	5270
3328	1	5271
3329	0	4509
3329	1	5272
3330	0	5209
3330	1	660
3331	0	5273
3331	1	3288
3332	0	5274
3332	1	5275
3333	0	5276
3333	1	5277
3334	0	4630
3334	1	5278
3335	0	5279
3335	1	5280
3336	0	207
3336	1	662
3337	0	1456
3337	1	5281
3338	0	5277
3338	1	5282
3339	0	2544
3339	1	5283
3340	0	5284
3340	1	5285
3341	0	5098
3341	1	5286
3342	0	5287
3342	1	1450
3343	0	5288
3343	1	2952
3344	0	2010
3344	1	5289
3345	0	5290
3345	1	4042
3346	0	5291
3346	1	5292
3347	0	5293
3347	1	664
3348	0	5294
3348	1	5295
3349	0	5296
3349	1	5297
3350	0	5298
3350	1	5299
3351	0	5300
3351	1	5301
3352	0	5302
3352	1	5303
3353	0	5304
3353	1	5305
3354	0	5306
3354	1	5307
3355	0	5308
3355	1	5309
3356	0	2493
3356	1	5310
3357	0	2019
3357	1	5311
3358	0	5312
3358	1	5313
3359	0	5314
3359	1	745
3360	0	5315
3360	1	667
3361	0	266
3361	1	5316
3362	0	5317
3362	1	1563
3363	0	2562
3363	1	844
3364	0	5318
3364	1	5319
3365	0	5320
3365	1	5321
3366	0	5322
3366	1	5323
3367	0	5324
3367	1	5325
3368	0	3632
3368	1	2736
3369	0	3507
3369	1	4867
3370	0	5283
3370	1	669
3371	0	5326
3371	1	5327
3372	0	5325
3372	1	5328
3373	0	5297
3373	1	5329
3374	0	5330
3374	1	5331
3375	0	5332
3375	1	5333
3376	0	2232
3376	1	1324
3377	0	2030
3377	1	5334
3378	0	5220
3378	1	5335
3379	0	5336
3379	1	5337
3380	0	260
3380	1	671
3381	0	5338
3381	1	3342
3382	0	5339
3382	1	5340
3383	0	5341
3383	1	5342
3384	0	5343
3384	1	4639
3385	0	3552
3385	1	5344
3386	0	5345
3386	1	5346
3387	0	5347
3387	1	5348
3388	0	5349
3388	1	5350
3389	0	2572
3389	1	673
3390	0	5351
3390	1	5352
3391	0	5348
3391	1	5353
3392	0	5354
3392	1	5022
3393	0	5355
3393	1	5356
3394	0	5357
3394	1	5358
3395	0	5359
3395	1	5360
3396	0	5361
3396	1	5362
3397	0	5363
3397	1	5364
3398	0	5365
3398	1	675
3399	0	5366
3399	1	1654
3400	0	5367
3400	1	5368
3401	0	387
3401	1	3076
3402	0	5369
3402	1	5370
3403	0	2048
3403	1	5371
3404	0	1265
3404	1	3976
3405	0	3974
3405	1	5372
3406	0	5373
3406	1	677
3407	0	5374
3407	1	5375
3408	0	981
3408	1	5376
3409	0	5377
3409	1	5378
3410	0	5379
3410	1	5380
3411	0	5381
3411	1	5382
3412	0	5383
3412	1	5384
3413	0	5385
3413	1	907
3414	0	5386
3414	1	679
3415	0	5387
3415	1	5016
3416	0	5382
3416	1	5388
3417	0	5389
3417	1	5390
3418	0	5391
3418	1	5392
3419	0	5393
3419	1	5394
3420	0	5395
3420	1	5396
3421	0	5397
3421	1	4125
3422	0	5398
3422	1	681
3423	0	5399
3423	1	5400
3424	0	5285
3424	1	5401
3425	0	4856
3425	1	5402
3426	0	5403
3426	1	5404
3427	0	5405
3427	1	5406
3428	0	5407
3428	1	5408
3429	0	2063
3429	1	5365
3430	0	5409
3430	1	4876
3431	0	5410
3431	1	5411
3432	0	5412
3432	1	5413
3433	0	2109
3433	1	683
3434	0	5414
3434	1	3401
3435	0	5331
3435	1	5415
3436	0	2787
3436	1	5416
3437	0	5417
3437	1	5418
3438	0	5419
3438	1	5420
3439	0	5421
3439	1	5422
3440	0	5423
3440	1	5424
3441	0	5425
3441	1	3702
3442	0	5426
3442	1	685
3443	0	5427
3443	1	5428
3444	0	2350
3444	1	5429
3445	0	5430
3445	1	5431
3446	0	5432
3446	1	5433
3447	0	2075
3447	1	5434
3448	0	5435
3448	1	5436
3449	0	5437
3449	1	5438
3450	0	5439
3450	1	687
3451	0	5440
3451	1	5441
3452	0	213
3452	1	5442
3453	0	3027
3453	1	5443
3454	0	2758
3454	1	5444
3455	0	5445
3455	1	5446
3456	0	5447
3456	1	5448
3457	0	5286
3457	1	689
3458	0	4910
3458	1	5449
3459	0	2085
3459	1	5450
3460	0	5451
3460	1	3227
3461	0	5452
3461	1	5453
3462	0	5454
3462	1	5455
3463	0	608
3463	1	690
3464	0	5456
3464	1	5457
3465	0	2203
3465	1	5179
3466	0	4932
3466	1	5458
3467	0	4641
3467	1	5459
3468	0	5460
3468	1	5461
3469	0	5368
3469	1	5462
3470	0	5463
3470	1	5464
3471	0	5465
3471	1	5466
3472	0	4385
3472	1	5467
3473	0	215
3473	1	5468
3474	0	5448
3474	1	5469
3475	0	5470
3475	1	5471
3476	0	3982
3476	1	5472
3477	0	5473
3477	1	5474
3478	0	2188
3478	1	5475
3479	0	5476
3479	1	4755
3480	0	5477
3480	1	5478
3481	0	5479
3481	1	5480
3482	0	225
3482	1	694
3483	0	246
3483	1	5481
3484	0	398
3484	1	5482
3485	0	2103
3485	1	5483
3486	0	5484
3486	1	5485
3487	0	5486
3487	1	5487
3488	0	4213
3488	1	5488
3489	0	5489
3489	1	5490
3490	0	5491
3490	1	4565
3491	0	5492
3491	1	5493
3492	0	5494
3492	1	5495
3493	0	5496
3493	1	5497
3494	0	5498
3494	1	5290
3495	0	2184
3495	1	698
3496	0	5499
3496	1	5500
3497	0	5495
3497	1	5501
3498	0	5502
3498	1	5503
3499	0	5504
3499	1	5505
3500	0	3198
3500	1	1545
3501	0	5506
3501	1	5507
3502	0	5508
3502	1	5509
3503	0	5468
3503	1	700
3504	0	5466
3504	1	5510
3505	0	5511
3505	1	4862
3506	0	5512
3506	1	5513
3507	0	2955
3507	1	5514
3508	0	5515
3508	1	5516
3509	0	5069
3509	1	5517
3510	0	5518
3510	1	5519
3511	0	321
3511	1	702
3512	0	5520
3512	1	3484
3513	0	316
3513	1	5521
3514	0	5522
3514	1	5523
3515	0	5524
3515	1	1468
3516	0	5525
3516	1	704
3517	0	5526
3517	1	3312
3518	0	5527
3518	1	5528
3519	0	5529
3519	1	5530
3520	0	5531
3520	1	5532
3521	0	5533
3521	1	5534
3522	0	5535
3522	1	706
3523	0	5536
3523	1	5537
3524	0	219
3524	1	1060
3525	0	2695
3525	1	5538
3526	0	5539
3526	1	5540
3527	0	2199
3527	1	5541
3528	0	5542
3528	1	5543
3529	0	5544
3529	1	5545
3530	0	5546
3530	1	5547
3531	0	339
3531	1	708
3532	0	5548
3532	1	5549
3533	0	5550
3533	1	5551
3534	0	5552
3534	1	5553
3535	0	5554
3535	1	709
3536	0	5555
3536	1	5556
3537	0	5557
3537	1	5558
3538	0	5559
3538	1	5560
3539	0	5295
3539	1	5561
3540	0	337
3540	1	5562
3541	0	4061
3541	1	5563
3542	0	5564
3542	1	1056
3543	0	5565
3543	1	5566
3544	0	1396
3544	1	5567
3545	0	5568
3545	1	2507
3546	0	5569
3546	1	5570
3547	0	5571
3547	1	5572
3548	0	5573
3548	1	712
3549	0	5574
3549	1	5575
3550	0	221
3550	1	1020
3551	0	5545
3551	1	5576
3552	0	3389
3552	1	5577
3553	0	5503
3553	1	5578
3554	0	2735
3554	1	4278
3555	0	5579
3555	1	3335
3556	0	5580
3556	1	5581
3557	0	5582
3557	1	5583
3558	0	5584
3558	1	5585
3559	0	5586
3559	1	5587
3560	0	3128
3560	1	714
3561	0	5585
3561	1	5588
3562	0	5558
3562	1	5589
3563	0	3145
3563	1	5590
3564	0	622
3564	1	4135
3565	0	5591
3565	1	5592
3566	0	2158
3566	1	5593
3567	0	5594
3567	1	4537
3568	0	5595
3568	1	828
3569	0	5541
3569	1	716
3570	0	4609
3570	1	3532
3571	0	5596
3571	1	5597
3572	0	5598
3572	1	5599
3573	0	5600
3573	1	5601
3574	0	5602
3574	1	5603
3575	0	5604
3575	1	2409
3576	0	227
3576	1	718
3577	0	5605
3577	1	5606
3578	0	5601
3578	1	5607
3579	0	5608
3579	1	5609
3580	0	5610
3580	1	5611
3581	0	1709
3581	1	5612
3582	0	2169
3582	1	5613
3583	0	5614
3583	1	1307
3584	0	5615
3584	1	5616
3585	0	5617
3585	1	5361
3586	0	1358
3586	1	5618
3587	0	5619
3587	1	5620
3588	0	5621
3588	1	5622
3589	0	5623
3589	1	5624
3590	0	5625
3590	1	5626
3591	0	5627
3591	1	5628
3592	0	5629
3592	1	722
3593	0	5630
3593	1	5631
3594	0	5624
3594	1	5632
3595	0	5633
3595	1	5634
3596	0	5635
3596	1	5636
3597	0	5637
3597	1	5638
3598	0	5639
3598	1	5197
3599	0	5640
3599	1	5641
3600	0	224
3600	1	5642
3601	0	5178
3601	1	5643
3602	0	5644
3602	1	5645
3603	0	5646
3603	1	5647
3604	0	5648
3604	1	5203
3605	0	5649
3605	1	5650
3606	0	5651
3606	1	5652
3607	0	5653
3607	1	5654
3608	0	5655
3608	1	5656
3609	0	5657
3609	1	5658
3610	0	5659
3610	1	725
3611	0	5660
3611	1	5661
3612	0	2835
3612	1	5662
3613	0	2186
3613	1	5663
3614	0	5664
3614	1	5665
3615	0	5666
3615	1	5667
3616	0	5578
3616	1	5668
3617	0	5669
3617	1	5670
3618	0	5671
3618	1	5672
3619	0	5673
3619	1	5674
3620	0	5176
3620	1	5675
3621	0	5676
3621	1	5677
3622	0	5678
3622	1	5679
3623	0	5680
3623	1	5681
3624	0	5180
3624	1	729
3625	0	5682
3625	1	5683
3626	0	5684
3626	1	5685
3627	0	2197
3627	1	5686
3628	0	5687
3628	1	967
3629	0	5688
3629	1	5689
3630	0	5690
3630	1	730
3631	0	5691
3631	1	5692
3632	0	5693
3632	1	5183
3633	0	5694
3633	1	5695
3634	0	5696
3634	1	5697
3635	0	5698
3635	1	5699
3636	0	5700
3636	1	5701
3637	0	5702
3637	1	5703
3638	0	5704
3638	1	5705
3639	0	5706
3639	1	5707
3640	0	2206
3640	1	5708
3641	0	5709
3641	1	5710
3642	0	5711
3642	1	2100
3643	0	5712
3643	1	733
3644	0	5679
3644	1	2593
3645	0	5713
3645	1	1667
3646	0	5634
3646	1	5714
3647	0	5715
3647	1	5716
3648	0	5717
3648	1	5718
3649	0	5719
3649	1	5181
3650	0	5720
3650	1	5721
3651	0	5609
3651	1	735
3652	0	5722
3652	1	3173
3653	0	5488
3653	1	5723
3654	0	2215
3654	1	5724
3655	0	5378
3655	1	5725
3656	0	5726
3656	1	5727
3657	0	5728
3657	1	5729
3658	0	5675
3658	1	737
3659	0	5730
3659	1	3625
3660	0	4193
3660	1	5731
3661	0	5732
3661	1	4386
3662	0	5733
3662	1	5734
3663	0	5735
3663	1	5187
3664	0	5736
3664	1	5737
3665	0	2549
3665	1	1532
3666	0	5643
3666	1	739
3667	0	5738
3667	1	3095
3668	0	5739
3668	1	5740
3669	0	5741
3669	1	4142
3670	0	5202
3670	1	741
3671	0	5193
3671	1	5742
3672	0	5743
3672	1	5744
3673	0	2228
3673	1	5745
3674	0	5746
3674	1	3260
3675	0	5747
3675	1	5748
3676	0	5749
3676	1	5750
3677	0	5751
3677	1	5752
3678	0	5753
3678	1	5754
3679	0	5755
3679	1	5756
3680	0	1795
3680	1	5757
3681	0	5758
3681	1	5759
3682	0	5760
3682	1	5761
3683	0	5762
3683	1	5763
3684	0	5759
3684	1	5764
3685	0	5765
3685	1	5766
3686	0	5767
3686	1	5768
3687	0	5769
3687	1	5770
3688	0	5771
3688	1	5772
3689	0	5773
3689	1	5774
3690	0	5775
3690	1	747
3691	0	5776
3691	1	5777
3692	0	5611
3692	1	5778
3693	0	5754
3693	1	5779
3694	0	5780
3694	1	788
3695	0	5781
3695	1	5782
3696	0	5783
3696	1	5784
3697	0	5785
3697	1	5786
3698	0	5787
3698	1	5788
3699	0	5789
3699	1	5790
3700	0	5791
3700	1	749
3701	0	5744
3701	1	5792
3702	0	2379
3702	1	5793
3703	0	5794
3703	1	1710
3704	0	1369
3704	1	5795
3705	0	5796
3705	1	2851
3706	0	5797
3706	1	5798
3707	0	5799
3707	1	5800
3708	0	5801
3708	1	751
3709	0	233
3709	1	5802
3710	0	5803
3710	1	5804
3711	0	5805
3711	1	5806
3712	0	5807
3712	1	5808
3713	0	5809
3713	1	5810
3714	0	5811
3714	1	5812
3715	0	5481
3715	1	753
3716	0	5813
3716	1	1805
3717	0	1303
3717	1	5814
3718	0	5528
3718	1	5815
3719	0	5816
3719	1	3673
3720	0	5817
3720	1	5078
3721	0	5818
3721	1	5819
3722	0	5820
3722	1	5821
3723	0	5406
3723	1	5822
3724	0	5823
3724	1	756
3725	0	5392
3725	1	5824
3726	0	5819
3726	1	5825
3727	0	5826
3727	1	5827
3728	0	4407
3728	1	5828
3729	0	3453
3729	1	2741
3730	0	5829
3730	1	5830
3731	0	235
3731	1	3683
3732	0	2718
3732	1	5831
3733	0	5832
3733	1	5833
3734	0	5834
3734	1	5835
3735	0	5836
3735	1	2744
3736	0	2548
3736	1	5837
3737	0	5517
3737	1	5838
3738	0	5839
3738	1	5840
3739	0	5841
3739	1	5842
3740	0	5843
3740	1	759
3741	0	5844
3741	1	5845
3742	0	2740
3742	1	5846
3743	0	5815
3743	1	5847
3744	0	5848
3744	1	5849
3745	0	5850
3745	1	5851
3746	0	5852
3746	1	5853
3747	0	5854
3747	1	5855
3748	0	5856
3748	1	5857
3749	0	5418
3749	1	4545
3750	0	5858
3750	1	761
3751	0	5859
3751	1	5860
3752	0	3155
3752	1	5861
3753	0	5862
3753	1	5696
3754	0	5863
3754	1	5864
3755	0	5865
3755	1	5137
3756	0	2380
3756	1	5866
3757	0	1812
3757	1	4853
3758	0	5867
3758	1	5868
3759	0	2283
3759	1	5869
3760	0	2921
3760	1	5870
3761	0	5871
3761	1	763
3762	0	5105
3762	1	5872
3763	0	237
3763	1	5873
3764	0	5073
3764	1	5874
3765	0	2592
3765	1	5875
3766	0	5876
3766	1	4643
3767	0	5877
3767	1	5878
3768	0	5879
3768	1	5676
3769	0	2716
3769	1	5880
3770	0	5881
3770	1	5882
3771	0	5883
3771	1	5884
3772	0	5885
3772	1	5886
3773	0	2720
3773	1	765
3774	0	5887
3774	1	5888
3775	0	5889
3775	1	5890
3776	0	2294
3776	1	5891
3777	0	5892
3777	1	5893
3778	0	5894
3778	1	5895
3779	0	5896
3779	1	766
3780	0	5897
3780	1	3008
3781	0	238
3781	1	5811
3782	0	5884
3782	1	5898
3783	0	1904
3783	1	5224
3784	0	5827
3784	1	5533
3785	0	5899
3785	1	5900
3786	0	5901
3786	1	5902
3787	0	5903
3787	1	5904
3788	0	5905
3788	1	5906
3789	0	5907
3789	1	3150
3790	0	2506
3790	1	768
3791	0	5908
3791	1	5909
3792	0	2303
3792	1	5910
3793	0	2944
3793	1	5911
3794	0	5912
3794	1	5913
3795	0	5914
3795	1	5915
3796	0	5880
3796	1	770
3797	0	5916
3797	1	1430
3798	0	5917
3798	1	5918
3799	0	5919
3799	1	5920
3800	0	5921
3800	1	5922
3801	0	5923
3801	1	2728
3802	0	5924
3802	1	5925
3803	0	5926
3803	1	5927
3804	0	2996
3804	1	1780
3805	0	2521
3805	1	3138
3806	0	5831
3806	1	772
3807	0	5928
3807	1	5929
3808	0	5927
3808	1	5930
3809	0	5931
3809	1	5932
3810	0	3607
3810	1	5933
3811	0	5934
3811	1	5935
3812	0	2628
3812	1	1105
3813	0	5936
3813	1	5937
3814	0	5938
3814	1	5939
3815	0	280
3815	1	774
3816	0	5940
3816	1	5941
3817	0	2885
3817	1	3156
3818	0	5942
3818	1	1848
3819	0	5943
3819	1	5944
3820	0	2321
3820	1	5945
3821	0	5946
3821	1	4927
3822	0	5947
3822	1	5430
3823	0	5948
3823	1	5252
3824	0	5949
3824	1	776
3825	0	5950
3825	1	5951
3826	0	5952
3826	1	5953
3827	0	5954
3827	1	5955
3828	0	4159
3828	1	5956
3829	0	5957
3829	1	5958
3830	0	3116
3830	1	5959
3831	0	2327
3831	1	5960
3832	0	5961
3832	1	5962
3833	0	5963
3833	1	998
3834	0	5590
3834	1	778
3835	0	5964
3835	1	5395
3836	0	242
3836	1	921
3837	0	347
3837	1	5965
3838	0	5966
3838	1	5967
3839	0	5968
3839	1	5969
3840	0	5970
3840	1	5971
3841	0	5972
3841	1	5973
3842	0	5974
3842	1	5975
3843	0	4021
3843	1	5976
3844	0	4063
3844	1	5194
3845	0	5861
3845	1	780
3846	0	5975
3846	1	5977
3847	0	5953
3847	1	5978
3848	0	5873
3848	1	5979
3849	0	2895
3849	1	1741
3850	0	2339
3850	1	5980
3851	0	5981
3851	1	5982
3852	0	5983
3852	1	5984
3853	0	4611
3853	1	5985
3854	0	343
3854	1	782
3855	0	5986
3855	1	3818
3856	0	5987
3856	1	5988
3857	0	5989
3857	1	5990
3858	0	5991
3858	1	5992
3859	0	5560
3859	1	5993
3860	0	5994
3860	1	5995
3861	0	248
3861	1	784
3862	0	3305
3862	1	5996
3863	0	5992
3863	1	5997
3864	0	5998
3864	1	5999
3865	0	6000
3865	1	6001
3866	0	6002
3866	1	6003
3867	0	6004
3867	1	1414
3868	0	6005
3868	1	6006
3869	0	5371
3869	1	6007
3870	0	6008
3870	1	786
3871	0	6009
3871	1	6010
3872	0	6011
3872	1	2511
3873	0	2528
3873	1	6012
3874	0	5523
3874	1	6013
3875	0	6014
3875	1	6015
3876	0	5777
3876	1	6016
3877	0	5784
3877	1	6017
3878	0	6018
3878	1	6019
3879	0	6020
3879	1	6021
3880	0	2849
3880	1	5803
3881	0	6022
3881	1	6023
3882	0	245
3882	1	5801
3883	0	6024
3883	1	6025
3884	0	6026
3884	1	6027
3885	0	5242
3885	1	6028
3886	0	6029
3886	1	6030
3887	0	6031
3887	1	6032
3888	0	6033
3888	1	6034
3889	0	6035
3889	1	5760
3890	0	6036
3890	1	5653
3891	0	6037
3891	1	6038
3892	0	2490
3892	1	791
3893	0	6039
3893	1	6040
3894	0	2365
3894	1	5775
3895	0	6041
3895	1	6042
3896	0	6043
3896	1	6044
3897	0	6045
3897	1	6046
3898	0	6047
3898	1	6048
3899	0	6049
3899	1	6050
3900	0	5802
3900	1	795
3901	0	1145
3901	1	6051
3902	0	6052
3902	1	6053
3903	0	2374
3903	1	6054
3904	0	6055
3904	1	6056
3905	0	5375
3905	1	6057
3906	0	6058
3906	1	796
3907	0	2616
3907	1	6059
3908	0	6060
3908	1	2861
3909	0	6061
3909	1	6062
3910	0	6063
3910	1	6064
3911	0	6065
3911	1	6066
3912	0	6048
3912	1	6067
3913	0	6068
3913	1	6069
3914	0	6017
3914	1	6070
3915	0	5514
3915	1	5564
3916	0	6071
3916	1	1675
3917	0	2149
3917	1	6072
3918	0	4116
3918	1	5921
3919	0	5999
3919	1	800
3920	0	4832
3920	1	6073
3921	0	6072
3921	1	6074
3922	0	6059
3922	1	6075
3923	0	6076
3923	1	6077
3924	0	6078
3924	1	3901
3925	0	6079
3925	1	6080
3926	0	6081
3926	1	5343
3927	0	1089
3927	1	5557
3928	0	4156
3928	1	4563
3929	0	5581
3929	1	6082
3930	0	6083
3930	1	1103
3931	0	6025
3931	1	803
3932	0	6084
3932	1	6085
3933	0	6086
3933	1	6087
3934	0	6088
3934	1	6089
3935	0	6090
3935	1	4623
3936	0	6091
3936	1	805
3937	0	6092
3937	1	6093
3938	0	6094
3938	1	6095
3939	0	6096
3939	1	6097
3940	0	6098
3940	1	6099
3941	0	460
3941	1	6100
3942	0	6101
3942	1	6102
3943	0	2400
3943	1	6103
3944	0	1504
3944	1	6104
3945	0	6105
3945	1	6106
3946	0	6107
3946	1	807
3947	0	6108
3947	1	6109
3948	0	6110
3948	1	6111
3949	0	1690
3949	1	6112
3950	0	6113
3950	1	4786
3951	0	6114
3951	1	6115
3952	0	6116
3952	1	3117
3953	0	6117
3953	1	809
3954	0	5904
3954	1	6118
3955	0	6119
3955	1	6120
3956	0	6121
3956	1	6122
3957	0	6123
3957	1	6124
3958	0	6125
3958	1	811
3959	0	1287
3959	1	6126
3960	0	6001
3960	1	6127
3961	0	6111
3961	1	6128
3962	0	3417
3962	1	6129
3963	0	6130
3963	1	6131
3964	0	2413
3964	1	6091
3965	0	6132
3965	1	5051
3966	0	2505
3966	1	813
3967	0	6133
3967	1	3941
3968	0	6077
3968	1	6134
3969	0	5806
3969	1	6135
3970	0	1038
3970	1	2901
3971	0	3405
3971	1	6136
3972	0	6137
3972	1	6138
3973	0	1102
3973	1	6139
3974	0	6140
3974	1	815
3975	0	6095
3975	1	6141
3976	0	2618
3976	1	1188
3977	0	6142
3977	1	5659
3978	0	6143
3978	1	6144
3979	0	2425
3979	1	6145
3980	0	6146
3980	1	6147
3981	0	3645
3981	1	6148
3982	0	3009
3982	1	817
3983	0	4957
3983	1	5257
3984	0	254
3984	1	6149
3985	0	2999
3985	1	2912
3986	0	6150
3986	1	6151
3987	0	6152
3987	1	6153
3988	0	6154
3988	1	6155
3989	0	5812
3989	1	819
3990	0	2434
3990	1	6156
3991	0	6157
3991	1	3797
3992	0	2681
3992	1	6158
3993	0	6159
3993	1	6160
3994	0	1440
3994	1	820
3995	0	6161
3995	1	6162
3996	0	5128
3996	1	6163
3997	0	6099
3997	1	1706
3998	0	6164
3998	1	6165
3999	0	6166
3999	1	6167
4000	0	6168
4000	1	6169
4001	0	6170
4001	1	6171
4002	0	256
4002	1	6172
4003	0	6155
4003	1	1807
4004	0	4272
4004	1	6173
4005	0	6118
4005	1	6174
4006	0	6175
4006	1	6176
4007	0	2566
4007	1	6177
4008	0	6178
4008	1	6179
4009	0	2534
4009	1	5315
4010	0	6180
4010	1	6181
4011	0	6182
4011	1	6183
4012	0	272
4012	1	824
4013	0	2450
4013	1	6184
4014	0	6100
4014	1	1475
4015	0	6185
4015	1	6186
4016	0	6187
4016	1	6188
4017	0	6189
4017	1	6190
4018	0	6191
4018	1	6192
4019	0	5067
4019	1	6193
4020	0	6194
4020	1	6195
4021	0	5469
4021	1	1925
4022	0	6196
4022	1	6197
4023	0	6195
4023	1	6198
4024	0	1263
4024	1	6043
4025	0	6199
4025	1	4409
4026	0	6200
4026	1	3170
4027	0	6201
4027	1	6202
4028	0	5388
4028	1	6203
4029	0	258
4029	1	6204
4030	0	5761
4030	1	6205
4031	0	6206
4031	1	6207
4032	0	6208
4032	1	6209
4033	0	1902
4033	1	5261
4034	0	6210
4034	1	6211
4035	0	6212
4035	1	6213
4036	0	3136
4036	1	6214
4037	0	5662
4037	1	6215
4038	0	6216
4038	1	6217
4039	0	6218
4039	1	6219
4040	0	6220
4040	1	3782
4041	0	6221
4041	1	831
4042	0	6222
4042	1	1165
4043	0	6217
4043	1	3234
4044	0	6192
4044	1	6223
4045	0	6224
4045	1	6225
4046	0	6226
4046	1	6227
4047	0	6228
4047	1	6229
4048	0	6230
4048	1	6231
4049	0	6232
4049	1	6233
4050	0	5334
4050	1	833
4051	0	6234
4051	1	5526
4052	0	5313
4052	1	6235
4053	0	6236
4053	1	6237
4054	0	6238
4054	1	6239
4055	0	2575
4055	1	6240
4056	0	5824
4056	1	6241
4057	0	3541
4057	1	6242
4058	0	2478
4058	1	6243
4059	0	4811
4059	1	6244
4060	0	6245
4060	1	6246
4061	0	6247
4061	1	835
4062	0	6248
4062	1	6249
4063	0	6250
4063	1	6251
4064	0	6252
4064	1	6253
4065	0	5510
4065	1	6254
4066	0	6255
4066	1	988
4067	0	6256
4067	1	6257
4068	0	6258
4068	1	6259
4069	0	1322
4069	1	6260
4070	0	6261
4070	1	6262
4071	0	6263
4071	1	6264
4072	0	5092
4072	1	6265
4073	0	5764
4073	1	837
4074	0	6266
4074	1	6267
4075	0	6268
4075	1	6269
4076	0	6205
4076	1	838
4077	0	6270
4077	1	6271
4078	0	6267
4078	1	6272
4079	0	6273
4079	1	6274
4080	0	6275
4080	1	6276
4081	0	6202
4081	1	6277
4082	0	6278
4082	1	6279
4083	0	5909
4083	1	1052
4084	0	6280
4084	1	1881
4085	0	6281
4085	1	3037
4086	0	6282
4086	1	6283
4087	0	6284
4087	1	840
4088	0	6285
4088	1	6286
4089	0	6287
4089	1	6288
4090	0	6289
4090	1	6290
4091	0	6291
4091	1	4951
4092	0	481
4092	1	6292
4093	0	5718
4093	1	6293
4094	0	2499
4094	1	6294
4095	0	6295
4095	1	3515
4096	0	6296
4096	1	6297
4097	0	6298
4097	1	6299
4098	0	6300
4098	1	842
4099	0	3616
4099	1	5047
4100	0	6301
4100	1	6302
4101	0	6303
4101	1	6304
4102	0	6305
4102	1	6306
4103	0	3134
4103	1	4267
4104	0	6307
4104	1	6055
4105	0	5121
4105	1	6308
4106	0	6306
4106	1	6309
4107	0	6310
4107	1	3077
4108	0	6311
4108	1	6312
4109	0	3769
4109	1	6313
4110	0	6314
4110	1	6315
4111	0	6316
4111	1	6317
4112	0	6172
4112	1	846
4113	0	6169
4113	1	6318
4114	0	6319
4114	1	6320
4115	0	6321
4115	1	6322
4116	0	6323
4116	1	2141
4117	0	2512
4117	1	6284
4118	0	6324
4118	1	6325
4119	0	5870
4119	1	6326
4120	0	6327
4120	1	6328
4121	0	5310
4121	1	848
4122	0	6329
4122	1	4092
4123	0	6279
4123	1	6330
4124	0	5450
4124	1	1840
4125	0	6331
4125	1	6332
4126	0	6333
4126	1	850
4127	0	6288
4127	1	4496
4128	0	5278
4128	1	1696
4129	0	4947
4129	1	6334
4130	0	6335
4130	1	6336
4131	0	3001
4131	1	852
4132	0	2101
4132	1	2187
4133	0	2908
4133	1	3914
4134	0	6337
4134	1	5673
4135	0	2800
4135	1	6338
4136	0	6339
4136	1	5579
4137	0	6340
4137	1	6341
4138	0	6342
4138	1	6343
4139	0	6344
4139	1	854
4140	0	6345
4140	1	6346
4141	0	6347
4141	1	5341
4142	0	6348
4142	1	6349
4143	0	5530
4143	1	6350
4144	0	5126
4144	1	6351
4145	0	6352
4145	1	6353
4146	0	2142
4146	1	6354
4147	0	6355
4147	1	6356
4148	0	3571
4148	1	6357
4149	0	6358
4149	1	5204
4150	0	2538
4150	1	3100
4151	0	5307
4151	1	6359
4152	0	6360
4152	1	857
4153	0	6361
4153	1	6362
4154	0	268
4154	1	6363
4155	0	5319
4155	1	6364
4156	0	3931
4156	1	6365
4157	0	6366
4157	1	6367
4158	0	6368
4158	1	3860
4159	0	6369
4159	1	6370
4160	0	6371
4160	1	5339
4161	0	6372
4161	1	6373
4162	0	6235
4162	1	859
4163	0	6374
4163	1	4136
4164	0	6375
4164	1	6376
4165	0	6377
4165	1	5694
4166	0	273
4166	1	862
4167	0	6378
4167	1	3644
4168	0	3554
4168	1	6379
4169	0	3327
4169	1	6380
4170	0	6381
4170	1	6088
4171	0	5828
4171	1	6382
4172	0	6383
4172	1	6384
4173	0	6385
4173	1	6386
4174	0	6387
4174	1	6388
4175	0	6389
4175	1	6390
4176	0	6391
4176	1	866
4177	0	6392
4177	1	6393
4178	0	6386
4178	1	6394
4179	0	6395
4179	1	6396
4180	0	6397
4180	1	6398
4181	0	6399
4181	1	6400
4182	0	271
4182	1	6401
4183	0	296
4183	1	6402
4184	0	6403
4184	1	6404
4185	0	5449
4185	1	6405
4186	0	6406
4186	1	1541
4187	0	6407
4187	1	6408
4188	0	6409
4188	1	6410
4189	0	6411
4189	1	869
4190	0	3650
4190	1	6412
4191	0	6413
4191	1	6414
4192	0	2564
4192	1	6415
4193	0	6416
4193	1	6417
4194	0	6418
4194	1	6419
4195	0	3078
4195	1	6420
4196	0	6421
4196	1	6422
4197	0	2712
4197	1	6423
4198	0	6424
4198	1	6425
4199	0	6426
4199	1	6427
4200	0	294
4200	1	6428
4201	0	6429
4201	1	6430
4202	0	6431
4202	1	6432
4203	0	6433
4203	1	6434
4204	0	6435
4204	1	6436
4205	0	6437
4205	1	6438
4206	0	2574
4206	1	6439
4207	0	6440
4207	1	6441
4208	0	6442
4208	1	2496
4209	0	6443
4209	1	874
4210	0	6432
4210	1	6444
4211	0	5023
4211	1	6445
4212	0	6396
4212	1	6446
4213	0	6447
4213	1	6448
4214	0	6449
4214	1	6450
4215	0	6451
4215	1	6452
4216	0	6453
4216	1	5083
4217	0	6454
4217	1	5807
4218	0	5416
4218	1	876
4219	0	6299
4219	1	6455
4220	0	2582
4220	1	6456
4221	0	5636
4221	1	4448
4222	0	6457
4222	1	6458
4223	0	6428
4223	1	878
4224	0	6459
4224	1	3394
4225	0	6460
4225	1	6461
4226	0	6462
4226	1	6463
4227	0	6464
4227	1	6465
4228	0	6466
4228	1	6467
4229	0	5683
4229	1	3619
4230	0	5429
4230	1	5797
4231	0	6402
4231	1	880
4232	0	6468
4232	1	6469
4233	0	6467
4233	1	6470
4234	0	2979
4234	1	6196
4235	0	6471
4235	1	6472
4236	0	6473
4236	1	6474
4237	0	329
4237	1	882
4238	0	5482
4238	1	1764
4239	0	6475
4239	1	3665
4240	0	6476
4240	1	6477
4241	0	6478
4241	1	885
4242	0	6479
4242	1	6480
4243	0	6481
4243	1	5706
4244	0	6482
4244	1	6483
4245	0	277
4245	1	4181
4246	0	6484
4246	1	6485
4247	0	6486
4247	1	6487
4248	0	1829
4248	1	4879
4249	0	6488
4249	1	2385
4250	0	6489
4250	1	6490
4251	0	6491
4251	1	4859
4252	0	6492
4252	1	6493
4253	0	6494
4253	1	6495
4254	0	6496
4254	1	1913
4255	0	6493
4255	1	6497
4256	0	6498
4256	1	5079
4257	0	6499
4257	1	6500
4258	0	5537
4258	1	6501
4259	0	6502
4259	1	6503
4260	0	414
4260	1	6504
4261	0	6505
4261	1	6506
4262	0	5538
4262	1	890
4263	0	6507
4263	1	6508
4264	0	6503
4264	1	6509
4265	0	6510
4265	1	3056
4266	0	6511
4266	1	6512
4267	0	6513
4267	1	6514
4268	0	2329
4268	1	6515
4269	0	4004
4269	1	6516
4270	0	6517
4270	1	3500
4271	0	6518
4271	1	6453
4272	0	6519
4272	1	892
4273	0	4995
4273	1	6520
4274	0	279
4274	1	3159
4275	0	6521
4275	1	6522
4276	0	6523
4276	1	6524
4277	0	6525
4277	1	6526
4278	0	6527
4278	1	6528
4279	0	6529
4279	1	6530
4280	0	816
4280	1	6531
4281	0	6532
4281	1	6533
4282	0	6534
4282	1	6535
4283	0	5941
4283	1	894
4284	0	5050
4284	1	6536
4285	0	6537
4285	1	6538
4286	0	2626
4286	1	6539
4287	0	6540
4287	1	6541
4288	0	1189
4288	1	6542
4289	0	6543
4289	1	895
4290	0	6533
4290	1	4115
4291	0	6544
4291	1	6545
4292	0	2024
4292	1	6546
4293	0	6547
4293	1	6548
4294	0	369
4294	1	6549
4295	0	6550
4295	1	4895
4296	0	6551
4296	1	6552
4297	0	4065
4297	1	5255
4298	0	5734
4298	1	6553
4299	0	2798
4299	1	897
4300	0	6554
4300	1	6555
4301	0	6556
4301	1	6557
4302	0	6558
4302	1	6261
4303	0	6559
4303	1	5414
4304	0	2638
4304	1	6560
4305	0	6561
4305	1	6562
4306	0	6563
4306	1	5605
4307	0	6564
4307	1	6565
4308	0	6530
4308	1	899
4309	0	6566
4309	1	6567
4310	0	6568
4310	1	6569
4311	0	6570
4311	1	6340
4312	0	6571
4312	1	6572
4313	0	6573
4313	1	6574
4314	0	2807
4314	1	6575
4315	0	6485
4315	1	901
4316	0	6576
4316	1	6577
4317	0	5135
4317	1	6578
4318	0	1774
4318	1	4717
4319	0	6579
4319	1	6580
4320	0	6581
4320	1	6582
4321	0	2650
4321	1	6583
4322	0	6584
4322	1	6585
4323	0	6586
4323	1	1868
4324	0	6587
4324	1	903
4325	0	6588
4325	1	6589
4326	0	5241
4326	1	6078
4327	0	6590
4327	1	6591
4328	0	6592
4328	1	6593
4329	0	6594
4329	1	6595
4330	0	6596
4330	1	6597
4331	0	2656
4331	1	6587
4332	0	6598
4332	1	6599
4333	0	6600
4333	1	6159
4334	0	6601
4334	1	6602
4335	0	6583
4335	1	905
4336	0	6603
4336	1	1719
4337	0	6557
4337	1	6604
4338	0	6580
4338	1	6605
4339	0	6606
4339	1	6607
4340	0	2050
4340	1	6608
4341	0	6609
4341	1	6610
4342	0	5434
4342	1	6611
4343	0	6612
4343	1	6613
4344	0	6614
4344	1	6615
4345	0	6616
4345	1	6617
4346	0	5070
4346	1	6618
4347	0	6619
4347	1	6620
4348	0	2670
4348	1	6621
4349	0	3124
4349	1	6622
4350	0	6623
4350	1	6624
4351	0	6625
4351	1	909
4352	0	6626
4352	1	6627
4353	0	284
4353	1	6628
4354	0	5888
4354	1	2982
4355	0	6629
4355	1	6630
4356	0	6631
4356	1	2483
4357	0	1099
4357	1	6632
4358	0	6633
4358	1	6266
4359	0	6634
4359	1	6635
4360	0	2679
4360	1	6636
4361	0	1753
4361	1	6637
4362	0	6638
4362	1	4987
4363	0	6639
4363	1	5981
4364	0	6640
4364	1	912
4365	0	6641
4365	1	6642
4366	0	6643
4366	1	6644
4367	0	4162
4367	1	6645
4368	0	4562
4368	1	6646
4369	0	6647
4369	1	6648
4370	0	6593
4370	1	6649
4371	0	6650
4371	1	6651
4372	0	6652
4372	1	5751
4373	0	6653
4373	1	6654
4374	0	6655
4374	1	6656
4375	0	6657
4375	1	6658
4376	0	2689
4376	1	6659
4377	0	1112
4377	1	6660
4378	0	6661
4378	1	915
4379	0	6662
4379	1	6663
4380	0	286
4380	1	6664
4381	0	3036
4381	1	6665
4382	0	6666
4382	1	6667
4383	0	6668
4383	1	6669
4384	0	6670
4384	1	6671
4385	0	6672
4385	1	6673
4386	0	6674
4386	1	6675
4387	0	4474
4387	1	6676
4388	0	6509
4388	1	917
4389	0	6675
4389	1	6677
4390	0	6644
4390	1	6678
4391	0	1546
4391	1	2079
4392	0	6679
4392	1	6680
4393	0	2700
4393	1	6681
4394	0	6682
4394	1	1158
4395	0	6632
4395	1	919
4396	0	6683
4396	1	3188
4397	0	6684
4397	1	2956
4398	0	6685
4398	1	6686
4399	0	6188
4399	1	6687
4400	0	1853
4400	1	5146
4401	0	6686
4401	1	6688
4402	0	526
4402	1	6689
4403	0	2710
4403	1	6690
4404	0	1686
4404	1	4890
4405	0	4889
4405	1	6691
4406	0	6692
4406	1	6693
4407	0	6694
4407	1	923
4408	0	6695
4408	1	6696
4409	0	6697
4409	1	1444
4410	0	6698
4410	1	6699
4411	0	6700
4411	1	6701
4412	0	2471
4412	1	6347
4413	0	6702
4413	1	6703
4414	0	1106
4414	1	925
4415	0	5227
4415	1	6704
4416	0	6701
4416	1	6705
4417	0	6706
4417	1	6707
4418	0	6708
4418	1	6709
4419	0	5835
4419	1	6710
4420	0	6711
4420	1	6712
4421	0	6713
4421	1	6714
4422	0	6715
4422	1	6716
4423	0	758
4423	1	927
4424	0	3684
4424	1	4402
4425	0	5979
4425	1	6717
4426	0	6718
4426	1	6719
4427	0	6720
4427	1	6721
4428	0	6722
4428	1	6723
4429	0	6724
4429	1	4678
4430	0	6725
4430	1	929
4431	0	6726
4431	1	6727
4432	0	3282
4432	1	6728
4433	0	2731
4433	1	6729
4434	0	6730
4434	1	6731
4435	0	6732
4435	1	2460
4436	0	6733
4436	1	931
4437	0	6734
4437	1	6735
4438	0	290
4438	1	2304
4439	0	6736
4439	1	2033
4440	0	6737
4440	1	6738
4441	0	6739
4441	1	6119
4442	0	775
4442	1	933
4443	0	6740
4443	1	2021
4444	0	6741
4444	1	6742
4445	0	1631
4445	1	934
4446	0	6743
4446	1	6744
4447	0	2868
4447	1	6473
4448	0	6745
4448	1	1523
4449	0	6622
4449	1	6746
4450	0	6747
4450	1	5492
4451	0	773
4451	1	6748
4452	0	6749
4452	1	6750
4453	0	6751
4453	1	2300
4454	0	6752
4454	1	6753
4455	0	6754
4455	1	6755
4456	0	292
4456	1	2264
4457	0	1308
4457	1	6756
4458	0	4896
4458	1	3181
4459	0	6757
4459	1	6758
4460	0	2854
4460	1	6759
4461	0	6760
4461	1	6761
4462	0	2817
4462	1	6464
4463	0	6762
4463	1	3676
4464	0	6763
4464	1	6764
4465	0	308
4465	1	938
4466	0	2756
4466	1	5635
4467	0	6689
4467	1	1661
4468	0	6765
4468	1	6766
4469	0	6767
4469	1	6768
4470	0	6769
4470	1	6770
4471	0	6103
4471	1	4346
4472	0	6771
4472	1	6772
4473	0	6773
4473	1	6774
4474	0	6775
4474	1	6776
4475	0	6777
4475	1	6778
4476	0	6779
4476	1	6780
4477	0	6774
4477	1	6781
4478	0	6782
4478	1	6783
4479	0	6177
4479	1	6442
4480	0	6784
4480	1	6785
4481	0	6786
4481	1	5001
4482	0	6787
4482	1	6788
4483	0	6789
4483	1	6790
4484	0	6791
4484	1	4290
4485	0	6456
4485	1	944
4486	0	6792
4486	1	6793
4487	0	6441
4487	1	6794
4488	0	6770
4488	1	6795
4489	0	6796
4489	1	6797
4490	0	5825
4490	1	4072
4491	0	6798
4491	1	6799
4492	0	6800
4492	1	6801
4493	0	6802
4493	1	4812
4494	0	6803
4494	1	946
4495	0	6799
4495	1	5687
4496	0	6480
4496	1	5602
4497	0	6804
4497	1	6805
4498	0	2779
4498	1	6806
4499	0	6807
4499	1	6808
4500	0	6809
4500	1	2257
4501	0	6810
4501	1	948
4502	0	6811
4502	1	6812
4503	0	6813
4503	1	6814
4504	0	5575
4504	1	6815
4505	0	6816
4505	1	6817
4506	0	1533
4506	1	6411
4507	0	6818
4507	1	6819
4508	0	6820
4508	1	6821
4509	0	6401
4509	1	950
4510	0	6822
4510	1	6823
4511	0	821
4511	1	6824
4512	0	845
4512	1	6825
4513	0	6826
4513	1	6827
4514	0	674
4514	1	6828
4515	0	6829
4515	1	6830
4516	0	6831
4516	1	2027
4517	0	6832
4517	1	6833
4518	0	5915
4518	1	6834
4519	0	2793
4519	1	6835
4520	0	6836
4520	1	3399
4521	0	6837
4521	1	6838
4522	0	450
4522	1	6839
4523	0	6840
4523	1	953
4524	0	6841
4524	1	6842
4525	0	6843
4525	1	6844
4526	0	6845
4526	1	5946
4527	0	2850
4527	1	955
4528	0	6846
4528	1	6847
4529	0	5231
4529	1	1949
4530	0	6848
4530	1	6849
4531	0	6850
4531	1	6851
4532	0	4279
4532	1	6852
4533	0	6853
4533	1	3631
4534	0	6753
4534	1	6854
4535	0	6855
4535	1	6856
4536	0	6857
4536	1	6858
4537	0	2164
4537	1	1256
4538	0	6859
4538	1	959
4539	0	6830
4539	1	6860
4540	0	6861
4540	1	4381
4541	0	6862
4541	1	6863
4542	0	6864
4542	1	6865
4543	0	6866
4543	1	961
4544	0	302
4544	1	6867
4545	0	3273
4545	1	6868
4546	0	2864
4546	1	6869
4547	0	6870
4547	1	6871
4548	0	6872
4548	1	3764
4549	0	6873
4549	1	6874
4550	0	6465
4550	1	963
4551	0	5951
4551	1	6875
4552	0	6833
4552	1	3646
4553	0	4943
4553	1	6876
4554	0	6877
4554	1	6878
4555	0	6879
4555	1	5907
4556	0	6880
4556	1	965
4557	0	6881
4557	1	6882
4558	0	304
4558	1	6883
4559	0	6849
4559	1	6884
4560	0	6885
4560	1	3835
4561	0	6886
4561	1	5522
4562	0	6887
4562	1	6888
4563	0	1645
4563	1	4991
4564	0	6889
4564	1	6890
4565	0	2827
4565	1	6891
4566	0	6892
4566	1	6893
4567	0	6894
4567	1	1070
4568	0	6869
4568	1	969
4569	0	6895
4569	1	3437
4570	0	6896
4570	1	6897
4571	0	6898
4571	1	6899
4572	0	6900
4572	1	6901
4573	0	6902
4573	1	6903
4574	0	6350
4574	1	3054
4575	0	310
4575	1	971
4576	0	6904
4576	1	6905
4577	0	6901
4577	1	6906
4578	0	6907
4578	1	6255
4579	0	6908
4579	1	6909
4580	0	6910
4580	1	6911
4581	0	2837
4581	1	6912
4582	0	6073
4582	1	1726
4583	0	6913
4583	1	6914
4584	0	6915
4584	1	973
4585	0	1772
4585	1	6916
4586	0	6917
4586	1	6918
4587	0	6919
4587	1	6920
4588	0	6921
4588	1	6218
4589	0	6922
4589	1	6923
4590	0	6924
4590	1	6925
4591	0	6926
4591	1	975
4592	0	6927
4592	1	6928
4593	0	6929
4593	1	6623
4594	0	6930
4594	1	6931
4595	0	307
4595	1	6932
4596	0	6608
4596	1	5107
4597	0	6933
4597	1	6934
4598	0	6935
4598	1	6936
4599	0	1410
4599	1	6937
4600	0	6938
4600	1	6939
4601	0	5814
4601	1	3894
4602	0	6940
4602	1	6941
4603	0	5054
4603	1	6942
4604	0	5729
4604	1	3210
4605	0	6943
4605	1	978
4606	0	2852
4606	1	2346
4607	0	6944
4607	1	6945
4608	0	6946
4608	1	6947
4609	0	6884
4609	1	6948
4610	0	6949
4610	1	2047
4611	0	6950
4611	1	2244
4612	0	6951
4612	1	6952
4613	0	6607
4613	1	6953
4614	0	6954
4614	1	4128
4615	0	3354
4615	1	1107
4616	0	6474
4616	1	982
4617	0	6955
4617	1	6956
4618	0	2862
4618	1	6957
4619	0	6958
4619	1	2440
4620	0	5628
4620	1	6959
4621	0	6960
4621	1	983
4622	0	797
4622	1	6961
4623	0	6962
4623	1	6963
4624	0	6964
4624	1	6965
4625	0	6966
4625	1	6967
4626	0	6968
4626	1	6969
4627	0	3334
4627	1	6970
4628	0	6233
4628	1	6971
4629	0	6972
4629	1	2790
4630	0	6973
4630	1	986
4631	0	6974
4631	1	3997
4632	0	6975
4632	1	6976
4633	0	6977
4633	1	5591
4634	0	6978
4634	1	6609
4635	0	1320
4635	1	5314
4636	0	6979
4636	1	4252
4637	0	6839
4637	1	6980
4638	0	6981
4638	1	6982
4639	0	6983
4639	1	3638
4640	0	6953
4640	1	990
4641	0	406
4641	1	1140
4642	0	6984
4642	1	6985
4643	0	6986
4643	1	6987
4644	0	6988
4644	1	6989
4645	0	6990
4645	1	4753
4646	0	5384
4646	1	6777
4647	0	6991
4647	1	6992
4648	0	6993
4648	1	4998
4649	0	6628
4649	1	994
4650	0	6617
4650	1	6994
4651	0	6995
4651	1	6996
4652	0	2891
4652	1	6997
4653	0	6998
4653	1	4336
4654	0	6999
4654	1	7000
4655	0	7001
4655	1	7002
4656	0	7003
4656	1	7004
4657	0	7005
4657	1	7006
4658	0	7007
4658	1	7008
4659	0	7009
4659	1	7010
4660	0	7011
4660	1	7012
4661	0	7013
4661	1	7014
4662	0	7015
4662	1	7016
4663	0	7012
4663	1	7017
4664	0	2034
4664	1	7018
4665	0	7019
4665	1	4035
4666	0	3556
4666	1	7020
4667	0	7021
4667	1	1000
4668	0	7022
4668	1	5076
4669	0	6909
4669	1	6060
4670	0	7006
4670	1	7023
4671	0	7024
4671	1	1037
4672	0	6138
4672	1	7025
4673	0	7026
4673	1	7027
4674	0	7028
4674	1	7029
4675	0	7030
4675	1	7031
4676	0	7032
4676	1	1002
4677	0	6996
4677	1	7033
4678	0	3029
4678	1	7034
4679	0	7035
4679	1	7036
4680	0	1781
4680	1	7037
4681	0	7038
4681	1	7039
4682	0	853
4682	1	7040
4683	0	7041
4683	1	7042
4684	0	7043
4684	1	1004
4685	0	7044
4685	1	4026
4686	0	7045
4686	1	7046
4687	0	818
4687	1	7047
4688	0	7048
4688	1	7049
4689	0	6003
4689	1	7050
4690	0	1722
4690	1	7051
4691	0	6863
4691	1	7052
4692	0	7053
4692	1	4652
4693	0	7054
4693	1	6523
4694	0	2510
4694	1	7055
4695	0	6053
4695	1	7056
4696	0	6709
4696	1	7057
4697	0	7058
4697	1	1008
4698	0	1130
4698	1	5746
4699	0	7055
4699	1	6291
4700	0	5119
4700	1	7059
4701	0	4439
4701	1	7060
4702	0	7061
4702	1	7062
4703	0	318
4703	1	4662
4704	0	7063
4704	1	7064
4705	0	7065
4705	1	7066
4706	0	7067
4706	1	7068
4707	0	7069
4707	1	7070
4708	0	7071
4708	1	1011
4709	0	7072
4709	1	7073
4710	0	7052
4710	1	7074
4711	0	7075
4711	1	7076
4712	0	7077
4712	1	7078
4713	0	7079
4713	1	7080
4714	0	7081
4714	1	7082
4715	0	6719
4715	1	7083
4716	0	7084
4716	1	1013
4717	0	5280
4717	1	7085
4718	0	6404
4718	1	7086
4719	0	7087
4719	1	6576
4720	0	3030
4720	1	3306
4721	0	7088
4721	1	7089
4722	0	7090
4722	1	7091
4723	0	7092
4723	1	7093
4724	0	7094
4724	1	1015
4725	0	6549
4725	1	7095
4726	0	320
4726	1	7096
4727	0	5969
4727	1	7097
4728	0	1161
4728	1	3286
4729	0	7098
4729	1	7099
4730	0	2530
4730	1	7100
4731	0	7101
4731	1	6954
4732	0	7102
4732	1	7103
4733	0	2022
4733	1	7104
4734	0	7105
4734	1	7106
4735	0	2953
4735	1	4060
4736	0	7107
4736	1	7108
4737	0	7109
4737	1	3885
4738	0	7110
4738	1	1018
4739	0	7103
4739	1	7111
4740	0	2609
4740	1	6643
4741	0	7059
4741	1	6864
4742	0	7112
4742	1	2004
4743	0	7113
4743	1	6199
4744	0	7114
4744	1	7115
4745	0	7116
4745	1	7117
4746	0	3200
4746	1	2699
4747	0	7118
4747	1	7119
4748	0	7117
4748	1	3786
4749	0	7120
4749	1	4238
4750	0	6448
4750	1	7121
4751	0	7122
4751	1	7123
4752	0	7124
4752	1	7125
4753	0	7126
4753	1	3778
4754	0	1223
4754	1	1022
4755	0	7127
4755	1	1219
4756	0	7128
4756	1	7129
4757	0	7130
4757	1	3293
4758	0	7131
4758	1	7132
4759	0	7133
4759	1	4054
4760	0	3132
4760	1	6807
4761	0	5788
4761	1	1024
4762	0	7134
4762	1	7135
4763	0	7132
4763	1	7136
4764	0	4601
4764	1	7137
4765	0	7060
4765	1	7138
4766	0	6156
4766	1	4013
4767	0	1524
4767	1	4472
4768	0	5891
4768	1	6152
4769	0	2976
4769	1	7139
4770	0	7140
4770	1	7141
4771	0	7142
4771	1	6726
4772	0	7143
4772	1	6666
4773	0	7144
4773	1	1026
4774	0	7145
4774	1	2288
4775	0	7146
4775	1	7147
4776	0	5014
4776	1	7148
4777	0	7149
4777	1	3165
4778	0	325
4778	1	7150
4779	0	947
4779	1	7151
4780	0	3224
4780	1	7152
4781	0	7153
4781	1	7154
4782	0	7155
4782	1	7156
4783	0	7157
4783	1	7158
4784	0	7159
4784	1	7160
4785	0	4908
4785	1	5506
4786	0	453
4786	1	6619
4787	0	7086
4787	1	1029
4788	0	7160
4788	1	7161
4789	0	7147
4789	1	7162
4790	0	7096
4790	1	7163
4791	0	6069
4791	1	4302
4792	0	2990
4792	1	7164
4793	0	7165
4793	1	7166
4794	0	943
4794	1	1031
4795	0	7167
4795	1	4767
4796	0	7168
4796	1	7169
4797	0	7170
4797	1	5383
4798	0	7171
4798	1	7172
4799	0	5100
4799	1	7173
4800	0	7174
4800	1	7175
4801	0	331
4801	1	1033
4802	0	4375
4802	1	7176
4803	0	7172
4803	1	7177
4804	0	7178
4804	1	3331
4805	0	7179
4805	1	7180
4806	0	1394
4806	1	7181
4807	0	7182
4807	1	1822
4808	0	7183
4808	1	7184
4809	0	6690
4809	1	7185
4810	0	7186
4810	1	7187
4811	0	7188
4811	1	3121
4812	0	6334
4812	1	7189
4813	0	3139
4813	1	7190
4814	0	6858
4814	1	7191
4815	0	7027
4815	1	7192
4816	0	7193
4816	1	7194
4817	0	7195
4817	1	2414
4818	0	7196
4818	1	7044
4819	0	2176
4819	1	5639
4820	0	328
4820	1	7043
4821	0	7197
4821	1	7198
4822	0	6659
4822	1	7199
4823	0	7200
4823	1	7201
4824	0	7202
4824	1	7203
4825	0	7204
4825	1	7013
4826	0	7205
4826	1	7206
4827	0	3113
4827	1	1040
4828	0	7207
4828	1	7208
4829	0	3015
4829	1	7021
4830	0	7209
4830	1	7210
4831	0	7211
4831	1	7212
4832	0	5104
4832	1	7213
4833	0	7214
4833	1	5747
4834	0	7215
4834	1	7216
4835	0	5521
4835	1	1044
4836	0	1581
4836	1	7217
4837	0	7218
4837	1	7219
4838	0	3024
4838	1	7220
4839	0	6696
4839	1	7221
4840	0	7222
4840	1	1045
4841	0	3284
4841	1	7223
4842	0	5587
4842	1	6311
4843	0	7224
4843	1	7225
4844	0	7226
4844	1	7227
4845	0	5443
4845	1	5765
4846	0	7192
4846	1	7228
4847	0	7229
4847	1	7230
4848	0	6251
4848	1	6877
4849	0	7231
4849	1	4003
4850	0	2822
4850	1	7232
4851	0	4972
4851	1	4079
4852	0	7232
4852	1	7233
4853	0	7223
4853	1	7234
4854	0	7235
4854	1	7236
4855	0	7237
4855	1	4836
4856	0	7238
4856	1	1190
4857	0	7239
4857	1	5865
4858	0	2285
4858	1	7240
4859	0	7241
4859	1	1538
4860	0	3994
4860	1	7242
4861	0	7240
4861	1	5894
4862	0	604
4862	1	1231
4863	0	7243
4863	1	7244
4864	0	7245
4864	1	1054
4865	0	3771
4865	1	7246
4866	0	7247
4866	1	7248
4867	0	7249
4867	1	7250
4868	0	7251
4868	1	7252
4869	0	7253
4869	1	7254
4870	0	7255
4870	1	6796
4871	0	7256
4871	1	7257
4872	0	7252
4872	1	7258
4873	0	5184
4873	1	7259
4874	0	7260
4874	1	7261
4875	0	7262
4875	1	1335
4876	0	7263
4876	1	1198
4877	0	7264
4877	1	1058
4878	0	7180
4878	1	7265
4879	0	7248
4879	1	7266
4880	0	4417
4880	1	6132
4881	0	2128
4881	1	7267
4882	0	3058
4882	1	5525
4883	0	7236
4883	1	6281
4884	0	7046
4884	1	7268
4885	0	7269
4885	1	7270
4886	0	4405
4886	1	1899
4887	0	7271
4887	1	7272
4888	0	1537
4888	1	7273
4889	0	5838
4889	1	1062
4890	0	3325
4890	1	1601
4891	0	7274
4891	1	6943
4892	0	3223
4892	1	7275
4893	0	3069
4893	1	7276
4894	0	7277
4894	1	6130
4895	0	4631
4895	1	1991
4896	0	7278
4896	1	1064
4897	0	7279
4897	1	6670
4898	0	7280
4898	1	6440
4899	0	6151
4899	1	7281
4900	0	6569
4900	1	7282
4901	0	5532
4901	1	6510
4902	0	7283
4902	1	7284
4903	0	5566
4903	1	6684
4904	0	5372
4904	1	7285
4905	0	6074
4905	1	7286
4906	0	7287
4906	1	3605
4907	0	7288
4907	1	3434
4908	0	6120
4908	1	2629
4909	0	858
4909	1	2018
4910	0	3463
4910	1	7289
4911	0	1685
4911	1	7211
4912	0	7290
4912	1	7291
4913	0	6705
4913	1	7292
4914	0	341
4914	1	7293
4915	0	7014
4915	1	7294
4916	0	7295
4916	1	6033
4917	0	4145
4917	1	7296
4918	0	2607
4918	1	6674
4919	0	7297
4919	1	5322
4920	0	5551
4920	1	7298
4921	0	6805
4921	1	7299
4922	0	6027
4922	1	7300
4923	0	7301
4923	1	7302
4924	0	7303
4924	1	7304
4925	0	7305
4925	1	4739
4926	0	3467
4926	1	1073
4927	0	7306
4927	1	1357
4928	0	7302
4928	1	4314
4929	0	4124
4929	1	7307
4930	0	7308
4930	1	7309
4931	0	7310
4931	1	7311
4932	0	7312
4932	1	7313
4933	0	1157
4933	1	7314
4934	0	7315
4934	1	7316
4935	0	5980
4935	1	1075
4936	0	7317
4936	1	6861
4937	0	5962
4937	1	7318
4938	0	7319
4938	1	5735
4939	0	4553
4939	1	7320
4940	0	3101
4940	1	7321
4941	0	7322
4941	1	7323
4942	0	7324
4942	1	7325
4943	0	7326
4943	1	1077
4944	0	7327
4944	1	7328
4945	0	6854
4945	1	5836
4946	0	7329
4946	1	7330
4947	0	7331
4947	1	7332
4948	0	1739
4948	1	7333
4949	0	7334
4949	1	7335
4950	0	7336
4950	1	7337
4951	0	6538
4951	1	7338
4952	0	7017
4952	1	1079
4953	0	7339
4953	1	7340
4954	0	1400
4954	1	3922
4955	0	7294
4955	1	1080
4956	0	7341
4956	1	7342
4957	0	7340
4957	1	7343
4958	0	7344
4958	1	7345
4959	0	7346
4959	1	7347
4960	0	3614
4960	1	7348
4961	0	7349
4961	1	7350
4962	0	7121
4962	1	7351
4963	0	7352
4963	1	4503
4964	0	7353
4964	1	7354
4965	0	7355
4965	1	3699
4966	0	7356
4966	1	1082
4967	0	7357
4967	1	7358
4968	0	1488
4968	1	7359
4969	0	7360
4969	1	7361
4970	0	7362
4970	1	7363
4971	0	7364
4971	1	7365
4972	0	7366
4972	1	2815
4973	0	3122
4973	1	7356
4974	0	7367
4974	1	6263
4975	0	6262
4975	1	7368
4976	0	7369
4976	1	7370
4977	0	5959
4977	1	1084
4978	0	7371
4978	1	3564
4979	0	7350
4979	1	7372
4980	0	5846
4980	1	4466
4981	0	7373
4981	1	1086
4982	0	7359
4982	1	7374
4983	0	7375
4983	1	4779
4984	0	7376
4984	1	4323
4985	0	6687
4985	1	7377
4986	0	7378
4986	1	7379
4987	0	7380
4987	1	7381
4988	0	7382
4988	1	1088
4989	0	2791
4989	1	2853
4990	0	6436
4990	1	4846
4991	0	6134
4991	1	2387
4992	0	5029
4992	1	6885
4993	0	3594
4993	1	7383
4994	0	7384
4994	1	7385
4995	0	7386
4995	1	1090
4996	0	7387
4996	1	7388
4997	0	7389
4997	1	5989
4998	0	7390
4998	1	7391
4999	0	6056
4999	1	7392
5000	0	6567
5000	1	7393
5001	0	7363
5001	1	7394
5002	0	7395
5002	1	7396
5003	0	2816
5003	1	7397
5004	0	7398
5004	1	7399
5005	0	4570
5005	1	7400
5006	0	7401
5006	1	6629
5007	0	3149
5007	1	6782
5008	0	3162
5008	1	7402
5009	0	7403
5009	1	1093
5010	0	7404
5010	1	7405
5011	0	349
5011	1	7406
5012	0	7407
5012	1	4800
5013	0	7408
5013	1	7409
5014	0	7410
5014	1	7411
5015	0	7412
5015	1	5987
5016	0	7413
5016	1	7414
5017	0	7318
5017	1	1095
5018	0	7415
5018	1	4992
5019	0	7416
5019	1	5648
5020	0	7417
5020	1	7418
5021	0	351
5021	1	2313
5022	0	7419
5022	1	7420
5023	0	2145
5023	1	5565
5024	0	7421
5024	1	7422
5025	0	3404
5025	1	7423
5026	0	7424
5026	1	2317
5027	0	7425
5027	1	7426
5028	0	7427
5028	1	7428
5029	0	1097
5029	1	1100
5030	0	7429
5030	1	7430
5031	0	7431
5031	1	4153
5032	0	7152
5032	1	7432
5033	0	5774
5033	1	7433
5034	0	7434
5034	1	7435
5035	0	7436
5035	1	1101
5036	0	7437
5036	1	7438
5037	0	7432
5037	1	7439
5038	0	7440
5038	1	7441
5039	0	3269
5039	1	7442
5040	0	2389
5040	1	4685
5041	0	3176
5041	1	7443
5042	0	7444
5042	1	6978
5043	0	7445
5043	1	7446
5044	0	5725
5044	1	7447
5045	0	7448
5045	1	4953
5046	0	7449
5046	1	7450
5047	0	7451
5047	1	7452
5048	0	4912
5048	1	6212
5049	0	7453
5049	1	7454
5050	0	7455
5050	1	7456
5051	0	3182
5051	1	7457
5052	0	7458
5052	1	7459
5053	0	354
5053	1	7460
5054	0	7461
5054	1	7462
5055	0	937
5055	1	2733
5056	0	1447
5056	1	7463
5057	0	7464
5057	1	7465
5058	0	5757
5058	1	4687
5059	0	7466
5059	1	5582
5060	0	7467
5060	1	1426
5061	0	7468
5061	1	7469
5062	0	2869
5062	1	6966
5063	0	7470
5063	1	6679
5064	0	7471
5064	1	2929
5065	0	7472
5065	1	7473
5066	0	4364
5066	1	7474
5067	0	2707
5067	1	1109
5068	0	7475
5068	1	1993
5069	0	4880
5069	1	7476
5070	0	7477
5070	1	7478
5071	0	6903
5071	1	2522
5072	0	7479
5072	1	7480
5073	0	7481
5073	1	6986
5074	0	3370
5074	1	7251
5075	0	2672
5075	1	1111
5076	0	586
5076	1	7482
5077	0	7480
5077	1	7483
5078	0	7484
5078	1	7485
5079	0	7486
5079	1	1540
5080	0	7487
5080	1	7488
5081	0	3202
5081	1	7489
5082	0	7490
5082	1	4254
5083	0	4708
5083	1	2205
5084	0	7491
5084	1	1113
5085	0	7492
5085	1	6170
5086	0	7493
5086	1	7494
5087	0	7495
5087	1	7496
5088	0	3457
5088	1	7497
5089	0	7498
5089	1	7499
5090	0	7500
5090	1	7501
5091	0	2697
5091	1	7491
5092	0	7502
5092	1	7503
5093	0	7504
5093	1	3908
5094	0	7505
5094	1	7506
5095	0	7489
5095	1	1115
5096	0	7507
5096	1	7508
5097	0	4799
5097	1	7509
5098	0	7510
5098	1	7511
5099	0	7512
5099	1	7513
5100	0	7514
5100	1	1117
5101	0	7345
5101	1	7515
5102	0	7516
5102	1	7517
5103	0	6271
5103	1	7518
5104	0	1701
5104	1	7519
5105	0	561
5105	1	7520
5106	0	3218
5106	1	7521
5107	0	7522
5107	1	7523
5108	0	7524
5108	1	7525
5109	0	358
5109	1	7526
5110	0	7527
5110	1	7528
5111	0	5973
5111	1	7529
5112	0	7530
5112	1	7531
5113	0	3261
5113	1	7532
5114	0	7533
5114	1	7534
5115	0	7535
5115	1	2462
5116	0	7497
5116	1	1121
5117	0	7536
5117	1	5717
5118	0	7537
5118	1	7538
5119	0	7539
5119	1	1122
5120	0	7540
5120	1	7541
5121	0	4981
5121	1	7542
5122	0	7543
5122	1	7544
5123	0	5353
5123	1	7545
5124	0	7546
5124	1	7547
5125	0	7496
5125	1	4622
5126	0	7548
5126	1	7549
5127	0	7550
5127	1	7551
5128	0	4313
5128	1	7552
5129	0	3235
5129	1	7553
5130	0	7554
5130	1	7555
5131	0	7556
5131	1	7557
5132	0	7558
5132	1	7559
5133	0	360
5133	1	7560
5134	0	3522
5134	1	7561
5135	0	507
5135	1	7562
5136	0	7563
5136	1	2464
5137	0	7564
5137	1	4626
5138	0	7565
5138	1	7566
5139	0	7567
5139	1	7568
5140	0	7569
5140	1	5859
5141	0	2556
5141	1	1535
5142	0	2585
5142	1	6803
5143	0	7439
5143	1	1127
5144	0	7542
5144	1	7570
5145	0	2708
5145	1	5936
5146	0	1896
5146	1	7571
5147	0	7572
5147	1	7573
5148	0	3247
5148	1	7574
5149	0	7575
5149	1	7576
5150	0	7577
5150	1	7578
5151	0	6042
5151	1	7579
5152	0	7532
5152	1	1129
5153	0	7580
5153	1	2920
5154	0	7581
5154	1	7582
5155	0	4776
5155	1	7583
5156	0	7584
5156	1	7585
5157	0	363
5157	1	1131
5158	0	2180
5158	1	7586
5159	0	7583
5159	1	6482
5160	0	3670
5160	1	7587
5161	0	7588
5161	1	7589
5162	0	7460
5162	1	6682
5163	0	7590
5163	1	2174
5164	0	7591
5164	1	4049
5165	0	3259
5165	1	7592
5166	0	7593
5166	1	5637
5167	0	7594
5167	1	7595
5168	0	7596
5168	1	1133
5169	0	7597
5169	1	7598
5170	0	7599
5170	1	7600
5171	0	7601
5171	1	7602
5172	0	7323
5172	1	7603
5173	0	7604
5173	1	7605
5174	0	7606
5174	1	7607
5175	0	7608
5175	1	7609
5176	0	3624
5176	1	7610
5177	0	3268
5177	1	7611
5178	0	7612
5178	1	7613
5179	0	7614
5179	1	1213
5180	0	7615
5180	1	1136
5181	0	412
5181	1	7069
5182	0	7616
5182	1	2282
5183	0	3688
5183	1	1280
5184	0	7617
5184	1	6505
5185	0	7618
5185	1	7619
5186	0	7620
5186	1	7621
5187	0	7622
5187	1	7623
5188	0	5411
5188	1	3850
5189	0	5309
5189	1	6344
5190	0	7587
5190	1	1138
5191	0	7623
5191	1	7624
5192	0	4529
5192	1	7625
5193	0	7626
5193	1	7627
5194	0	3277
5194	1	7628
5195	0	7538
5195	1	7629
5196	0	7630
5196	1	7631
5197	0	4712
5197	1	5163
5198	0	7632
5198	1	7633
5199	0	7634
5199	1	7635
5200	0	7636
5200	1	6146
5201	0	2729
5201	1	6544
5202	0	7637
5202	1	7638
5203	0	7639
5203	1	7640
5204	0	7641
5204	1	7642
5205	0	7640
5205	1	7643
5206	0	7644
5206	1	7645
5207	0	7646
5207	1	7647
5208	0	7648
5208	1	7649
5209	0	7650
5209	1	7651
5210	0	7652
5210	1	7653
5211	0	7654
5211	1	1144
5212	0	7655
5212	1	2368
5213	0	661
5213	1	4168
5214	0	7656
5214	1	4804
5215	0	3294
5215	1	7657
5216	0	5577
5216	1	7658
5217	0	7659
5217	1	1146
5218	0	7660
5218	1	7661
5219	0	1415
5219	1	7662
5220	0	7663
5220	1	7664
5221	0	7665
5221	1	7666
5222	0	7667
5222	1	7668
5223	0	7669
5223	1	7670
5224	0	7671
5224	1	1343
5225	0	7672
5225	1	1148
5226	0	6806
5226	1	6471
5227	0	7668
5227	1	7673
5228	0	7674
5228	1	7675
5229	0	7676
5229	1	4920
5230	0	7677
5230	1	6596
5231	0	540
5231	1	7678
5232	0	7679
5232	1	5713
5233	0	7680
5233	1	1150
5234	0	7681
5234	1	7682
5235	0	7589
5235	1	7683
5236	0	6336
5236	1	7684
5237	0	7685
5237	1	7686
5238	0	7687
5238	1	4917
5239	0	7688
5239	1	7689
5240	0	3309
5240	1	7654
5241	0	7690
5241	1	6352
5242	0	7691
5242	1	2937
5243	0	7692
5243	1	7693
5244	0	3353
5244	1	1152
5245	0	7234
5245	1	5213
5246	0	7627
5246	1	7694
5247	0	3900
5247	1	2874
5248	0	7695
5248	1	4831
5249	0	7696
5249	1	7697
5250	0	7698
5250	1	7699
5251	0	7700
5251	1	7701
5252	0	7702
5252	1	5473
5253	0	7703
5253	1	1154
5254	0	7704
5254	1	7705
5255	0	505
5255	1	7706
5256	0	7707
5256	1	7708
5257	0	3321
5257	1	6779
5258	0	7709
5258	1	7710
5259	0	7711
5259	1	7712
5260	0	7713
5260	1	1156
5261	0	7714
5261	1	7715
5262	0	3872
5262	1	4320
5263	0	7716
5263	1	6973
5264	0	6382
5264	1	7717
5265	0	3330
5265	1	4242
5266	0	1063
5266	1	5068
5267	0	7718
5267	1	7719
5268	0	7720
5268	1	7721
5269	0	865
5269	1	1159
5270	0	6819
5270	1	7722
5271	0	3439
5271	1	7510
5272	0	6148
5272	1	7723
5273	0	7724
5273	1	7725
5274	0	7726
5274	1	7727
5275	0	6970
5275	1	7728
5276	0	5930
5276	1	7729
5277	0	371
5277	1	7730
5278	0	7731
5278	1	7732
5279	0	5583
5279	1	7733
5280	0	902
5280	1	7734
5281	0	3424
5281	1	7735
5282	0	7736
5282	1	6245
5283	0	7737
5283	1	7738
5284	0	4332
5284	1	7739
5285	0	381
5285	1	1163
5286	0	392
5286	1	7740
5287	0	672
5287	1	7741
5288	0	3347
5288	1	7742
5289	0	7743
5289	1	7744
5290	0	5790
5290	1	7745
5291	0	7746
5291	1	7747
5292	0	7748
5292	1	6086
5293	0	7749
5293	1	7750
5294	0	1570
5294	1	7751
5295	0	7752
5295	1	7753
5296	0	7754
5296	1	7593
5297	0	3420
5297	1	1167
5298	0	7755
5298	1	7756
5299	0	7751
5299	1	4327
5300	0	7757
5300	1	7758
5301	0	7759
5301	1	7760
5302	0	1602
5302	1	2265
5303	0	7761
5303	1	7762
5304	0	3022
5304	1	7763
5305	0	7730
5305	1	1169
5306	0	7728
5306	1	7764
5307	0	7765
5307	1	6339
5308	0	7374
5308	1	7766
5309	0	4052
5309	1	7767
5310	0	7768
5310	1	7769
5311	0	7446
5311	1	4940
5312	0	7770
5312	1	7771
5313	0	467
5313	1	1171
5314	0	7772
5314	1	5287
5315	0	462
5315	1	7773
5316	0	6838
5316	1	7101
5317	0	7774
5317	1	2191
5318	0	7775
5318	1	5134
5319	0	6911
5319	1	4909
5320	0	7776
5320	1	7777
5321	0	7778
5321	1	7256
5322	0	4982
5322	1	6570
5323	0	3048
5323	1	1175
5324	0	7779
5324	1	7780
5325	0	375
5325	1	1493
5326	0	4602
5326	1	7781
5327	0	3435
5327	1	7782
5328	0	7783
5328	1	7784
5329	0	1554
5329	1	4437
5330	0	7785
5330	1	7786
5331	0	485
5331	1	1177
5332	0	7787
5332	1	7788
5333	0	7789
5333	1	7790
5334	0	7791
5334	1	7792
5335	0	7793
5335	1	1178
5336	0	7794
5336	1	7795
5337	0	7796
5337	1	4516
5338	0	7598
5338	1	7797
5339	0	483
5339	1	7798
5340	0	5656
5340	1	7799
5341	0	7800
5341	1	1489
5342	0	1617
5342	1	7801
5343	0	2120
5343	1	7045
5344	0	7802
5344	1	7803
5345	0	7804
5345	1	7805
5346	0	7806
5346	1	1181
5347	0	7807
5347	1	7808
5348	0	377
5348	1	1453
5349	0	7758
5349	1	7809
5350	0	3849
5350	1	5844
5351	0	7810
5351	1	5156
5352	0	7811
5352	1	1825
5353	0	7812
5353	1	7813
5354	0	7814
5354	1	4514
5355	0	7815
5355	1	7816
5356	0	4215
5356	1	1183
5357	0	879
5357	1	2761
5358	0	7817
5358	1	7818
5359	0	3398
5359	1	7819
5360	0	7820
5360	1	6068
5361	0	7821
5361	1	1264
5362	0	7782
5362	1	1185
5363	0	6124
5363	1	5332
5364	0	2684
5364	1	7822
5365	0	7823
5365	1	7824
5366	0	7825
5366	1	7826
5367	0	7827
5367	1	7828
5368	0	7829
5368	1	7830
5369	0	3406
5369	1	7831
5370	0	7832
5370	1	2086
5371	0	7833
5371	1	7834
5372	0	7835
5372	1	7650
5373	0	4445
5373	1	7836
5374	0	7837
5374	1	7838
5375	0	7839
5375	1	7840
5376	0	7838
5376	1	7841
5377	0	7842
5377	1	7843
5378	0	7844
5378	1	4610
5379	0	7845
5379	1	7846
5380	0	7847
5380	1	7522
5381	0	7848
5381	1	7849
5382	0	380
5382	1	7850
5383	0	7509
5383	1	7851
5384	0	7852
5384	1	7853
5385	0	7854
5385	1	7855
5386	0	7856
5386	1	7857
5387	0	7858
5387	1	7859
5388	0	7860
5388	1	7861
5389	0	2909
5389	1	7024
5390	0	6528
5390	1	1193
5391	0	7862
5391	1	7863
5392	0	3944
5392	1	7864
5393	0	3422
5393	1	7865
5394	0	7866
5394	1	7867
5395	0	7868
5395	1	7869
5396	0	7809
5396	1	7870
5397	0	7871
5397	1	7872
5398	0	6665
5398	1	7873
5399	0	7874
5399	1	7875
5400	0	7508
5400	1	7876
5401	0	4963
5401	1	7877
5402	0	7878
5402	1	7879
5403	0	7880
5403	1	7881
5404	0	7511
5404	1	1197
5405	0	7882
5405	1	7883
5406	0	3051
5406	1	7884
5407	0	3433
5407	1	7885
5408	0	7886
5408	1	1401
5409	0	6761
5409	1	7887
5410	0	7888
5410	1	7889
5411	0	7890
5411	1	7512
5412	0	7891
5412	1	7892
5413	0	4833
5413	1	7893
5414	0	2763
5414	1	7894
5415	0	7895
5415	1	7896
5416	0	7897
5416	1	7898
5417	0	970
5417	1	7899
5418	0	7900
5418	1	7901
5419	0	3442
5419	1	7902
5420	0	2888
5420	1	7903
5421	0	7904
5421	1	3344
5422	0	7905
5422	1	1201
5423	0	7879
5423	1	3719
5424	0	7906
5424	1	2381
5425	0	7843
5425	1	7907
5426	0	3046
5426	1	7908
5427	0	7909
5427	1	7346
5428	0	7910
5428	1	7911
5429	0	7828
5429	1	1203
5430	0	7912
5430	1	5026
5431	0	7745
5431	1	7913
5432	0	3450
5432	1	7914
5433	0	7664
5433	1	7915
5434	0	7916
5434	1	7917
5435	0	7918
5435	1	7919
5436	0	7876
5436	1	1205
5437	0	7920
5437	1	5405
5438	0	5770
5438	1	7921
5439	0	7000
5439	1	5931
5440	0	7922
5440	1	7923
5441	0	4845
5441	1	1750
5442	0	7924
5442	1	7925
5443	0	7851
5443	1	1207
5444	0	7926
5444	1	7390
5445	0	7927
5445	1	5728
5446	0	7526
5446	1	1209
5447	0	7519
5447	1	4578
5448	0	7928
5448	1	7929
5449	0	2926
5449	1	4391
5450	0	7930
5450	1	7231
5451	0	7931
5451	1	7932
5452	0	7933
5452	1	7934
5453	0	7935
5453	1	7936
5454	0	7937
5454	1	7938
5455	0	2503
5455	1	7939
5456	0	7293
5456	1	7940
5457	0	7941
5457	1	7942
5458	0	7940
5458	1	7943
5459	0	7944
5459	1	7945
5460	0	7946
5460	1	7947
5461	0	7948
5461	1	7949
5462	0	7950
5462	1	7951
5463	0	7952
5463	1	7953
5464	0	7830
5464	1	7954
5465	0	7936
5465	1	7955
5466	0	7956
5466	1	1224
5467	0	7957
5467	1	7958
5468	0	7959
5468	1	7960
5469	0	7961
5469	1	7962
5470	0	6548
5470	1	7963
5471	0	4883
5471	1	1217
5472	0	7929
5472	1	7964
5473	0	3516
5473	1	7965
5474	0	7966
5474	1	2420
5475	0	7967
5475	1	7109
5476	0	7968
5476	1	7969
5477	0	7970
5477	1	7971
5478	0	7972
5478	1	7973
5479	0	7974
5479	1	7975
5480	0	7976
5480	1	7977
5481	0	7740
5481	1	1221
5482	0	7978
5482	1	7979
5483	0	7980
5483	1	7981
5484	0	7657
5484	1	7982
5485	0	7983
5485	1	1222
5486	0	2962
5486	1	7063
5487	0	7984
5487	1	3642
5488	0	3658
5488	1	7087
5489	0	7985
5489	1	7986
5490	0	7953
5490	1	7987
5491	0	7958
5491	1	7988
5492	0	7989
5492	1	7990
5493	0	3956
5493	1	7970
5494	0	7991
5494	1	7992
5495	0	391
5495	1	7127
5496	0	4902
5496	1	7993
5497	0	7994
5497	1	7995
5498	0	7553
5498	1	7996
5499	0	7997
5499	1	7998
5500	0	7999
5500	1	8000
5501	0	8001
5501	1	8002
5502	0	8003
5502	1	7941
5503	0	8004
5503	1	7413
5504	0	8005
5504	1	6641
5505	0	3621
5505	1	1227
5506	0	3503
5506	1	4354
5507	0	8006
5507	1	8007
5508	0	8008
5508	1	8009
5509	0	8010
5509	1	4650
5510	0	8011
5510	1	8012
5511	0	8013
5511	1	8014
5512	0	1928
5512	1	8015
5513	0	8016
5513	1	8017
5514	0	8018
5514	1	8019
5515	0	7661
5515	1	8020
5516	0	4887
5516	1	1232
5517	0	3740
5517	1	8021
5518	0	8022
5518	1	3965
5519	0	4366
5519	1	8023
5520	0	8024
5520	1	8025
5521	0	8026
5521	1	8027
5522	0	8012
5522	1	8028
5523	0	8029
5523	1	1811
5524	0	7988
5524	1	6662
5525	0	7767
5525	1	7800
5526	0	3391
5526	1	8030
5527	0	5705
5527	1	5005
5528	0	601
5528	1	1236
5529	0	6317
5529	1	8031
5530	0	8030
5530	1	8032
5531	0	8021
5531	1	8033
5532	0	8034
5532	1	8035
5533	0	8036
5533	1	5512
5534	0	8037
5534	1	8038
5535	0	2809
5535	1	7636
5536	0	1522
5536	1	7796
5537	0	4262
5537	1	6084
5538	0	7993
5538	1	1239
5539	0	8039
5539	1	6749
5540	0	8040
5540	1	8041
5541	0	8042
5541	1	8043
5542	0	8044
5542	1	6133
5543	0	8045
5543	1	1241
5544	0	8046
5544	1	8047
5545	0	8048
5545	1	8049
5546	0	8050
5546	1	8051
5547	0	8052
5547	1	8053
5548	0	717
5548	1	8054
5549	0	8055
5549	1	8056
5550	0	3535
5550	1	8057
5551	0	2225
5551	1	8058
5552	0	8059
5552	1	8060
5553	0	8061
5553	1	8062
5554	0	2402
5554	1	8063
5555	0	8064
5555	1	6275
5556	0	8065
5556	1	8066
5557	0	8067
5557	1	4204
5558	0	8068
5558	1	1245
5559	0	4761
5559	1	8069
5560	0	8070
5560	1	8071
5561	0	8072
5561	1	8073
5562	0	8074
5562	1	8075
5563	0	8076
5563	1	1247
5564	0	2067
5564	1	8077
5565	0	8062
5565	1	8078
5566	0	5228
5566	1	8079
5567	0	6646
5567	1	8080
5568	0	3548
5568	1	8045
5569	0	8081
5569	1	7431
5570	0	3636
5570	1	1249
5571	0	8082
5571	1	5548
5572	0	8035
5572	1	8083
5573	0	7973
5573	1	8084
5574	0	1471
5574	1	4001
5575	0	5216
5575	1	8085
5576	0	1888
5576	1	1588
5577	0	8086
5577	1	1251
5578	0	8049
5578	1	7153
5579	0	8087
5579	1	8088
5580	0	3560
5580	1	8089
5581	0	8090
5581	1	8091
5582	0	5424
5582	1	8092
5583	0	4106
5583	1	1253
5584	0	6422
5584	1	7565
5585	0	400
5585	1	8093
5586	0	4096
5586	1	4011
5587	0	8094
5587	1	8095
5588	0	8096
5588	1	8097
5589	0	8098
5589	1	8099
5590	0	606
5590	1	1255
5591	0	3569
5591	1	1708
5592	0	8100
5592	1	3140
5593	0	3798
5593	1	8101
5594	0	8102
5594	1	8103
5595	0	8104
5595	1	8105
5596	0	8053
5596	1	2416
5597	0	8106
5597	1	8107
5598	0	8108
5598	1	4557
5599	0	8109
5599	1	8110
5600	0	4412
5600	1	8111
5601	0	402
5601	1	8112
5602	0	8099
5602	1	2515
5603	0	5840
5603	1	8113
5604	0	8069
5604	1	8114
5605	0	8115
5605	1	8116
5606	0	3692
5606	1	8117
5607	0	8118
5607	1	8119
5608	0	3664
5608	1	7615
5609	0	2737
5609	1	8120
5610	0	8121
5610	1	8122
5611	0	418
5611	1	1260
5612	0	8054
5612	1	2198
5613	0	8123
5613	1	8124
5614	0	1663
5614	1	4534
5615	0	8125
5615	1	8126
5616	0	8127
5616	1	8128
5617	0	8129
5617	1	8130
5618	0	6976
5618	1	8131
5619	0	2043
5619	1	8008
5620	0	8132
5620	1	5948
5621	0	8133
5621	1	5025
5622	0	4524
5622	1	8134
5623	0	7673
5623	1	8135
5624	0	404
5624	1	8136
5625	0	7942
5625	1	8137
5626	0	8138
5626	1	8139
5627	0	7348
5627	1	8140
5628	0	3166
5628	1	7569
5629	0	8141
5629	1	8142
5630	0	8143
5630	1	8144
5631	0	4221
5631	1	8145
5632	0	7864
5632	1	8146
5633	0	8147
5633	1	8148
5634	0	8149
5634	1	8150
5635	0	8151
5635	1	3123
5636	0	8152
5636	1	1267
5637	0	8153
5637	1	1947
5638	0	8148
5638	1	5074
5639	0	8128
5639	1	6944
5640	0	8154
5640	1	8155
5641	0	8156
5641	1	8157
5642	0	8158
5642	1	8159
5643	0	8160
5643	1	8161
5644	0	8162
5644	1	8163
5645	0	7628
5645	1	1269
5646	0	8164
5646	1	7775
5647	0	7613
5647	1	8165
5648	0	8166
5648	1	8167
5649	0	8168
5649	1	8169
5650	0	3701
5650	1	8170
5651	0	4921
5651	1	8171
5652	0	5340
5652	1	8172
5653	0	3610
5653	1	8173
5654	0	6297
5654	1	8174
5655	0	8175
5655	1	8176
5656	0	8177
5656	1	1271
5657	0	8178
5657	1	8179
5658	0	7764
5658	1	8180
5659	0	8181
5659	1	1422
5660	0	8182
5660	1	6990
5661	0	8183
5661	1	8184
5662	0	3039
5662	1	8185
5663	0	8186
5663	1	8187
5664	0	7456
5664	1	6700
5665	0	7943
5665	1	1273
5666	0	4430
5666	1	8188
5667	0	8189
5667	1	8190
5668	0	8137
5668	1	1274
5669	0	8191
5669	1	8192
5670	0	8188
5670	1	8193
5671	0	8134
5671	1	8194
5672	0	8195
5672	1	8196
5673	0	4993
5673	1	1485
5674	0	7151
5674	1	2584
5675	0	8197
5675	1	4132
5676	0	8198
5676	1	8199
5677	0	8200
5677	1	1276
5678	0	8201
5678	1	2977
5679	0	8202
5679	1	8203
5680	0	8204
5680	1	8205
5681	0	2928
5681	1	6416
5682	0	738
5682	1	8206
5683	0	547
5683	1	8207
5684	0	3630
5684	1	8208
5685	0	8209
5685	1	5317
5686	0	8210
5686	1	8211
5687	0	8212
5687	1	8213
5688	0	5396
5688	1	7427
5689	0	7261
5689	1	8214
5690	0	8215
5690	1	8216
5691	0	8217
5691	1	8218
5692	0	4219
5692	1	2797
5693	0	4478
5693	1	8018
5694	0	7473
5694	1	7092
5695	0	8218
5695	1	8219
5696	0	8220
5696	1	4169
5697	0	8221
5697	1	8222
5698	0	3112
5698	1	8223
5699	0	8224
5699	1	8225
5700	0	8226
5700	1	8227
5701	0	8112
5701	1	1282
5702	0	8110
5702	1	6919
5703	0	8228
5703	1	8229
5704	0	8230
5704	1	8231
5705	0	8232
5705	1	3384
5706	0	3643
5706	1	8200
5707	0	8233
5707	1	8234
5708	0	2916
5708	1	8235
5709	0	8236
5709	1	8237
5710	0	7610
5710	1	1284
5711	0	2771
5711	1	5682
5712	0	8196
5712	1	8238
5713	0	8239
5713	1	8240
5714	0	8203
5714	1	6029
5715	0	7025
5715	1	2407
5716	0	6412
5716	1	8241
5717	0	8242
5717	1	6573
5718	0	4098
5718	1	1288
5719	0	3345
5719	1	3423
5720	0	4007
5720	1	5524
5721	0	7300
5721	1	7874
5722	0	8243
5722	1	7810
5723	0	8244
5723	1	8245
5724	0	8246
5724	1	8247
5725	0	8248
5725	1	1290
5726	0	8249
5726	1	8250
5727	0	8251
5727	1	7634
5728	0	2985
5728	1	7084
5729	0	7777
5729	1	8252
5730	0	7476
5730	1	8253
5731	0	1818
5731	1	8254
5732	0	3385
5732	1	8255
5733	0	5364
5733	1	8256
5734	0	8257
5734	1	7527
5735	0	3666
5735	1	4188
5736	0	7607
5736	1	8258
5737	0	8259
5737	1	1293
5738	0	8260
5738	1	7632
5739	0	4586
5739	1	8261
5740	0	8165
5740	1	1295
5741	0	8262
5741	1	5722
5742	0	8263
5742	1	4765
5743	0	8264
5743	1	7891
5744	0	419
5744	1	1298
5745	0	8265
5745	1	5423
5746	0	5350
5746	1	8266
5747	0	5149
5747	1	8267
5748	0	8268
5748	1	8042
5749	0	4928
5749	1	8269
5750	0	8270
5750	1	2750
5751	0	8271
5751	1	8272
5752	0	8273
5752	1	8274
5753	0	8275
5753	1	8276
5754	0	8277
5754	1	1302
5755	0	8278
5755	1	8279
5756	0	8272
5756	1	4334
5757	0	8280
5757	1	8281
5758	0	8282
5758	1	8283
5759	0	417
5759	1	8284
5760	0	442
5760	1	8285
5761	0	8286
5761	1	8287
5762	0	7717
5762	1	8288
5763	0	8289
5763	1	2262
5764	0	8290
5764	1	8291
5765	0	8292
5765	1	8293
5766	0	8294
5766	1	1305
5767	0	5428
5767	1	8295
5768	0	8296
5768	1	8297
5769	0	3690
5769	1	8298
5770	0	8299
5770	1	8300
5771	0	2745
5771	1	6752
5772	0	4170
5772	1	8301
5773	0	7191
5773	1	8302
5774	0	3826
5774	1	8303
5775	0	4330
5775	1	2845
5776	0	8304
5776	1	8305
5777	0	440
5777	1	8306
5778	0	8307
5778	1	8308
5779	0	4752
5779	1	8309
5780	0	8310
5780	1	8311
5781	0	8312
5781	1	8313
5782	0	8314
5782	1	8315
5783	0	3700
5783	1	7186
5784	0	8316
5784	1	8317
5785	0	8318
5785	1	3627
5786	0	4764
5786	1	1310
5787	0	8309
5787	1	8319
5788	0	932
5788	1	8320
5789	0	3011
5789	1	8321
5790	0	8322
5790	1	8323
5791	0	8324
5791	1	4793
5792	0	7385
5792	1	8325
5793	0	8326
5793	1	2709
5794	0	8327
5794	1	7974
5795	0	8213
5795	1	8328
5796	0	3708
5796	1	8329
5797	0	8330
5797	1	8331
5798	0	8306
5798	1	1314
5799	0	6790
5799	1	5207
5800	0	8332
5800	1	8333
5801	0	4258
5801	1	8334
5802	0	8335
5802	1	8336
5803	0	8337
5803	1	8338
5804	0	7883
5804	1	5399
5805	0	2946
5805	1	7967
5806	0	8285
5806	1	1316
5807	0	8339
5807	1	8340
5808	0	8338
5808	1	8341
5809	0	4076
5809	1	8129
5810	0	8342
5810	1	8343
5811	0	8344
5811	1	8345
5812	0	475
5812	1	1318
5813	0	7741
5813	1	2472
5814	0	4605
5814	1	8346
5815	0	8347
5815	1	1321
5816	0	8348
5816	1	8349
5817	0	8350
5817	1	7900
5818	0	8351
5818	1	8352
5819	0	423
5819	1	5758
5820	0	8353
5820	1	8354
5821	0	8355
5821	1	4500
5822	0	2536
5822	1	6355
5823	0	8356
5823	1	3521
5824	0	8357
5824	1	8358
5825	0	4494
5825	1	6337
5826	0	8359
5826	1	8360
5827	0	8361
5827	1	8362
5828	0	8360
5828	1	8363
5829	0	8364
5829	1	8365
5830	0	7780
5830	1	8366
5831	0	688
5831	1	8367
5832	0	8368
5832	1	8369
5833	0	4443
5833	1	1326
5834	0	8370
5834	1	8371
5835	0	4423
5835	1	8372
5836	0	7257
5836	1	4150
5837	0	5603
5837	1	8373
5838	0	8374
5838	1	5302
5839	0	8375
5839	1	8326
5840	0	8376
5840	1	1328
5841	0	8377
5841	1	8378
5842	0	8379
5842	1	4265
5843	0	8380
5843	1	8381
5844	0	8382
5844	1	8383
5845	0	8384
5845	1	7262
5846	0	1252
5846	1	8385
5847	0	8386
5847	1	8387
5848	0	8388
5848	1	8389
5849	0	4425
5849	1	1330
5850	0	7430
5850	1	8390
5851	0	8391
5851	1	8392
5852	0	3750
5852	1	8393
5853	0	8394
5853	1	8395
5854	0	1971
5854	1	8396
5855	0	8397
5855	1	1331
5856	0	8387
5856	1	5704
5857	0	8398
5857	1	8399
5858	0	8400
5858	1	8401
5859	0	643
5859	1	8402
5860	0	8403
5860	1	6369
5861	0	8404
5861	1	8405
5862	0	5658
5862	1	7564
5863	0	7923
5863	1	8406
5864	0	3911
5864	1	1333
5865	0	2802
5865	1	8407
5866	0	8408
5866	1	8409
5867	0	3761
5867	1	8410
5868	0	8411
5868	1	7241
5869	0	8412
5869	1	7825
5870	0	8413
5870	1	8414
5871	0	8415
5871	1	8416
5872	0	8417
5872	1	8244
5873	0	8418
5873	1	8419
5874	0	966
5874	1	2810
5875	0	8354
5875	1	1337
5876	0	8420
5876	1	8421
5877	0	2482
5877	1	6208
5878	0	7246
5878	1	8422
5879	0	8423
5879	1	8424
5880	0	8425
5880	1	8426
5881	0	6860
5881	1	2573
5882	0	8427
5882	1	1339
5883	0	8428
5883	1	8429
5884	0	1055
5884	1	8036
5885	0	8430
5885	1	8431
5886	0	8432
5886	1	8433
5887	0	8434
5887	1	8435
5888	0	8436
5888	1	8437
5889	0	3779
5889	1	8427
5890	0	8438
5890	1	4774
5891	0	4773
5891	1	8102
5892	0	8439
5892	1	8440
5893	0	4420
5893	1	1341
5894	0	8441
5894	1	2429
5895	0	8409
5895	1	4645
5896	0	8422
5896	1	8442
5897	0	4547
5897	1	8443
5898	0	4280
5898	1	8444
5899	0	8445
5899	1	8446
5900	0	8447
5900	1	8448
5901	0	7447
5901	1	8449
5902	0	8450
5902	1	2957
5903	0	3790
5903	1	8451
5904	0	4211
5904	1	8452
5905	0	8453
5905	1	8454
5906	0	8455
5906	1	1345
5907	0	4624
5907	1	1673
5908	0	3796
5908	1	8456
5909	0	2461
5909	1	8457
5910	0	8458
5910	1	6451
5911	0	8459
5911	1	1347
5912	0	8460
5912	1	8461
5913	0	8462
5913	1	4453
5914	0	5740
5914	1	8463
5915	0	4523
5915	1	8464
5916	0	8465
5916	1	8466
5917	0	8433
5917	1	8467
5918	0	8468
5918	1	8469
5919	0	8470
5919	1	7933
5920	0	8471
5920	1	8472
5921	0	8473
5921	1	8474
5922	0	8475
5922	1	8476
5923	0	3806
5923	1	8477
5924	0	1898
5924	1	8478
5925	0	8479
5925	1	1350
5926	0	8480
5926	1	8481
5927	0	432
5927	1	8482
5928	0	8483
5928	1	8484
5929	0	8485
5929	1	8486
5930	0	8487
5930	1	8488
5931	0	8489
5931	1	4451
5932	0	6010
5932	1	8490
5933	0	8372
5933	1	1352
5934	0	2266
5934	1	3324
5935	0	8491
5935	1	8492
5936	0	8493
5936	1	1940
5937	0	4427
5937	1	1354
5938	0	8494
5938	1	5041
5939	0	8495
5939	1	4053
5940	0	2558
5940	1	7486
5941	0	4442
5941	1	8496
5942	0	783
5942	1	8497
5943	0	3824
5943	1	8498
5944	0	2398
5944	1	6366
5945	0	6365
5945	1	8499
5946	0	7031
5946	1	8500
5947	0	8501
5947	1	8502
5948	0	8503
5948	1	2168
5949	0	8504
5949	1	8505
5950	0	8506
5950	1	8507
5951	0	3604
5951	1	8251
5952	0	8508
5952	1	8509
5953	0	1892
5953	1	1359
5954	0	7544
5954	1	8510
5955	0	8507
5955	1	8511
5956	0	8512
5956	1	8513
5957	0	8514
5957	1	8515
5958	0	4937
5958	1	8516
5959	0	8517
5959	1	8518
5960	0	8519
5960	1	8520
5961	0	8521
5961	1	8522
5962	0	611
5962	1	1361
5963	0	5458
5963	1	5942
5964	0	6888
5964	1	8523
5965	0	8524
5965	1	8525
5966	0	8526
5966	1	2857
5967	0	8527
5967	1	1363
5968	0	8528
5968	1	8529
5969	0	5111
5969	1	8530
5970	0	3845
5970	1	8531
5971	0	8532
5971	1	1547
5972	0	8533
5972	1	3593
5973	0	8534
5973	1	1365
5974	0	8535
5974	1	8536
5975	0	436
5975	1	1879
5976	0	4766
5976	1	3280
5977	0	8537
5977	1	8538
5978	0	8539
5978	1	8070
5979	0	626
5979	1	1367
5980	0	8540
5980	1	3270
5981	0	8541
5981	1	8542
5982	0	2345
5982	1	1368
5983	0	8543
5983	1	8544
5984	0	3972
5984	1	8344
5985	0	8452
5985	1	8545
5986	0	8546
5986	1	7749
5987	0	624
5987	1	8547
5988	0	6941
5988	1	8548
5989	0	8549
5989	1	1875
5990	0	8550
5990	1	8551
5991	0	8552
5991	1	8553
5992	0	438
5992	1	1851
5993	0	2087
5993	1	8554
5994	0	6370
5994	1	5034
5995	0	4791
5995	1	7072
5996	0	3960
5996	1	8555
5997	0	8556
5997	1	8557
5998	0	3929
5998	1	8335
5999	0	8558
5999	1	5451
6000	0	8559
6000	1	8560
6001	0	454
6001	1	1372
6002	0	3870
6002	1	7844
6003	0	8497
6003	1	2375
6004	0	8561
6004	1	8562
6005	0	8563
6005	1	8564
6006	0	6768
6006	1	4606
6007	0	8057
6007	1	5901
6008	0	8565
6008	1	8566
6009	0	8567
6009	1	7376
6010	0	8568
6010	1	8569
6011	0	8570
6011	1	8571
6012	0	4625
6012	1	1642
6013	0	8117
6013	1	8318
6014	0	8572
6014	1	8573
6015	0	8574
6015	1	6460
6016	0	8575
6016	1	8576
6017	0	8577
6017	1	8578
6018	0	8579
6018	1	5856
6019	0	8329
6019	1	1378
6020	0	8580
6020	1	8581
6021	0	8317
6021	1	8582
6022	0	8583
6022	1	8584
6023	0	4922
6023	1	5664
6024	0	8585
6024	1	8586
6025	0	8587
6025	1	8588
6026	0	2753
6026	1	6298
6027	0	8589
6027	1	1380
6028	0	8586
6028	1	7886
6029	0	8349
6029	1	4552
6030	0	8590
6030	1	8591
6031	0	3892
6031	1	8592
6032	0	8593
6032	1	8594
6033	0	8595
6033	1	1844
6034	0	8596
6034	1	1382
6035	0	8597
6035	1	8598
6036	0	8599
6036	1	8600
6037	0	7808
6037	1	8601
6038	0	8602
6038	1	8603
6039	0	2254
6039	1	8294
6040	0	2794
6040	1	8604
6041	0	8605
6041	1	8606
6042	0	8284
6042	1	1384
6043	0	8607
6043	1	6647
6044	0	1257
6044	1	8608
6045	0	1281
6045	1	8609
6046	0	8610
6046	1	8611
6047	0	1143
6047	1	8612
6048	0	7187
6048	1	8613
6049	0	8614
6049	1	3275
6050	0	8615
6050	1	8616
6051	0	4999
6051	1	2661
6052	0	3906
6052	1	8617
6053	0	8618
6053	1	5212
6054	0	8619
6054	1	8620
6055	0	707
6055	1	8621
6056	0	8622
6056	1	1387
6057	0	8623
6057	1	8624
6058	0	8625
6058	1	8626
6059	0	3957
6059	1	1389
6060	0	8627
6060	1	8628
6061	0	8629
6061	1	8630
6062	0	8631
6062	1	8632
6063	0	5845
6063	1	8633
6064	0	8634
6064	1	5410
6065	0	8551
6065	1	8635
6066	0	8636
6066	1	8637
6067	0	8638
6067	1	8639
6068	0	3402
6068	1	2037
6069	0	4794
6069	1	1393
6070	0	8613
6070	1	7355
6071	0	8640
6071	1	7079
6072	0	448
6072	1	8641
6073	0	3968
6073	1	8642
6074	0	8643
6074	1	8644
6075	0	8645
6075	1	3106
6076	0	8646
6076	1	4486
6077	0	8336
6077	1	1397
6078	0	510
6078	1	1567
6079	0	8616
6079	1	5425
6080	0	6408
6080	1	4249
6081	0	8647
6081	1	6606
6082	0	8648
6082	1	1399
6083	0	8630
6083	1	8649
6084	0	2359
6084	1	6454
6085	0	8650
6085	1	8651
6086	0	3936
6086	1	6892
6087	0	8652
6087	1	8653
6088	0	8654
6088	1	1503
6089	0	8642
6089	1	1403
6090	0	8655
6090	1	5248
6091	0	4499
6091	1	8656
6092	0	1800
6092	1	8657
6093	0	8658
6093	1	4408
6094	0	8252
6094	1	4148
6095	0	456
6095	1	1405
6096	0	8659
6096	1	6866
6097	0	8657
6097	1	4802
6098	0	8660
6098	1	8181
6099	0	1833
6099	1	8661
6100	0	8662
6100	1	8663
6101	0	3946
6101	1	8664
6102	0	8031
6102	1	2435
6103	0	8665
6103	1	8666
6104	0	8667
6104	1	1407
6105	0	2480
6105	1	8668
6106	0	8669
6106	1	8670
6107	0	8671
6107	1	8672
6108	0	8673
6108	1	8149
6109	0	8674
6109	1	8675
6110	0	7129
6110	1	8676
6111	0	2665
6111	1	1409
6112	0	8677
6112	1	8453
6113	0	8678
6113	1	8679
6114	0	4823
6114	1	7467
6115	0	8680
6115	1	8681
6116	0	4556
6116	1	8682
6117	0	2134
6117	1	7116
6118	0	7433
6118	1	8683
6119	0	7919
6119	1	5055
6120	0	8684
6120	1	1412
6121	0	3958
6121	1	3485
6122	0	8685
6122	1	8686
6123	0	8687
6123	1	8688
6124	0	8649
6124	1	8689
6125	0	8690
6125	1	8691
6126	0	8443
6126	1	8692
6127	0	8693
6127	1	5715
6128	0	5174
6128	1	1893
6129	0	8345
6129	1	1416
6130	0	3966
6130	1	1832
6131	0	8694
6131	1	3575
6132	0	1233
6132	1	1824
6133	0	8695
6133	1	8696
6134	0	6893
6134	1	8697
6135	0	8698
6135	1	8699
6136	0	8163
6136	1	4817
6137	0	8700
6137	1	3903
6138	0	8701
6138	1	1420
6139	0	8702
6139	1	5596
6140	0	8703
6140	1	4288
6141	0	8704
6141	1	7817
6142	0	1069
6142	1	7614
6143	0	4864
6143	1	5826
6144	0	8621
6144	1	3070
6145	0	8705
6145	1	8706
6146	0	8707
6146	1	5417
6147	0	8692
6147	1	1424
6148	0	680
6148	1	1923
6149	0	8708
6149	1	8709
6150	0	7670
6150	1	8570
6151	0	8710
6151	1	8711
6152	0	3042
6152	1	6457
6153	0	4428
6153	1	1428
6154	0	8448
6154	1	8712
6155	0	8713
6155	1	8714
6156	0	8715
6156	1	8716
6157	0	4589
6157	1	8717
6158	0	8718
6158	1	8719
6159	0	8720
6159	1	8721
6160	0	8722
6160	1	8723
6161	0	8724
6161	1	8725
6162	0	4511
6162	1	8726
6163	0	8727
6163	1	5630
6164	0	5352
6164	1	8728
6165	0	8729
6165	1	1433
6166	0	7083
6166	1	7451
6167	0	8661
6167	1	8022
6168	0	8719
6168	1	8730
6169	0	8731
6169	1	1470
6170	0	1763
6170	1	4870
6171	0	8732
6171	1	8733
6172	0	4894
6172	1	8734
6173	0	8735
6173	1	1435
6174	0	8714
6174	1	8736
6175	0	2489
6175	1	8737
6176	0	6842
6176	1	8738
6177	0	1289
6177	1	8739
6178	0	8740
6178	1	8741
6179	0	8742
6179	1	1437
6180	0	8743
6180	1	5621
6181	0	8744
6181	1	8745
6182	0	1254
6182	1	8746
6183	0	8747
6183	1	8748
6184	0	7979
6184	1	2969
6185	0	2432
6185	1	8749
6186	0	2998
6186	1	8750
6187	0	8751
6187	1	4860
6188	0	8752
6188	1	8379
6189	0	3641
6189	1	2927
6190	0	8017
6190	1	8753
6191	0	8515
6191	1	8754
6192	0	8755
6192	1	1441
6193	0	5976
6193	1	8756
6194	0	8757
6194	1	8758
6195	0	464
6195	1	6161
6196	0	8759
6196	1	8760
6197	0	8761
6197	1	8762
6198	0	8763
6198	1	6695
6199	0	8764
6199	1	8765
6200	0	1053
6200	1	8766
6201	0	8750
6201	1	7038
6202	0	8767
6202	1	8768
6203	0	8769
6203	1	8770
6204	0	3006
6204	1	7196
6205	0	7194
6205	1	8771
6206	0	8523
6206	1	8772
6207	0	8773
6207	1	1446
6208	0	7585
6208	1	8774
6209	0	8287
6209	1	8775
6210	0	8776
6210	1	8420
6211	0	4127
6211	1	5129
6212	0	8777
6212	1	8778
6213	0	8779
6213	1	2896
6214	0	8780
6214	1	4435
6215	0	8781
6215	1	1448
6216	0	8402
6216	1	8782
6217	0	466
6217	1	8783
6218	0	551
6218	1	8784
6219	0	1943
6219	1	5115
6220	0	8785
6220	1	8786
6221	0	3660
6221	1	6800
6222	0	8787
6222	1	8693
6223	0	8788
6223	1	8789
6224	0	3271
6224	1	8790
6225	0	8791
6225	1	8792
6226	0	4050
6226	1	5655
6227	0	8793
6227	1	8794
6228	0	8795
6228	1	5498
6229	0	8796
6229	1	1451
6230	0	8789
6230	1	8797
6231	0	3735
6231	1	8462
6232	0	2930
6232	1	8640
6233	0	8798
6233	1	3253
6234	0	8799
6234	1	8132
6235	0	8800
6235	1	8801
6236	0	8802
6236	1	8803
6237	0	1605
6237	1	3814
6238	0	8804
6238	1	8805
6239	0	8803
6239	1	2965
6240	0	8806
6240	1	5813
6241	0	8323
6241	1	8807
6242	0	8808
6242	1	8809
6243	0	8810
6243	1	1646
6244	0	2005
6244	1	1455
6245	0	8811
6245	1	2001
6246	0	8812
6246	1	8813
6247	0	8814
6247	1	5118
6248	0	2632
6248	1	8815
6249	0	8816
6249	1	5649
6250	0	4218
6250	1	8593
6251	0	7962
6251	1	1457
6252	0	8817
6252	1	8818
6253	0	8815
6253	1	6571
6254	0	4785
6254	1	8819
6255	0	8756
6255	1	8820
6256	0	2245
6256	1	6008
6257	0	4975
6257	1	8096
6258	0	4073
6258	1	8821
6259	0	8822
6259	1	8823
6260	0	8824
6260	1	8528
6261	0	8825
6261	1	2986
6262	0	8826
6262	1	1459
6263	0	8827
6263	1	1864
6264	0	8828
6264	1	8829
6265	0	6470
6265	1	2768
6266	0	8830
6266	1	1580
6267	0	471
6267	1	8831
6268	0	1381
6268	1	8832
6269	0	5065
6269	1	4356
6270	0	8833
6270	1	8834
6271	0	8835
6271	1	8836
6272	0	8837
6272	1	8838
6273	0	8839
6273	1	8840
6274	0	6380
6274	1	7761
6275	0	710
6275	1	8450
6276	0	8775
6276	1	1462
6277	0	8840
6277	1	8841
6278	0	8829
6278	1	8842
6279	0	8783
6279	1	8843
6280	0	4087
6280	1	8844
6281	0	8845
6281	1	8846
6282	0	4324
6282	1	6256
6283	0	8847
6283	1	8848
6284	0	8849
6284	1	7669
6285	0	8850
6285	1	8851
6286	0	7462
6286	1	8852
6287	0	8853
6287	1	8854
6288	0	477
6288	1	1466
6289	0	5922
6289	1	6532
6290	0	8851
6290	1	8855
6291	0	8856
6291	1	5153
6292	0	2118
6292	1	7235
6293	0	2919
6293	1	2529
6294	0	6835
6294	1	6760
6295	0	8498
6295	1	8857
6296	0	8858
6296	1	8859
6297	0	8860
6297	1	4208
6298	0	8241
6298	1	8861
6299	0	4223
6299	1	8862
6300	0	8639
6300	1	6626
6301	0	8733
6301	1	8863
6302	0	4816
6302	1	8864
6303	0	8865
6303	1	3549
6304	0	8866
6304	1	8743
6305	0	3412
6305	1	7847
6306	0	474
6306	1	8742
6307	0	8477
6307	1	8867
6308	0	8868
6308	1	8869
6309	0	8870
6309	1	8871
6310	0	8872
6310	1	4512
6311	0	8873
6311	1	4286
6312	0	4201
6312	1	1473
6313	0	8874
6313	1	8875
6314	0	4112
6314	1	8729
6315	0	8876
6315	1	8877
6316	0	8878
6316	1	8879
6317	0	7465
6317	1	8880
6318	0	8881
6318	1	7930
6319	0	8882
6319	1	4576
6320	0	7773
6320	1	1477
6321	0	930
6321	1	8883
6322	0	8884
6322	1	4484
6323	0	4121
6323	1	6537
6324	0	8502
6324	1	8885
6325	0	8886
6325	1	1478
6326	0	5113
6326	1	7331
6327	0	7816
6327	1	8221
6328	0	8887
6328	1	6534
6329	0	8888
6329	1	6491
6330	0	7307
6330	1	7944
6331	0	8863
6331	1	8889
6332	0	8890
6332	1	8891
6333	0	991
6333	1	8647
6334	0	8892
6334	1	8893
6335	0	8894
6335	1	6321
6336	0	8895
6336	1	1972
6337	0	7335
6337	1	2259
6338	0	4682
6338	1	4978
6339	0	861
6339	1	2013
6340	0	8896
6340	1	8897
6341	0	8898
6341	1	1487
6342	0	3114
6342	1	7349
6343	0	4866
6343	1	8899
6344	0	8900
6344	1	7007
6345	0	8901
6345	1	8902
6346	0	8903
6346	1	8904
6347	0	8905
6347	1	8583
6348	0	8906
6348	1	7319
6349	0	8902
6349	1	8907
6350	0	7513
6350	1	8908
6351	0	8909
6351	1	8910
6352	0	1755
6352	1	1980
6353	0	8911
6353	1	1491
6354	0	7338
6354	1	8912
6355	0	8899
6355	1	8913
6356	0	5956
6356	1	8081
6357	0	3372
6357	1	8914
6358	0	4152
6358	1	2643
6359	0	8893
6359	1	8197
6360	0	8745
6360	1	8915
6361	0	8916
6361	1	8917
6362	0	5945
6362	1	3163
6363	0	8918
6363	1	8919
6364	0	2258
6364	1	8920
6365	0	4941
6365	1	1495
6366	0	5147
6366	1	2315
6367	0	8921
6367	1	8684
6368	0	5064
6368	1	8922
6369	0	6139
6369	1	3240
6370	0	8923
6370	1	1497
6371	0	8924
6371	1	8485
6372	0	8925
6372	1	8316
6373	0	8095
6373	1	8926
6374	0	8416
6374	1	6614
6375	0	7801
6375	1	8495
6376	0	7658
6376	1	8927
6377	0	8032
6377	1	8928
6378	0	8929
6378	1	5386
6379	0	8930
6379	1	5245
6380	0	8071
6380	1	3753
6381	0	1294
6381	1	3267
6382	0	5269
6382	1	8931
6383	0	2397
6383	1	8878
6384	0	8932
6384	1	8933
6385	0	8511
6385	1	8934
6386	0	487
6386	1	8935
6387	0	4513
6387	1	8936
6388	0	8937
6388	1	8001
6389	0	5731
6389	1	8938
6390	0	3733
6390	1	8489
6391	0	8939
6391	1	7620
6392	0	7790
6392	1	8940
6393	0	8591
6393	1	8941
6394	0	7995
6394	1	8942
6395	0	8943
6395	1	2591
6396	0	8944
6396	1	8945
6397	0	8946
6397	1	6230
6398	0	5272
6398	1	1506
6399	0	8947
6399	1	8948
6400	0	4718
6400	1	2595
6401	0	8949
6401	1	8950
6402	0	1939
6402	1	8951
6403	0	8952
6403	1	8953
6404	0	573
6404	1	1508
6405	0	6080
6405	1	8954
6406	0	4189
6406	1	8955
6407	0	8956
6407	1	2644
6408	0	8957
6408	1	1510
6409	0	8958
6409	1	6489
6410	0	8635
6410	1	4938
6411	0	8959
6411	1	8960
6412	0	8961
6412	1	8962
6413	0	2448
6413	1	8963
6414	0	8964
6414	1	8965
6415	0	8966
6415	1	8967
6416	0	8392
6416	1	8968
6417	0	8726
6417	1	1512
6418	0	2848
6418	1	8969
6419	0	2124
6419	1	5531
6420	0	8936
6420	1	1513
6421	0	8970
6421	1	8971
6422	0	8969
6422	1	8972
6423	0	8973
6423	1	8974
6424	0	5394
6424	1	8975
6425	0	8976
6425	1	8977
6426	0	8807
6426	1	8978
6427	0	8979
6427	1	6036
6428	0	8980
6428	1	8981
6429	0	8982
6429	1	5470
6430	0	8983
6430	1	1515
6431	0	8984
6431	1	8985
6432	0	2211
6432	1	8986
6433	0	8987
6433	1	8988
6434	0	4539
6434	1	8989
6435	0	8990
6435	1	8991
6436	0	4487
6436	1	3927
6437	0	4209
6437	1	8983
6438	0	8992
6438	1	8186
6439	0	8185
6439	1	8993
6440	0	8994
6440	1	8995
6441	0	532
6441	1	1517
6442	0	8996
6442	1	5357
6443	0	8977
6443	1	8997
6444	0	4664
6444	1	6002
6445	0	4536
6445	1	1519
6446	0	8986
6446	1	8998
6447	0	8999
6447	1	6268
6448	0	4754
6448	1	5881
6449	0	4535
6449	1	9000
6450	0	9001
6450	1	9002
6451	0	9003
6451	1	9004
6452	0	9005
6452	1	1521
6453	0	8313
6453	1	6331
6454	0	8083
6454	1	3523
6455	0	5376
6455	1	6743
6456	0	9006
6456	1	9007
6457	0	6582
6457	1	2970
6458	0	8019
6458	1	9008
6459	0	8414
6459	1	9009
6460	0	8989
6460	1	9010
6461	0	9011
6461	1	9012
6462	0	3928
6462	1	9013
6463	0	9014
6463	1	1640
6464	0	528
6464	1	9015
6465	0	9016
6465	1	1526
6466	0	9017
6466	1	9018
6467	0	495
6467	1	1639
6468	0	9019
6468	1	6287
6469	0	9020
6469	1	9021
6470	0	9022
6470	1	9023
6471	0	9024
6471	1	9025
6472	0	1634
6472	1	1528
6473	0	9026
6473	1	1622
6474	0	9027
6474	1	1572
6475	0	8484
6475	1	7950
6476	0	9028
6476	1	8532
6477	0	8245
6477	1	6395
6478	0	9029
6478	1	9030
6479	0	4404
6479	1	9031
6480	0	9032
6480	1	9033
6481	0	9034
6481	1	2972
6482	0	9035
6482	1	8175
6483	0	9036
6483	1	5010
6484	0	9037
6484	1	8209
6485	0	7020
6485	1	8643
6486	0	9038
6486	1	9039
6487	0	9040
6487	1	1536
6488	0	9041
6488	1	9042
6489	0	2132
6489	1	9043
6490	0	9044
6490	1	9045
6491	0	5262
6491	1	8519
6492	0	3703
6492	1	9046
6493	0	500
6493	1	9047
6494	0	9048
6494	1	9049
6495	0	9050
6495	1	9051
6496	0	9052
6496	1	9053
6497	0	9054
6497	1	9055
6498	0	9056
6498	1	3879
6499	0	9057
6499	1	4161
6500	0	9058
6500	1	9059
6501	0	9060
6501	1	8925
6502	0	9061
6502	1	9062
6503	0	501
6503	1	5020
6504	0	9063
6504	1	9064
6505	0	8663
6505	1	6381
6506	0	1845
6506	1	9065
6507	0	7010
6507	1	8994
6508	0	9066
6508	1	6887
6509	0	9067
6509	1	1834
6510	0	6181
6510	1	9068
6511	0	9069
6511	1	9070
6512	0	1890
6512	1	1543
6513	0	9071
6513	1	7821
6514	0	9068
6514	1	2500
6515	0	8444
6515	1	9072
6516	0	9073
6516	1	9074
6517	0	9075
6517	1	5919
6518	0	9076
6518	1	2696
6519	0	9077
6519	1	9078
6520	0	9079
6520	1	8708
6521	0	8988
6521	1	8067
6522	0	8529
6522	1	9080
6523	0	9081
6523	1	9082
6524	0	9083
6524	1	8648
6525	0	2782
6525	1	6391
6526	0	9084
6526	1	9085
6527	0	1502
6527	1	9086
6528	0	9087
6528	1	2146
6529	0	4283
6529	1	9088
6530	0	9089
6530	1	9090
6531	0	9091
6531	1	1549
6532	0	6354
6532	1	5546
6533	0	9092
6533	1	8233
6534	0	9093
6534	1	9094
6535	0	9095
6535	1	9096
6536	0	9097
6536	1	9098
6537	0	4289
6537	1	9091
6538	0	9099
6538	1	9100
6539	0	9101
6539	1	4842
6540	0	9102
6540	1	9103
6541	0	9088
6541	1	1551
6542	0	9072
6542	1	9104
6543	0	9085
6543	1	3918
6544	0	9105
6544	1	9106
6545	0	9107
6545	1	1553
6546	0	9108
6546	1	9109
6547	0	7342
6547	1	9110
6548	0	4108
6548	1	9111
6549	0	9112
6549	1	9113
6550	0	4299
6550	1	7918
6551	0	9114
6551	1	9115
6552	0	9116
6552	1	1555
6553	0	7158
6553	1	6210
6554	0	9117
6554	1	9118
6555	0	4337
6555	1	9119
6556	0	8169
6556	1	3087
6557	0	8496
6557	1	1557
6558	0	9120
6558	1	9121
6559	0	4308
6559	1	9122
6560	0	9123
6560	1	6977
6561	0	9124
6561	1	9125
6562	0	9126
6562	1	1558
6563	0	9127
6563	1	9128
6564	0	9129
6564	1	7594
6565	0	5997
6565	1	9130
6566	0	9096
6566	1	8873
6567	0	9131
6567	1	9132
6568	0	9133
6568	1	9134
6569	0	7552
6569	1	9135
6570	0	4315
6570	1	9136
6571	0	9137
6571	1	9138
6572	0	9139
6572	1	1561
6573	0	4543
6573	1	3222
6574	0	9140
6574	1	9141
6575	0	9142
6575	1	3089
6576	0	3211
6576	1	9143
6577	0	8206
6577	1	5175
6578	0	9144
6578	1	6358
6579	0	8116
6579	1	5730
6580	0	9047
6580	1	6407
6581	0	2600
6581	1	9145
6582	0	9146
6582	1	3320
6583	0	9147
6583	1	9148
6584	0	7210
6584	1	9149
6585	0	9119
6585	1	1565
6586	0	9150
6586	1	6558
6587	0	9151
6587	1	9152
6588	0	7739
6588	1	9153
6589	0	7272
6589	1	9154
6590	0	2846
6590	1	3677
6591	0	9153
6591	1	3350
6592	0	4649
6592	1	9155
6593	0	9156
6593	1	8271
6594	0	9157
6594	1	2840
6595	0	9158
6595	1	4934
6596	0	4335
6596	1	9159
6597	0	8509
6597	1	6927
6598	0	9160
6598	1	9161
6599	0	9162
6599	1	1569
6600	0	9163
6600	1	8546
6601	0	9164
6601	1	3348
6602	0	9165
6602	1	3679
6603	0	8844
6603	1	3871
6604	0	6257
6604	1	8567
6605	0	9166
6605	1	9167
6606	0	9168
6606	1	9169
6607	0	4616
6607	1	9170
6608	0	9171
6608	1	9172
6609	0	559
6609	1	9173
6610	0	9174
6610	1	2943
6611	0	6714
6611	1	4792
6612	0	5958
6612	1	7386
6613	0	9155
6613	1	1574
6614	0	9175
6614	1	8147
6615	0	7917
6615	1	9176
6616	0	8721
6616	1	9177
6617	0	9178
6617	1	9179
6618	0	4449
6618	1	2755
6619	0	4351
6619	1	9180
6620	0	9125
6620	1	9181
6621	0	9182
6621	1	7714
6622	0	553
6622	1	1576
6623	0	7781
6623	1	6594
6624	0	7853
6624	1	9183
6625	0	9184
6625	1	8430
6626	0	9185
6626	1	7277
6627	0	5993
6627	1	9186
6628	0	9187
6628	1	9188
6629	0	9189
6629	1	9190
6630	0	8437
6630	1	8470
6631	0	9191
6631	1	9192
6632	0	9193
6632	1	9194
6633	0	8142
6633	1	9195
6634	0	9196
6634	1	3018
6635	0	5344
6635	1	9197
6636	0	3916
6636	1	8636
6637	0	9198
6637	1	1582
6638	0	9199
6638	1	9003
6639	0	1823
6639	1	7660
6640	0	9200
6640	1	9201
6641	0	9202
6641	1	9203
6642	0	9204
6642	1	8710
6643	0	6242
6643	1	1760
6644	0	9205
6644	1	1584
6645	0	9203
6645	1	9206
6646	0	5570
6646	1	2539
6647	0	9207
6647	1	8125
6648	0	9208
6648	1	9209
6649	0	1431
6649	1	9210
6650	0	8880
6650	1	6974
6651	0	9211
6651	1	1586
6652	0	9212
6652	1	9213
6653	0	7381
6653	1	9214
6654	0	5467
6654	1	9215
6655	0	9216
6655	1	9217
6656	0	9218
6656	1	9219
6657	0	4378
6657	1	8830
6658	0	9220
6658	1	7395
6659	0	2039
6659	1	5330
6660	0	9179
6660	1	9221
6661	0	4835
6661	1	9222
6662	0	9223
6662	1	8982
6663	0	9224
6663	1	9225
6664	0	5230
6664	1	9226
6665	0	9227
6665	1	9228
6666	0	9229
6666	1	6757
6667	0	9230
6667	1	1590
6668	0	8960
6668	1	8220
6669	0	9231
6669	1	9232
6670	0	4388
6670	1	9233
6671	0	9234
6671	1	9235
6672	0	9236
6672	1	9237
6673	0	9238
6673	1	1592
6674	0	9239
6674	1	9240
6675	0	516
6675	1	9241
6676	0	4980
6676	1	9242
6677	0	6085
6677	1	8580
6678	0	6419
6678	1	8752
6679	0	4395
6679	1	1905
6680	0	9243
6680	1	6518
6681	0	9244
6681	1	9245
6682	0	666
6682	1	9246
6683	0	9247
6683	1	9248
6684	0	9197
6684	1	9249
6685	0	7136
6685	1	7663
6686	0	518
6686	1	5024
6687	0	9250
6687	1	9251
6688	0	8857
6688	1	7324
6689	0	3063
6689	1	9252
6690	0	9253
6690	1	9254
6691	0	9255
6691	1	9193
6692	0	2780
6692	1	3352
6693	0	9256
6693	1	9257
6694	0	9258
6694	1	9259
6695	0	9260
6695	1	2453
6696	0	9261
6696	1	3937
6697	0	9262
6697	1	7985
6698	0	9263
6698	1	9264
6699	0	8111
6699	1	9114
6700	0	8341
6700	1	3881
6701	0	520
6701	1	9265
6702	0	9266
6702	1	9267
6703	0	1514
6703	1	8872
6704	0	9268
6704	1	9269
6705	0	9270
6705	1	9271
6706	0	6438
6706	1	9272
6707	0	1908
6707	1	1606
6708	0	9273
6708	1	6200
6709	0	9274
6709	1	9275
6710	0	9276
6710	1	1813
6711	0	9277
6711	1	9278
6712	0	8482
6712	1	1608
6713	0	8472
6713	1	9279
6714	0	8867
6714	1	9105
6715	0	9280
6715	1	9281
6716	0	8985
6716	1	9282
6717	0	9283
6717	1	9284
6718	0	2443
6718	1	6300
6719	0	9285
6719	1	9286
6720	0	9287
6720	1	3820
6721	0	9288
6721	1	1611
6722	0	5046
6722	1	4692
6723	0	9289
6723	1	3031
6724	0	7907
6724	1	9290
6725	0	9291
6725	1	9292
6726	0	9293
6726	1	6481
6727	0	8500
6727	1	7575
6728	0	8542
6728	1	9294
6729	0	9295
6729	1	9296
6730	0	8651
6730	1	7617
6731	0	5042
6731	1	1614
6732	0	9297
6732	1	6708
6733	0	9298
6733	1	6047
6734	0	9299
6734	1	7922
6735	0	1182
6735	1	3373
6736	0	4654
6736	1	2914
6737	0	8205
6737	1	6983
6738	0	7706
6738	1	1618
6739	0	9111
6739	1	8747
6740	0	9300
6740	1	9301
6741	0	9302
6741	1	9303
6742	0	2162
6742	1	5690
6743	0	9304
6743	1	2578
6744	0	9305
6744	1	9306
6745	0	9307
6745	1	9308
6746	0	9309
6746	1	9310
6747	0	9311
6747	1	9312
6748	0	5097
6748	1	5439
6749	0	9313
6749	1	9314
6750	0	9315
6750	1	1624
6751	0	9316
6751	1	8138
6752	0	3368
6752	1	7778
6753	0	9317
6753	1	1656
6754	0	9318
6754	1	9319
6755	0	9320
6755	1	9321
6756	0	9000
6756	1	1626
6757	0	4538
6757	1	9322
6758	0	9323
6758	1	3064
6759	0	9324
6759	1	9325
6760	0	8194
6760	1	9326
6761	0	7678
6761	1	1628
6762	0	9327
6762	1	9328
6763	0	9329
6763	1	9330
6764	0	9331
6764	1	9332
6765	0	9333
6765	1	5373
6766	0	9334
6766	1	5550
6767	0	9335
6767	1	8127
6768	0	9336
6768	1	9337
6769	0	9217
6769	1	9338
6770	0	8145
6770	1	1632
6771	0	7141
6771	1	9339
6772	0	6676
6772	1	4795
6773	0	9340
6773	1	9341
6774	0	530
6774	1	6745
6775	0	4235
6775	1	8810
6776	0	5851
6776	1	9342
6777	0	8656
6777	1	9020
6778	0	1208
6778	1	4798
6779	0	4653
6779	1	9343
6780	0	8520
6780	1	6280
6781	0	9344
6781	1	2293
6782	0	5114
6782	1	9345
6783	0	8862
6783	1	1635
6784	0	3130
6784	1	7378
6785	0	8410
6785	1	9346
6786	0	4485
6786	1	9347
6787	0	4907
6787	1	5617
6788	0	9348
6788	1	1637
6789	0	9049
6789	1	3757
6790	0	4691
6790	1	9349
6791	0	9350
6791	1	7279
6792	0	9351
6792	1	5043
6793	0	4233
6793	1	9352
6794	0	7603
6794	1	9353
6795	0	6223
6795	1	9354
6796	0	9355
6796	1	5085
6797	0	9356
6797	1	9357
6798	0	9358
6798	1	3577
6799	0	533
6799	1	9016
6800	0	9354
6800	1	9359
6801	0	4248
6801	1	8115
6802	0	8666
6802	1	8533
6803	0	5487
6803	1	5879
6804	0	4501
6804	1	9360
6805	0	4926
6805	1	9361
6806	0	9362
6806	1	9363
6807	0	9364
6807	1	9365
6808	0	9352
6808	1	1644
6809	0	9366
6809	1	2823
6810	0	9367
6810	1	9368
6811	0	9369
6811	1	8178
6812	0	7955
6812	1	4784
6813	0	5301
6813	1	9370
6814	0	3565
6814	1	3111
6815	0	9370
6815	1	9371
6816	0	9372
6816	1	3470
6817	0	6704
6817	1	9373
6818	0	9374
6818	1	9140
6819	0	8935
6819	1	1648
6820	0	9375
6820	1	9376
6821	0	5872
6821	1	9377
6822	0	9378
6822	1	9379
6823	0	8938
6823	1	6189
6824	0	9380
6824	1	9381
6825	0	5842
6825	1	9382
6826	0	6942
6826	1	9112
6827	0	1505
6827	1	1650
6828	0	8545
6828	1	9383
6829	0	5723
6829	1	9384
6830	0	542
6830	1	1652
6831	0	5195
6831	1	9385
6832	0	9002
6832	1	9386
6833	0	8594
6833	1	9387
6834	0	8672
6834	1	2812
6835	0	9388
6835	1	9389
6836	0	7474
6836	1	9390
6837	0	5408
6837	1	5463
6838	0	9391
6838	1	4629
6839	0	4640
6839	1	9392
6840	0	8525
6840	1	9393
6841	0	9321
6841	1	3582
6842	0	6179
6842	1	9394
6843	0	9395
6843	1	9396
6844	0	4874
6844	1	9327
6845	0	9136
6845	1	9397
6846	0	9398
6846	1	9399
6847	0	9400
6847	1	9401
6848	0	9402
6848	1	9305
6849	0	9403
6849	1	9268
6850	0	9404
6850	1	9405
6851	0	4614
6851	1	1659
6852	0	8396
6852	1	9406
6853	0	1327
6853	1	9315
6854	0	9407
6854	1	9408
6855	0	9409
6855	1	9410
6856	0	9015
6856	1	1662
6857	0	9408
6857	1	3954
6858	0	6269
6858	1	9411
6859	0	8516
6859	1	8549
6860	0	9412
6860	1	3038
6861	0	3863
6861	1	8622
6862	0	6969
6862	1	9369
6863	0	9386
6863	1	1664
6864	0	9413
6864	1	6248
6865	0	9414
6865	1	9415
6866	0	6167
6866	1	9185
6867	0	8555
6867	1	8700
6868	0	9416
6868	1	9417
6869	0	9418
6869	1	9419
6870	0	2122
6870	1	5511
6871	0	8682
6871	1	1669
6872	0	8706
6872	1	9420
6873	0	3988
6873	1	8455
6874	0	9421
6874	1	9422
6875	0	9423
6875	1	9424
6876	0	9425
6876	1	1671
6877	0	2724
6877	1	9426
6878	0	9387
6878	1	9427
6879	0	9428
6879	1	9036
6880	0	5750
6880	1	9429
6881	0	1258
6881	1	3530
6882	0	6636
6882	1	9430
6883	0	9431
6883	1	8050
6884	0	5874
6884	1	9432
6885	0	9433
6885	1	9434
6886	0	3628
6886	1	3691
6887	0	6723
6887	1	9435
6888	0	3578
6888	1	1677
6889	0	4568
6889	1	9436
6890	0	5878
6890	1	6809
6891	0	4756
6891	1	2102
6892	0	6246
6892	1	3346
6893	0	2833
6893	1	1678
6894	0	9437
6894	1	9438
6895	0	9078
6895	1	9439
6896	0	9422
6896	1	3061
6897	0	8333
6897	1	9440
6898	0	8451
6898	1	8713
6899	0	9441
6899	1	9442
6900	0	8161
6900	1	9443
6901	0	549
6901	1	9444
6902	0	8331
6902	1	3125
6903	0	7068
6903	1	9445
6904	0	9446
6904	1	5397
6905	0	4669
6905	1	9447
6906	0	9448
6906	1	9449
6907	0	4644
6907	1	9027
6908	0	9450
6908	1	7495
6909	0	565
6909	1	1682
6910	0	4584
6910	1	9451
6911	0	7899
6911	1	2863
6912	0	9452
6912	1	8123
6913	0	9453
6913	1	9454
6914	0	8768
6914	1	9455
6915	0	9045
6915	1	9456
6916	0	8378
6916	1	9457
6917	0	2705
6917	1	3730
6918	0	9458
6918	1	7143
6919	0	9459
6919	1	6479
6920	0	8717
6920	1	9460
6921	0	9206
6921	1	9461
6922	0	9306
6922	1	9462
6923	0	9463
6923	1	9464
6924	0	9465
6924	1	9466
6925	0	4247
6925	1	5279
6926	0	9467
6926	1	9468
6927	0	9469
6927	1	2651
6928	0	8786
6928	1	5970
6929	0	9455
6929	1	4028
6930	0	9470
6930	1	9471
6931	0	9472
6931	1	9473
6932	0	9474
6932	1	9475
6933	0	9476
6933	1	3177
6934	0	9180
6934	1	1689
6935	0	9477
6935	1	8242
6936	0	9172
6936	1	9478
6937	0	4677
6937	1	9479
6938	0	8126
6938	1	5769
6939	0	5988
6939	1	9480
6940	0	5299
6940	1	9481
6941	0	9482
6941	1	1691
6942	0	7566
6942	1	9483
6943	0	8033
6943	1	1830
6944	0	9059
6944	1	9484
6945	0	2579
6945	1	1693
6946	0	5902
6946	1	3408
6947	0	6040
6947	1	9485
6948	0	9462
6948	1	1694
6949	0	7712
6949	1	9486
6950	0	9487
6950	1	9488
6951	0	9460
6951	1	9489
6952	0	9490
6952	1	9491
6953	0	9492
6953	1	4989
6954	0	9493
6954	1	9494
6955	0	4621
6955	1	9495
6956	0	8933
6956	1	5966
6957	0	9496
6957	1	9497
6958	0	9498
6958	1	9499
6959	0	9500
6959	1	9501
6960	0	9502
6960	1	9503
6961	0	8758
6961	1	9504
6962	0	6793
6962	1	4155
6963	0	9505
6963	1	9506
6964	0	9507
6964	1	9508
6965	0	9444
6965	1	1702
6966	0	9442
6966	1	9509
6967	0	9510
6967	1	8761
6968	0	7568
6968	1	9511
6969	0	9512
6969	1	3755
6970	0	9513
6970	1	9514
6971	0	9170
6971	1	1704
6972	0	9515
6972	1	6333
6973	0	9491
6973	1	9516
6974	0	9517
6974	1	9518
6975	0	9154
6975	1	3052
6976	0	721
6976	1	8104
6977	0	5139
6977	1	9519
6978	0	3821
6978	1	1895
6979	0	9520
6979	1	5240
6980	0	9521
6980	1	5247
6981	0	5500
6981	1	9522
6982	0	3775
6982	1	9184
6983	0	5346
6983	1	9523
6984	0	3756
6984	1	9524
6985	0	9525
6985	1	7856
6986	0	764
6986	1	9526
6987	0	9527
6987	1	8257
6988	0	9167
6988	1	9528
6989	0	3456
6989	1	1713
6990	0	6439
6990	1	6829
6991	0	9529
6991	1	9530
6992	0	9478
6992	1	1714
6993	0	9531
6993	1	6979
6994	0	3461
6994	1	3502
6995	0	9532
6995	1	9280
6996	0	566
6996	1	1717
6997	0	9533
6997	1	6722
6998	0	5995
6998	1	9534
6999	0	6283
6999	1	9535
7000	0	5201
7000	1	9418
7001	0	9339
7001	1	9536
7002	0	8749
7002	1	6314
7003	0	9537
7003	1	9538
7004	0	9539
7004	1	9540
7005	0	9541
7005	1	9542
7006	0	9543
7006	1	1721
7007	0	9544
7007	1	9545
7008	0	9538
7008	1	7991
7009	0	9546
7009	1	9547
7010	0	5380
7010	1	9548
7011	0	9549
7011	1	9550
7012	0	564
7012	1	9551
7013	0	588
7013	1	9552
7014	0	9553
7014	1	9554
7015	0	3458
7015	1	9555
7016	0	9556
7016	1	2923
7017	0	9557
7017	1	9558
7018	0	9559
7018	1	1724
7019	0	4667
7019	1	9560
7020	0	4775
7020	1	7599
7021	0	9561
7021	1	8236
7022	0	9562
7022	1	9563
7023	0	7885
7023	1	7829
7024	0	9564
7024	1	9565
7025	0	9566
7025	1	9567
7026	0	4676
7026	1	5148
7027	0	9568
7027	1	3970
7028	0	9569
7028	1	4618
7029	0	7893
7029	1	1729
7030	0	9547
7030	1	9570
7031	0	3893
7031	1	5172
7032	0	3685
7032	1	8806
7033	0	9571
7033	1	9572
7034	0	9573
7034	1	9054
7035	0	7625
7035	1	9329
7036	0	9222
7036	1	1731
7037	0	9499
7037	1	5218
7038	0	4684
7038	1	9574
7039	0	5793
7039	1	7165
7040	0	7482
7040	1	1733
7041	0	9575
7041	1	6631
7042	0	9576
7042	1	9577
7043	0	2052
7043	1	8162
7044	0	9578
7044	1	9579
7045	0	8464
7045	1	9324
7046	0	9552
7046	1	1735
7047	0	9579
7047	1	9580
7048	0	4955
7048	1	8380
7049	0	9581
7049	1	3985
7050	0	6376
7050	1	6736
7051	0	2202
7051	1	9582
7052	0	9583
7052	1	1738
7053	0	3987
7053	1	7671
7054	0	9584
7054	1	9285
7055	0	570
7055	1	7011
7056	0	4138
7056	1	7768
7057	0	3147
7057	1	7398
7058	0	9585
7058	1	4542
7059	0	9586
7059	1	9587
7060	0	9588
7060	1	9052
7061	0	9589
7061	1	9590
7062	0	8536
7062	1	9591
7063	0	9592
7063	1	9593
7064	0	8319
7064	1	9594
7065	0	9595
7065	1	5007
7066	0	9596
7066	1	8874
7067	0	9597
7067	1	9573
7068	0	8962
7068	1	1745
7069	0	8620
7069	1	8787
7070	0	2190
7070	1	9598
7071	0	9599
7071	1	6014
7072	0	9600
7072	1	4158
7073	0	9601
7073	1	9602
7074	0	8179
7074	1	9603
7075	0	5164
7075	1	3599
7076	0	8025
7076	1	1747
7077	0	4716
7077	1	9604
7078	0	9605
7078	1	9606
7079	0	2674
7079	1	9607
7080	0	9608
7080	1	1748
7081	0	9603
7081	1	6968
7082	0	8819
7082	1	7935
7083	0	4345
7083	1	9609
7084	0	9610
7084	1	9611
7085	0	9612
7085	1	7410
7086	0	7600
7086	1	9613
7087	0	6135
7087	1	2356
7088	0	3711
7088	1	8589
7089	0	9614
7089	1	1911
7090	0	4724
7090	1	9615
7091	0	2057
7091	1	9616
7092	0	9617
7092	1	9618
7093	0	9602
7093	1	1752
7094	0	9619
7094	1	9620
7095	0	1969
7095	1	9521
7096	0	9621
7096	1	9622
7097	0	2439
7097	1	6168
7098	0	9623
7098	1	9624
7099	0	8530
7099	1	9625
7100	0	9626
7100	1	9627
7101	0	9628
7101	1	2518
7102	0	9629
7102	1	9630
7103	0	7629
7103	1	9413
7104	0	9631
7104	1	9632
7105	0	4738
7105	1	5254
7106	0	9633
7106	1	7737
7107	0	9634
7107	1	9635
7108	0	2099
7108	1	1758
7109	0	9636
7109	1	2093
7110	0	9627
7110	1	9637
7111	0	5266
7111	1	9638
7112	0	9233
7112	1	9639
7113	0	9046
7113	1	8615
7114	0	9640
7114	1	9641
7115	0	9642
7115	1	1762
7116	0	6174
7116	1	9643
7117	0	577
7117	1	8076
7118	0	9644
7118	1	4608
7119	0	2590
7119	1	8957
7120	0	9645
7120	1	9646
7121	0	3086
7121	1	9647
7122	0	7819
7122	1	7895
7123	0	9648
7123	1	1765
7124	0	9649
7124	1	9650
7125	0	9651
7125	1	8715
7126	0	6992
7126	1	9652
7127	0	5830
7127	1	9653
7128	0	8073
7128	1	9654
7129	0	9655
7129	1	9656
7130	0	9657
7130	1	9300
7131	0	9658
7131	1	9659
7132	0	579
7132	1	5484
7133	0	4988
7133	1	9660
7134	0	8367
7134	1	5096
7135	0	9661
7135	1	9662
7136	0	9663
7136	1	9664
7137	0	9594
7137	1	1769
7138	0	8612
7138	1	3671
7139	0	4084
7139	1	9665
7140	0	8569
7140	1	9666
7141	0	9667
7141	1	1771
7142	0	9668
7142	1	9669
7143	0	9670
7143	1	2836
7144	0	4046
7144	1	7597
7145	0	3251
7145	1	7596
7146	0	9671
7146	1	9672
7147	0	2596
7147	1	1773
7148	0	9673
7148	1	9674
7149	0	9675
7149	1	9676
7150	0	9677
7150	1	5678
7151	0	5677
7151	1	9678
7152	0	9679
7152	1	1775
7153	0	9680
7153	1	9681
7154	0	6553
7154	1	9682
7155	0	4787
7155	1	9683
7156	0	5246
7156	1	9684
7157	0	9685
7157	1	4038
7158	0	9686
7158	1	1777
7159	0	9687
7159	1	7948
7160	0	582
7160	1	4502
7161	0	9688
7161	1	8154
7162	0	3455
7162	1	7514
7163	0	1509
7163	1	1779
7164	0	9689
7164	1	4342
7165	0	9690
7165	1	2907
7166	0	8641
7166	1	9691
7167	0	9692
7167	1	8504
7168	0	1647
7168	1	9693
7169	0	9694
7169	1	9695
7170	0	9696
7170	1	4498
7171	0	9697
7171	1	9698
7172	0	584
7172	1	4475
7173	0	2742
7173	1	8289
7174	0	7411
7174	1	6486
7175	0	8805
7175	1	9699
7176	0	4878
7176	1	3939
7177	0	9700
7177	1	9701
7178	0	3514
7178	1	8026
7179	0	9702
7179	1	9703
7180	0	599
7180	1	1784
7181	0	2580
7181	1	3025
7182	0	9704
7182	1	8561
7183	0	9705
7183	1	9706
7184	0	6277
7184	1	9707
7185	0	7902
7185	1	7113
7186	0	9708
7186	1	9709
7187	0	7913
7187	1	9710
7188	0	8711
7188	1	9711
7189	0	9709
7189	1	9712
7190	0	1472
7190	1	9713
7191	0	9447
7191	1	9569
7192	0	9714
7192	1	9715
7193	0	9716
7193	1	7081
7194	0	9574
7194	1	1790
7195	0	9717
7195	1	9718
7196	0	9707
7196	1	2456
7197	0	9719
7197	1	5595
7198	0	9720
7198	1	1792
7199	0	8456
7199	1	9276
7200	0	4827
7200	1	9721
7201	0	1411
7201	1	3780
7202	0	9722
7202	1	4469
7203	0	9723
7203	1	1794
7204	0	9724
7204	1	7641
7205	0	8553
7205	1	9725
7206	0	8047
7206	1	9726
7207	0	2915
7207	1	9559
7208	0	6158
7208	1	9727
7209	0	9728
7209	1	9729
7210	0	9551
7210	1	1796
7211	0	7699
7211	1	9730
7212	0	1679
7212	1	6090
7213	0	9731
7213	1	9732
7214	0	1579
7214	1	8010
7215	0	9733
7215	1	4348
7216	0	9734
7216	1	9735
7217	0	9365
7217	1	9736
7218	0	4840
7218	1	9737
7219	0	7822
7219	1	6634
7220	0	8131
7220	1	9738
7221	0	9739
7221	1	7871
7222	0	9740
7222	1	9741
7223	0	4875
7223	1	1801
7224	0	9742
7224	1	9743
7225	0	8904
7225	1	9744
7226	0	7073
7226	1	9745
7227	0	3454
7227	1	6713
7228	0	8267
7228	1	9746
7229	0	1179
7229	1	7133
7230	0	9747
7230	1	2185
7231	0	9748
7231	1	9749
7232	0	594
7232	1	9750
7233	0	9751
7233	1	9752
7234	0	3876
7234	1	6789
7235	0	3706
7235	1	4122
7236	0	8027
7236	1	1809
7237	0	8975
7237	1	9753
7238	0	9735
7238	1	6724
7239	0	9754
7239	1	6421
7240	0	596
7240	1	9755
7241	0	9743
7241	1	2277
7242	0	9756
7242	1	8524
7243	0	3103
7243	1	9757
7244	0	9758
7244	1	9759
7245	0	2426
7245	1	5896
7246	0	9760
7246	1	7920
7247	0	9761
7247	1	9762
7248	0	8753
7248	1	1817
7249	0	9763
7249	1	6389
7250	0	9764
7250	1	9640
7251	0	9765
7251	1	3597
7252	0	598
7252	1	9766
7253	0	8023
7253	1	9067
7254	0	5159
7254	1	8153
7255	0	8734
7255	1	9767
7256	0	9768
7256	1	9769
7257	0	8120
7257	1	6853
7258	0	2008
7258	1	2543
7259	0	9008
7259	1	1820
7260	0	4877
7260	1	4519
7261	0	9770
7261	1	9771
7262	0	9772
7262	1	9773
7263	0	9774
7263	1	4363
7264	0	8913
7264	1	9775
7265	0	9776
7265	1	6975
7266	0	6605
7266	1	2597
7267	0	8762
7267	1	4574
7268	0	9777
7268	1	9778
7269	0	9779
7269	1	9780
7270	0	6589
7270	1	9781
7271	0	3940
7271	1	4838
7272	0	8253
7272	1	1828
7273	0	9782
7273	1	6896
7274	0	2752
7274	1	9026
7275	0	3963
7275	1	9783
7276	0	8603
7276	1	9784
7277	0	9785
7277	1	6718
7278	0	9786
7278	1	7848
7279	0	9787
7279	1	5210
7280	0	3243
7280	1	7322
7281	0	9788
7281	1	9789
7282	0	7996
7282	1	6216
7283	0	5996
7283	1	7655
7284	0	1226
7284	1	1836
7285	0	8093
7285	1	1838
7286	0	8079
7286	1	8865
7287	0	4628
7287	1	6142
7288	0	9074
7288	1	9790
7289	0	9791
7289	1	7700
7290	0	8883
7290	1	5924
7291	0	5457
7291	1	1843
7292	0	3888
7292	1	8337
7293	0	9792
7293	1	9793
7294	0	9794
7294	1	9795
7295	0	9676
7295	1	9796
7296	0	9554
7296	1	9797
7297	0	9798
7297	1	9623
7298	0	5721
7298	1	9799
7299	0	9800
7299	1	9801
7300	0	8965
7300	1	1846
7301	0	7734
7301	1	9802
7302	0	610
7302	1	9803
7303	0	9379
7303	1	9804
7304	0	2647
7304	1	6556
7305	0	9805
7305	1	9806
7306	0	9807
7306	1	9776
7307	0	9808
7307	1	1989
7308	0	4343
7308	1	7926
7309	0	9809
7309	1	9810
7310	0	4935
7310	1	6940
7311	0	9811
7311	1	8669
7312	0	9812
7312	1	6845
7313	0	9813
7313	1	1849
7314	0	4705
7314	1	9651
7315	0	9790
7315	1	9748
7316	0	3678
7316	1	4329
7317	0	9814
7317	1	9458
7318	0	9815
7318	1	3667
7319	0	9816
7319	1	8634
7320	0	4078
7320	1	9817
7321	0	7798
7321	1	3357
7322	0	9818
7322	1	6462
7323	0	2316
7323	1	1852
7324	0	9819
7324	1	2702
7325	0	9820
7325	1	9821
7326	0	9822
7326	1	6561
7327	0	9823
7327	1	9824
7328	0	1408
7328	1	9825
7329	0	5507
7329	1	9826
7330	0	9436
7330	1	6910
7331	0	4952
7331	1	2509
7332	0	5490
7332	1	8577
7333	0	8576
7333	1	9680
7334	0	9827
7334	1	6238
7335	0	9828
7335	1	1855
7336	0	9829
7336	1	4489
7337	0	9830
7337	1	9831
7338	0	856
7338	1	2492
7339	0	7621
7339	1	6476
7340	0	615
7340	1	9832
7341	0	7435
7341	1	5863
7342	0	9833
7342	1	9834
7343	0	9835
7343	1	9836
7344	0	9837
7344	1	9838
7345	0	637
7345	1	1915
7346	0	686
7346	1	8764
7347	0	9797
7347	1	1858
7348	0	9838
7348	1	9839
7349	0	9831
7349	1	9840
7350	0	9803
7350	1	9841
7351	0	9411
7351	1	7088
7352	0	4966
7352	1	9842
7353	0	9843
7353	1	9844
7354	0	1789
7354	1	1860
7355	0	9845
7355	1	4133
7356	0	9846
7356	1	9204
7357	0	9847
7357	1	9848
7358	0	9064
7358	1	9849
7359	0	618
7359	1	1862
7360	0	4080
7360	1	7718
7361	0	9848
7361	1	7505
7362	0	8097
7362	1	6586
7363	0	9850
7363	1	9851
7364	0	2958
7364	1	5554
7365	0	4071
7365	1	8286
7366	0	4977
7366	1	9852
7367	0	9669
7367	1	9853
7368	0	6555
7368	1	9854
7369	0	8560
7369	1	7504
7370	0	9855
7370	1	7720
7371	0	9856
7371	1	7743
7372	0	9242
7372	1	9309
7373	0	9483
7373	1	9754
7374	0	3186
7374	1	6902
7375	0	4861
7375	1	9857
7376	0	787
7376	1	6950
7377	0	9857
7377	1	8425
7378	0	9854
7378	1	9858
7379	0	9859
7379	1	9860
7380	0	9861
7380	1	7364
7381	0	9862
7381	1	2675
7382	0	9863
7382	1	8987
7383	0	8754
7383	1	1873
7384	0	6795
7384	1	9864
7385	0	9865
7385	1	9866
7386	0	9867
7386	1	9868
7387	0	9869
7387	1	9870
7388	0	9871
7388	1	9872
7389	0	9873
7389	1	3601
7390	0	9874
7390	1	2074
7391	0	9870
7391	1	9875
7392	0	9106
7392	1	3805
7393	0	9876
7393	1	9877
7394	0	3395
7394	1	2762
7395	0	9878
7395	1	2683
7396	0	9879
7396	1	1877
7397	0	9851
7397	1	9880
7398	0	9866
7398	1	9881
7399	0	7148
7399	1	9428
7400	0	3846
7400	1	8397
7401	0	5009
7401	1	8527
7402	0	9860
7402	1	9492
7403	0	8229
7403	1	8694
7404	0	9882
7404	1	9883
7405	0	7139
7405	1	4244
7406	0	9884
7406	1	9885
7407	0	6516
7407	1	8881
7408	0	5017
7408	1	9886
7409	0	8736
7409	1	3789
7410	0	7273
7410	1	4318
7411	0	9887
7411	1	1883
7412	0	9888
7412	1	9661
7413	0	5390
7413	1	9568
7414	0	8211
7414	1	9889
7415	0	9620
7415	1	9890
7416	0	8399
7416	1	9595
7417	0	9891
7417	1	4321
7418	0	9892
7418	1	4259
7419	0	9893
7419	1	9894
7420	0	4357
7420	1	9614
7421	0	9895
7421	1	9218
7422	0	5101
7422	1	4398
7423	0	3525
7423	1	6180
7424	0	7915
7424	1	7131
7425	0	4266
7425	1	6418
7426	0	9896
7426	1	9897
7427	0	9898
7427	1	9066
7428	0	6384
7428	1	8143
7429	0	9899
7429	1	9900
7430	0	9901
7430	1	9902
7431	0	5035
7431	1	9903
7432	0	629
7432	1	9904
7433	0	9905
7433	1	4777
7434	0	1371
7434	1	3847
7435	0	2171
7435	1	9906
7436	0	9907
7436	1	9908
7437	0	7939
7437	1	6182
7438	0	9909
7438	1	7812
7439	0	9910
7439	1	2150
7440	0	9911
7440	1	9912
7441	0	3973
7441	1	8698
7442	0	9913
7442	1	8491
7443	0	9914
7443	1	9915
7444	0	5911
7444	1	9916
7445	0	9353
7445	1	3242
7446	0	6356
7446	1	9917
7447	0	9290
7447	1	9918
7448	0	9919
7448	1	9920
7449	0	5190
7449	1	8901
7450	0	1612
7450	1	1897
7451	0	843
7451	1	9921
7452	0	9920
7452	1	9922
7453	0	9923
7453	1	9924
7454	0	9925
7454	1	9926
7455	0	3812
7455	1	4410
7456	0	9927
7456	1	6933
7457	0	9928
7457	1	5518
7458	0	9834
7458	1	9929
7459	0	6286
7459	1	9930
7460	0	9931
7460	1	9932
7461	0	4720
7461	1	9933
7462	0	9934
7462	1	1901
7463	0	9935
7463	1	4458
7464	0	8192
7464	1	9936
7465	0	2411
7465	1	9937
7466	0	4615
7466	1	9490
7467	0	9938
7467	1	9302
7468	0	9939
7468	1	9940
7469	0	4392
7469	1	6496
7470	0	9941
7470	1	3595
7471	0	9942
7471	1	9943
7472	0	6637
7472	1	9944
7473	0	6445
7473	1	4396
7474	0	7643
7474	1	9945
7475	0	9946
7475	1	9884
7476	0	9947
7476	1	9421
7477	0	5075
7477	1	9948
7478	0	9949
7478	1	9950
7479	0	9951
7479	1	9952
7480	0	634
7480	1	9255
7481	0	5323
7481	1	9953
7482	0	9954
7482	1	9955
7483	0	9956
7483	1	3002
7484	0	7217
7484	1	4377
7485	0	3682
7485	1	2256
7486	0	3160
7486	1	9957
7487	0	5084
7487	1	9958
7488	0	9959
7488	1	9960
7489	0	9961
7489	1	9962
7490	0	8007
7490	1	9963
7491	0	9964
7491	1	9367
7492	0	6265
7492	1	9965
7493	0	3416
7493	1	9966
7494	0	9965
7494	1	8351
7495	0	5446
7495	1	9967
7496	0	9968
7496	1	9969
7497	0	9904
7497	1	8493
7498	0	9970
7498	1	3410
7499	0	9971
7499	1	5644
7500	0	5095
7500	1	9972
7501	0	6847
7501	1	7845
7502	0	9703
7502	1	9101
7503	0	9973
7503	1	1917
7504	0	9974
7504	1	7077
7505	0	9975
7505	1	9976
7506	0	9977
7506	1	9978
7507	0	9664
7507	1	9979
7508	0	5404
7508	1	9980
7509	0	6611
7509	1	9981
7510	0	9086
7510	1	1995
7511	0	9982
7511	1	1919
7512	0	5462
7512	1	2060
7513	0	9983
7513	1	8368
7514	0	9984
7514	1	9038
7515	0	9985
7515	1	4604
7516	0	7609
7516	1	8248
7517	0	9967
7517	1	1921
7518	0	2936
7518	1	7146
7519	0	9345
7519	1	9986
7520	0	9943
7520	1	9987
7521	0	4470
7521	1	9988
7522	0	6203
7522	1	7498
7523	0	6778
7523	1	9989
7524	0	4873
7524	1	8090
7525	0	3843
7525	1	8398
7526	0	9990
7526	1	2897
7527	0	9991
7527	1	9992
7528	0	2660
7528	1	9993
7529	0	9994
7529	1	9995
7530	0	9996
7530	1	9997
7531	0	9757
7531	1	9998
7532	0	9999
7532	1	10000
7533	0	10001
7533	1	10002
7534	0	1816
7534	1	1927
7535	0	9766
7535	1	3506
7536	0	7100
7536	1	10003
7537	0	2139
7537	1	7110
7538	0	6572
7538	1	10004
7539	0	6758
7539	1	10005
7540	0	10006
7540	1	10007
7541	0	10008
7541	1	10009
7542	0	10010
7542	1	1930
7543	0	8592
7543	1	8342
7544	0	10007
7544	1	10011
7545	0	10012
7545	1	10013
7546	0	10014
7546	1	6392
7547	0	10015
7547	1	8436
7548	0	10016
7548	1	7906
7549	0	10017
7549	1	1932
7550	0	4734
7550	1	10018
7551	0	9969
7551	1	10019
7552	0	9519
7552	1	10020
7553	0	10021
7553	1	4034
7554	0	10022
7554	1	4587
7555	0	5173
7555	1	1934
7556	0	7332
7556	1	4698
7557	0	9986
7557	1	10023
7558	0	4881
7558	1	6316
7559	0	10024
7559	1	10025
7560	0	10026
7560	1	10027
7561	0	10028
7561	1	10029
7562	0	10030
7562	1	1936
7563	0	10031
7563	1	6540
7564	0	762
7564	1	10032
7565	0	5143
7565	1	7375
7566	0	7036
7566	1	10033
7567	0	9632
7567	1	9657
7568	0	1776
7568	1	1938
7569	0	10034
7569	1	10035
7570	0	10036
7570	1	8701
7571	0	8269
7571	1	9812
7572	0	5152
7572	1	5816
7573	0	1496
7573	1	7445
7574	0	10037
7574	1	10038
7575	0	10039
7575	1	10040
7576	0	1301
7576	1	1941
7577	0	8604
7577	1	6762
7578	0	5250
7578	1	9931
7579	0	8092
7579	1	10041
7580	0	10042
7580	1	4480
7581	0	9641
7581	1	10043
7582	0	4673
7582	1	10044
7583	0	645
7583	1	10045
7584	0	7813
7584	1	10046
7585	0	1338
7585	1	10047
7586	0	5235
7586	1	10048
7587	0	10049
7587	1	6763
7588	0	5890
7588	1	10050
7589	0	655
7589	1	1945
7590	0	1141
7590	1	7287
7591	0	5168
7591	1	10051
7592	0	10052
7592	1	10053
7593	0	7963
7593	1	10054
7594	0	10055
7594	1	10056
7595	0	10057
7595	1	8040
7596	0	1027
7596	1	10058
7597	0	2289
7597	1	10059
7598	0	10060
7598	1	10061
7599	0	10062
7599	1	10063
7600	0	10059
7600	1	5885
7601	0	6844
7601	1	7061
7602	0	10064
7602	1	10065
7603	0	9746
7603	1	4675
7604	0	4119
7604	1	10066
7605	0	10045
7605	1	1951
7606	0	10044
7606	1	9564
7607	0	10067
7607	1	8243
7608	0	8998
7608	1	10068
7609	0	5647
7609	1	4316
7610	0	10069
7610	1	10070
7611	0	4389
7611	1	6406
7612	0	10071
7612	1	9230
7613	0	724
7613	1	1953
7614	0	10072
7614	1	7590
7615	0	719
7615	1	10073
7616	0	10074
7616	1	3427
7617	0	10075
7617	1	7481
7618	0	9682
7618	1	10076
7619	0	10077
7619	1	8906
7620	0	6446
7620	1	8417
7621	0	4143
7621	1	1957
7622	0	10078
7622	1	7310
7623	0	649
7623	1	2216
7624	0	9473
7624	1	10079
7625	0	2273
7625	1	5974
7626	0	9419
7626	1	10080
7627	0	742
7627	1	1959
7628	0	10081
7628	1	10082
7629	0	10083
7629	1	1960
7630	0	10084
7630	1	10085
7631	0	10086
7631	1	6049
7632	0	740
7632	1	10087
7633	0	7861
7633	1	10088
7634	0	4317
7634	1	2212
7635	0	2331
7635	1	10089
7636	0	3364
7636	1	8744
7637	0	10090
7637	1	10091
7638	0	10092
7638	1	1963
7639	0	10093
7639	1	10094
7640	0	651
7640	1	2177
7641	0	10095
7641	1	7344
7642	0	10096
7642	1	2532
7643	0	10097
7643	1	10098
7644	0	7023
7644	1	10099
7645	0	5792
7645	1	1965
7646	0	1315
7646	1	3874
7647	0	9681
7647	1	10100
7648	0	5211
7648	1	10101
7649	0	10102
7649	1	8029
7650	0	6852
7650	1	2044
7651	0	9684
7651	1	1967
7652	0	8075
7652	1	7305
7653	0	3801
7653	1	6791
7654	0	10103
7654	1	6993
7655	0	7337
7655	1	10104
7656	0	5217
7656	1	10105
7657	0	10106
7657	1	9631
7658	0	10107
7658	1	9999
7659	0	5982
7659	1	10108
7660	0	10109
7660	1	10110
7661	0	10111
7661	1	4680
7662	0	10110
7662	1	10112
7663	0	10113
7663	1	10114
7664	0	10115
7664	1	4757
7665	0	10116
7665	1	9496
7666	0	10117
7666	1	9938
7667	0	10118
7667	1	10119
7668	0	654
7668	1	10120
7669	0	9930
7669	1	9808
7670	0	10121
7670	1	10122
7671	0	10123
7671	1	10124
7672	0	7203
7672	1	10125
7673	0	9183
7673	1	10126
7674	0	4008
7674	1	8731
7675	0	8383
7675	1	1975
7676	0	10127
7676	1	10128
7677	0	5233
7677	1	10129
7678	0	7062
7678	1	10130
7679	0	10131
7679	1	10132
7680	0	4807
7680	1	9498
7681	0	10133
7681	1	10134
7682	0	9929
7682	1	10135
7683	0	6427
7683	1	10136
7684	0	10137
7684	1	10138
7685	0	4582
7685	1	10139
7686	0	9932
7686	1	1979
7687	0	10140
7687	1	10141
7688	0	5244
7688	1	10142
7689	0	10143
7689	1	2125
7690	0	8557
7690	1	10144
7691	0	10145
7691	1	10146
7692	0	10147
7692	1	10148
7693	0	6318
7693	1	10149
7694	0	10150
7694	1	10151
7695	0	1404
7695	1	10152
7696	0	5253
7696	1	10153
7697	0	3991
7697	1	9596
7698	0	10154
7698	1	5165
7699	0	10155
7699	1	1983
7700	0	10138
7700	1	3079
7701	0	10156
7701	1	3517
7702	0	10114
7702	1	10157
7703	0	4141
7703	1	10158
7704	0	10159
7704	1	8973
7705	0	10160
7705	1	10161
7706	0	10054
7706	1	10162
7707	0	5260
7707	1	10163
7708	0	10004
7708	1	2631
7709	0	10164
7709	1	10165
7710	0	10135
7710	1	1987
7711	0	9840
7711	1	7687
7712	0	7949
7712	1	10166
7713	0	8716
7713	1	5015
7714	0	10167
7714	1	7215
7715	0	6330
7715	1	2458
7716	0	9937
7716	1	6098
7717	0	4023
7717	1	5934
7718	0	7397
7718	1	6873
7719	0	10168
7719	1	9513
7720	0	10169
7720	1	10170
7721	0	3634
7721	1	10171
7722	0	10172
7722	1	10173
7723	0	10174
7723	1	9677
7724	0	4287
7724	1	10175
7725	0	10176
7725	1	10177
7726	0	9530
7726	1	10178
7727	0	4728
7727	1	10179
7728	0	10180
7728	1	2006
7729	0	9128
7729	1	10181
7730	0	10182
7730	1	10183
7731	0	8401
7731	1	9400
7732	0	6359
7732	1	1999
7733	0	9516
7733	1	4590
7734	0	10184
7734	1	3555
7735	0	10185
7735	1	8795
7736	0	10186
7736	1	10187
7737	0	10188
7737	1	2948
7738	0	10189
7738	1	10190
7739	0	9371
7739	1	10191
7740	0	9246
7740	1	2003
7741	0	10192
7741	1	4635
7742	0	10193
7742	1	10194
7743	0	4059
7743	1	8759
7744	0	9616
7744	1	5421
7745	0	5436
7745	1	8776
7746	0	10195
7746	1	9452
7747	0	10178
7747	1	10196
7748	0	10181
7748	1	10197
7749	0	10198
7749	1	10199
7750	0	5561
7750	1	10188
7751	0	665
7751	1	8811
7752	0	4872
7752	1	6740
7753	0	10200
7753	1	6601
7754	0	9948
7754	1	9175
7755	0	10201
7755	1	10202
7756	0	10203
7756	1	10204
7757	0	10205
7757	1	10172
7758	0	10206
7758	1	9024
7759	0	10207
7759	1	8460
7760	0	5401
7760	1	2009
7761	0	5305
7761	1	4851
7762	0	10208
7762	1	6692
7763	0	10209
7763	1	6154
7764	0	1697
7764	1	9391
7765	0	10210
7765	1	4246
7766	0	10211
7766	1	10212
7767	0	10213
7767	1	10214
7768	0	10003
7768	1	2918
7769	0	6363
7769	1	2014
7770	0	6882
7770	1	5569
7771	0	5913
7771	1	10215
7772	0	10216
7772	1	10217
7773	0	10218
7773	1	10219
7774	0	10197
7774	1	8480
7775	0	5205
7775	1	10220
7776	0	8227
7776	1	10221
7777	0	10220
7777	1	10222
7778	0	7321
7778	1	10223
7779	0	2243
7779	1	10086
7780	0	5833
7780	1	8039
7781	0	10224
7781	1	10225
7782	0	9749
7782	1	10226
7783	0	10227
7783	1	8082
7784	0	9523
7784	1	2023
7785	0	9392
7785	1	10228
7786	0	9249
7786	1	4376
7787	0	1186
7787	1	7288
7788	0	10229
7788	1	10230
7789	0	5335
7789	1	10231
7790	0	3460
7790	1	10232
7791	0	7244
7791	1	10233
7792	0	10234
7792	1	2730
7793	0	3537
7793	1	6638
7794	0	10235
7794	1	7229
7795	0	4723
7795	1	9274
7796	0	10236
7796	1	5781
7797	0	10237
7797	1	10238
7798	0	10239
7798	1	10240
7799	0	10241
7799	1	2029
7800	0	3313
7800	1	10242
7801	0	7545
7801	1	10243
7802	0	9241
7802	1	9892
7803	0	5415
7803	1	2031
7804	0	10244
7804	1	7787
7805	0	9769
7805	1	10245
7806	0	10190
7806	1	10246
7807	0	2194
7807	1	5600
7808	0	4701
7808	1	10247
7809	0	6735
7809	1	8833
7810	0	6477
7810	1	10248
7811	0	5356
7811	1	10249
7812	0	7701
7812	1	10250
7813	0	5695
7813	1	2035
7814	0	8302
7814	1	9954
7815	0	5686
7815	1	5610
7816	0	10251
7816	1	10252
7817	0	5362
7817	1	2418
7818	0	10253
7818	1	4224
7819	0	3141
7819	1	10254
7820	0	7368
7820	1	10255
7821	0	6542
7821	1	10256
7822	0	10257
7822	1	10258
7823	0	9325
7823	1	4822
7824	0	10259
7824	1	10260
7825	0	10261
7825	1	9760
7826	0	5464
7826	1	9493
7827	0	5442
7827	1	9982
7828	0	3851
7828	1	9816
7829	0	4432
7829	1	10262
7830	0	692
7830	1	2040
7831	0	10263
7831	1	10264
7832	0	2377
7832	1	6065
7833	0	10265
7833	1	9687
7834	0	10266
7834	1	10267
7835	0	10268
7835	1	10269
7836	0	6057
7836	1	9227
7837	0	10011
7837	1	10270
7838	0	678
7838	1	9089
7839	0	10173
7839	1	10271
7840	0	10272
7840	1	10273
7841	0	7298
7841	1	6946
7842	0	10274
7842	1	10275
7843	0	10276
7843	1	10277
7844	0	10278
7844	1	4210
7845	0	10279
7845	1	3203
7846	0	10275
7846	1	7449
7847	0	10267
7847	1	8685
7848	0	10280
7848	1	10281
7849	0	6624
7849	1	10282
7850	0	10283
7850	1	10284
7851	0	10285
7851	1	3020
7852	0	10286
7852	1	10287
7853	0	993
7853	1	2049
7854	0	10288
7854	1	10075
7855	0	9981
7855	1	9874
7856	0	9377
7856	1	10289
7857	0	5472
7857	1	9717
7858	0	6393
7858	1	10290
7859	0	7633
7859	1	9873
7860	0	10291
7860	1	10292
7861	0	4818
7861	1	2051
7862	0	9842
7862	1	4810
7863	0	9376
7863	1	10293
7864	0	4134
7864	1	9708
7865	0	10294
7865	1	10295
7866	0	9902
7866	1	8506
7867	0	1649
7867	1	2053
7868	0	5967
7868	1	10296
7869	0	10297
7869	1	4560
7870	0	10271
7870	1	2054
7871	0	9449
7871	1	10298
7872	0	10296
7872	1	10299
7873	0	10300
7873	1	10301
7874	0	6455
7874	1	2208
7875	0	8832
7875	1	3710
7876	0	10302
7876	1	5719
7877	0	10303
7877	1	2056
7878	0	4722
7878	1	4074
7879	0	10304
7879	1	10305
7880	0	4546
7880	1	10306
7881	0	4025
7881	1	8299
7882	0	1206
7882	1	10307
7883	0	804
7883	1	10308
7884	0	10309
7884	1	7616
7885	0	10310
7885	1	10311
7886	0	10312
7886	1	4737
7887	0	8910
7887	1	9761
7888	0	10313
7888	1	10314
7889	0	5795
7889	1	3910
7890	0	6012
7890	1	10213
7891	0	9915
7891	1	8780
7892	0	10314
7892	1	10315
7893	0	10316
7893	1	10317
7894	0	10318
7894	1	2633
7895	0	10319
7895	1	10320
7896	0	4518
7896	1	2062
7897	0	10260
7897	1	8671
7898	0	6883
7898	1	10321
7899	0	10322
7899	1	5200
7900	0	5422
7900	1	10303
7901	0	10323
7901	1	4569
7902	0	4015
7902	1	10324
7903	0	9980
7903	1	2064
7904	0	3884
7904	1	7882
7905	0	10301
7905	1	10325
7906	0	9821
7906	1	10326
7907	0	10305
7907	1	7997
7908	0	8295
7908	1	10327
7909	0	5166
7909	1	5234
7910	0	5606
7910	1	7774
7911	0	8942
7911	1	10133
7912	0	10328
7912	1	10095
7913	0	7049
7913	1	10329
7914	0	10330
7914	1	10331
7915	0	10332
7915	1	2069
7916	0	10333
7916	1	10334
7917	0	908
7917	1	2879
7918	0	4082
7918	1	8773
7919	0	10076
7919	1	10335
7920	0	9917
7920	1	10336
7921	0	2525
7921	1	10337
7922	0	7653
7922	1	10338
7923	0	9836
7923	1	9467
7924	0	9245
7924	1	9355
7925	0	10339
7925	1	2072
7926	0	6106
7926	1	10340
7927	0	4399
7927	1	7912
7928	0	9625
7928	1	10147
7929	0	693
7929	1	2077
7930	0	7488
7930	1	10341
7931	0	1534
7931	1	10342
7932	0	10343
7932	1	3864
7933	0	10344
7933	1	10345
7934	0	2884
7934	1	6625
7935	0	10346
7935	1	2933
7936	0	9826
7936	1	2081
7937	0	10347
7937	1	9788
7938	0	10345
7938	1	5892
7939	0	10348
7939	1	10349
7940	0	691
7940	1	10350
7941	0	699
7941	1	10351
7942	0	10352
7942	1	10353
7943	0	9841
7943	1	10354
7944	0	4497
7944	1	10355
7945	0	4269
7945	1	2084
7946	0	7705
7946	1	10356
7947	0	10357
7947	1	10358
7948	0	2668
7948	1	6616
7949	0	10359
7949	1	10360
7950	0	3859
7950	1	8550
7951	0	5748
7951	1	2903
7952	0	9332
7952	1	10361
7953	0	697
7953	1	9636
7954	0	10362
7954	1	6816
7955	0	6243
7955	1	10363
7956	0	10364
7956	1	4379
7957	0	5471
7957	1	8858
7958	0	6918
7958	1	10365
7959	0	9494
7959	1	5407
7960	0	6254
7960	1	2089
7961	0	10363
7961	1	10366
7962	0	1366
7962	1	10367
7963	0	10368
7963	1	10369
7964	0	9007
7964	1	9722
7965	0	7325
7965	1	3823
7966	0	9481
7966	1	6598
7967	0	9384
7967	1	10370
7968	0	8578
7968	1	7530
7969	0	10371
7969	1	9505
7970	0	10372
7970	1	10373
7971	0	10141
7971	1	7681
7972	0	4043
7972	1	10185
7973	0	10351
7973	1	2095
7974	0	10374
7974	1	10375
7975	0	10373
7975	1	10376
7976	0	5668
7976	1	10268
7977	0	9201
7977	1	10377
7978	0	5485
7978	1	10115
7979	0	884
7979	1	3512
7980	0	4736
7980	1	10378
7981	0	8564
7981	1	6121
7982	0	10231
7982	1	4758
7983	0	10379
7983	1	10380
7984	0	10381
7984	1	10382
7985	0	7039
7985	1	10383
7986	0	10384
7986	1	8332
7987	0	10385
7987	1	10386
7988	0	10387
7988	1	10388
7989	0	6750
7989	1	10389
7990	0	10365
7990	1	10390
7991	0	10391
7991	1	10392
7992	0	6394
7992	1	7866
7993	0	9486
7993	1	10393
7994	0	3867
7994	1	8212
7995	0	10394
7995	1	2104
7996	0	7284
7996	1	10143
7997	0	6497
7997	1	6079
7998	0	10395
7998	1	10396
7999	0	5505
7999	1	9200
8000	0	1711
8000	1	10397
8001	0	10398
8001	1	2551
8002	0	10399
8002	1	2106
8003	0	10400
8003	1	4815
8004	0	10401
8004	1	10402
8005	0	10094
8005	1	10403
8006	0	10404
8006	1	9740
8007	0	10350
8007	1	2108
8008	0	10405
8008	1	8465
8009	0	2038
8009	1	6559
8010	0	2061
8010	1	10406
8011	0	1926
8011	1	10407
8012	0	8859
8012	1	9223
8013	0	9718
8013	1	5106
8014	0	10408
8014	1	10409
8015	0	6458
8015	1	3784
8016	0	5516
8016	1	7264
8017	0	10410
8017	1	7535
8018	0	1176
8018	1	10411
8019	0	4806
8019	1	2111
8020	0	10412
8020	1	10413
8021	0	5562
8021	1	2113
8022	0	10414
8022	1	10415
8023	0	10416
8023	1	10417
8024	0	4663
8024	1	10418
8025	0	7163
8025	1	7691
8026	0	1034
8026	1	10419
8027	0	10420
8027	1	2910
8028	0	10421
8028	1	2821
8029	0	5214
8029	1	3283
8030	0	705
8030	1	10422
8031	0	5572
8031	1	10423
8032	0	10424
8032	1	10425
8033	0	10426
8033	1	4194
8034	0	10427
8034	1	6020
8035	0	1066
8035	1	2121
8036	0	767
8036	1	2286
8037	0	10409
8037	1	7702
8038	0	8291
8038	1	5823
8039	0	3497
8039	1	8327
8040	0	5543
8040	1	8652
8041	0	10428
8041	1	10429
8042	0	9485
8042	1	2224
8043	0	10423
8043	1	2127
8044	0	4305
8044	1	7558
8045	0	6032
8045	1	10430
8046	0	2508
8046	1	10431
8047	0	10432
8047	1	5947
8048	0	10335
8048	1	5733
8049	0	713
8049	1	2129
8050	0	10433
8050	1	2818
8051	0	10431
8051	1	6289
8052	0	7285
8052	1	9087
8053	0	2540
8053	1	6881
8054	0	10434
8054	1	10435
8055	0	1539
8055	1	10436
8056	0	10221
8056	1	3570
8057	0	6744
8057	1	4468
8058	0	10437
8058	1	2131
8059	0	10438
8059	1	10276
8060	0	10439
8060	1	10440
8061	0	8813
8061	1	10441
8062	0	3787
8062	1	2133
8063	0	10442
8063	1	7380
8064	0	7004
8064	1	9208
8065	0	6308
8065	1	9910
8066	0	9148
8066	1	9211
8067	0	6082
8067	1	10443
8068	0	3378
8068	1	8802
8069	0	4358
8069	1	9178
8070	0	10165
8070	1	7434
8071	0	4239
8071	1	2136
8072	0	5563
8072	1	5288
8073	0	10444
8073	1	10445
8074	0	10446
8074	1	10447
8075	0	6678
8075	1	3067
8076	0	10448
8076	1	10449
8077	0	7286
8077	1	10450
8078	0	6681
8078	1	3157
8079	0	1067
8079	1	2140
8080	0	10451
8080	1	2814
8081	0	2015
8081	1	2531
8082	0	10452
8082	1	10453
8083	0	8653
8083	1	10454
8084	0	10455
8084	1	10456
8085	0	10287
8085	1	6303
8086	0	10457
8086	1	5854
8087	0	6341
8087	1	4923
8088	0	10411
8088	1	4163
8089	0	10458
8089	1	10459
8090	0	1727
8090	1	7695
8091	0	10450
8091	1	2148
8092	0	1149
8092	1	3183
8093	0	6746
8093	1	10460
8094	0	10009
8094	1	10381
8095	0	10461
8095	1	10462
8096	0	4137
8096	1	8330
8097	0	5965
8097	1	2152
8098	0	7379
8098	1	10463
8099	0	6808
8099	1	10464
8100	0	6109
8100	1	10465
8101	0	9489
8101	1	10466
8102	0	10467
8102	1	10468
8103	0	10469
8103	1	9814
8104	0	10470
8104	1	10471
8105	0	6044
8105	1	10472
8106	0	7642
8106	1	9794
8107	0	10473
8107	1	2157
8108	0	8772
8108	1	9898
8109	0	10466
8109	1	4588
8110	0	10474
8110	1	2193
8111	0	10475
8111	1	9770
8112	0	4368
8112	1	10476
8113	0	10477
8113	1	2159
8114	0	10464
8114	1	10478
8115	0	3620
8115	1	2770
8116	0	8624
8116	1	2635
8117	0	2068
8117	1	6798
8118	0	10479
8118	1	7183
8119	0	10480
8119	1	2161
8120	0	7259
8120	1	10481
8121	0	2036
8121	1	10482
8122	0	10483
8122	1	10484
8123	0	3567
8123	1	10485
8124	0	4095
8124	1	6841
8125	0	5420
8125	1	4024
8126	0	10212
8126	1	10486
8127	0	941
8127	1	9304
8128	0	7198
8128	1	2165
8129	0	10487
8129	1	10488
8130	0	10489
8130	1	10490
8131	0	9219
8131	1	8501
8132	0	10491
8132	1	10492
8133	0	1486
8133	1	6802
8134	0	10493
8134	1	10494
8135	0	10495
8135	1	10496
8136	0	4103
8136	1	8866
8137	0	8864
8137	1	9576
8138	0	954
8138	1	10497
8139	0	10498
8139	1	2170
8140	0	10353
8140	1	9747
8141	0	10499
8141	1	7341
8142	0	5714
8142	1	7477
8143	0	10500
8143	1	9751
8144	0	10501
8144	1	3996
8145	0	10502
8145	1	5972
8146	0	4347
8146	1	2172
8147	0	6660
8147	1	10503
8148	0	723
8148	1	10504
8149	0	808
8149	1	9124
8150	0	3199
8150	1	7470
8151	0	10505
8151	1	4599
8152	0	5438
8152	1	8587
8153	0	10506
8153	1	3045
8154	0	5102
8154	1	2984
8155	0	10507
8155	1	10508
8156	0	5645
8156	1	7860
8157	0	2940
8157	1	7075
8158	0	10509
8158	1	7754
8159	0	10510
8159	1	2175
8160	0	9484
8160	1	10511
8161	0	3096
8161	1	7389
8162	0	4027
8162	1	3005
8163	0	10512
8163	1	5089
8164	0	10513
8164	1	4310
8165	0	9098
8165	1	9133
8166	0	9385
8166	1	10514
8167	0	2319
8167	1	3154
8168	0	10515
8168	1	10516
8169	0	10514
8169	1	4062
8170	0	10517
8170	1	4906
8171	0	10369
8171	1	10518
8172	0	10519
8172	1	10520
8173	0	10521
8173	1	2360
8174	0	3254
8174	1	2179
8175	0	10522
8175	1	3250
8176	0	10523
8176	1	10524
8177	0	7080
8177	1	7471
8178	0	10525
8178	1	10526
8179	0	9524
8179	1	8418
8180	0	6274
8180	1	10527
8181	0	9173
8181	1	10528
8182	0	3478
8182	1	7983
8183	0	5665
8183	1	10529
8184	0	10530
8184	1	10531
8185	0	10532
8185	1	2182
8186	0	10533
8186	1	2569
8187	0	6959
8187	1	10534
8188	0	728
8188	1	10535
8189	0	2105
8189	1	10536
8190	0	7443
8190	1	2721
8191	0	9591
8191	1	10537
8192	0	10538
8192	1	10539
8193	0	10540
8193	1	9734
8194	0	9715
8194	1	9117
8195	0	10534
8195	1	10541
8196	0	10504
8196	1	10542
8197	0	4306
8197	1	9037
8198	0	5882
8198	1	8182
8199	0	10543
8199	1	9463
8200	0	10544
8200	1	10008
8201	0	10545
8201	1	10546
8202	0	10547
8202	1	10548
8203	0	734
8203	1	2189
8204	0	5006
8204	1	8386
8205	0	10546
8205	1	9293
8206	0	3362
8206	1	8892
8207	0	4018
8207	1	3659
8208	0	8617
8208	1	8556
8209	0	887
8209	1	10549
8210	0	10550
8210	1	10551
8211	0	10552
8211	1	5785
8212	0	10327
8212	1	10553
8213	0	5798
8213	1	2772
8214	0	6302
8214	1	10554
8215	0	10555
8215	1	5347
8216	0	10556
8216	1	4444
8217	0	5223
8217	1	10117
8218	0	731
8218	1	10480
8219	0	10557
8219	1	9247
8220	0	10558
8220	1	6045
8221	0	10559
8221	1	5852
8222	0	5778
8222	1	2196
8223	0	10560
8223	1	9123
8224	0	5701
8224	1	10473
8225	0	9322
8225	1	9843
8226	0	10561
8226	1	9644
8227	0	9908
8227	1	10562
8228	0	10563
8228	1	6096
8229	0	10073
8229	1	2200
8230	0	1364
8230	1	10564
8231	0	10565
8231	1	6018
8232	0	5710
8232	1	8391
8233	0	896
8233	1	2619
8234	0	10566
8234	1	2201
8235	0	7469
8235	1	8961
8236	0	10099
8236	1	10316
8237	0	10567
8237	1	8388
8238	0	2594
8238	1	10174
8239	0	9771
8239	1	10568
8240	0	9338
8240	1	10569
8241	0	10570
8241	1	10571
8242	0	6630
8242	1	8230
8243	0	1297
8243	1	3262
8244	0	10572
8244	1	2881
8245	0	10573
8245	1	2210
8246	0	4202
8246	1	8976
8247	0	6343
8247	1	9239
8248	0	10574
8248	1	8720
8249	0	10575
8249	1	9610
8250	0	10576
8250	1	9093
8251	0	10577
8251	1	10391
8252	0	9933
8252	1	9621
8253	0	10578
8253	1	10579
8254	0	10580
8254	1	2214
8255	0	8968
8255	1	10581
8256	0	5191
8256	1	10582
8257	0	5737
8257	1	3766
8258	0	10571
8258	1	10302
8259	0	10481
8259	1	10583
8260	0	6899
8260	1	7408
8261	0	10252
8261	1	10584
8262	0	4693
8262	1	8445
8263	0	10089
8263	1	7416
8264	0	10222
8264	1	9144
8265	0	10585
8265	1	7672
8266	0	10586
8266	1	7556
8267	0	1048
8267	1	3016
8268	0	2073
8268	1	5099
8269	0	7576
8269	1	10587
8270	0	3533
8270	1	10561
8271	0	914
8271	1	2649
8272	0	744
8272	1	10588
8273	0	6046
8273	1	10589
8274	0	10590
8274	1	6590
8275	0	7921
8275	1	9207
8276	0	3094
8276	1	7412
8277	0	10591
8277	1	9985
8278	0	7111
8278	1	10592
8279	0	10396
8279	1	10593
8280	0	10594
8280	1	8160
8281	0	7579
8281	1	2227
8282	0	10595
8282	1	10596
8283	0	6209
8283	1	3721
8284	0	10597
8284	1	10598
8285	0	3196
8285	1	9575
8286	0	10599
8286	1	9645
8287	0	830
8287	1	2229
8288	0	8038
8288	1	10600
8289	0	5766
8289	1	2991
8290	0	9284
8290	1	3767
8291	0	10601
8291	1	2231
8292	0	10602
8292	1	8357
8293	0	10419
8293	1	3026
8294	0	2904
8294	1	10603
8295	0	10604
8295	1	9260
8296	0	3583
8296	1	10605
8297	0	6821
8297	1	10606
8298	0	7008
8298	1	10607
8299	0	7208
8299	1	10608
8300	0	10472
8300	1	2233
8301	0	10589
8301	1	2234
8302	0	4457
8302	1	10609
8303	0	10610
8303	1	10611
8304	0	10518
8304	1	10612
8305	0	10613
8305	1	8004
8306	0	3034
8306	1	6886
8307	0	10614
8307	1	7731
8308	0	10615
8308	1	2236
8309	0	3446
8309	1	10616
8310	0	10617
8310	1	10618
8311	0	6070
8311	1	10619
8312	0	10620
8312	1	10621
8313	0	6021
8313	1	5536
8314	0	5786
8314	1	10615
8315	0	10622
8315	1	10294
8316	0	10623
8316	1	10624
8317	0	789
8317	1	2238
8318	0	10625
8318	1	7646
8319	0	1010
8319	1	7978
8320	0	6067
8320	1	2240
8321	0	10616
8321	1	10626
8322	0	10627
8322	1	8189
8323	0	6244
8323	1	4965
8324	0	6066
8324	1	10628
8325	0	10629
8325	1	2242
8326	0	9237
8326	1	8239
8327	0	10245
8327	1	5324
8328	0	7662
8328	1	8543
8329	0	10630
8329	1	6924
8330	0	8424
8330	1	4067
8331	0	10214
8331	1	10631
8332	0	10619
8332	1	10632
8333	0	9190
8333	1	10633
8334	0	10634
8334	1	2354
8335	0	785
8335	1	10635
8336	0	10636
8336	1	2247
8337	0	10637
8337	1	10638
8338	0	752
8338	1	2353
8339	0	10639
8339	1	8202
8340	0	10640
8340	1	10641
8341	0	10642
8341	1	10643
8342	0	9590
8342	1	10644
8343	0	2348
8343	1	2249
8344	0	10645
8344	1	2336
8345	0	10646
8345	1	2291
8346	0	10329
8346	1	3010
8347	0	9080
8347	1	10647
8348	0	5944
8348	1	10648
8349	0	10649
8349	1	10650
8350	0	10651
8350	1	4069
8351	0	10652
8351	1	10291
8352	0	2775
8352	1	6466
8353	0	10653
8353	1	10309
8354	0	8728
8354	1	10424
8355	0	10654
8355	1	9182
8356	0	9257
8356	1	10655
8357	0	3376
8357	1	10656
8358	0	10657
8358	1	10658
8359	0	5474
8359	1	10659
8360	0	757
8360	1	10660
8361	0	10661
8361	1	10662
8362	0	10663
8362	1	10664
8363	0	6956
8363	1	9739
8364	0	10665
8364	1	5739
8365	0	9698
8365	1	10666
8366	0	9225
8366	1	6917
8367	0	10667
8367	1	10668
8368	0	10435
8368	1	8268
8369	0	2552
8369	1	10669
8370	0	8723
8370	1	10623
8371	0	2749
8371	1	6840
8372	0	10670
8372	1	2541
8373	0	2981
8373	1	10671
8374	0	10672
8374	1	5003
8375	0	9265
8375	1	3811
8376	0	10673
8376	1	10674
8377	0	10618
8377	1	10236
8378	0	974
8378	1	9437
8379	0	10675
8379	1	10676
8380	0	3895
8380	1	8277
8381	0	10677
8381	1	10678
8382	0	2223
8382	1	10679
8383	0	10680
8383	1	3388
8384	0	5849
8384	1	10681
8385	0	10682
8385	1	2268
8386	0	8255
8386	1	7785
8387	0	9508
8387	1	10323
8388	0	10683
8388	1	9694
8389	0	10684
8389	1	10685
8390	0	9176
8390	1	10686
8391	0	5855
8391	1	10682
8392	0	4657
8392	1	10687
8393	0	10688
8393	1	6327
8394	0	10689
8394	1	10690
8395	0	10681
8395	1	2270
8396	0	4467
8396	1	10691
8397	0	10678
8397	1	5527
8398	0	10692
8398	1	10693
8399	0	10694
8399	1	2272
8400	0	8971
8400	1	7035
8401	0	5697
8401	1	10695
8402	0	10696
8402	1	10697
8403	0	5864
8403	1	10164
8404	0	10698
8404	1	10699
8405	0	10700
8405	1	2274
8406	0	8838
8406	1	8141
8407	0	5895
8407	1	10701
8408	0	10289
8408	1	4179
8409	0	6717
8409	1	2276
8410	0	6788
8410	1	8704
8411	0	10702
8411	1	4747
8412	0	10703
8412	1	9673
8413	0	10685
8413	1	10559
8414	0	10704
8414	1	10705
8415	0	10706
8415	1	10707
8416	0	9432
8416	1	10708
8417	0	5875
8417	1	6525
8418	0	10709
8418	1	10710
8419	0	10711
8419	1	2280
8420	0	5056
8420	1	4298
8421	0	10307
8421	1	7507
8422	0	10660
8422	1	8290
8423	0	3726
8423	1	10712
8424	0	10713
8424	1	5142
8425	0	8877
8425	1	10714
8426	0	10701
8426	1	2284
8427	0	10715
8427	1	10716
8428	0	10050
8428	1	10717
8429	0	8919
8429	1	10718
8430	0	2983
8430	1	5452
8431	0	10717
8431	1	5170
8432	0	6153
8432	1	9344
8433	0	10719
8433	1	10344
8434	0	10720
8434	1	3949
8435	0	2974
8435	1	6403
8436	0	5893
8436	1	10721
8437	0	910
8437	1	2843
8438	0	10722
8438	1	10723
8439	0	6764
8439	1	5169
8440	0	9741
8440	1	5454
8441	0	9678
8441	1	5486
8442	0	10724
8442	1	10725
8443	0	6129
8443	1	7195
8444	0	10726
8444	1	4040
8445	0	9399
8445	1	10274
8446	0	9343
8446	1	6584
8447	0	10468
8447	1	10727
8448	0	9426
8448	1	10728
8449	0	5985
8449	1	3869
8450	0	5906
8450	1	10729
8451	0	9796
8451	1	10034
8452	0	810
8452	1	2295
8453	0	9683
8453	1	8434
8454	0	10122
8454	1	10730
8455	0	10731
8455	1	7360
8456	0	1039
8456	1	10420
8457	0	7057
8457	1	2298
8458	0	10732
8458	1	9865
8459	0	10733
8459	1	10734
8460	0	10735
8460	1	10736
8461	0	10737
8461	1	10461
8462	0	8172
8462	1	2468
8463	0	10736
8463	1	10738
8464	0	7803
8464	1	2688
8465	0	10739
8465	1	10265
8466	0	10740
8466	1	10741
8467	0	2155
8467	1	10742
8468	0	10562
8468	1	8702
8469	0	10743
8469	1	2302
8470	0	10744
8470	1	10745
8471	0	9004
8471	1	10746
8472	0	7729
8472	1	10747
8473	0	10748
8473	1	9336
8474	0	2732
8474	1	6543
8475	0	5925
8475	1	6725
8476	0	9347
8476	1	9011
8477	0	3285
8477	1	7626
8478	0	10728
8478	1	10749
8479	0	6320
8479	1	6958
8480	0	10750
8480	1	10614
8481	0	10751
8481	1	9811
8482	0	7547
8482	1	10752
8483	0	10603
8483	1	7214
8484	0	10753
8484	1	10754
8485	0	5933
8485	1	10755
8486	0	7033
8486	1	2669
8487	0	10756
8487	1	9820
8488	0	10757
8488	1	2308
8489	0	10758
8489	1	10759
8490	0	6444
8490	1	10760
8491	0	5937
8491	1	3169
8492	0	7185
8492	1	8375
8493	0	1135
8493	1	10761
8494	0	10762
8494	1	10763
8495	0	6545
8495	1	10764
8496	0	10549
8496	1	8956
8497	0	4157
8497	1	10765
8498	0	10766
8498	1	10767
8499	0	10768
8499	1	6720
8500	0	6731
8500	1	9798
8501	0	10769
8501	1	3586
8502	0	10770
8502	1	5544
8503	0	10771
8503	1	10195
8504	0	10772
8504	1	10773
8505	0	6875
8505	1	10698
8506	0	10376
8506	1	5494
8507	0	777
8507	1	9819
8508	0	10774
8508	1	10775
8509	0	2235
8509	1	10558
8510	0	10776
8510	1	10777
8511	0	10778
8511	1	10779
8512	0	8315
8512	1	9649
8513	0	3172
8513	1	2320
8514	0	4268
8514	1	8133
8515	0	10780
8515	1	10781
8516	0	10782
8516	1	2520
8517	0	10783
8517	1	10784
8518	0	7406
8518	1	2322
8519	0	7399
8519	1	10785
8520	0	6783
8520	1	10692
8521	0	10786
8521	1	6879
8522	0	7125
8522	1	10787
8523	0	10788
8523	1	10789
8524	0	7426
8524	1	6187
8525	0	10790
8525	1	3129
8526	0	10157
8526	1	9658
8527	0	10791
8527	1	10792
8528	0	10793
8528	1	8350
8529	0	893
8529	1	9959
8530	0	1016
8530	1	10794
8531	0	10795
8531	1	4592
8532	0	9314
8532	1	9983
8533	0	10796
8533	1	8514
8534	0	4852
8534	1	8011
8535	0	2906
8535	1	10167
8536	0	1964
8536	1	5192
8537	0	10306
8537	1	8707
8538	0	10032
8538	1	2332
8539	0	10695
8539	1	10483
8540	0	10797
8540	1	10798
8541	0	10799
8541	1	10800
8542	0	3400
8542	1	7263
8543	0	10801
8543	1	3704
8544	0	10802
8544	1	10803
8545	0	10804
8545	1	10805
8546	0	10806
8546	1	10807
8547	0	7459
8547	1	7713
8548	0	10808
8548	1	2338
8549	0	4382
8549	1	10272
8550	0	5188
8550	1	10077
8551	0	9130
8551	1	2370
8552	0	2860
8552	1	6900
8553	0	9122
8553	1	10809
8554	0	10628
8554	1	2340
8555	0	10810
8555	1	10811
8556	0	9228
8556	1	10812
8557	0	6961
8557	1	2342
8558	0	10813
8558	1	10814
8559	0	6957
8559	1	6908
8560	0	10815
8560	1	10816
8561	0	10817
8561	1	7659
8562	0	10818
8562	1	7789
8563	0	10819
8563	1	10266
8564	0	6897
8564	1	10820
8565	0	8823
8565	1	6922
8566	0	8490
8566	1	6282
8567	0	10821
8567	1	2655
8568	0	5810
8568	1	10521
8569	0	4828
8569	1	6603
8570	0	10430
8570	1	10640
8571	0	1990
8571	1	6285
8572	0	4216
8572	1	9001
8573	0	7333
8573	1	10822
8574	0	6019
8574	1	9189
8575	0	6379
8575	1	7835
8576	0	10823
8576	1	2351
8577	0	10662
8577	1	3102
8578	0	6186
8578	1	10824
8579	0	10825
8579	1	8924
8580	0	10826
8580	1	2694
8581	0	5808
8581	1	10827
8582	0	2613
8582	1	6498
8583	0	10828
8583	1	2711
8584	0	10829
8584	1	10830
8585	0	4460
8585	1	5366
8586	0	790
8586	1	10636
8587	0	6945
8587	1	10831
8588	0	5822
8588	1	10261
8589	0	7744
8589	1	4962
8590	0	6034
8590	1	10832
8591	0	6398
8591	1	10833
8592	0	7281
8592	1	10834
8593	0	10835
8593	1	10836
8594	0	10827
8594	1	2358
8595	0	10837
8595	1	3932
8596	0	6699
8596	1	10838
8597	0	4808
8597	1	4683
8598	0	9514
8598	1	6273
8599	0	7602
8599	1	10839
8600	0	5358
8600	1	4199
8601	0	10839
8601	1	10840
8602	0	10841
8602	1	5274
8603	0	8510
8603	1	10842
8604	0	10588
8604	1	2362
8605	0	10843
8605	1	10844
8606	0	4688
8606	1	9723
8607	0	10845
8607	1	10846
8608	0	10847
8608	1	9320
8609	0	4945
8609	1	6668
8610	0	8683
8610	1	10696
8611	0	2226
8611	1	2364
8612	0	1025
8612	1	10848
8613	0	799
8613	1	2366
8614	0	7520
8614	1	4339
8615	0	7166
8615	1	4809
8616	0	10397
8616	1	9168
8617	0	7266
8617	1	10849
8618	0	9916
8618	1	10850
8619	0	7689
8619	1	7726
8620	0	10851
8620	1	6137
8621	0	6147
8621	1	10852
8622	0	960
8622	1	10853
8623	0	10809
8623	1	5369
8624	0	8119
8624	1	10854
8625	0	2831
8625	1	6960
8626	0	6351
8626	1	10813
8627	0	10855
8627	1	9250
8628	0	10856
8628	1	2899
8629	0	4751
8629	1	10802
8630	0	10857
8630	1	10776
8631	0	10858
8631	1	10859
8632	0	6127
8632	1	2373
8633	0	4689
8633	1	10860
8634	0	1076
8634	1	10808
8635	0	10861
8635	1	10862
8636	0	10863
8636	1	10864
8637	0	10635
8637	1	2376
8638	0	10862
8638	1	5559
8639	0	8190
8639	1	10865
8640	0	10866
8640	1	6984
8641	0	1057
8641	1	2954
8642	0	10867
8642	1	10868
8643	0	3366
8643	1	7765
8644	0	10443
8644	1	2383
8645	0	10459
8645	1	10869
8646	0	5589
8646	1	7382
8647	0	3838
8647	1	9859
8648	0	7932
8648	1	2615
8649	0	4954
8649	1	7054
8650	0	6089
8650	1	10870
8651	0	4961
8651	1	8595
8652	0	8176
8652	1	5167
8653	0	3942
8653	1	2390
8654	0	9825
8654	1	10871
8655	0	10674
8655	1	9670
8656	0	10872
8656	1	10873
8657	0	806
8657	1	10874
8658	0	10370
8658	1	4212
8659	0	10875
8659	1	7679
8660	0	6149
8660	1	10646
8661	0	822
8661	1	2394
8662	0	6104
8662	1	4506
8663	0	10152
8663	1	3967
8664	0	10876
8664	1	10263
8665	0	10877
8665	1	10878
8666	0	10494
8666	1	10879
8667	0	10658
8667	1	4383
8668	0	7328
8668	1	10880
8669	0	3819
8669	1	3091
8670	0	7227
8670	1	8825
8671	0	10881
8671	1	8348
8672	0	10465
8672	1	10882
8673	0	10738
8673	1	10883
8674	0	10803
8674	1	10884
8675	0	6814
8675	1	10885
8676	0	5821
8676	1	7584
8677	0	10879
8677	1	5623
8678	0	10886
8678	1	9472
8679	0	9540
8679	1	9671
8680	0	10887
8680	1	5030
8681	0	10729
8681	1	2401
8682	0	7201
8682	1	10888
8683	0	9955
8683	1	6857
8684	0	10223
8684	1	2537
8685	0	10666
8685	1	10889
8686	0	3705
8686	1	2404
8687	0	4759
8687	1	5219
8688	0	2612
8688	1	10890
8689	0	10884
8689	1	2405
8690	0	10882
8690	1	10891
8691	0	10892
8691	1	10893
8692	0	10894
8692	1	2803
8693	0	10895
8693	1	10896
8694	0	10897
8694	1	10898
8695	0	8581
8695	1	4261
8696	0	10899
8696	1	10900
8697	0	10874
8697	1	2412
8698	0	10873
8698	1	10901
8699	0	10902
8699	1	10489
8700	0	10903
8700	1	2805
8701	0	10893
8701	1	10904
8702	0	9495
8702	1	9448
8703	0	10718
8703	1	4146
8704	0	7483
8704	1	10905
8705	0	7756
8705	1	10906
8706	0	3118
8706	1	10731
8707	0	7638
8707	1	10907
8708	0	10725
8708	1	10908
8709	0	5263
8709	1	2423
8710	0	10909
8710	1	10910
8711	0	10888
8711	1	2424
8712	0	5267
8712	1	5304
8713	0	10911
8713	1	10786
8714	0	823
8714	1	2427
8715	0	8199
8715	1	2961
8716	0	7525
8716	1	10867
8717	0	10485
8717	1	8224
8718	0	10912
8718	1	7140
8719	0	10913
8719	1	2431
8720	0	10914
8720	1	10915
8721	0	6649
8721	1	2653
8722	0	10916
8722	1	9077
8723	0	7666
8723	1	10917
8724	0	5264
8724	1	10918
8725	0	10919
8725	1	4020
8726	0	10920
8726	1	10921
8727	0	6165
8727	1	10922
8728	0	6264
8728	1	9975
8729	0	10923
8729	1	4655
8730	0	10142
8730	1	4727
8731	0	10924
8731	1	10925
8732	0	6173
8732	1	7487
8733	0	10926
8733	1	5574
8734	0	10149
8734	1	2438
8735	0	5459
8735	1	10517
8736	0	10927
8736	1	9675
8737	0	10898
8737	1	7536
8738	0	7965
8738	1	8845
8739	0	9921
8739	1	2442
8740	0	10928
8740	1	4426
8741	0	10929
8741	1	10930
8742	0	3298
8742	1	10286
8743	0	10931
8743	1	10932
8744	0	7392
8744	1	10810
8745	0	6825
8745	1	2444
8746	0	10932
8746	1	10933
8747	0	6420
8747	1	7329
8748	0	10934
8748	1	5586
8749	0	3438
8749	1	10935
8750	0	10936
8750	1	2447
8751	0	5588
8751	1	7373
8752	0	10937
8752	1	10788
8753	0	5724
8753	1	10069
8754	0	4229
8754	1	9014
8755	0	10938
8755	1	6071
8756	0	10939
8756	1	9258
8757	0	6642
8757	1	10940
8758	0	984
8758	1	10941
8759	0	10942
8759	1	10943
8760	0	10366
8760	1	10944
8761	0	10945
8761	1	2865
8762	0	10946
8762	1	10560
8763	0	10947
8763	1	6955
8764	0	7115
8764	1	10506
8765	0	3426
8765	1	10948
8766	0	6914
8766	1	6732
8767	0	7499
8767	1	5381
8768	0	10217
8768	1	2455
8769	0	6207
8769	1	6507
8770	0	2842
8770	1	6929
8771	0	10527
8771	1	10168
8772	0	5900
8772	1	9533
8773	0	10949
8773	1	9409
8774	0	9360
8774	1	9022
8775	0	9976
8775	1	10950
8776	0	8084
8776	1	3494
8777	0	5478
8777	1	10394
8778	0	2727
8778	1	3175
8779	0	6215
8779	1	10951
8780	0	10952
8780	1	10953
8781	0	6932
8781	1	10954
8782	0	3221
8782	1	4900
8783	0	10955
8783	1	7157
8784	0	3574
8784	1	8109
8785	0	10956
8785	1	10957
8786	0	976
8786	1	10958
8787	0	10959
8787	1	3649
8788	0	10960
8788	1	10961
8789	0	9987
8789	1	10866
8790	0	9587
8790	1	10962
8791	0	6229
8791	1	7563
8792	0	2796
8792	1	10049
8793	0	2973
8793	1	10963
8794	0	3343
8794	1	2466
8795	0	10964
8795	1	3337
8796	0	9359
8796	1	10965
8797	0	7573
8797	1	10966
8798	0	10755
8798	1	10967
8799	0	10659
8799	1	10408
8800	0	9545
8800	1	10968
8801	0	10969
8801	1	2470
8802	0	8114
8802	1	10970
8803	0	834
8803	1	10241
8804	0	10971
8804	1	6123
8805	0	3716
8805	1	10601
8806	0	10972
8806	1	10973
8807	0	4178
8807	1	10974
8808	0	10101
8808	1	10150
8809	0	10975
8809	1	2473
8810	0	1593
8810	1	10976
8811	0	4931
8811	1	9163
8812	0	10238
8812	1	10977
8813	0	9654
8813	1	4735
8814	0	10978
8814	1	10797
8815	0	836
8815	1	4741
8816	0	6452
8816	1	10979
8817	0	7314
8817	1	7458
8818	0	7082
8818	1	10980
8819	0	10944
8819	1	2477
8820	0	10407
8820	1	5447
8821	0	5674
8821	1	10981
8822	0	9593
8822	1	10982
8823	0	10983
8823	1	2479
8824	0	10984
8824	1	10985
8825	0	6562
8825	1	3945
8826	0	5641
8826	1	9974
8827	0	5087
8827	1	9973
8828	0	10986
8828	1	10987
8829	0	3722
8829	1	2481
8830	0	10988
8830	1	10989
8831	0	10990
8831	1	7878
8832	0	7877
8832	1	9856
8833	0	10991
8833	1	10992
8834	0	8406
8834	1	10993
8835	0	6276
8835	1	9861
8836	0	7557
8836	1	10994
8837	0	10995
8837	1	5633
8838	0	9646
8838	1	2485
8839	0	10996
8839	1	10176
8840	0	839
8840	1	6035
8841	0	6508
8841	1	10280
8842	0	4295
8842	1	9934
8843	0	2230
8843	1	2487
8844	0	2971
8844	1	4476
8845	0	10997
8845	1	4006
8846	0	10422
8846	1	3057
8847	0	2361
8847	1	10998
8848	0	1720
8848	1	2645
8849	0	10999
8849	1	6031
8850	0	9635
8850	1	9809
8851	0	841
8851	1	6011
8852	0	3856
8852	1	9813
8853	0	9023
8853	1	8355
8854	0	10516
8854	1	11000
8855	0	6656
8855	1	11001
8856	0	5316
8856	1	10218
8857	0	10153
8857	1	8799
8858	0	9799
8858	1	11002
8859	0	10162
8859	1	11003
8860	0	10462
8860	1	11004
8861	0	11002
8861	1	11005
8862	0	2195
8862	1	11006
8863	0	11007
8863	1	11008
8864	0	9394
8864	1	2498
8865	0	11009
8865	1	11010
8866	0	9326
8866	1	3589
8867	0	7190
8867	1	10782
8868	0	6312
8868	1	11011
8869	0	2135
8869	1	3073
8870	0	6925
8870	1	6005
8871	0	11012
8871	1	2502
8872	0	11013
8872	1	9991
8873	0	1046
8873	1	11014
8874	0	4014
8874	1	2925
8875	0	8101
8875	1	9277
8876	0	11015
8876	1	11016
8877	0	6824
8877	1	2504
8878	0	10027
8878	1	11017
8879	0	2391
8879	1	8044
8880	0	11018
8880	1	11019
8881	0	2297
8881	1	10209
8882	0	11020
8882	1	5903
8883	0	10836
8883	1	11021
8884	0	6325
8884	1	6655
8885	0	6575
8885	1	10131
8886	0	11022
8886	1	9855
8887	0	9550
8887	1	9828
8888	0	8766
8888	1	11023
8889	0	10341
8889	1	4271
8890	0	1961
8890	1	8816
8891	0	11024
8891	1	3421
8892	0	5475
8892	1	5711
8893	0	10219
8893	1	2516
8894	0	6597
8894	1	6652
8895	0	6905
8895	1	8526
8896	0	4191
8896	1	11025
8897	0	6604
8897	1	2639
8898	0	3561
8898	1	4979
8899	0	10486
8899	1	2524
8900	0	11026
8900	1	8275
8901	0	11027
8901	1	5379
8902	0	855
8902	1	11028
8903	0	10215
8903	1	10670
8904	0	7494
8904	1	10279
8905	0	10476
8905	1	11029
8906	0	11030
8906	1	11031
8907	0	3257
8907	1	3669
8908	0	10631
8908	1	2527
8909	0	6353
8909	1	6052
8910	0	9424
8910	1	11032
8911	0	9240
8911	1	11033
8912	0	1550
8912	1	8703
8913	0	8442
8913	1	3723
8914	0	10490
8914	1	6094
8915	0	11034
8915	1	6889
8916	0	11035
8916	1	11036
8917	0	8429
8917	1	11037
8918	0	5547
8918	1	6323
8919	0	10336
8919	1	2535
8920	0	11038
8920	1	6962
8921	0	3866
8921	1	10645
8922	0	5567
8922	1	11039
8923	0	11040
8923	1	10118
8924	0	11041
8924	1	7533
8925	0	5080
8925	1	2604
8926	0	11042
8926	1	6499
8927	0	6828
8927	1	2545
8928	0	10243
8928	1	10555
8929	0	6136
8929	1	6527
8930	0	10671
8930	1	11043
8931	0	11044
8931	1	10028
8932	0	10564
8932	1	5008
8933	0	7722
8933	1	2550
8934	0	5501
8934	1	10372
8935	0	11045
8935	1	11046
8936	0	11047
8936	1	11048
8937	0	10989
8937	1	9364
8938	0	6827
8938	1	11049
8939	0	1548
8939	1	10956
8940	0	7911
8940	1	11050
8941	0	11051
8941	1	11052
8942	0	10606
8942	1	2553
8943	0	10047
8943	1	11053
8944	0	10846
8944	1	11054
8945	0	3770
8945	1	8408
8946	0	11055
8946	1	11056
8947	0	4477
8947	1	6581
8948	0	11057
8948	1	11058
8949	0	11059
8949	1	4277
8950	0	7150
8950	1	2555
8951	0	6197
8951	1	2776
8952	0	11043
8952	1	9032
8953	0	5453
8953	1	5887
8954	0	5670
8954	1	9597
8955	0	10087
8955	1	5177
8956	0	1571
8956	1	3816
8957	0	11060
8957	1	8411
8958	0	11061
8958	1	11062
8959	0	7762
8959	1	11063
8960	0	10870
8960	1	8662
8961	0	6417
8961	1	3640
8962	0	7747
8962	1	10387
8963	0	10386
8963	1	10991
8964	0	4311
8964	1	8168
8965	0	11064
8965	1	2560
8966	0	11065
8966	1	6022
8967	0	11066
8967	1	11067
8968	0	1292
8968	1	3623
8969	0	872
8969	1	11068
8970	0	1810
8970	1	4834
8971	0	11069
8971	1	11070
8972	0	9479
8972	1	9733
8973	0	1155
8973	1	10491
8974	0	11049
8974	1	2563
8975	0	6703
8975	1	11071
8976	0	11067
8976	1	11072
8977	0	4240
8977	1	2781
8978	0	10865
8978	1	8777
8979	0	6430
8979	1	11073
8980	0	4303
8980	1	11074
8981	0	2497
8981	1	2565
8982	0	11075
8982	1	5720
8983	0	11076
8983	1	10737
8984	0	9272
8984	1	11077
8985	0	10668
8985	1	6999
8986	0	875
8986	1	2567
8987	0	4847
8987	1	10037
8988	0	11077
8988	1	7269
8989	0	11078
8989	1	11079
8990	0	4055
8990	1	7793
8991	0	5663
8991	1	10352
8992	0	10985
8992	1	11080
8993	0	8407
8993	1	11081
8994	0	1065
8994	1	9928
8995	0	11082
8995	1	10039
8996	0	11083
8996	1	10052
8997	0	10760
8997	1	10804
8998	0	5039
8998	1	8658
8999	0	6338
8999	1	11084
9000	0	11084
9000	1	7353
9001	0	11081
9001	1	11085
9002	0	6867
9002	1	11086
9003	0	11087
9003	1	8990
9004	0	11088
9004	1	3792
9005	0	11089
9005	1	10617
9006	0	4607
9006	1	9465
9007	0	9864
9007	1	11090
9008	0	10693
9008	1	3148
9009	0	11091
9009	1	11092
9010	0	5208
9010	1	3875
9011	0	11093
9011	1	3800
9012	0	2754
9012	1	2581
9013	0	11079
9013	1	7280
9014	0	11090
9014	1	11094
9015	0	11086
9015	1	10894
9016	0	10321
9016	1	10451
9017	0	11095
9017	1	11096
9018	0	8821
9018	1	5818
9019	0	8373
9019	1	9459
9020	0	6472
9020	1	11097
9021	0	10478
9021	1	3131
9022	0	8920
9022	1	5877
9023	0	11098
9023	1	2586
9024	0	7675
9024	1	10926
9025	0	10311
9025	1	11099
9026	0	10954
9026	1	9157
9027	0	972
9027	1	10945
9028	0	6075
9028	1	7931
9029	0	11100
9029	1	11101
9030	0	5707
9030	1	10545
9031	0	2204
9031	1	5702
9032	0	5141
9032	1	9905
9033	0	11102
9033	1	5265
9034	0	9294
9034	1	10313
9035	0	11103
9035	1	11104
9036	0	6487
9036	1	11105
9037	0	11106
9037	1	4151
9038	0	1783
9038	1	4789
9039	0	2839
9039	1	11107
9040	0	10820
9040	1	11108
9041	0	11109
9041	1	11110
9042	0	4888
9042	1	9777
9043	0	11111
9043	1	11112
9044	0	7123
9044	1	10257
9045	0	4770
9045	1	2599
9046	0	9918
9046	1	11113
9047	0	5251
9047	1	4636
9048	0	9952
9048	1	8055
9049	0	10151
9049	1	9787
9050	0	6613
9050	1	9869
9051	0	4748
9051	1	2601
9052	0	10418
9052	1	2922
9053	0	11114
9053	1	5061
9054	0	7291
9054	1	4429
9055	0	11115
9055	1	2602
9056	0	11116
9056	1	11117
9057	0	11118
9057	1	11119
9058	0	4186
9058	1	11115
9059	0	11120
9059	1	11121
9060	0	2246
9060	1	5780
9061	0	11122
9061	1	11123
9062	0	7358
9062	1	11124
9063	0	7786
9063	1	8232
9064	0	11125
9064	1	2606
9065	0	11126
9065	1	8695
9066	0	6512
9066	1	11127
9067	0	11128
9067	1	11129
9068	0	891
9068	1	10826
9069	0	10338
9069	1	11130
9070	0	9381
9070	1	10936
9071	0	11131
9071	1	11132
9072	0	9957
9072	1	2610
9073	0	8852
9073	1	11133
9074	0	10232
9074	1	2611
9075	0	10290
9075	1	11134
9076	0	11135
9076	1	11136
9077	0	11137
9077	1	11138
9078	0	7097
9078	1	11139
9079	0	5971
9079	1	10774
9080	0	11140
9080	1	11141
9081	0	10248
9081	1	8939
9082	0	4661
9082	1	2917
9083	0	4686
9083	1	9720
9084	0	2372
9084	1	11142
9085	0	4771
9085	1	8949
9086	0	11143
9086	1	9970
9087	0	6531
9087	1	11144
9088	0	11145
9088	1	10024
9089	0	5692
9089	1	10556
9090	0	10256
9090	1	2617
9091	0	11146
9091	1	8918
9092	0	11147
9092	1	11148
9093	0	4416
9093	1	11149
9094	0	8912
9094	1	4120
9095	0	6738
9095	1	11150
9096	0	11151
9096	1	11152
9097	0	6541
9097	1	11153
9098	0	10915
9098	1	9263
9099	0	11154
9099	1	11155
9100	0	11156
9100	1	2621
9101	0	11157
9101	1	10224
9102	0	10104
9102	1	11158
9103	0	8440
9103	1	8791
9104	0	11159
9104	1	6140
9105	0	6748
9105	1	2717
9106	0	7694
9106	1	3278
9107	0	8834
9107	1	11160
9108	0	9169
9108	1	5794
9109	0	11150
9109	1	2625
9110	0	5329
9110	1	10189
9111	0	11161
9111	1	11162
9112	0	6552
9112	1	10828
9113	0	11133
9113	1	3318
9114	0	7292
9114	1	7455
9115	0	5342
9115	1	10969
9116	0	11163
9116	1	6387
9117	0	8371
9117	1	11164
9118	0	11165
9118	1	10704
9119	0	10864
9119	1	11166
9120	0	1566
9120	1	6998
9121	0	11167
9121	1	7362
9122	0	8554
9122	1	5508
9123	0	10254
9123	1	10783
9124	0	2813
9124	1	10259
9125	0	10871
9125	1	11168
9126	0	10900
9126	1	7748
9127	0	11169
9127	1	10055
9128	0	7732
9128	1	10550
9129	0	9721
9129	1	9581
9130	0	11170
9130	1	10357
9131	0	8712
9131	1	9289
9132	0	10025
9132	1	2637
9133	0	11171
9133	1	3603
9134	0	11152
9134	1	10031
9135	0	11172
9135	1	8164
9136	0	10354
9136	1	4919
9137	0	9858
9137	1	9120
9138	0	11162
9138	1	4064
9139	0	6856
9139	1	4892
9140	0	8144
9140	1	7868
9141	0	11173
9141	1	2641
9142	0	11174
9142	1	11175
9143	0	4149
9143	1	11176
9144	0	11177
9144	1	11178
9145	0	9536
9145	1	11179
9146	0	6585
9146	1	7053
9147	0	9727
9147	1	10923
9148	0	6664
9148	1	7417
9149	0	9435
9149	1	5899
9150	0	11180
9150	1	8282
9151	0	11181
9151	1	11182
9152	0	9781
9152	1	11183
9153	0	904
9153	1	10821
9154	0	8461
9154	1	11184
9155	0	11185
9155	1	11015
9156	0	7106
9156	1	11186
9157	0	1577
9157	1	10505
9158	0	6599
9158	1	11187
9159	0	2363
9159	1	3299
9160	0	11188
9160	1	11189
9161	0	11190
9161	1	9416
9162	0	2002
9162	1	5293
9163	0	2949
9163	1	5294
9164	0	11191
9164	1	8304
9165	0	8466
9165	1	5460
9166	0	11183
9166	1	11192
9167	0	3902
9167	1	9520
9168	0	1398
9168	1	3899
9169	0	6936
9169	1	10791
9170	0	8170
9170	1	8614
9171	0	8945
9171	1	11193
9172	0	977
9172	1	2657
9173	0	9738
9173	1	9807
9174	0	11194
9174	1	4418
9175	0	7258
9175	1	11195
9176	0	8395
9176	1	11196
9177	0	2934
9177	1	7159
9178	0	11197
9178	1	8638
9179	0	995
9179	1	2663
9180	0	11198
9180	1	3950
9181	0	11199
9181	1	2664
9182	0	3948
9182	1	11200
9183	0	9271
9183	1	11201
9184	0	10792
9184	1	2875
9185	0	3648
9185	1	8228
9186	0	10970
9186	1	11202
9187	0	3194
9187	1	8415
9188	0	11203
9188	1	2667
9189	0	11204
9189	1	9092
9190	0	11205
9190	1	3143
9191	0	1734
9191	1	4814
9192	0	11206
9192	1	11207
9193	0	10918
9193	1	2706
9194	0	10503
9194	1	2671
9195	0	3538
9195	1	10599
9196	0	11208
9196	1	6324
9197	0	10456
9197	1	10770
9198	0	3804
9198	1	8471
9199	0	8562
9199	1	10109
9200	0	8926
9200	1	11209
9201	0	10940
9201	1	11128
9202	0	11210
9202	1	7581
9203	0	913
9203	1	11211
9204	0	11124
9204	1	11212
9205	0	10281
9205	1	6206
9206	0	8584
9206	1	11213
9207	0	8611
9207	1	11214
9208	0	6651
9208	1	10986
9209	0	7992
9209	1	11215
9210	0	5461
9210	1	11216
9211	0	9660
9211	1	3536
9212	0	3292
9212	1	7577
9213	0	11123
9213	1	11217
9214	0	7841
9214	1	11218
9215	0	7418
9215	1	2682
9216	0	10129
9216	1	11219
9217	0	5002
9217	1	11091
9218	0	5576
9218	1	10455
9219	0	11220
9219	1	2806
9220	0	9701
9220	1	11221
9221	0	6272
9221	1	7484
9222	0	7873
9222	1	11222
9223	0	1235
9223	1	3504
9224	0	6667
9224	1	10469
9225	0	3479
9225	1	7956
9226	0	11223
9226	1	2686
9227	0	11218
9227	1	6765
9228	0	11008
9228	1	4540
9229	0	10800
9229	1	7540
9230	0	4997
9230	1	11224
9231	0	6673
9231	1	11225
9232	0	11168
9232	1	8667
9233	0	11226
9233	1	10439
9234	0	11227
9234	1	9984
9235	0	11217
9235	1	2690
9236	0	11228
9236	1	9216
9237	0	7990
9237	1	7779
9238	0	7960
9238	1	9372
9239	0	11229
9239	1	3654
9240	0	7372
9240	1	3083
9241	0	3264
9241	1	3661
9242	0	11212
9242	1	2692
9243	0	5708
9243	1	11230
9244	0	11231
9244	1	10924
9245	0	11232
9245	1	10328
9246	0	10761
9246	1	3252
9247	0	11233
9247	1	3633
9248	0	11234
9248	1	11235
9249	0	8927
9249	1	10680
9250	0	9611
9250	1	11236
9251	0	7402
9251	1	2701
9252	0	3747
9252	1	4424
9253	0	8366
9253	1	11237
9254	0	11238
9254	1	10475
9255	0	11239
9255	1	11240
9256	0	3189
9256	1	7419
9257	0	11241
9257	1	9374
9258	0	11242
9258	1	4019
9259	0	7221
9259	1	7440
9260	0	10056
9260	1	11243
9261	0	3241
9261	1	7436
9262	0	6315
9262	1	10913
9263	0	11244
9263	1	4284
9264	0	10277
9264	1	9050
9265	0	11245
9265	1	11246
9266	0	10148
9266	1	5110
9267	0	6237
9267	1	10234
9268	0	6707
9268	1	11247
9269	0	9497
9269	1	11248
9270	0	6328
9270	1	11249
9271	0	11250
9271	1	2713
9272	0	11192
9272	1	11251
9273	0	1615
9273	1	11252
9274	0	6712
9274	1	10743
9275	0	10850
9275	1	9174
9276	0	11253
9276	1	7823
9277	0	9210
9277	1	4109
9278	0	9877
9278	1	11254
9279	0	7037
9279	1	4844
9280	0	11112
9280	1	9800
9281	0	10747
9281	1	11255
9282	0	10967
9282	1	11256
9283	0	11257
9283	1	11258
9284	0	2290
9284	1	2719
9285	0	6721
9285	1	6083
9286	0	11259
9286	1	8740
9287	0	4821
9287	1	9273
9288	0	7442
9288	1	8262
9289	0	11260
9289	1	11261
9290	0	7450
9290	1	9398
9291	0	8051
9291	1	4554
9292	0	7684
9292	1	11262
9293	0	8474
9293	1	11204
9294	0	11263
9294	1	2725
9295	0	11264
9295	1	10237
9296	0	11071
9296	1	11163
9297	0	10785
9297	1	11265
9298	0	6627
9298	1	11266
9299	0	9195
9299	1	11267
9300	0	10445
9300	1	11268
9301	0	6390
9301	1	11066
9302	0	8571
9302	1	11269
9303	0	11268
9303	1	7107
9304	0	5804
9304	1	10634
9305	0	956
9305	1	8270
9306	0	2347
9306	1	11270
9307	0	11179
9307	1	10912
9308	0	11271
9308	1	4473
9309	0	7766
9309	1	8898
9310	0	10691
9310	1	2739
9311	0	8463
9311	1	11272
9312	0	11273
9312	1	11274
9313	0	8043
9313	1	11275
9314	0	6425
9314	1	10398
9315	0	7104
9315	1	4871
9316	0	11276
9316	1	11277
9317	0	11278
9317	1	8296
9318	0	9936
9318	1	11279
9319	0	6231
9319	1	11280
9320	0	6756
9320	1	3896
9321	0	11281
9321	1	11282
9322	0	11283
9322	1	4772
9323	0	11284
9323	1	7429
9324	0	11285
9324	1	3926
9325	0	10497
9325	1	2748
9326	0	11286
9326	1	4094
9327	0	1950
9327	1	11287
9328	0	11219
9328	1	9212
9329	0	7846
9329	1	11288
9330	0	11287
9330	1	5160
9331	0	6948
9331	1	11239
9332	0	11289
9332	1	11290
9333	0	11291
9333	1	11292
9334	0	11005
9334	1	11075
9335	0	11293
9335	1	11294
9336	0	6461
9336	1	11295
9337	0	5059
9337	1	7202
9338	0	3214
9338	1	9525
9339	0	10878
9339	1	8727
9340	0	11296
9340	1	11297
9341	0	10334
9341	1	11298
9342	0	7164
9342	1	2757
9343	0	1344
9343	1	3983
9344	0	11299
9344	1	11283
9345	0	10868
9345	1	7065
9346	0	11300
9346	1	7580
9347	0	11001
9347	1	11208
9348	0	11301
9348	1	11302
9349	0	11295
9349	1	2764
9350	0	11303
9350	1	11304
9351	0	10308
9351	1	11305
9352	0	2392
9352	1	6076
9353	0	11306
9353	1	2766
9354	0	1874
9354	1	10796
9355	0	11307
9355	1	11308
9356	0	6463
9356	1	11306
9357	0	5239
9357	1	7336
9358	0	7233
9358	1	11309
9359	0	3187
9359	1	10920
9360	0	7715
9360	1	9571
9361	0	11310
9361	1	2773
9362	0	8279
9362	1	11311
9363	0	9989
9363	1	7170
9364	0	7792
9364	1	11312
9365	0	2410
9365	1	10563
9366	0	9894
9366	1	10557
9367	0	6171
9367	1	11231
9368	0	10885
9368	1	10942
9369	0	8741
9369	1	11313
9370	0	949
9370	1	11098
9371	0	7870
9371	1	11314
9372	0	11315
9372	1	7168
9373	0	11097
9373	1	2778
9374	0	8288
9374	1	4406
9375	0	11134
9375	1	11316
9376	0	7867
9376	1	11317
9377	0	11318
9377	1	11319
9378	0	8861
9378	1	10959
9379	0	9070
9379	1	11320
9380	0	11321
9380	1	6697
9381	0	11068
9381	1	2783
9382	0	7330
9382	1	6310
9383	0	4397
9383	1	5354
9384	0	7351
9384	1	5660
9385	0	6878
9385	1	11322
9386	0	9958
9386	1	9243
9387	0	964
9387	1	2786
9388	0	11323
9388	1	11324
9389	0	9706
9389	1	7260
9390	0	10108
9390	1	7888
9391	0	10551
9391	1	10750
9392	0	7268
9392	1	3007
9393	0	2301
9393	1	5834
9394	0	7887
9394	1	2792
9395	0	5742
9395	1	10092
9396	0	11282
9396	1	11325
9397	0	10132
9397	1	11220
9398	0	11292
9398	1	7238
9399	0	8907
9399	1	11326
9400	0	6851
9400	1	11327
9401	0	10033
9401	1	11328
9402	0	11329
9402	1	11330
9403	0	6225
9403	1	11331
9404	0	10721
9404	1	10719
9405	0	11332
9405	1	11333
9406	0	4841
9406	1	11334
9407	0	2630
9407	1	11335
9408	0	3897
9408	1	5614
9409	0	7457
9409	1	6550
9410	0	11336
9410	1	11337
9411	0	7354
9411	1	2799
9412	0	11338
9412	1	9792
9413	0	1019
9413	1	2947
9414	0	11337
9414	1	9229
9415	0	9558
9415	1	7058
9416	0	6871
9416	1	7966
9417	0	11339
9417	1	3749
9418	0	10608
9418	1	2887
9419	0	10852
9419	1	2808
9420	0	11340
9420	1	7142
9421	0	11341
9421	1	3190
9422	0	3151
9422	1	10911
9423	0	6876
9423	1	5943
9424	0	11342
9424	1	10093
9425	0	10041
9425	1	11343
9426	0	11309
9426	1	10421
9427	0	11344
9427	1	9291
9428	0	2323
9428	1	3142
9429	0	11345
9429	1	11346
9430	0	11029
9430	1	5598
9431	0	11347
9431	1	6250
9432	0	10905
9432	1	11206
9433	0	7383
9433	1	8665
9434	0	10367
9434	1	5018
9435	0	1585
9435	1	4263
9436	0	5311
9436	1	6360
9437	0	11348
9437	1	11349
9438	0	7212
9438	1	8779
9439	0	10824
9439	1	9262
9440	0	11350
9440	1	2826
9441	0	3490
9441	1	11351
9442	0	11352
9442	1	2859
9443	0	10539
9443	1	11353
9444	0	7409
9444	1	11354
9445	0	11355
9445	1	2828
9446	0	4613
9446	1	11356
9447	0	2517
9447	1	6319
9448	0	10541
9448	1	11357
9449	0	10941
9449	1	2830
9450	0	2343
9450	1	6058
9451	0	10765
9451	1	4946
9452	0	4566
9452	1	10371
9453	0	5667
9453	1	4911
9454	0	10781
9454	1	11358
9455	0	11359
9455	1	2834
9456	0	9382
9456	1	10426
9457	0	11360
9457	1	9668
9458	0	2219
9458	1	11361
9459	0	1872
9459	1	11362
9460	0	11363
9460	1	7554
9461	0	11364
9461	1	11365
9462	0	8107
9462	1	11366
9463	0	2430
9463	1	3768
9464	0	11367
9464	1	2838
9465	0	11148
9465	1	11368
9466	0	11270
9466	1	5796
9467	0	11369
9467	1	11303
9468	0	3783
9468	1	9079
9469	0	11021
9469	1	11344
9470	0	6546
9470	1	5345
9471	0	11370
9471	1	10652
9472	0	6934
9472	1	9270
9473	0	11371
9473	1	10244
9474	0	8274
9474	1	8508
9475	0	10282
9475	1	2841
9476	0	2183
9476	1	11338
9477	0	4172
9477	1	11241
9478	0	11372
9478	1	11373
9479	0	10460
9479	1	8151
9480	0	11374
9480	1	10330
9481	0	11375
9481	1	7622
9482	0	10226
9482	1	9073
9483	0	10676
9483	1	2847
9484	0	9580
9484	1	4819
9485	0	9043
9485	1	7118
9486	0	8686
9486	1	11376
9487	0	11377
9487	1	11378
9488	0	9535
9488	1	6009
9489	0	11378
9489	1	8822
9490	0	6006
9490	1	11379
9491	0	10958
9491	1	11380
9492	0	10299
9492	1	8932
9493	0	3314
9493	1	8585
9494	0	11381
9494	1	9996
9495	0	9737
9495	1	9700
9496	0	11382
9496	1	9896
9497	0	11383
9497	1	7028
9498	0	11262
9498	1	11384
9499	0	7040
9499	1	11385
9500	0	11353
9500	1	11386
9501	0	5597
9501	1	9907
9502	0	2371
9502	1	5991
9503	0	6198
9503	1	10939
9504	0	11387
9504	1	5125
9505	0	6965
9505	1	11350
9506	0	11388
9506	1	3935
9507	0	10935
9507	1	7880
9508	0	11108
9508	1	11389
9509	0	2523
9509	1	3185
9510	0	11390
9510	1	5529
9511	0	8598
9511	1	7193
9512	0	6971
9512	1	8177
9513	0	11063
9513	1	3326
9514	0	8173
9514	1	2866
9515	0	10066
9515	1	8856
9516	0	1162
9516	1	3322
9517	0	11386
9517	1	11391
9518	0	8842
9518	1	11392
9519	0	6102
9519	1	4304
9520	0	1716
9520	1	4338
9521	0	10492
9521	1	11393
9522	0	10859
9522	1	10169
9523	0	8000
9523	1	11394
9524	0	1272
9524	1	6232
9525	0	8325
9525	1	11395
9526	0	6615
9526	1	3193
9527	0	6989
9527	1	4729
9528	0	10471
9528	1	7444
9529	0	11396
9529	1	11281
9530	0	10816
9530	1	11397
9531	0	11302
9531	1	8059
9532	0	8231
9532	1	11398
9533	0	11399
9533	1	9205
9534	0	3316
9534	1	9137
9535	0	10805
9535	1	6431
9536	0	8848
9536	1	11400
9537	0	11317
9537	1	6385
9538	0	997
9538	1	11401
9539	0	7213
9539	1	9990
9540	0	8681
9540	1	10778
9541	0	4036
9541	1	11402
9542	0	6776
9542	1	11315
9543	0	5681
9543	1	10566
9544	0	9950
9544	1	8673
9545	0	11326
9545	1	5189
9546	0	6015
9546	1	4690
9547	0	11403
9547	1	11404
9548	0	9149
9548	1	2890
9549	0	9998
9549	1	10661
9550	0	7296
9550	1	4694
9551	0	10822
9551	1	11405
9552	0	4276
9552	1	11406
9553	0	11407
9553	1	7924
9554	0	1072
9554	1	2892
9555	0	9415
9555	1	11408
9556	0	7018
9556	1	6375
9557	0	10146
9557	1	4730
9558	0	10860
9558	1	2894
9559	0	5932
9559	1	10667
9560	0	11409
9560	1	11410
9561	0	9209
9561	1	11411
9562	0	8298
9562	1	8610
9563	0	9926
9563	1	9403
9564	0	2408
9564	1	10851
9565	0	7228
9565	1	11412
9566	0	7029
9566	1	10856
9567	0	8258
9567	1	3248
9568	0	11413
9568	1	3498
9569	0	11414
9569	1	9191
9570	0	10262
9570	1	11415
9571	0	8691
9571	1	11416
9572	0	11417
9572	1	2905
9573	0	11279
9573	1	9517
9574	0	5689
9574	1	11418
9575	0	8130
9575	1	3889
9576	0	11412
9576	1	11419
9577	0	11420
9577	1	8597
9578	0	5198
9578	1	10510
9579	0	1005
9579	1	3004
9580	0	11421
9580	1	5058
9581	0	7947
9581	1	11422
9582	0	10040
9582	1	9546
9583	0	10100
9583	1	11423
9584	0	10230
9584	1	4948
9585	0	9962
9585	1	10017
9586	0	10705
9586	1	11424
9587	0	8794
9587	1	11425
9588	0	11426
9588	1	6843
9589	0	10716
9589	1	6991
9590	0	10013
9590	1	11427
9591	0	11428
9591	1	11396
9592	0	7977
9592	1	11413
9593	0	6313
9593	1	8441
9594	0	11429
9594	1	3152
9595	0	8820
9595	1	10919
9596	0	11430
9596	1	3310
9597	0	11431
9597	1	4185
9598	0	11432
9598	1	10903
9599	0	4830
9599	1	9543
9600	0	2886
9600	1	9891
9601	0	7076
9601	1	11433
9602	0	11434
9602	1	11435
9603	0	4100
9603	1	11259
9604	0	11436
9604	1	7369
9605	0	10088
9605	1	9971
9606	0	11433
9606	1	2931
9607	0	10921
9607	1	8755
9608	0	8573
9608	1	6862
9609	0	11437
9609	1	10857
9610	0	1291
9610	1	11438
9611	0	5093
9611	1	5445
9612	0	5441
9612	1	11227
9613	0	11439
9613	1	2935
9614	0	7093
9614	1	3392
9615	0	10598
9615	1	8347
9616	0	11440
9616	1	2938
9617	0	8222
9617	1	11154
9618	0	3379
9618	1	4165
9619	0	11441
9619	1	11442
9620	0	11139
9620	1	7692
9621	0	11443
9621	1	3657
9622	0	11444
9622	1	2941
9623	0	6506
9623	1	11445
9624	0	11252
9624	1	8494
9625	0	11446
9625	1	9527
9626	0	2299
9626	1	9297
9627	0	1929
9627	1	9557
9628	0	4699
9628	1	5112
9629	0	11186
9629	1	10200
9630	0	9885
9630	1	10672
9631	0	7108
9631	1	11447
9632	0	11072
9632	1	9763
9633	0	11448
9633	1	11449
9634	0	11016
9634	1	6600
9635	0	8219
9635	1	6741
9636	0	4129
9636	1	6837
9637	0	10592
9637	1	10446
9638	0	11000
9638	1	4925
9639	0	8760
9639	1	7352
9640	0	11195
9640	1	3369
9641	0	10910
9641	1	11450
9642	0	11451
9642	1	11095
9643	0	9383
9643	1	10278
9644	0	3527
9644	1	10227
9645	0	7719
9645	1	4971
9646	0	9186
9646	1	10861
9647	0	8675
9647	1	2959
9648	0	11452
9648	1	6361
9649	0	11453
9649	1	11454
9650	0	2237
9650	1	10552
9651	0	9480
9651	1	3093
9652	0	11454
9652	1	8428
9653	0	11455
9653	1	3492
9654	0	2824
9654	1	11038
9655	0	11389
9655	1	9782
9656	0	11456
9656	1	2963
9657	0	10177
9657	1	11457
9658	0	9897
9658	1	10855
9659	0	10664
9659	1	11458
9660	0	10746
9660	1	7794
9661	0	7137
9661	1	5753
9662	0	11459
9662	1	11460
9663	0	10727
9663	1	11461
9664	0	10626
9664	1	2967
9665	0	10436
9665	1	11060
9666	0	11462
9666	1	11463
9667	0	11464
9667	1	11465
9668	0	11466
9668	1	4585
9669	0	11467
9669	1	6872
9670	0	11468
9670	1	10771
9671	0	11469
9671	1	11470
9672	0	2898
9672	1	5103
9673	0	9567
9673	1	11471
9674	0	4251
9674	1	2975
9675	0	4577
9675	1	4005
9676	0	3622
9676	1	8195
9677	0	5837
9677	1	3329
9678	0	4068
9678	1	4983
9679	0	11070
9679	1	11472
9680	0	9922
9680	1	9584
9681	0	7651
9681	1	3553
9682	0	10320
9682	1	11473
9683	0	11474
9683	1	11475
9684	0	9033
9684	1	2980
9685	0	10355
9685	1	9019
9686	0	10609
9686	1	9407
9687	0	11476
9687	1	11229
9688	0	7452
9688	1	9785
9689	0	11477
9689	1	11478
9690	0	10632
9690	1	5783
9691	0	2367
9691	1	5791
9692	0	11479
9692	1	10401
9693	0	9062
9693	1	9238
9694	0	10581
9694	1	5709
9695	0	5444
9695	1	2989
9696	0	11480
9696	1	6092
9697	0	6309
9697	1	10931
9698	0	5763
9698	1	11481
9699	0	11052
9699	1	5012
9700	0	7441
9700	1	8763
9701	0	11014
9701	1	2993
9702	0	11011
9702	1	10934
9703	0	11482
9703	1	11483
9704	0	11484
9704	1	9198
9705	0	11485
9705	1	11238
9706	0	10930
9706	1	11486
9707	0	10383
9707	1	2997
9708	0	11487
9708	1	3418
9709	0	1036
9709	1	9690
9710	0	8978
9710	1	7862
9711	0	2693
9711	1	7357
9712	0	10981
9712	1	4493
9713	0	11385
9713	1	3000
9714	0	11424
9714	1	6784
9715	0	1275
9715	1	8003
9716	0	10331
9716	1	9888
9717	0	11488
9717	1	6378
9718	0	7047
9718	1	5897
9719	0	10324
9719	1	11321
9720	0	8499
9720	1	9351
9721	0	10834
9721	1	11489
9722	0	11490
9722	1	3476
9723	0	11491
9723	1	11492
9724	0	11493
9724	1	8992
9725	0	3680
9725	1	11494
9726	0	7595
9726	1	11495
9727	0	11401
9727	1	3012
9728	0	11496
9728	1	11497
9729	0	8995
9729	1	11498
9730	0	11402
9730	1	9453
9731	0	8644
9731	1	10184
9732	0	2889
9732	1	3014
9733	0	9113
9733	1	4196
9734	0	10973
9734	1	3617
9735	0	11328
9735	1	8970
9736	0	10325
9736	1	4855
9737	0	10621
9737	1	11499
9738	0	11500
9738	1	7271
9739	0	11481
9739	1	3728
9740	0	6183
9740	1	11012
9741	0	7393
9741	1	7724
9742	0	7884
9742	1	10412
9743	0	11501
9743	1	10057
9744	0	7265
9744	1	3023
9745	0	11074
9745	1	7820
9746	0	7605
9746	1	4990
9747	0	9780
9747	1	11493
9748	0	3319
9748	1	7461
9749	0	10890
9749	1	3459
9750	0	11322
9750	1	11347
9751	0	3841
9751	1	5028
9752	0	6013
9752	1	3033
9753	0	11502
9753	1	11024
9754	0	4780
9754	1	10713
9755	0	5138
9755	1	10709
9756	0	6710
9756	1	6751
9757	0	7534
9757	1	11503
9758	0	4768
9758	1	6773
9759	0	2026
9759	1	9827
9760	0	10413
9760	1	3759
9761	0	8214
9761	1	11504
9762	0	7056
9762	1	7690
9763	0	11505
9763	1	4733
9764	0	7555
9764	1	6921
9765	0	11506
9765	1	8394
9766	0	8967
9766	1	11507
9767	0	10417
9767	1	11508
9768	0	11237
9768	1	7989
9769	0	1499
9769	1	3365
9770	0	11427
9770	1	7807
9771	0	4681
9771	1	3049
9772	0	7889
9772	1	6639
9773	0	9406
9773	1	3741
9774	0	11178
9774	1	7639
9775	0	10849
9775	1	10578
9776	0	8885
9776	1	9895
9777	0	10242
9777	1	11509
9778	0	5847
9778	1	10677
9779	0	11141
9779	1	11510
9780	0	11511
9780	1	6433
9781	0	8566
9781	1	11512
9782	0	11513
9782	1	11514
9783	0	11515
9783	1	9139
9784	0	6797
9784	1	11451
9785	0	9188
9785	1	11516
9786	0	6434
9786	1	10533
9787	0	1638
9787	1	10253
9788	0	11517
9788	1	11518
9789	0	11508
9789	1	3068
9790	0	8914
9790	1	7804
9791	0	11519
9791	1	10010
9792	0	4750
9792	1	11520
9793	0	8140
9793	1	3081
9794	0	8187
9794	1	9779
9795	0	7515
9795	1	11232
9796	0	5553
9796	1	11521
9797	0	11158
9797	1	5238
9798	0	9429
9798	1	4526
9799	0	4373
9799	1	5229
9800	0	10520
9800	1	10825
9801	0	8184
9801	1	3085
9802	0	4301
9802	1	11515
9803	0	9953
9803	1	8087
9804	0	4573
9804	1	9441
9805	0	1968
9805	1	8930
9806	0	11320
9806	1	11522
9807	0	11523
9807	1	4634
9808	0	11524
9808	1	4117
9809	0	7313
9809	1	9142
9810	0	6160
9810	1	11185
9811	0	5282
9811	1	10180
9812	0	5618
9812	1	4400
9813	0	7945
9813	1	4088
9814	0	10005
9814	1	11336
9815	0	11525
9815	1	11526
9816	0	8908
9816	1	11527
9817	0	10966
9817	1	3097
9818	0	9789
9818	1	11528
9819	0	9341
9819	1	11529
9820	0	10199
9820	1	10078
9821	0	11032
9821	1	11530
9822	0	11531
9822	1	11477
9823	0	10976
9823	1	9061
9824	0	2533
9824	1	11532
9825	0	11533
9825	1	11534
9826	0	11335
9826	1	6739
9827	0	5534
9827	1	4863
9828	0	6931
9828	1	11157
9829	0	6535
9829	1	11156
9830	0	7682
9830	1	5496
9831	0	4695
9831	1	3104
9832	0	8446
9832	1	5045
9833	0	7347
9833	1	11535
9834	0	9138
9834	1	11536
9835	0	8709
9835	1	6220
9836	0	7925
9836	1	3108
9837	0	10098
9837	1	11234
9838	0	1081
9838	1	7204
9839	0	10832
9839	1	10642
9840	0	6677
9840	1	11125
9841	0	2893
9841	1	3110
9842	0	5281
9842	1	7112
9843	0	8608
9843	1	3635
9844	0	10853
9844	1	6449
9845	0	11537
9845	1	11045
9846	0	6145
9846	1	7200
9847	0	11538
9847	1	11539
9848	0	1083
9848	1	7188
9849	0	4796
9849	1	11271
9850	0	10508
9850	1	11540
9851	0	1092
9851	1	3115
9852	0	5303
9852	1	7475
9853	0	10922
9853	1	11018
9854	0	7394
9854	1	3119
9855	0	9009
9855	1	10042
9856	0	5661
9856	1	6447
9857	0	1087
9857	1	5584
9858	0	5626
9858	1	9714
9859	0	6759
9859	1	6972
9860	0	2153
9860	1	3127
9861	0	11411
9861	1	11541
9862	0	2151
9862	1	5120
9863	0	2384
9863	1	5580
9864	0	11542
9864	1	11228
9865	0	11543
9865	1	10620
9866	0	11358
9866	1	3135
9867	0	11544
9867	1	9541
9868	0	11545
9868	1	11525
9869	0	11546
9869	1	6698
9870	0	1091
9870	1	11547
9871	0	10787
9871	1	11429
9872	0	9094
9872	1	11244
9873	0	11354
9873	1	11548
9874	0	10686
9874	1	10706
9875	0	4333
9875	1	4648
9876	0	7396
9876	1	7218
9877	0	3777
9877	1	11549
9878	0	11550
9878	1	7122
9879	0	11395
9879	1	7630
9880	0	1994
9880	1	8374
9881	0	9637
9881	1	4696
9882	0	3266
9882	1	7606
9883	0	9630
9883	1	10160
9884	0	6874
9884	1	7366
9885	0	11265
9885	1	3146
9886	0	11333
9886	1	11551
9887	0	11552
9887	1	11210
9888	0	11553
9888	1	7707
9889	0	5090
9889	1	3415
9890	0	10775
9890	1	8785
9891	0	11554
9891	1	11555
9892	0	2673
9892	1	11556
9893	0	10171
9893	1	8121
9894	0	11557
9894	1	10097
9895	0	11558
9895	1	11559
9896	0	7517
9896	1	10575
9897	0	2326
9897	1	3161
9898	0	1279
9898	1	9358
9899	0	11560
9899	1	11561
9900	0	11562
9900	1	11437
9901	0	2703
9901	1	5949
9902	0	11563
9902	1	8680
9903	0	11564
9903	1	7770
9904	0	11565
9904	1	11566
9905	0	6211
9905	1	11567
9906	0	11166
9906	1	5994
9907	0	10298
9907	1	4620
9908	0	3546
9908	1	11568
9909	0	6128
9909	1	10892
9910	0	11569
9910	1	10799
9911	0	11570
9911	1	11169
9912	0	5935
9912	1	6694
9913	0	11571
9913	1	5377
9914	0	8457
9914	1	6913
9915	0	8320
9915	1	5938
9916	0	9993
9916	1	6988
9917	0	4564
9917	1	6792
9918	0	9051
9918	1	11572
9919	0	11573
9919	1	11574
9920	0	1104
9920	1	10768
9921	0	11266
9921	1	11197
9922	0	11313
9922	1	4099
9923	0	11575
9923	1	5221
9924	0	4597
9924	1	7852
9925	0	4886
9925	1	11576
9926	0	8628
9926	1	10116
9927	0	9100
9927	1	10688
9928	0	11577
9928	1	8769
9929	0	7686
9929	1	11430
9930	0	6780
9930	1	11578
9931	0	10679
9931	1	3244
9932	0	7095
9932	1	3179
9933	0	1692
9933	1	7315
9934	0	9572
9934	1	10654
9935	0	9979
9935	1	10332
9936	0	4033
9936	1	8828
9937	0	6967
9937	1	11355
9938	0	8135
9938	1	9923
9939	0	11579
9939	1	9529
9940	0	11025
9940	1	9378
9941	0	11028
9941	1	5308
9942	0	3382
9942	1	8796
9943	0	8419
9943	1	9512
9944	0	11580
9944	1	11581
9945	0	11582
9945	1	11583
9946	0	11584
9946	1	8278
9947	0	9778
9947	1	10156
9948	0	11585
9948	1	5629
9949	0	9181
9949	1	6107
9950	0	6680
9950	1	3191
9951	0	6357
9951	1	8226
9952	0	11586
9952	1	11587
9953	0	11588
9953	1	6730
9954	0	7089
9954	1	8999
9955	0	4619
9955	1	4668
9956	0	10962
9956	1	10978
9957	0	10342
9957	1	11059
9958	0	11589
9958	1	11590
9959	0	11591
9959	1	11592
9960	0	2080
9960	1	3197
9961	0	4270
9961	1	8558
9962	0	7560
9962	1	11565
9963	0	10250
9963	1	9041
9964	0	10968
9964	1	11593
9965	0	1114
9965	1	9076
9966	0	7551
9966	1	11594
9967	0	11595
9967	1	8559
9968	0	4974
9968	1	9847
9969	0	1124
9969	1	3201
9970	0	1924
9970	1	8929
9971	0	7503
9971	1	11370
9972	0	11596
9972	1	11191
9973	0	1460
9973	1	11180
9974	0	1865
9974	1	11597
9975	0	11101
9975	1	11360
9976	0	11597
9976	1	4969
9977	0	8626
9977	1	8757
9978	0	6772
9978	1	11598
9979	0	7855
9979	1	5876
9980	0	11599
9980	1	7134
9981	0	1192
9981	1	3207
9982	0	1187
9982	1	11600
9983	0	11601
9983	1	7339
9984	0	10993
9984	1	11602
9985	0	8321
9985	1	7048
9986	0	1210
9986	1	3212
9987	0	11603
9987	1	3213
9988	0	11604
9988	1	8013
9989	0	10126
9989	1	4596
9990	0	11605
9990	1	11606
9991	0	1556
9991	1	4413
9992	0	11607
9992	1	3662
9993	0	4434
9993	1	9266
9994	0	8730
9994	1	7001
9995	0	7964
9995	1	3217
9996	0	2094
9996	1	4731
9997	0	10992
9997	1	11608
9998	0	7189
9998	1	9628
9999	0	8633
9999	1	3290
10000	0	10994
10000	1	3219
10001	0	10240
10001	1	8946
10002	0	3144
10002	1	8579
10003	0	11609
10003	1	6175
10004	0	11610
10004	1	6247
10005	0	11611
10005	1	11569
10006	0	2687
10006	1	6653
10007	0	1123
10007	1	9414
10008	0	2978
10008	1	4243
10009	0	11612
10009	1	9862
10010	0	8871
10010	1	11513
10011	0	10730
10011	1	11613
10012	0	5607
10012	1	10474
10013	0	7016
10013	1	3225
10014	0	11614
10014	1	6850
10015	0	7549
10015	1	11615
10016	0	4281
10016	1	9084
10017	0	6293
10017	1	10897
10018	0	11472
10018	1	11616
10019	0	8305
10019	1	11448
10020	0	11566
10020	1	3229
10021	0	11617
10021	1	11618
10022	0	11380
10022	1	11619
10023	0	11620
10023	1	11621
10024	0	7562
10024	1	11622
10025	0	5592
10025	1	10946
10026	0	11623
10026	1	7500
10027	0	11624
10027	1	3232
10028	0	9141
10028	1	4171
10029	0	6890
10029	1	5318
10030	0	5727
10030	1	9097
10031	0	9563
10031	1	10610
10032	0	9401
10032	1	11625
10033	0	11616
10033	1	3236
10034	0	1699
10034	1	8882
10035	0	8238
10035	1	3591
10036	0	11568
10036	1	8052
10037	0	9013
10037	1	8646
10038	0	11419
10038	1	7026
10039	0	11626
10039	1	4898
10040	0	5413
10040	1	4431
10041	0	11627
10041	1	10990
10042	0	5853
10042	1	11628
10043	0	6219
10043	1	11363
10044	0	6483
10044	1	3255
10045	0	11365
10045	1	11552
10046	0	10904
10046	1	6110
10047	0	11629
10047	1	5351
10048	0	11630
10048	1	10509
10049	0	11631
10049	1	4045
10050	0	10840
10050	1	11632
10051	0	11442
10051	1	9295
10052	0	5654
10052	1	10487
10053	0	4665
10053	1	7698
10054	0	7710
10054	1	10499
10055	0	1559
10055	1	10876
10056	0	11450
10056	1	11633
10057	0	9674
10057	1	11634
10058	0	7797
10058	1	11631
10059	0	1134
10059	1	10522
10060	0	6349
10060	1	8540
10061	0	11635
10061	1	8439
10062	0	2642
10062	1	11636
10063	0	11637
10063	1	4666
10064	0	11638
10064	1	7387
10065	0	7683
10065	1	3258
10066	0	11362
10066	1	8098
10067	0	11639
10067	1	5820
10068	0	11640
10068	1	11476
10069	0	6801
10069	1	4017
10070	0	6504
10070	1	3263
10071	0	7199
10071	1	7802
10072	0	11641
10072	1	11642
10073	0	7070
10073	1	11643
10074	0	11634
10074	1	7404
10075	0	7528
10075	1	11644
10076	0	11644
10076	1	11446
10077	0	8955
10077	1	6475
10078	0	3477
10078	1	11604
10079	0	10907
10079	1	3272
10080	0	10764
10080	1	5923
10081	0	8897
10081	1	11645
10082	0	11646
10082	1	3844
10083	0	5337
10083	1	8458
10084	0	11499
10084	1	8890
10085	0	6214
10085	1	10780
10086	0	9824
10086	1	6672
10087	0	11647
10087	1	11648
10088	0	11649
10088	1	3276
10089	0	9945
10089	1	11177
10090	0	11470
10090	1	9805
10091	0	11031
10091	1	11375
10092	0	9330
10092	1	11650
10093	0	3430
10093	1	4551
10094	0	6193
10094	1	11651
10095	0	8346
10095	1	11652
10096	0	7645
10096	1	11653
10097	0	10029
10097	1	9256
10098	0	7892
10098	1	3281
10099	0	11654
10099	1	11655
10100	0	11656
10100	1	5799
10101	0	4225
10101	1	9348
10102	0	8993
10102	1	11657
10103	0	10811
10103	1	6307
10104	0	7727
10104	1	10895
10105	0	11658
10105	1	9742
10106	0	9132
10106	1	10996
10107	0	11314
10107	1	11659
10108	0	8020
10108	1	7182
10109	0	1583
10109	1	11434
10110	0	1147
10110	1	9772
10111	0	9328
10111	1	11660
10112	0	8940
10112	1	8687
10113	0	9251
10113	1	11382
10114	0	9759
10114	1	11661
10115	0	11662
10115	1	5787
10116	0	11149
10116	1	5049
10117	0	11447
10117	1	10444
10118	0	11164
10118	1	9316
10119	0	8454
10119	1	11198
10120	0	11663
10120	1	11664
10121	0	11665
10121	1	11666
10122	0	1427
10122	1	3295
10123	0	9082
10123	1	11601
10124	0	11578
10124	1	9146
10125	0	7733
10125	1	11009
10126	0	6304
10126	1	3297
10127	0	11073
10127	1	6296
10128	0	10844
10128	1	11667
10129	0	2691
10129	1	11668
10130	0	11660
10130	1	3300
10131	0	7176
10131	1	9196
10132	0	1658
10132	1	11669
10133	0	8328
10133	1	3443
10134	0	10536
10134	1	5477
10135	0	11308
10135	1	7909
10136	0	9730
10136	1	3302
10137	0	6213
10137	1	5666
10138	0	11189
10138	1	11670
10139	0	5620
10139	1	10359
10140	0	1988
10140	1	9833
10141	0	1240
10141	1	11671
10142	0	9784
10142	1	11672
10143	0	11673
10143	1	6228
10144	0	10579
10144	1	7247
10145	0	11674
10145	1	11675
10146	0	2950
10146	1	5520
10147	0	9434
10147	1	10502
10148	0	11675
10148	1	7094
10149	0	7002
10149	1	11676
10150	0	11130
10150	1	11677
10151	0	6051
10151	1	3308
10152	0	7066
10152	1	7524
10153	0	5613
10153	1	11131
10154	0	5497
10154	1	10140
10155	0	11384
10155	1	11678
10156	0	4319
10156	1	9040
10157	0	11670
10157	1	10201
10158	0	10356
10158	1	11679
10159	0	7501
10159	1	7550
10160	0	7826
10160	1	10074
10161	0	6602
10161	1	7105
10162	0	8748
10162	1	4297
10163	0	6812
10163	1	9716
10164	0	5672
10164	1	10498
10165	0	11602
10165	1	9299
10166	0	3655
10166	1	11680
10167	0	10002
10167	1	9318
10168	0	11681
10168	1	4030
10169	0	11117
10169	1	11042
10170	0	9880
10170	1	4976
10171	0	11682
10171	1	11683
10172	0	1168
10172	1	11684
10173	0	11685
10173	1	11502
10174	0	6030
10174	1	11686
10175	0	2994
10175	1	7222
10176	0	3032
10176	1	8447
10177	0	6560
10177	1	11145
10178	0	1166
10178	1	10964
10179	0	11687
10179	1	8602
10180	0	11255
10180	1	5926
10181	0	8670
10181	1	11688
10182	0	10896
10182	1	7688
10183	0	8180
10183	1	3333
10184	0	9613
10184	1	8438
10185	0	9710
10185	1	11689
10186	0	10388
10186	1	9939
10187	0	11690
10187	1	10899
10188	0	4328
10188	1	9162
10189	0	5638
10189	1	11630
10190	0	11684
10190	1	3339
10191	0	10734
10191	1	11691
10192	0	4742
10192	1	11610
10193	0	6227
10193	1	11264
10194	0	10378
10194	1	8072
10195	0	8738
10195	1	11286
10196	0	11325
10196	1	11692
10197	0	11243
10197	1	11693
10198	0	8548
10198	1	9158
10199	0	11688
10199	1	11694
10200	0	1757
10200	1	10312
10201	0	8363
10201	1	8037
10202	0	11695
10202	1	11517
10203	0	7760
10203	1	10733
10204	0	2421
10204	1	11696
10205	0	11486
10205	1	6301
10206	0	9152
10206	1	11697
10207	0	4341
10207	1	9166
10208	0	11698
10208	1	11022
10209	0	3307
10209	1	11444
10210	0	11010
10210	1	7466
10211	0	7769
10211	1	8911
10212	0	6618
10212	1	9941
10213	0	1958
10213	1	11699
10214	0	6292
10214	1	3355
10215	0	11700
10215	1	11701
10216	0	6162
10216	1	11242
10217	0	8843
10217	1	10021
10218	0	1467
10218	1	11702
10219	0	9713
10219	1	4009
10220	0	1174
10220	1	11106
10221	0	7805
10221	1	11703
10222	0	9795
10222	1	11704
10223	0	6669
10223	1	5771
10224	0	7784
10224	1	10428
10225	0	11705
10225	1	11706
10226	0	11703
10226	1	3371
10227	0	5868
10227	1	9951
10228	0	4292
10228	1	8204
10229	0	2260
10229	1	11707
10230	0	11473
10230	1	5363
10231	0	8544
10231	1	6004
10232	0	9699
10232	1	3375
10233	0	11708
10233	1	11709
10234	0	10524
10234	1	11441
10235	0	4371
10235	1	10740
10236	0	1826
10236	1	11710
10237	0	7799
10237	1	7591
10238	0	11711
10238	1	11712
10239	0	11713
10239	1	11714
10240	0	4454
10240	1	4160
10241	0	11715
10241	1	11716
10242	0	8928
10242	1	4882
10243	0	1500
10243	1	3383
10244	0	6595
10244	1	4594
10245	0	10429
10245	1	9470
10246	0	4440
10246	1	9107
10247	0	11666
10247	1	8215
10248	0	11699
10248	1	5741
10249	0	9457
10249	1	11717
10250	0	1931
10250	1	5036
10251	0	11581
10251	1	11440
10252	0	9872
10252	1	11718
10253	0	8060
10253	1	6494
10254	0	10891
10254	1	11719
10255	0	11720
10255	1	7226
10256	0	8009
10256	1	11721
10257	0	9992
10257	1	11047
10258	0	11722
10258	1	3397
10259	0	11719
10259	1	6108
10260	0	11723
10260	1	3429
10261	0	5400
10261	1	3883
10262	0	1730
10262	1	4670
10263	0	5360
10263	1	11724
10264	0	5685
10264	1	8623
10265	0	7697
10265	1	5619
10266	0	1375
10266	1	10801
10267	0	6514
10267	1	3403
10268	0	11725
10268	1	11726
10269	0	11727
10269	1	11728
10270	0	11729
10270	1	11223
10271	0	10554
10271	1	10929
10272	0	1388
10272	1	11730
10273	0	11222
10273	1	3407
10274	0	8478
10274	1	9288
10275	0	1191
10275	1	11731
10276	0	1244
10276	1	10702
10277	0	1604
10277	1	9913
10278	0	11732
10278	1	6117
10279	0	11733
10279	1	4140
10280	0	7463
10280	1	4081
10281	0	11498
10281	1	11734
10282	0	4037
10282	1	8767
10283	0	11735
10283	1	6846
10284	0	11736
10284	1	3411
10285	0	10889
10285	1	11273
10286	0	5622
10286	1	4102
10287	0	9373
10287	1	7453
10288	0	11258
10288	1	5871
10289	0	4340
10289	1	4642
10290	0	11327
10290	1	11289
10291	0	11737
10291	1	5086
10292	0	4593
10292	1	11738
10293	0	11739
10293	1	11226
10294	0	11740
10294	1	3695
10295	0	4837
10295	1	11741
10296	0	1196
10296	1	6818
10297	0	3349
10297	1	9633
10298	0	11221
10298	1	4839
10299	0	11742
10299	1	6904
10300	0	11741
10300	1	6657
10301	0	11731
10301	1	11291
10302	0	5869
10302	1	10653
10303	0	11743
10303	1	11580
10304	0	11744
10304	1	11745
10305	0	1202
10305	1	3425
10306	0	7091
10306	1	10793
10307	0	5182
10307	1	10570
10308	0	5616
10308	1	5437
10309	0	1323
10309	1	9283
10310	0	11471
10310	1	11746
10311	0	11747
10311	1	7959
10312	0	11679
10312	1	11748
10313	0	7541
10313	1	11611
10314	0	1199
10314	1	6836
10315	0	11749
10315	1	10762
10316	0	7051
10316	1	4829
10317	0	7954
10317	1	3432
10318	0	7896
10318	1	11722
10319	0	11750
10319	1	10971
10320	0	6635
10320	1	9878
10321	0	11600
10321	1	3436
10322	0	7903
10322	1	7207
10323	0	1332
10323	1	3743
10324	0	9912
10324	1	10604
10325	0	3720
10325	1	11627
10326	0	9337
10326	1	11147
10327	0	11535
10327	1	11307
10328	0	2076
10328	1	4393
10329	0	2968
10329	1	3445
10330	0	5779
10330	1	4600
10331	0	8247
10331	1	10758
10332	0	11261
10332	1	10467
10333	0	4459
10333	1	10949
10334	0	9342
10334	1	10683
10335	0	11567
10335	1	10955
10336	0	11751
10336	1	4865
10337	0	7135
10337	1	3449
10338	0	7518
10338	1	11752
10339	0	11527
10339	1	11753
10340	0	11655
10340	1	11544
10341	0	1481
10341	1	4113
10342	0	9960
10342	1	11754
10343	0	5333
10343	1	11750
10344	0	1349
10344	1	3772
10345	0	1212
10345	1	6517
10346	0	10166
10346	1	10739
10347	0	8797
10347	1	11755
10348	0	7177
10348	1	10285
10349	0	9963
10349	1	3462
10350	0	9451
10350	1	11756
10351	0	5048
10351	1	10928
10352	0	7034
10352	1	10972
10353	0	1266
10353	1	3464
10354	0	11757
10354	1	3466
10355	0	11702
10355	1	4123
10356	0	11758
10356	1	10769
10357	0	5370
10357	1	4307
10358	0	8606
10358	1	9165
10359	0	8875
10359	1	11759
10360	0	11721
10360	1	3468
10361	0	4505
10361	1	10206
10362	0	9883
10362	1	9566
10363	0	5256
10363	1	11161
10364	0	11760
10364	1	9823
10365	0	1225
10365	1	3472
10366	0	1443
10366	1	10192
10367	0	8028
10367	1	3474
10368	0	9752
10368	1	10297
10369	0	8174
10369	1	6429
10370	0	6577
10370	1	11443
10371	0	6663
10371	1	11761
10372	0	11762
10372	1	9537
10373	0	1220
10373	1	3491
10374	0	11763
10374	1	10304
10375	0	11764
10375	1	9108
10376	0	11765
10376	1	11766
10377	0	3487
10377	1	3481
10378	0	6963
10378	1	9366
10379	0	10531
10379	1	8674
10380	0	7064
10380	1	8198
10381	0	11394
10381	1	11764
10382	0	3239
10382	1	8201
10383	0	8963
10383	1	9380
10384	0	6891
10384	1	6964
10385	0	8266
10385	1	10107
10386	0	11767
10386	1	3489
10387	0	9804
10387	1	4190
10388	0	8124
10388	1	11468
10389	0	7975
10389	1	11768
10390	0	3738
10390	1	4450
10391	0	11769
10391	1	3825
10392	0	11770
10392	1	4658
10393	0	4918
10393	1	9830
10394	0	10053
10394	1	6426
10395	0	8002
10395	1	11771
10396	0	8281
10396	1	11772
10397	0	11768
10397	1	3496
10398	0	11773
10398	1	5539
10399	0	8505
10399	1	9340
10400	0	6294
10400	1	6178
10401	0	9978
10401	1	11774
10402	0	7647
10402	1	5776
10403	0	11774
10403	1	11538
10404	0	11775
10404	1	9404
10405	0	11776
10405	1	7205
10406	0	6410
10406	1	8483
10407	0	1458
10407	1	11777
10408	0	8846
10408	1	6295
10409	0	11696
10409	1	6870
10410	0	6520
10410	1	11778
10411	0	8091
10411	1	11779
10412	0	1802
10412	1	7656
10413	0	4520
10413	1	11780
10414	0	2804
10414	1	6855
10415	0	9767
10415	1	3999
10416	0	11404
10416	1	11781
10417	0	1819
10417	1	3510
10418	0	6184
10418	1	11782
10419	0	11783
10419	1	11784
10420	0	11785
10420	1	11786
10421	0	11784
10421	1	4848
10422	0	1490
10422	1	4051
10423	0	4633
10423	1	9510
10424	0	5186
10424	1	10067
10425	0	11710
10425	1	3519
10426	0	11717
10426	1	11464
10427	0	4517
10427	1	9005
10428	0	10292
10428	1	7502
10429	0	5549
10429	1	3526
10430	0	9726
10430	1	11787
10431	0	1242
10431	1	11788
10432	0	11689
10432	1	5789
10433	0	11789
10433	1	10016
10434	0	8058
10434	1	6039
10435	0	7267
10435	1	5571
10436	0	11790
10436	1	11658
10437	0	9801
10437	1	5928
10438	0	9875
10438	1	11791
10439	0	1761
10439	1	4897
10440	0	8600
10440	1	11792
10441	0	4916
10441	1	9837
10442	0	6766
10442	1	7837
10443	0	8869
10443	1	11793
10444	0	9810
10444	1	11794
10445	0	1767
10445	1	3539
10446	0	6249
10446	1	7537
10447	0	3737
10447	1	11102
10448	0	6495
10448	1	11301
10449	0	11795
10449	1	4745
10450	0	11796
10450	1	3915
10451	0	11797
10451	1	4491
10452	0	10389
10452	1	5832
10453	0	11798
10453	1	11501
10454	0	11788
10454	1	3547
10455	0	11787
10455	1	11799
10456	0	7154
10456	1	11727
10457	0	9849
10457	1	5732
10458	0	10063
10458	1	11800
10459	0	4205
10459	1	9863
10460	0	7570
10460	1	3558
10461	0	9744
10461	1	11801
10462	0	11793
10462	1	3559
10463	0	7574
10463	1	7604
10464	0	1259
10464	1	3562
10465	0	11724
10465	1	10318
10466	0	11802
10466	1	3566
10467	0	11298
10467	1	11803
10468	0	8467
10468	1	3776
10469	0	6912
10469	1	10673
10470	0	7571
10470	1	9287
10471	0	11804
10471	1	4632
10472	0	11805
10472	1	7197
10473	0	9278
10473	1	6157
10474	0	9115
10474	1	11806
10475	0	8113
10475	1	4403
10476	0	6920
10476	1	3573
10477	0	7723
10477	1	11488
10478	0	11807
10478	1	10988
10479	0	11808
10479	1	5964
10480	0	5123
10480	1	11665
10481	0	8609
10481	1	3579
10482	0	6742
10482	1	11809
10483	0	8301
10483	1	8959
10484	0	11155
10484	1	7815
10485	0	5249
10485	1	4581
10486	0	7914
10486	1	11599
10487	0	11810
10487	1	11811
10488	0	2867
10488	1	11812
10489	0	11813
10489	1	3969
10490	0	11814
10490	1	6787
10491	0	8801
10491	1	11733
10492	0	5237
10492	1	11815
10493	0	9924
10493	1	7667
10494	0	11642
10494	1	3588
10495	0	8139
10495	1	8370
10496	0	3951
10496	1	8677
10497	0	4986
10497	1	9756
10498	0	9534
10498	1	10863
10499	0	10246
10499	1	5296
10500	0	7738
10500	1	9164
10501	0	8146
10501	1	11816
10502	0	11463
10502	1	11817
10503	0	5063
10503	1	6374
10504	0	11267
10504	1	8837
10505	0	11818
10505	1	7274
10506	0	11819
10506	1	5427
10507	0	8159
10507	1	9765
10508	0	3909
10508	1	11595
10509	0	11820
10509	1	5158
10510	0	10831
10510	1	9335
10511	0	2603
10511	1	11431
10512	0	9886
10512	1	11821
10513	0	9802
10513	1	6484
10514	0	1270
10514	1	11649
10515	0	11822
10515	1	8074
10516	0	3075
10516	1	11757
10517	0	11823
10517	1	9446
10518	0	5756
10518	1	11824
10519	0	11503
10519	1	11620
10520	0	11256
10520	1	3606
10521	0	2309
10521	1	11825
10522	0	6400
10522	1	7144
10523	0	9606
10523	1	11826
10524	0	10977
10524	1	6226
10525	0	8951
10525	1	9679
10526	0	8771
10526	1	11420
10527	0	11812
10527	1	3609
10528	0	2856
10528	1	7716
10529	0	7875
10529	1	11827
10530	0	10943
10530	1	11828
10531	0	11829
10531	1	3611
10532	0	7849
10532	1	11577
10533	0	2714
10533	1	9476
10534	0	3082
10534	1	3613
10535	0	11110
10535	1	10137
10536	0	10136
10536	1	11083
10537	0	7216
10537	1	11417
10538	0	7230
10538	1	11087
10539	0	9445
10539	1	11114
10540	0	11113
10540	1	7842
10541	0	5860
10541	1	7149
10542	0	3465
10542	1	3618
10543	0	3499
10543	1	11830
10544	0	9109
10544	1	7999
10545	0	10963
10545	1	11057
10546	0	1277
10546	1	7984
10547	0	10643
10547	1	7295
10548	0	11319
10548	1	11831
10549	0	11622
10549	1	10513
10550	0	11050
10550	1	11832
10551	0	11625
10551	1	11833
10552	0	11718
10552	1	11834
10553	0	11832
10553	1	11835
10554	0	10854
10554	1	3629
10555	0	11836
10555	1	11837
10556	0	10812
10556	1	5374
10557	0	8676
10557	1	7980
10558	0	9235
10558	1	11369
10559	0	1479
10559	1	11838
10560	0	5612
10560	1	4022
10561	0	11240
10561	1	6848
10562	0	11839
10562	1	11329
10563	0	11202
10563	1	4760
10564	0	2876
10564	1	6935
10565	0	8234
10565	1	8473
10566	0	9570
10566	1	11082
10567	0	6823
10567	1	11064
10568	0	9031
10568	1	5839
10569	0	9213
10569	1	5232
10570	0	7735
10570	1	7904
10571	0	11643
10571	1	3647
10572	0	5768
10572	1	11840
10573	0	2785
10573	1	6443
10574	0	7161
10574	1	10346
10575	0	11841
10575	1	7665
10576	0	11224
10576	1	9815
10577	0	6834
10577	1	11253
10578	0	8254
10578	1	8016
10579	0	2648
10579	1	6579
10580	0	10759
10580	1	11459
10581	0	2269
10581	1	10457
10582	0	11728
10582	1	8048
10583	0	11445
10583	1	8650
10584	0	11842
10584	1	8364
10585	0	8085
10585	1	8382
10586	0	9817
10586	1	11843
10587	0	9624
10587	1	11588
10588	0	11844
10588	1	4372
10589	0	11304
10589	1	11845
10590	0	9292
10590	1	10835
10591	0	2267
10591	1	11818
10592	0	10161
10592	1	11846
10593	0	2774
10593	1	11847
10594	0	11391
10594	1	11848
10595	0	4984
10595	1	8423
10596	0	9615
10596	1	11849
10597	0	9252
10597	1	5843
10598	0	8831
10598	1	3681
10599	0	11843
10599	1	10649
10600	0	7872
10600	1	10947
10601	0	11850
10601	1	7334
10602	0	11105
10602	1	9612
10603	0	11275
10603	1	10434
10604	0	8300
10604	1	5419
10605	0	11692
10605	1	11428
10606	0	6648
10606	1	3686
10607	0	11851
10607	1	6938
10608	0	2071
10608	1	5403
10609	0	9643
10609	1	11020
10610	0	1937
10610	1	6568
10611	0	11214
10611	1	3689
10612	0	4561
10612	1	10500
10613	0	8308
10613	1	11852
10614	0	11853
10614	1	7910
10615	0	11854
10615	1	9871
10616	0	1311
10616	1	3693
10617	0	6332
10617	1	11589
10618	0	9650
10618	1	8916
10619	0	11855
10619	1	9060
10620	0	5650
10620	1	10083
10621	0	7865
10621	1	11685
10622	0	9456
10622	1	11856
10623	0	1498
10623	1	11564
10624	0	9439
10624	1	11591
10625	0	11449
10625	1	11596
10626	0	7422
10626	1	10432
10627	0	4479
10627	1	11857
10628	0	11857
10628	1	8980
10629	0	11225
10629	1	11760
10630	0	6122
10630	1	9655
10631	0	1681
10631	1	4230
10632	0	7531
10632	1	5489
10633	0	3868
10633	1	3707
10634	0	9466
10634	1	6767
10635	0	9691
10635	1	11796
10636	0	6980
10636	1	11285
10637	0	11858
10637	1	11859
10638	0	10529
10638	1	4913
10639	0	7320
10639	1	10881
10640	0	8343
10640	1	11860
10641	0	9427
10641	1	4217
10642	0	9065
10642	1	4960
10643	0	11861
10643	1	3712
10644	0	11672
10644	1	11862
10645	0	6620
10645	1	10720
10646	0	1406
10646	1	11813
10647	0	7901
10647	1	7090
10648	0	3440
10648	1	7897
10649	0	7485
10649	1	6633
10650	0	11863
10650	1	7572
10651	0	10794
10651	1	11674
10652	0	4843
10652	1	11864
10653	0	11865
10653	1	5736
10654	0	2491
10654	1	6278
10655	0	6364
10655	1	11034
10656	0	11866
10656	1	11867
10657	0	8809
10657	1	9350
10658	0	6259
10658	1	3725
10659	0	9659
10659	1	11868
10660	0	7561
10660	1	6143
10661	0	11574
10661	1	10229
10662	0	11621
10662	1	11041
10663	0	6781
10663	1	7167
10664	0	6239
10664	1	3727
10665	0	11869
10665	1	11870
10666	0	4659
10666	1	11871
10667	0	10080
10667	1	10322
10668	0	11872
10668	1	3732
10669	0	11873
10669	1	10452
10670	0	11874
10670	1	11875
10671	0	9638
10671	1	3736
10672	0	11311
10672	1	11876
10673	0	11877
10673	1	11878
10674	0	8784
10674	1	11879
10675	0	11652
10675	1	10591
10676	0	2784
10676	1	4016
10677	0	3509
10677	1	4884
10678	0	6260
10678	1	10597
10679	0	11880
10679	1	11575
10680	0	8385
10680	1	4903
10681	0	9346
10681	1	11586
10682	0	4387
10682	1	9063
10683	0	5955
10683	1	11284
10684	0	8538
10684	1	11339
10685	0	11881
10685	1	11882
10686	0	11803
10686	1	10772
10687	0	11883
10687	1	3745
10688	0	11884
10688	1	11474
10689	0	11507
10689	1	11885
10690	0	7370
10690	1	10507
10691	0	4904
10691	1	8086
10692	0	8547
10692	1	3831
10693	0	10023
10693	1	5108
10694	0	10537
10694	1	9395
10695	0	4627
10695	1	11886
10696	0	8405
10696	1	11769
10697	0	4783
10697	1	5140
10698	0	8934
10698	1	9901
10699	0	7635
10699	1	11171
10700	0	6928
10700	1	8273
10701	0	11786
10701	1	4857
10702	0	3925
10702	1	9531
10703	0	11887
10703	1	11482
10704	0	10463
10704	1	10790
10705	0	11587
10705	1	3760
10706	0	2883
10706	1	5385
10707	0	11882
10707	1	11506
10708	0	11888
10708	1	10288
10709	0	11085
10709	1	4858
10710	0	11886
10710	1	5657
10711	0	8637
10711	1	6368
10712	0	6923
10712	1	11377
10713	0	8426
10713	1	8751
10714	0	9393
10714	1	4985
10715	0	4638
10715	1	9171
10716	0	11037
10716	1	11889
10717	0	1340
10717	1	7126
10718	0	7388
10718	1	11545
10719	0	8792
10719	1	11890
10720	0	2296
10720	1	11732
10721	0	3501
10721	1	5124
10722	0	11891
10722	1	11173
10723	0	9560
10723	1	9731
10724	0	11889
10724	1	11453
10725	0	5513
10725	1	7245
10726	0	11547
10726	1	5957
10727	0	4031
10727	1	8839
10728	0	1429
10728	1	3785
10729	0	9214
10729	1	5555
10730	0	10779
10730	1	11892
10731	0	1670
10731	1	3979
10732	0	4732
10732	1	9626
10733	0	10584
10733	1	11893
10734	0	11184
10734	1	11874
10735	0	11894
10735	1	9964
10736	0	1348
10736	1	11194
10737	0	9282
10737	1	11895
10738	0	10392
10738	1	11896
10739	0	6994
10739	1	11203
10740	0	8469
10740	1	9500
10741	0	2654
10741	1	11897
10742	0	7725
10742	1	11898
10743	0	10979
10743	1	5336
10744	0	5117
10744	1	9961
10745	0	9281
10745	1	4355
10746	0	10112
10746	1	9704
10747	0	1609
10747	1	3799
10748	0	11615
10748	1	11899
10749	0	8193
10749	1	7290
10750	0	2017
10750	1	5306
10751	0	2987
10751	1	11720
10752	0	11900
10752	1	3803
10753	0	8488
10753	1	11901
10754	0	7119
10754	1	10437
10755	0	11902
10755	1	11708
10756	0	11368
10756	1	10748
10757	0	10183
10757	1	10841
10758	0	11903
10758	1	5432
10759	0	8997
10759	1	4175
10760	0	11895
10760	1	3809
10761	0	1596
10761	1	5088
10762	0	11415
10762	1	5412
10763	0	9267
10763	1	7098
10764	0	7138
10764	1	9556
10765	0	1737
10765	1	5963
10766	0	7311
10766	1	11904
10767	0	11324
10767	1	9423
10768	0	11905
10768	1	11906
10769	0	11483
10769	1	11907
10770	0	1597
10770	1	4359
10771	0	8225
10771	1	11802
10772	0	9695
10772	1	5850
10773	0	11661
10773	1	10663
10774	0	11619
10774	1	6926
10775	0	8167
10775	1	11646
10776	0	8513
10776	1	11452
10777	0	3065
10777	1	11908
10778	0	8237
10778	1	4656
10779	0	11909
10779	1	3827
10780	0	8518
10780	1	9879
10781	0	11778
10781	1	10726
10782	0	2662
10782	1	10103
10783	0	10742
10783	1	5698
10784	0	11092
10784	1	11910
10785	0	8737
10785	1	6329
10786	0	11867
10786	1	11051
10787	0	11821
10787	1	11911
10788	0	1598
10788	1	4390
10789	0	11418
10789	1	10479
10790	0	9121
10790	1	6554
10791	0	10228
10791	1	6081
10792	0	6574
10792	1	11912
10793	0	7400
10793	1	9507
10794	0	11913
10794	1	3839
10795	0	11914
10795	1	9605
10796	0	1641
10796	1	4488
10797	0	11712
10797	1	11915
10798	0	8276
10798	1	11851
10799	0	10382
10799	1	11916
10800	0	11915
10800	1	8793
10801	0	7971
10801	1	11455
10802	0	1390
10802	1	10343
10803	0	3486
10803	1	11456
10804	0	10068
10804	1	10573
10805	0	7050
10805	1	3853
10806	0	7391
10806	1	9689
10807	0	11917
10807	1	9634
10808	0	8790
10808	1	6348
10809	0	11918
10809	1	9502
10810	0	3071
10810	1	5535
10811	0	11730
10811	1	3862
10812	0	2636
10812	1	5684
10813	0	3206
10813	1	9450
10814	0	11899
10814	1	10744
10815	0	8689
10815	1	11905
10816	0	11919
10816	1	11920
10817	0	11921
10817	1	11922
10818	0	11835
10818	1	11853
10819	0	11274
10819	1	9697
10820	0	7438
10820	1	8870
10821	0	11923
10821	1	11924
10822	0	11925
10822	1	7071
10823	0	11926
10823	1	7243
10824	0	9440
10824	1	3877
10825	0	6621
10825	1	6995
10826	0	11671
10826	1	4901
10827	0	3528
10827	1	8034
10828	0	11927
10828	1	11928
10829	0	8334
10829	1	9056
10830	0	7250
10830	1	8966
10831	0	5040
10831	1	11805
10832	0	10035
10832	1	10927
10833	0	11929
10833	1	3886
10834	0	11269
10834	1	8849
10835	0	10082
10835	1	11181
10836	0	3545
10836	1	9431
10837	0	2726
10837	1	11749
10838	0	11792
10838	1	11810
10839	0	1383
10839	1	11861
10840	0	10130
10840	1	11426
10841	0	9666
10841	1	8847
10842	0	11860
10842	1	3891
10843	0	11876
10843	1	11930
10844	0	9159
10844	1	9156
10845	0	10553
10845	1	11819
10846	0	6755
10846	1	11931
10847	0	11132
10847	1	8503
10848	0	5939
10848	1	6733
10849	0	9389
10849	1	8909
10850	0	1740
10850	1	10145
10851	0	11746
10851	1	9882
10852	0	8915
10852	1	4104
10853	0	1876
10853	1	4936
10854	0	10144
10854	1	3905
10855	0	11922
10855	1	8895
10856	0	8632
10856	1	11932
10857	0	8155
10857	1	4715
10858	0	9852
10858	1	9850
10859	0	11933
10859	1	11934
10860	0	6326
10860	1	11300
10861	0	3754
10861	1	11935
10862	0	5509
10862	1	7832
10863	0	9903
10863	1	8403
10864	0	9745
10864	1	4360
10865	0	8981
10865	1	3912
10866	0	1452
10866	1	4044
10867	0	11759
10867	1	3990
10868	0	11779
10868	1	3920
10869	0	11936
10869	1	8824
10870	0	7611
10870	1	8259
10871	0	8879
10871	1	10501
10872	0	5292
10872	1	11937
10873	0	4803
10873	1	3964
10874	0	9021
10874	1	9696
10875	0	6126
10875	1	11432
10876	0	6087
10876	1	11690
10877	0	7869
10877	1	6383
10878	0	1633
10878	1	11938
10879	0	11939
10879	1	3943
10880	0	11510
10880	1	10984
10881	0	2577
10881	1	11940
10882	0	11941
10882	1	9949
10883	0	9368
10883	1	11135
10884	0	10258
10884	1	11942
10885	0	11416
10885	1	3947
10886	0	6868
10886	1	7637
10887	0	3419
10887	1	11537
10888	0	11943
10888	1	11944
10889	0	10933
10889	1	6305
10890	0	10656
10890	1	8804
10891	0	2960
10891	1	10530
10892	0	7981
10892	1	11945
10893	0	6937
10893	1	11199
10894	0	11669
10894	1	4462
10895	0	5136
10895	1	7283
10896	0	11946
10896	1	11579
10897	0	11912
10897	1	11947
10898	0	8739
10898	1	11948
10899	0	8697
10899	1	11388
10900	0	11949
10900	1	5542
10901	0	3653
10901	1	5038
10902	0	11176
10902	1	7776
10903	0	11230
10903	1	4707
10904	0	1944
10904	1	5144
10905	0	8056
10905	1	5867
10906	0	11781
10906	1	11626
10907	0	10204
10907	1	11950
10908	0	9104
10908	1	4273
10909	0	11951
10909	1	11918
10910	0	1835
10910	1	4365
10911	0	1680
10911	1	4549
10912	0	5631
10912	1	11952
10913	0	7881
10913	1	6895
10914	0	11572
10914	1	10438
10915	0	11236
10915	1	7516
10916	0	7986
10916	1	6185
10917	0	10714
10917	1	3993
10918	0	9607
10918	1	11953
10919	0	1744
10919	1	8263
10920	0	11618
10920	1	6221
10921	0	11782
10921	1	3995
10922	0	11954
10922	1	6771
10923	0	10741
10923	1	11955
10924	0	3543
10924	1	9642
10925	0	8889
10925	1	11956
10926	0	11957
10926	1	5300
10927	0	10449
10927	1	11958
10928	0	10269
10928	1	5502
10929	0	11956
10929	1	11959
10930	0	9577
10930	1	10400
10931	0	7523
10931	1	11736
10932	0	1438
10932	1	4101
10933	0	11514
10933	1	7437
10934	0	10175
10934	1	9095
10935	0	11592
10935	1	10916
10936	0	11608
10936	1	11960
10937	0	11522
10937	1	6413
10938	0	6691
10938	1	11341
10939	0	11961
10939	1	8625
10940	0	11583
10940	1	11342
10941	0	6565
10941	1	11951
10942	0	10191
10942	1	11957
10943	0	8223
10943	1	7371
10944	0	9693
10944	1	4234
10945	0	10528
10945	1	11804
10946	0	11962
10946	1	5132
10947	0	11963
10947	1	5762
10948	0	11964
10948	1	4743
10949	0	2070
10949	1	9663
10950	0	11392
10950	1	4032
10951	0	11756
10951	1	6894
10952	0	10317
10952	1	7005
10953	0	5196
10953	1	5743
10954	0	11879
10954	1	10022
10955	0	11965
10955	1	5435
10956	0	8369
10956	1	11966
10957	0	6515
10957	1	7415
10958	0	11967
10958	1	9835
10959	0	1746
10959	1	7468
10960	0	11890
10960	1	11635
10961	0	2767
10961	1	9818
10962	0	6939
10962	1	11026
10963	0	10315
10963	1	8541
10964	0	5716
10964	1	8619
10965	0	11755
10965	1	11713
10966	0	11831
10966	1	6397
10967	0	10488
10967	1	8979
10968	0	11801
10968	1	11968
10969	0	11213
10969	1	11858
10970	0	10848
10970	1	11662
10971	0	5327
10971	1	11371
10972	0	10038
10972	1	6435
10973	0	9750
10973	1	11783
10974	0	10440
10974	1	4056
10975	0	2677
10975	1	6502
10976	0	3471
10976	1	11747
10977	0	3933
10977	1	11126
10978	0	6785
10978	1	11165
10979	0	9881
10979	1	10084
10980	0	9662
10980	1	11374
10981	0	11707
10981	1	11850
10982	0	11107
10982	1	6951
10983	0	9232
10983	1	11969
10984	0	11478
10984	1	6105
10985	0	11406
10985	1	8645
10986	0	11970
10986	1	11971
10987	0	3998
10987	1	7464
10988	0	6097
10988	1	5604
10989	0	5402
10989	1	10300
10990	0	4939
10990	1	5151
10991	0	11127
10991	1	10937
10992	0	10000
10992	1	5349
10993	0	11677
10993	1	11972
10994	0	10650
10994	1	4077
10995	0	11686
10995	1	10639
10996	0	4763
10996	1	11903
10997	0	11761
10997	1	7957
10998	0	6716
10998	1	10757
10999	0	11973
10999	1	8046
11000	0	11847
11000	1	6468
11001	0	11838
11001	1	4090
11002	0	1469
11002	1	10997
11003	0	10612
11003	1	10127
11004	0	3810
11004	1	8984
11005	0	11827
11005	1	6026
11006	0	11948
11006	1	4097
11007	0	7074
11007	1	8572
11008	0	2055
11008	1	10205
11009	0	11343
11009	1	8265
11010	0	8746
11010	1	4905
11011	0	11209
11011	1	11974
11012	0	11975
11012	1	11976
11013	0	11977
11013	1	10622
11014	0	5455
11014	1	11978
11015	0	11979
11015	1	11980
11016	0	10624
11016	1	11276
11017	0	11952
11017	1	10877
11018	0	10425
11018	1	11629
11019	0	3992
11019	1	4111
11020	0	10697
11020	1	5773
11021	0	11678
11021	1	6335
11022	0	8122
11022	1	11233
11023	0	4854
11023	1	10102
11024	0	11036
11024	1	11977
11025	0	9509
11025	1	11981
11026	0	11982
11026	1	6224
11027	0	6997
11027	1	7209
11028	0	10607
11028	1	11496
11029	0	11701
11029	1	9057
11030	0	11904
11030	1	10198
11031	0	2220
11031	1	5185
11032	0	6176
11032	1	4144
11033	0	9775
11033	1	11751
11034	0	6578
11034	1	11172
11035	0	11349
11035	1	9044
11036	0	11983
11036	1	8310
11037	0	10380
11037	1	9648
11038	0	9248
11038	1	11984
11039	0	11985
11039	1	10711
11040	0	8311
11040	1	11740
11041	0	2352
11041	1	11656
11042	0	11986
11042	1	6981
11043	0	10582
11043	1	10090
11044	0	11987
11044	1	6683
11045	0	6241
11045	1	11988
11046	0	9753
11046	1	4173
11047	0	10295
11047	1	11035
11048	0	4441
11048	1	9116
11049	0	11885
11049	1	7249
11050	0	5920
11050	1	7546
11051	0	11548
11051	1	6898
11052	0	10293
11052	1	4177
11053	0	5866
11053	1	11985
11054	0	6093
11054	1	10872
11055	0	3220
11055	1	10586
11056	0	11931
11056	1	11278
11057	0	8950
11057	1	6478
11058	0	8103
11058	1	11299
11059	0	2623
11059	1	5940
11060	0	11989
11060	1	4769
11061	0	11825
11061	1	6715
11062	0	3663
11062	1	11990
11063	0	11935
11063	1	8539
11064	0	8679
11064	1	11884
11065	0	8389
11065	1	11883
11066	0	10018
11066	1	7752
11067	0	6190
11067	1	4192
11068	0	7377
11068	1	7425
11069	0	8974
11069	1	11991
11070	0	10710
11070	1	7239
11071	0	11771
11071	1	11765
11072	0	4452
11072	1	11872
11073	0	7586
11073	1	8798
11074	0	7181
11074	1	8324
11075	0	9226
11075	1	11844
11076	0	8089
11076	1	8868
11077	0	1516
11077	1	8860
11078	0	11734
11078	1	7009
11079	0	1525
11079	1	4203
11080	0	11366
11080	1	11839
11081	0	9010
11081	1	4206
11082	0	9349
11082	1	9599
11083	0	7863
11083	1	8322
11084	0	1520
11084	1	7814
11085	0	7840
11085	1	11007
11086	0	1653
11086	1	4214
11087	0	11955
11087	1	11992
11088	0	3393
11088	1	7472
11089	0	3520
11089	1	7811
11090	0	11938
11090	1	4220
11091	0	9012
11091	1	8884
11092	0	3120
11092	1	11167
11093	0	6671
11093	1	8808
11094	0	10965
11094	1	6191
11095	0	4959
11095	1	9244
11096	0	10961
11096	1	9102
11097	0	11934
11097	1	4646
11098	0	11136
11098	1	11894
11099	0	7454
11099	1	5226
11100	0	8261
11100	1	11877
11101	0	3765
11101	1	11345
11102	0	9361
11102	1	10515
11103	0	11693
11103	1	11570
11104	0	11993
11104	1	11798
11105	0	11994
11105	1	8521
11106	0	2213
11106	1	5646
11107	0	8358
11107	1	7174
11108	0	4555
11108	1	9947
11109	0	10202
11109	1	11995
11110	0	6405
11110	1	7490
11111	0	9647
11111	1	11996
11112	0	7951
11112	1	6409
11113	0	11997
11113	1	11763
11114	0	9055
11114	1	5669
11115	0	11772
11115	1	11491
11116	0	6645
11116	1	11700
11117	0	10511
11117	1	11293
11118	0	11555
11118	1	6640
11119	0	11859
11119	1	8905
11120	0	11540
11120	1	11436
11121	0	3880
11121	1	4257
11122	0	11534
11122	1	10657
11123	0	9215
11123	1	10364
11124	0	9639
11124	1	10975
11125	0	11998
11125	1	6342
11126	0	10763
11126	1	11263
11127	0	7184
11127	1	5688
11128	0	9461
11128	1	11118
11129	0	9711
11129	1	11999
11130	0	4740
11130	1	11822
11131	0	11559
11131	1	11758
11132	0	8136
11132	1	11641
11133	0	9622
11133	1	12000
11134	0	8688
11134	1	10818
11135	0	6346
11135	1	9544
11136	0	10925
11136	1	7492
11137	0	7309
11137	1	12001
11138	0	8582
11138	1	11855
11139	0	10647
11139	1	11936
11140	0	10340
11140	1	11531
11141	0	3107
11141	1	4275
11142	0	11039
11142	1	10433
11143	0	9090
11143	1	9333
11144	0	3962
11144	1	10036
11145	0	11334
11145	1	5273
11146	0	11526
11146	1	11638
11147	0	10745
11147	1	7548
11148	0	2765
11148	1	8574
11149	0	9134
11149	1	5726
11150	0	11864
11150	1	9702
11151	0	9357
11151	1	10960
11152	0	1560
11152	1	4282
11153	0	12002
11153	1	12003
11154	0	11893
11154	1	12004
11155	0	11628
11155	1	10684
11156	0	1856
11156	1	12005
11157	0	4490
11157	1	12006
11158	0	12006
11158	1	9017
11159	0	3585
11159	1	8660
11160	0	4164
11160	1	7806
11161	0	2090
11161	1	5465
11162	0	1619
11162	1	4293
11163	0	7099
11163	1	4433
11164	0	9906
11164	1	5671
11165	0	7708
11165	1	12007
11166	0	11536
11166	1	4300
11167	0	7894
11167	1	6459
11168	0	6367
11168	1	7326
11169	0	11840
11169	1	10845
11170	0	6906
11170	1	11352
11171	0	11896
11171	1	12008
11172	0	6144
11172	1	8356
11173	0	6982
11173	1	12009
11174	0	12010
11174	1	10062
11175	0	4118
11175	1	8850
11176	0	12000
11176	1	4719
11177	0	2221
11177	1	5199
11178	0	11235
11178	1	12011
11179	0	6916
11179	1	8947
11180	0	7078
11180	1	12012
11181	0	11518
11181	1	12013
11182	0	7304
11182	1	12014
11183	0	3351
11183	1	4331
11184	0	9528
11184	1	4325
11185	0	7750
11185	1	4930
11186	0	11494
11186	1	8605
11187	0	7624
11187	1	11030
11188	0	10600
11188	1	8359
11189	0	12013
11189	1	12015
11190	0	11691
11190	1	12016
11191	0	6163
11191	1	10026
11192	0	3053
11192	1	11500
11193	0	9363
11193	1	11933
11194	0	12016
11194	1	7759
11195	0	12017
11195	1	8158
11196	0	11516
11196	1	4344
11197	0	6131
11197	1	6166
11198	0	5632
11198	1	10493
11199	0	5984
11199	1	6125
11200	0	7299
11200	1	8853
11201	0	6112
11201	1	4350
11202	0	9221
11202	1	4352
11203	0	11980
11203	1	10574
11204	0	9582
11204	1	5680
11205	0	8486
11205	1	10519
11206	0	9194
11206	1	4559
11207	0	12018
11207	1	7041
11208	0	10569
11208	1	11542
11209	0	11916
11209	1	10544
11210	0	10982
11210	1	10543
11211	0	12019
11211	1	5504
11212	0	7506
11212	1	4973
11213	0	5599
11213	1	4367
11214	0	11497
11214	1	8900
11215	0	3013
11215	1	4369
11216	0	11992
11216	1	4370
11217	0	8476
11217	1	8894
11218	0	11561
11218	1	10006
11219	0	1668
11219	1	12020
11220	0	12021
11220	1	7312
11221	0	8891
11221	1	11543
11222	0	9755
11222	1	11785
11223	0	5556
11223	1	10442
11224	0	11272
11224	1	12022
11225	0	5321
11225	1	10096
11226	0	12023
11226	1	5391
11227	0	6952
11227	1	11367
11228	0	7857
11228	1	11603
11229	0	10163
11229	1	12024
11230	0	11940
11230	1	6832
11231	0	8352
11231	1	5091
11232	0	12025
11232	1	4915
11233	0	11175
11233	1	12026
11234	0	4746
11234	1	8061
11235	0	10655
11235	1	11044
11236	0	10917
11236	1	11663
11237	0	6050
11237	1	10629
11238	0	1787
11238	1	10111
11239	0	12027
11239	1	9925
11240	0	12028
11240	1	5072
11241	0	11636
11241	1	12029
11242	0	2873
11242	1	9719
11243	0	11054
11243	1	5767
11244	0	3668
11244	1	4996
11245	0	8250
11245	1	10914
11246	0	11806
11246	1	4411
11247	0	10361
11247	1	4530
11248	0	6536
11248	1	4415
11249	0	12030
11249	1	8678
11250	0	9793
11250	1	10532
11251	0	9488
11251	1	12031
11252	0	6610
11252	1	10470
11253	0	12022
11253	1	10665
11254	0	9501
11254	1	12032
11255	0	12033
11255	1	11061
11256	0	3794
11256	1	4422
11257	0	10105
11257	1	8384
11258	0	11053
11258	1	8353
11259	0	1749
11259	1	4710
11260	0	11549
11260	1	8432
11261	0	8841
11261	1	11681
11262	0	12034
11262	1	8475
11263	0	12035
11263	1	8812
11264	0	8696
11264	1	10837
11265	0	10085
11265	1	10732
11266	0	8778
11266	1	10627
11267	0	9110
11267	1	7709
11268	0	1621
11268	1	12036
11269	0	11613
11269	1	6114
11270	0	1687
11270	1	4446
11271	0	9310
11271	1	4967
11272	0	11878
11272	1	11466
11273	0	3729
11273	1	11963
11274	0	9729
11274	1	11770
11275	0	7173
11275	1	10339
11276	0	11664
11276	1	11841
11277	0	7771
11277	1	8923
11278	0	12037
11278	1	10001
11279	0	9396
11279	1	8535
11280	0	8836
11280	1	11970
11281	0	11937
11281	1	10186
11282	0	1657
11282	1	4455
11283	0	11461
11283	1	11260
11284	0	10707
11284	1	7916
11285	0	11305
11285	1	6024
11286	0	10605
11286	1	10847
11287	0	1629
11287	1	4525
11288	0	11833
11288	1	8400
11289	0	7938
11289	1	12038
11290	0	4521
11290	1	4464
11291	0	5271
11291	1	5398
11292	0	6007
11292	1	12039
11293	0	10690
11293	1	10829
11294	0	4824
11294	1	9578
11295	0	10633
11295	1	10565
11296	0	12040
11296	1	7791
11297	0	11539
11297	1	12041
11298	0	11458
11298	1	9758
11299	0	10058
11299	1	6399
11300	0	12042
11300	1	6063
11301	0	4057
11301	1	11739
11302	0	3758
11302	1	7648
11303	0	9039
11303	1	5440
11304	0	11668
11304	1	11122
11305	0	3923
11305	1	9083
11306	0	12043
11306	1	10347
11307	0	12044
11307	1	5426
11308	0	4950
11308	1	9553
11309	0	8080
11309	1	8108
11310	0	11824
11310	1	10843
11311	0	11932
11311	1	11919
11312	0	10593
11312	1	11744
11313	0	4788
11313	1	9608
11314	0	12045
11314	1	4504
11315	0	11653
11315	1	10952
11316	0	10548
11316	1	12046
11317	0	10134
11317	1	12047
11318	0	11280
11318	1	10239
11319	0	4167
11319	1	4508
11320	0	1847
11320	1	12048
11321	0	6204
11321	1	10216
11322	0	11777
11322	1	12049
11323	0	10403
11323	1	11582
11324	0	2495
11324	1	11609
11325	0	4706
11325	1	9588
11326	0	9548
11326	1	10283
11327	0	9889
11327	1	8307
11328	0	11650
11328	1	4528
11329	0	5593
11329	1	5700
11330	0	11512
11330	1	9487
11331	0	9192
11331	1	7022
11332	0	12050
11332	1	9151
11333	0	11316
11333	1	10014
11334	0	12036
11334	1	4532
11335	0	1854
11335	1	12051
11336	0	9844
11336	1	5594
11337	0	11908
11337	1	10414
11338	0	8770
11338	1	9786
11339	0	11249
11339	1	9099
11340	0	10587
11340	1	7030
11341	0	8207
11341	1	11797
11342	0	12041
11342	1	9977
11343	0	12052
11343	1	11789
11344	0	12053
11344	1	12054
11345	0	11944
11345	1	12055
11346	0	10708
11346	1	12028
11347	0	10749
11347	1	4850
11348	0	9145
11348	1	11989
11349	0	4195
11349	1	5841
11350	0	5483
11350	1	5476
11351	0	11645
11351	1	7303
11352	0	11648
11352	1	10594
11353	0	10358
11353	1	8552
11354	0	11981
11354	1	4572
11355	0	1992
11355	1	5057
11356	0	4114
11356	1	8735
11357	0	12056
11357	1	8468
11358	0	5206
11358	1	9914
11359	0	11657
11359	1	9412
11360	0	12057
11360	1	6164
11361	0	6654
11361	1	11729
11362	0	5130
11362	1	9685
11363	0	11119
11363	1	9202
11364	0	9464
11364	1	9592
11365	0	4869
11365	1	9764
11366	0	12031
11366	1	8565
11367	0	12058
11367	1	10602
11368	0	10125
11368	1	11421
11369	0	2275
11369	1	5952
11370	0	9475
11370	1	10795
11371	0	4949
11371	1	11573
11372	0	10375
11372	1	12059
11373	0	8431
11373	1	4598
11374	0	12007
11374	1	6252
11375	0	11706
11375	1	10886
11376	0	7423
11376	1	12060
11377	0	8668
11377	1	10595
11378	0	1695
11378	1	9402
11379	0	7085
11379	1	10210
11380	0	4447
11380	1	4612
11381	0	4531
11381	1	12061
11382	0	1973
11382	1	12062
11383	0	11920
11383	1	12063
11384	0	12062
11384	1	11921
11385	0	4421
11385	1	8479
11386	0	8991
11386	1	10235
11387	0	9762
11387	1	9388
11388	0	7742
11388	1	7736
11389	0	3878
11389	1	10384
11390	0	11753
11390	1	7890
11391	0	5062
11391	1	7067
11392	0	12064
11392	1	6650
11393	0	6028
11393	1	4725
11394	0	6539
11394	1	6737
11395	0	11094
11395	1	6769
11396	0	9053
11396	1	4702
11397	0	6038
11397	1	9589
11398	0	7934
11398	1	10015
11399	0	9430
11399	1	9600
11400	0	12065
11400	1	9994
11401	0	3687
11401	1	12066
11402	0	9732
11402	1	11637
11403	0	8365
11403	1	12067
11404	0	6794
11404	1	11078
11405	0	9832
11405	1	4660
11406	0	8381
11406	1	4825
11407	0	5258
11407	1	10123
11408	0	5037
11408	1	11519
11409	0	7592
11409	1	7588
11410	0	12068
11410	1	11654
11411	0	9672
11411	1	12069
11412	0	12070
11412	1	5389
11413	0	1884
11413	1	11994
11414	0	10611
11414	1	12002
11415	0	9030
11415	1	11340
11416	0	12071
11416	1	6804
11417	0	12072
11417	1	12037
11418	0	2457
11418	1	6201
11419	0	9118
11419	1	5625
11420	0	10980
11420	1	6811
11421	0	9988
11421	1	9006
11422	0	11799
11422	1	11973
11423	0	9286
11423	1	9919
11424	0	6253
11424	1	11553
11425	0	6064
11425	1	4700
11426	0	12073
11426	1	6037
11427	0	12074
11427	1	7601
11428	0	4461
11428	1	9317
11429	0	8917
11429	1	8314
11430	0	12024
11430	1	8817
11431	0	12075
11431	1	8280
11432	0	5703
11432	1	10477
11433	0	11849
11433	1	10651
11434	0	9279
11434	1	11900
11435	0	11953
11435	1	4709
11436	0	3598
11436	1	12017
11437	0	10415
11437	1	9323
11438	0	9177
11438	1	11979
11439	0	12076
11439	1	9539
11440	0	11950
11440	1	11190
11441	0	6388
11441	1	6702
11442	0	8157
11442	1	11914
11443	0	2393
11443	1	5805
11444	0	8293
11444	1	7407
11445	0	6987
11445	1	11888
11446	0	11048
11446	1	12077
11447	0	4533
11447	1	5215
11448	0	11017
11448	1	5127
11449	0	10128
11449	1	10368
11450	0	1948
11450	1	11820
11451	0	4000
11451	1	4893
11452	0	11397
11452	1	6061
11453	0	4147
11453	1	11146
11454	0	1766
11454	1	12078
11455	0	9656
11455	1	8563
11456	0	2399
11456	1	5983
11457	0	5433
11457	1	12079
11458	0	6688
11458	1	7424
11459	0	11033
11459	1	11998
11460	0	12079
11460	1	4762
11461	0	10773
11461	1	10333
11462	0	6490
11462	1	10753
11463	0	11676
11463	1	8718
11464	0	12080
11464	1	6915
11465	0	9853
11465	1	11100
11466	0	12004
11466	1	12081
11467	0	6526
11467	1	8943
11468	0	9506
11468	1	5491
11469	0	6414
11469	1	9069
11470	0	8435
11470	1	6113
11471	0	11846
11471	1	12082
11472	0	10020
11472	1	11962
11473	0	10091
11473	1	4781
11474	0	10079
11474	1	11705
11475	0	12069
11475	1	12076
11476	0	8449
11476	1	11571
11477	0	11694
11477	1	10751
11478	0	9542
11478	1	12068
11479	0	11312
11479	1	11715
11480	0	10187
11480	1	12083
11481	0	12084
11481	1	11975
11482	0	2278
11482	1	11790
11483	0	11968
11483	1	12085
11484	0	8066
11484	1	11612
11485	0	8601
11485	1	10012
11486	0	8208
11486	1	8118
11487	0	10119
11487	1	12086
11488	0	12020
11488	1	10875
11489	0	11999
11489	1	9846
11490	0	11901
11490	1	12033
11491	0	9443
11491	1	11647
11492	0	5745
11492	1	6041
11493	0	11357
11493	1	5627
11494	0	11216
11494	1	10405
11495	0	3986
11495	1	4826
11496	0	11593
11496	1	6345
11497	0	11215
11497	1	11762
11498	0	10284
11498	1	11027
11499	0	5918
11499	1	9876
11500	0	11875
11500	1	10207
11501	0	9471
11501	1	7783
11502	0	2046
11502	1	5270
11503	0	5800
11503	1	10823
11504	0	11780
11504	1	5409
11505	0	3237
11505	1	11069
11506	0	9609
11506	1	9187
11507	0	10043
11507	1	4868
11508	0	11862
11508	1	11687
11509	0	4637
11509	1	6488
11510	0	11330
11510	1	8106
11511	0	3178
11511	1	11250
11512	0	11247
11512	1	4885
11513	0	10046
11513	1	11836
11514	0	11379
11514	1	10630
11515	0	12029
11515	1	11891
11516	0	10777
11516	1	12087
11517	0	10349
11517	1	12084
11518	0	3887
11518	1	12088
11519	0	10247
11519	1	7015
11520	0	10951
11520	1	11359
11521	0	8941
11521	1	10547
11522	0	11972
11522	1	7652
11523	0	3977
11523	1	9071
11524	0	11794
11524	1	11917
11525	0	11791
11525	1	6612
11526	0	11834
11526	1	12089
11527	0	10406
11527	1	5367
11528	0	11714
11528	1	8788
11529	0	12090
11529	1	5950
11530	0	10648
11530	1	4942
11531	0	10596
11531	1	10983
11532	0	10953
11532	1	12091
11533	0	10712
11533	1	12092
11534	0	5772
11534	1	4944
11535	0	10048
11535	1	10154
11536	0	10124
11536	1	4956
11537	0	10496
11537	1	11040
11538	0	9504
11538	1	11961
11539	0	9308
11539	1	11954
11540	0	12093
11540	1	11698
11541	0	12094
11541	1	12064
11542	0	11910
11542	1	6786
11543	0	11254
11543	1	12095
11544	0	12096
11544	1	7308
11545	0	10908
11545	1	5883
11546	0	12097
11546	1	8599
11547	0	11410
11547	1	10064
11548	0	11911
11548	1	5387
11549	0	5699
11549	1	5000
11550	0	12077
11550	1	11013
11551	0	3602
11551	1	8260
11552	0	9565
11552	1	5155
11553	0	3003
11553	1	12018
11554	0	11435
11554	1	11484
11555	0	4264
11555	1	11399
11556	0	11361
11556	1	10071
11557	0	8078
11557	1	11795
11558	0	7225
11558	1	11887
11559	0	4401
11559	1	7306
11560	0	11408
11560	1	7539
11561	0	6115
11561	1	10121
11562	0	6362
11562	1	12098
11563	0	10687
11563	1	9561
11564	0	12086
11564	1	10495
11565	0	9555
11565	1	5081
11566	0	8782
11566	1	5032
11567	0	2403
11567	1	8952
11568	0	8699
11568	1	9261
11569	0	10270
11569	1	11560
11570	0	7254
11570	1	10909
11571	0	11438
11571	1	7608
11572	0	8492
11572	1	5044
11573	0	8256
11573	1	10319
11574	0	11405
11574	1	9583
11575	0	3184
11575	1	10585
11576	0	12061
11576	1	9331
11577	0	2570
11577	1	11511
11578	0	1974
11578	1	5052
11579	0	3338
11579	1	6222
11580	0	4075
11580	1	5817
11581	0	9275
11581	1	11088
11582	0	2789
11582	1	11723
11583	0	8725
11583	1	5066
11584	0	12063
11584	1	8631
11585	0	4471
11585	1	12099
11586	0	9526
11586	1	11257
11587	0	7818
11587	1	11814
11588	0	4548
11588	1	5749
11589	0	6501
11589	1	10427
11590	0	11959
11590	1	8732
11591	0	12100
11591	1	6372
11592	0	7693
11592	1	5968
11593	0	8150
11593	1	11941
11594	0	11288
11594	1	11735
11595	0	12012
11595	1	5640
11596	0	7414
11596	1	11725
11597	0	1918
11597	1	11737
11598	0	10019
11598	1	5094
11599	0	8588
11599	1	5615
11600	0	8765
11600	1	12044
11601	0	9468
11601	1	12101
11602	0	12101
11602	1	11967
11603	0	7631
11603	1	7384
11604	0	11062
11604	1	8487
11605	0	11971
11605	1	11055
11606	0	7162
11606	1	11439
11607	0	9995
11607	1	11462
11608	0	11351
11608	1	7968
11609	0	10814
11609	1	11387
11610	0	12049
11610	1	7961
11611	0	11425
11611	1	11711
11612	0	9390
11612	1	12102
11613	0	8216
11613	1	5122
11614	0	11852
11614	1	8210
11615	0	3808
11615	1	9532
11616	0	11928
11616	1	10159
11617	0	4583
11617	1	12103
11618	0	4047
11618	1	7772
11619	0	12103
11619	1	8781
11620	0	9319
11620	1	12072
11621	0	8015
11621	1	5131
11622	0	7831
11622	1	6529
11623	0	7753
11623	1	11505
11624	0	11947
11624	1	9477
11625	0	10484
11625	1	5862
11626	0	9312
11626	1	11842
11627	0	7998
11627	1	11997
11628	0	4091
11628	1	8886
11629	0	10950
11629	1	7367
11630	0	11003
11630	1	6547
11631	0	5886
11631	1	7145
11632	0	9868
11632	1	11409
11633	0	9503
11633	1	6564
11634	0	11907
11634	1	7224
11635	0	2465
11635	1	11673
11636	0	11373
11636	1	11986
11637	0	10065
11637	1	9867
11638	0	5898
11638	1	10724
11639	0	11837
11639	1	9909
11640	0	10070
11640	1	10580
11641	0	8105
11641	1	11523
11642	0	10542
11642	1	11585
11643	0	11006
11643	1	5608
11644	0	1956
11644	1	11865
11645	0	11551
11645	1	12104
11646	0	11738
11646	1	9474
11647	0	11294
11647	1	9058
11648	0	5990
11648	1	5738
11649	0	11182
11649	1	12053
11650	0	5977
11650	1	10694
11651	0	12102
11651	1	9774
11652	0	9143
11652	1	7927
11653	0	10880
11653	1	9231
11654	0	9454
11654	1	7019
11655	0	7169
11655	1	12105
11656	0	10233
11656	1	8361
11657	0	9665
11657	1	8888
11658	0	7649
11658	1	9048
11659	0	11160
11659	1	12106
11660	0	11504
11660	1	9705
11661	0	2318
11661	1	6685
11662	0	4749
11662	1	8068
11663	0	11248
11663	1	8627
11664	0	9303
11664	1	5222
11665	0	7836
11665	1	5691
11666	0	10842
11666	1	9899
11667	0	12107
11667	1	11902
11668	0	6322
11668	1	12034
11669	0	9783
11669	1	8659
11670	0	1984
11670	1	5236
11671	0	7834
11671	1	7711
11672	0	12108
11672	1	10182
11673	0	11153
11673	1	11151
11674	0	9944
11674	1	9601
11675	0	1981
11675	1	8618
11676	0	10179
11676	1	5243
11677	0	4291
11677	1	11093
11678	0	3080
11678	1	11109
11679	0	11991
11679	1	11927
11680	0	8818
11680	1	5259
11681	0	11457
11681	1	9131
11682	0	8855
11682	1	11524
11683	0	6693
11683	1	5268
11684	0	7428
11684	1	11808
11685	0	4617
11685	1	11823
11686	0	9598
11686	1	5712
11687	0	11096
11687	1	7255
11688	0	2007
11688	1	5276
11689	0	8421
11689	1	11965
11690	0	8481
11690	1	9127
11691	0	5289
11691	1	5284
11692	0	12083
11692	1	5291
11693	0	10264
11693	1	9126
11694	0	3099
11694	1	5986
11695	0	6591
11695	1	9469
11696	0	11187
11696	1	5298
11697	0	9997
11697	1	7952
11698	0	12109
11698	1	10858
11699	0	3055
11699	1	11390
11700	0	11138
11700	1	12110
11701	0	2526
11701	1	5312
11702	0	11356
11702	1	9515
11703	0	6141
11703	1	10902
11704	0	11532
11704	1	5320
11705	0	11201
11705	1	9927
11706	0	7788
11706	1	5326
11707	0	12005
11707	1	9549
11708	0	2469
11708	1	6371
11709	0	10402
11709	1	11296
11710	0	9618
11710	1	12111
11711	0	11058
11711	1	9034
11712	0	2475
11712	1	5338
11713	0	6985
11713	1	9942
11714	0	3098
11714	1	11863
11715	0	8362
11715	1	11926
11716	0	6729
11716	1	6236
11717	0	5782
11717	1	11089
11718	0	12111
11718	1	5355
11719	0	2634
11719	1	5359
11720	0	8664
11720	1	9822
11721	0	12060
11721	1	6513
11722	0	10784
11722	1	8100
11723	0	10699
11723	1	12090
11724	0	7559
11724	1	6101
11725	0	11297
11725	1	12112
11726	0	3971
11726	1	12070
11727	0	3072
11727	1	5573
11728	0	11423
11728	1	8575
11729	0	10273
11729	1	7317
11730	0	6450
11730	1	6859
11731	0	4679
11731	1	10540
11732	0	12051
11732	1	8921
11733	0	12113
11733	1	7704
11734	0	5519
11734	1	7278
11735	0	12114
11735	1	7493
11736	0	11376
11736	1	10819
11737	0	8283
11737	1	8826
11738	0	11826
11738	1	8156
11739	0	11811
11739	1	12097
11740	0	3828
11740	1	10887
11741	0	4174
11741	1	5393
11742	0	11868
11742	1	10113
11743	0	9417
11743	1	10203
11744	0	11766
11744	1	8937
11745	0	11492
11745	1	12075
11746	0	2900
11746	1	11383
11747	0	12105
11747	1	6775
11748	0	12082
11748	1	9629
11749	0	10441
11749	1	10193
11750	0	11906
11750	1	8629
11751	0	10337
11751	1	10211
11752	0	12106
11752	1	6734
11753	0	11966
11753	1	9313
11754	0	10957
11754	1	9028
11755	0	9103
11755	1	9356
11756	0	10535
11756	1	5456
11757	0	12115
11757	1	8964
11758	0	10360
11758	1	7696
11759	0	3317
11759	1	7685
11760	0	8240
11760	1	9253
11761	0	9940
11761	1	7746
11762	0	12008
11762	1	12116
11763	0	8954
11763	1	6492
11764	0	10377
11764	1	12019
11765	0	10669
11765	1	6424
11766	0	12117
11766	1	5479
11767	0	12014
11767	1	8896
11768	0	5328
11768	1	9768
11769	0	12003
11769	1	9562
11770	0	9653
11770	1	6747
11771	0	9736
11771	1	11807
11772	0	12059
11772	1	5499
11773	0	3840
11773	1	9619
11774	0	2107
11774	1	12117
11775	0	11528
11775	1	12118
11776	0	11748
11776	1	12113
11777	0	5019
11777	1	8534
11778	0	2449
11778	1	11617
11779	0	10583
11779	1	5693
11780	0	3043
11780	1	5515
11781	0	11489
11781	1	12119
11782	0	8235
11782	1	11925
11783	0	3017
11783	1	7032
11784	0	7763
11784	1	7178
11785	0	11556
11785	1	6661
11786	0	11023
11786	1	5908
11787	0	6290
11787	1	5568
11788	0	10641
11788	1	10999
11789	0	8077
11789	1	11964
11790	0	8041
11790	1	11993
11791	0	10838
11791	1	11245
11792	0	11958
11792	1	5552
11793	0	12120
11793	1	6521
11794	0	11809
11794	1	8217
11795	0	10194
11795	1	12035
11796	0	11142
11796	1	5998
11797	0	2811
11797	1	12121
11798	0	10454
11798	1	11949
11799	0	5431
11799	1	7421
11800	0	12110
11800	1	12100
11801	0	2542
11801	1	5912
11802	0	10139
11802	1	8655
11803	0	9410
11803	1	9935
11804	0	2452
11804	1	6907
11805	0	12099
11805	1	8152
11806	0	10568
11806	1	11485
11807	0	11716
11807	1	12040
11808	0	11659
11808	1	7757
11809	0	11984
11809	1	9893
11810	0	11632
11810	1	12074
11811	0	4482
11811	1	8996
11812	0	10998
11812	1	5809
11813	0	11144
11813	1	11159
11814	0	11207
11814	1	7479
11815	0	11509
11815	1	6234
11816	0	4507
11816	1	8654
11817	0	7521
11817	1	7928
11818	0	7316
11818	1	12122
11819	0	2454
11819	1	9911
11820	0	7908
11820	1	7114
11821	0	11726
11821	1	10613
11822	0	7156
11822	1	11469
11823	0	11590
11823	1	8312
11824	0	11709
11824	1	5651
11825	0	5275
11825	1	12108
11826	0	5540
11826	1	11873
11827	0	12048
11827	1	12115
11828	0	11200
11828	1	8690
11829	0	10754
11829	1	12123
11830	0	8522
11830	1	9887
11831	0	12088
11831	1	8339
11832	0	2192
11832	1	6563
11833	0	11290
11833	1	11614
11834	0	3153
11834	1	7124
11835	0	12047
11835	1	7994
11836	0	9042
11836	1	9791
11837	0	10482
11837	1	6377
11838	0	7721
11838	1	12093
11839	0	11704
11839	1	9724
11840	0	10901
11840	1	11480
11841	0	7242
11841	1	8876
11842	0	12055
11842	1	8705
11843	0	11752
11843	1	11605
11844	0	8171
11844	1	12124
11845	0	5978
11845	1	10700
11846	0	5004
11846	1	9946
11847	0	11667
11847	1	5755
11848	0	9725
11848	1	11170
11849	0	10255
11849	1	9150
11850	0	12092
11850	1	6258
11851	0	11331
11851	1	10060
11852	0	9966
11852	1	10512
11853	0	10752
11853	1	9075
11854	0	10249
11854	1	9617
11855	0	11277
11855	1	8722
11856	0	11942
11856	1	11550
11857	0	2241
11857	1	9298
11858	0	6423
11858	1	6551
11859	0	11121
11859	1	10689
11860	0	12119
11860	1	6150
11861	0	11246
11861	1	11546
11862	0	9900
11862	1	7543
11863	0	10833
11863	1	11318
11864	0	12125
11864	1	6930
11865	0	3448
11865	1	7854
11866	0	10974
11866	1	9375
11867	0	4849
11867	1	8292
11868	0	11995
11868	1	11188
11869	0	4419
11869	1	8459
11870	0	12116
11870	1	10577
11871	0	5493
11871	1	5829
11872	0	11460
11872	1	8246
11873	0	9890
11873	1	11913
11874	0	10883
11874	1	11869
11875	0	11004
11875	1	12126
11876	0	10447
11876	1	7102
11877	0	8948
11877	1	9667
11878	0	10390
11878	1	9224
11879	0	9438
11879	1	12080
11880	0	9773
11880	1	10817
11881	0	10830
11881	1	11120
11882	0	2279
11882	1	5848
11883	0	2561
11883	1	12127
11884	0	6023
11884	1	12128
11885	0	12128
11885	1	10637
11886	0	2333
11886	1	5858
11887	0	11422
11887	1	11776
11888	0	8088
11888	1	7297
11889	0	5171
11889	1	5889
11890	0	11978
11890	1	10404
11891	0	9397
11891	1	7301
11892	0	8063
11892	1	5905
11893	0	2939
11893	1	11743
11894	0	11828
11894	1	6813
11895	0	7270
11895	1	6437
11896	0	7824
11896	1	5914
11897	0	4110
11897	1	5916
11898	0	12095
11898	1	5917
11899	0	2382
11899	1	12052
11900	0	7795
11900	1	9199
11901	0	7619
11901	1	11607
11902	0	12129
11902	1	7676
11903	0	9511
11903	1	12130
11904	0	8014
11904	1	11490
11905	0	12087
11905	1	11562
11906	0	6524
11906	1	7448
11907	0	7206
11907	1	7946
11908	0	8390
11908	1	5954
11909	0	11046
11909	1	11487
11910	0	7219
11910	1	12131
11911	0	3137
11911	1	5961
11912	0	11398
11912	1	7401
11913	0	9296
11913	1	10523
11914	0	10453
11914	1	11773
11915	0	2335
11915	1	12042
11916	0	2676
11916	1	8065
11917	0	3090
11917	1	12021
11918	0	11495
11918	1	11103
11919	0	10170
11919	1	12132
11920	0	6054
11920	1	6000
11921	0	7578
11921	1	7680
11922	0	7982
11922	1	12133
11923	0	12054
11923	1	10081
11924	0	11251
11924	1	6588
11925	0	4713
11925	1	8024
11926	0	5652
11926	1	12107
11927	0	11393
11927	1	7703
11928	0	6415
11928	1	6826
11929	0	12038
11929	1	11775
11930	0	11745
11930	1	12134
11931	0	2554
11931	1	12135
11932	0	11099
11932	1	10362
11933	0	12136
11933	1	10715
11934	0	11930
11934	1	11584
11935	0	2559
11935	1	7120
11936	0	11754
11936	1	6519
11937	0	2882
11937	1	8944
11938	0	7529
11938	1	9433
11939	0	9712
11939	1	9845
11940	0	7478
11940	1	10995
11941	0	11870
11941	1	10735
11942	0	12078
11942	1	10379
11943	0	9161
11943	1	12137
11944	0	7361
11944	1	6116
11945	0	8774
11945	1	11639
11946	0	6062
11946	1	12138
11947	0	7275
11947	1	9585
11948	0	5960
11948	1	7403
11949	0	10051
11949	1	9035
11950	0	8393
11950	1	8537
11951	0	9259
11951	1	6194
11952	0	11019
11952	1	12057
11953	0	7420
11953	1	11987
11954	0	9972
11954	1	9968
11955	0	10987
11955	1	12094
11956	0	6815
11956	1	7674
11957	0	2587
11957	1	6810
11958	0	12046
11958	1	8590
11959	0	4541
11959	1	7839
11960	0	10789
11960	1	6511
11961	0	11129
11961	1	8005
11962	0	12130
11962	1	10525
11963	0	12139
11963	1	10348
11964	0	7898
11964	1	9425
11965	0	3529
11965	1	7972
11966	0	7343
11966	1	9081
11967	0	11845
11967	1	9234
11968	0	3204
11968	1	12114
11969	0	11080
11969	1	11140
11970	0	8297
11970	1	6754
11971	0	7365
11971	1	8064
11972	0	11606
11972	1	6270
11973	0	11104
11973	1	9129
11974	0	12126
11974	1	11076
11975	0	3021
11975	1	7171
11976	0	7289
11976	1	8006
11977	0	6658
11977	1	7237
11978	0	11898
11978	1	6566
11979	0	9264
11979	1	8249
11980	0	11897
11980	1	6592
11981	0	7969
11981	1	11767
11982	0	5077
11982	1	11414
11983	0	5031
11983	1	11909
11984	0	11945
11984	1	7128
11985	0	11346
11985	1	11467
11986	0	11683
11986	1	11174
11987	0	11651
11987	1	8724
11988	0	11816
11988	1	11939
11989	0	11520
11989	1	11829
11990	0	11817
11990	1	12065
11991	0	11594
11991	1	11623
11992	0	12032
11992	1	12056
11993	0	7405
11993	1	10703
11994	0	7582
11994	1	11364
11995	0	11815
11995	1	10155
11996	0	12124
11996	1	12129
11997	0	10948
11997	1	7905
11998	0	11680
11998	1	11640
11999	0	11633
11999	1	7253
12000	0	12122
12000	1	9482
12001	0	10869
12001	1	12120
12002	0	9269
12002	1	12027
12003	0	7282
12003	1	10030
12004	0	12089
12004	1	11854
12005	0	10225
12005	1	12125
12006	0	2622
12006	1	8887
12007	0	7042
12007	1	9956
12008	0	8303
12008	1	8404
12009	0	12026
12009	1	12140
12010	0	6373
12010	1	11137
12011	0	6728
12011	1	8264
12012	0	4970
12012	1	8827
12013	0	2652
12013	1	10590
12014	0	7859
12014	1	11332
12015	0	11976
12015	1	12139
12016	0	12081
12016	1	10251
12017	0	11196
12017	1	11881
12018	0	10798
12018	1	9586
12019	0	12141
12019	1	8094
12020	0	9254
12020	1	9236
12021	0	12140
12021	1	11682
12022	0	3656
12022	1	7612
12023	0	7175
12023	1	12058
12024	0	10393
12024	1	7833
12025	0	12011
12025	1	11557
12026	0	8931
12026	1	10208
12027	0	10061
12027	1	11982
12028	0	12121
12028	1	6880
12029	0	9135
12029	1	11624
12030	0	10638
12030	1	11065
12031	0	11576
12031	1	6706
12032	0	5910
12032	1	6711
12033	0	10326
12033	1	10766
12034	0	5752
12034	1	7677
12035	0	9839
12035	1	12025
12036	0	12133
12036	1	7130
12037	0	9518
12037	1	8191
12038	0	12104
12038	1	7858
12039	0	7850
12039	1	11143
12040	0	12134
12040	1	10395
12041	0	5480
12041	1	10399
12042	0	6865
12042	1	8814
12043	0	7276
12043	1	10416
12044	0	4495
12044	1	7827
12045	0	11924
12045	1	12050
12046	0	5013
12046	1	11866
12047	0	12135
12047	1	6820
12048	0	12127
12048	1	6822
12049	0	6240
12049	1	6831
12050	0	7987
12050	1	11381
12051	0	8953
12051	1	9686
12052	0	10767
12052	1	10756
12053	0	8531
12053	1	8166
12054	0	12142
12054	1	11695
12055	0	6727
12055	1	9029
12056	0	11848
12056	1	10538
12057	0	11598
12057	1	9307
12058	0	4384
12058	1	11533
12059	0	12132
12059	1	12109
12060	0	12039
12060	1	6949
12061	0	9025
12061	1	12045
12062	0	2858
12062	1	11742
12063	0	6817
12063	1	10310
12064	0	11056
12064	1	8835
12065	0	12123
12065	1	8958
12066	0	11541
12066	1	7003
12067	0	9420
12067	1	11943
12068	0	12001
12068	1	10806
12069	0	11892
12069	1	11563
12070	0	11830
12070	1	7976
12071	0	5929
12071	1	11111
12072	0	5857
12072	1	11205
12073	0	9652
12073	1	12136
12074	0	3713
12074	1	8596
12075	0	9522
12075	1	10374
12076	0	9806
12076	1	7155
12077	0	11990
12077	1	7618
12078	0	12098
12078	1	8512
12079	0	10526
12079	1	7567
12080	0	4891
12080	1	8376
12081	0	12067
12081	1	9311
12082	0	3428
12082	1	8412
12083	0	11193
12083	1	10572
12084	0	12137
12084	1	7755
12085	0	7220
12085	1	7179
12086	0	3696
12086	1	11983
12087	0	9604
12087	1	9688
12088	0	9405
12088	1	7937
12089	0	4285
12089	1	10576
12090	0	11530
12090	1	11323
12091	0	11969
12091	1	7327
12092	0	11988
12092	1	12023
12093	0	4481
12093	1	8413
12094	0	4362
12094	1	9147
12095	0	12131
12095	1	9220
12096	0	6522
12096	1	10458
12097	0	11521
12097	1	10448
12098	0	12138
12098	1	10815
12099	0	5642
12099	1	10072
12100	0	10807
12100	1	12096
12101	0	3209
12101	1	11407
12102	0	11211
12102	1	11554
12103	0	3230
12103	1	10410
12104	0	11697
12104	1	11923
12105	0	12091
12105	1	7644
12106	0	11960
12106	1	10385
12107	0	12112
12107	1	11479
12108	0	11400
12108	1	8568
12109	0	6500
12109	1	12143
12110	0	11974
12110	1	12141
12111	0	11465
12111	1	8377
12112	0	6016
12112	1	10625
12113	0	3587
12113	1	11558
12114	0	10158
12114	1	8800
12115	0	11996
12115	1	8183
12116	0	11871
12116	1	9728
12117	0	11529
12117	1	9692
12118	0	12015
12118	1	12142
12119	0	12118
12119	1	12043
12120	0	10723
12120	1	12010
12121	0	8922
12121	1	10938
12122	0	8972
12122	1	10675
12123	0	11856
12123	1	11348
12124	0	6947
12124	1	9334
12125	0	9018
12125	1	9829
12126	0	12085
12126	1	8903
12127	0	11475
12127	1	12030
12128	0	3746
12128	1	10567
12129	0	8854
12129	1	12071
12130	0	9301
12130	1	10106
12131	0	4994
12131	1	8517
12132	0	4647
12132	1	9362
12133	0	10120
12133	1	11880
12134	0	6469
12134	1	11310
12135	0	12066
12135	1	8607
12136	0	10196
12136	1	11946
12137	0	4899
12137	1	11403
12138	0	10644
12138	1	12073
12139	0	10906
12139	1	9160
12140	0	11800
12140	1	10722
12141	0	12143
12141	1	11116
12142	0	8340
12142	1	11929
12143	0	12009
12143	1	11372
