0 0
1 0 0 0 0 0 0 0 0 0 0 0 0 0 0 0 0 0 0 0 0 0
0 1 0 0 0 0 0 0 0 0 0 0 0 0 0 0 0 0 0 0 0 0
0 0 1 0 0 0 0 0 0 0 0 0 0 0 0 0 0 0 0 0 0 0
0 0 0 1 0 0 0 0 0 0 0 0 0 0 0 0 0 0 0 0 0 0
0 0 0 0 1 0 0 0 0 0 0 0 0 0 0 0 0 0 0 0 0 0
0 0 0 0 0 1 0 0 0 0 0 0 0 0 0 0 0 0 0 0 0 0
0 0 0 0 0 0 1 0 0 0 0 0 0 0 0 0 0 0 0 0 0 0
0 0 0 0 0 0 0 1 0 0 0 0 0 0 0 0 0 0 0 0 0 0
0 0 0 0 0 0 0 0 1 0 0 0 0 0 0 0 0 0 0 0 0 0
0 0 0 0 0 0 0 0 0 1 0 0 0 0 0 0 0 0 0 0 0 0
0 0 0 0 0 0 0 0 0 0 1 0 0 0 0 0 0 0 0 0 0 0
0 0 0 0 0 0 0 0 0 0 0 1 0 0 0 0 0 0 0 0 0 0
0 0 0 0 0 0 0 0 0 0 0 0 1 0 0 0 0 0 0 0 0 0
0 0 0 0 0 0 0 0 0 0 0 0 0 1 0 0 0 0 0 0 0 0
0 0 0 0 0 0 0 0 0 0 0 0 0 0 1 0 0 0 0 0 0 0
0 0 0 0 0 0 0 0 0 0 0 0 0 0 0 1 0 0 0 0 0 0
0 0 0 0 0 0 0 0 0 0 0 0 0 0 0 0 1 0 0 0 0 0
0 0 0 0 0 0 0 0 0 0 0 0 0 0 0 0 0 1 0 0 0 0
0 0 0 0 0 0 0 0 0 0 0 0 0 0 0 0 0 0 1 0 0 0
0 0 0 0 0 0 0 0 0 0 0 0 0 0 0 0 0 0 0 1 0 0
0 0 0 0 0 0 0 0 0 0 0 0 0 0 0 0 0 0 0 0 1 0
0 0 0 0 0 0 0 0 0 0 0 0 0 0 0 0 0 0 0 0 0 1
0 368
-1 1 0 1 1 1 0 0 1 -1 1 0 -1 1 0 -1 0 0 -1 -1 -1 0
1 0 0 0 0 1 1 -1 -1 1 -1 -2 -1 -1 2 1 0 -1 -1 0 1 0
0 -1 -1 -2 -1 -2 0 1 -1 -1 0 1 1 -1 0 1 2 0 2 1 -1 0
-1 1 1 1 1 1 0 -1 1 0 0 0 0 1 0 -1 -2 0 -1 -1 0 0
1 0 0 -1 -1 0 0 1 0 0 -1 0 1 0 0 1 1 1 1 1 0 0
-1 0 0 -1 0 -1 -1 0 1 0 0 1 1 0 -1 -2 0 1 1 -1 0 0
1 0 0 0 -1 1 1 1 0 0 -1 -1 0 0 1 2 1 0 0 1 0 0
0 0 0 -1 0 0 0 -1 0 1 -1 0 1 -1 1 0 0 0 0 0 1 0
1 0 0 1 0 1 0 0 0 0 0 -1 -1 0 0 1 0 0 -1 0 1 0
1 -1 0 0 0 0 0 0 0 1 0 0 0 -1 0 0 0 0 0 1 1 0
1 -1 0 -1 -2 1 1 0 0 1 -1 -1 1 -1 2 1 1 1 0 2 1 0
-2 1 0 1 2 -1 -1 -1 0 -1 2 1 -1 1 -1 -2 -1 -1 0 -2 -1 0
0 0 1 0 -1 1 1 0 1 1 -1 0 1 0 1 0 0 1 0 1 0 0
-1 1 0 1 1 0 0 0 0 -1 1 1 0 1 -1 0 0 -1 0 -1 -1 0
-1 1 0 1 1 1 0 -1 0 0 1 0 -1 1 0 -1 -1 0 -1 -1 0 0
1 -1 0 0 -1 0 0 0 0 1 0 0 0 -1 0 0 0 1 0 1 1 0
0 0 0 0 0 -1 0 1 -1 -1 0 0 0 0 0 1 1 -1 1 0 -1 0
0 0 0 -1 -1 0 0 0 0 0 -1 0 1 0 0 0 0 1 1 1 0 0
0 0 0 0 0 1 0 0 1 0 0 0 0 0 0 -1 -1 1 -1 0 1 0
1 0 0 0 0 0 0 0 -1 0 0 -1 -1 0 0 1 0 -1 0 0 0 0
0 0 0 0 0 0 1 0 -1 0 0 0 0 0 1 1 0 -1 0 0 0 0
1 0 1 0 -1 0 0 1 0 0 -1 0 1 0 0 1 0 0 1 1 0 1
0 1741
-1 1 0 0 0 1 0 -1 0 0 0 0 0 1 1 -1 -1 2 0 1 1 0
-1 1 0 0 2 -2 -1 0 -1 -2 0 1 0 0 -1 0 -1 -3 0 -1 -2 0
0 0 -1 0 1 -2 -1 0 -2 -1 1 0 0 0 0 2 2 -2 0 -1 -2 0
0 0 1 0 -1 2 1 0 2 1 -1 0 1 0 1 -1 -1 2 0 1 2 0
0 0 0 0 1 -1 0 0 -1 0 0 0 0 0 0 0 0 -1 0 -1 -1 0
1 0 0 0 -1 1 -1 0 1 1 0 -1 0 0 0 0 1 2 0 0 1 0
-1 0 0 0 2 -2 0 0 -1 -1 0 1 0 0 0 0 -1 -2 0 -1 -1 0
0 0 0 0 1 -1 -1 0 0 -1 0 0 0 -1 -1 0 0 -2 0 -1 -1 0
-1 0 0 0 0 0 1 0 0 0 0 1 0 0 0 -1 -1 0 0 0 0 0
0 0 0 0 0 0 0 0 0 0 0 0 0 0 -1 0 0 -1 0 0 -1 0
-1 0 0 0 2 -2 -1 0 -1 -2 1 1 0 0 -1 0 -1 -3 0 -1 -2 0
0 1 0 0 -2 2 0 -1 1 1 0 -1 0 1 1 0 1 3 0 1 1 0
0 0 1 1 1 0 0 0 0 0 0 0 0 0 0 0 -1 -1 0 0 0 0
0 0 0 0 -1 1 1 -1 0 1 0 0 0 0 1 0 0 2 0 1 1 0
0 0 0 0 -1 1 0 0 1 0 0 0 0 0 0 -1 0 2 0 1 1 0
0 0 0 0 0 0 0 0 0 0 0 0 0 0 -1 0 0 -1 0 -1 0 0
0 0 0 0 0 -1 0 0 -1 0 0 0 0 0 1 1 1 0 0 0 -1 0
0 0 0 0 1 0 0 0 0 0 0 0 0 0 0 0 0 -1 0 -1 0 0
0 0 0 0 0 1 0 0 1 0 0 0 0 0 0 -1 -1 1 -1 0 1 0
0 0 0 0 0 -1 0 0 -1 0 0 0 0 0 0 0 0 -1 0 0 -1 0
0 0 0 0 0 -1 0 0 -1 -1 0 0 0 0 0 1 0 -1 0 0 -1 0
0 -1 0 0 0 0 1 0 0 1 0 0 0 0 0 0 0 0 0 0 0 -1
0 2396
2 0 -1 0 1 0 -1 0 0 0 0 0 -1 0 -2 1 -1 1 -1 0 2 0
-2 1 0 -1 1 -1 1 0 -1 -1 0 2 1 1 0 0 0 -1 2 0 -2 0
-1 0 1 0 0 0 -1 0 1 0 0 0 2 0 1 -1 1 -1 1 1 -1 0
1 0 -1 0 0 0 0 0 0 0 0 0 -1 0 -1 1 0 1 -1 -1 1 0
-1 1 1 1 1 0 0 -1 0 1 0 0 0 0 1 -1 0 -1 0 -1 -1 0
2 -1 0 1 -1 1 0 1 0 1 0 -2 -1 0 1 1 1 1 -1 1 1 0
-2 2 1 0 1 0 0 -2 0 0 0 1 1 1 0 -1 -1 -1 1 -1 -1 0
-1 0 0 0 0 0 1 0 -1 0 0 0 0 0 1 0 1 -1 1 0 -1 0
0 0 0 0 0 0 1 0 0 0 0 1 0 0 -1 0 -1 0 0 0 0 0
-1 0 0 0 0 0 1 0 -1 0 0 0 0 0 1 0 0 -1 0 0 -1 0
-2 1 1 1 1 0 1 -1 -1 0 1 1 0 1 1 0 0 -2 1 0 -2 0
3 -2 -1 -1 -1 0 -1 2 1 0 -1 -1 0 -1 -1 1 0 2 -1 1 3 0
-1 1 0 1 1 0 0 -1 -1 0 1 0 -1 1 0 0 0 -1 0 -1 -1 0
1 -1 -1 -1 0 0 -1 0 1 0 0 0 0 -1 -1 -1 -1 1 -1 0 2 0
2 -1 -1 0 0 0 0 1 0 0 0 0 -1 -1 -1 1 0 1 -1 0 2 0
-1 0 1 1 0 0 1 0 0 0 0 0 0 0 1 0 0 -1 0 0 -1 0
0 0 0 -1 0 0 -1 0 1 0 0 0 1 0 0 -1 0 0 0 0 0 0
-1 1 1 1 1 0 0 -1 0 0 0 0 0 0 1 0 0 -1 0 -1 -1 0
1 0 0 1 0 1 1 0 0 1 0 0 -1 0 0 1 0 1 -1 0 1 0
-1 0 0 -1 0 -1 0 0 0 0 0 1 1 0 0 -1 0 0 1 0 -1 0
-1 0 0 -1 0 0 0 0 1 0 0 1 1 0 0 -1 0 0 1 0 0 0
-1 1 1 0 0 0 0 -1 0 0 0 0 0 0 1 -1 -1 -1 0 -1 -1 1
0 2589
-1 0 0 0 0 0 0 0 0 0 0 0 0 0 0 0 0 0 0 0 0 0
0 -1 0 0 0 0 0 0 0 0 0 0 0 0 0 0 0 0 0 0 0 0
0 0 -1 0 0 0 0 0 0 0 0 0 0 0 0 0 0 0 0 0 0 0
0 0 0 -1 0 0 0 0 0 0 0 0 0 0 0 0 0 0 0 0 0 0
0 0 0 0 -1 0 0 0 0 0 0 0 0 0 0 0 0 0 0 0 0 0
0 0 0 0 0 -1 0 0 0 0 0 0 0 0 0 0 0 0 0 0 0 0
0 0 0 0 0 0 -1 0 0 0 0 0 0 0 0 0 0 0 0 0 0 0
0 0 0 0 0 0 0 -1 0 0 0 0 0 0 0 0 0 0 0 0 0 0
0 0 0 0 0 0 0 0 -1 0 0 0 0 0 0 0 0 0 0 0 0 0
0 0 0 0 0 0 0 0 0 -1 0 0 0 0 0 0 0 0 0 0 0 0
0 0 0 0 0 0 0 0 0 0 -1 0 0 0 0 0 0 0 0 0 0 0
0 0 0 0 0 0 0 0 0 0 0 -1 0 0 0 0 0 0 0 0 0 0
0 0 0 0 0 0 0 0 0 0 0 0 -1 0 0 0 0 0 0 0 0 0
0 0 0 0 0 0 0 0 0 0 0 0 0 -1 0 0 0 0 0 0 0 0
0 0 0 0 0 0 0 0 0 0 0 0 0 0 -1 0 0 0 0 0 0 0
0 0 0 0 0 0 0 0 0 0 0 0 0 0 0 -1 0 0 0 0 0 0
0 0 0 0 0 0 0 0 0 0 0 0 0 0 0 0 -1 0 0 0 0 0
0 0 0 0 0 0 0 0 0 0 0 0 0 0 0 0 0 -1 0 0 0 0
0 0 0 0 0 0 0 0 0 0 0 0 0 0 0 0 0 0 -1 0 0 0
0 0 0 0 0 0 0 0 0 0 0 0 0 0 0 0 0 0 0 -1 0 0
0 0 0 0 0 0 0 0 0 0 0 0 0 0 0 0 0 0 0 0 -1 0
0 0 0 0 0 0 0 0 0 0 0 0 0 0 0 0 0 0 0 0 0 -1
0 3521
1 0 0 1 -1 1 0 0 -1 0 0 -2 -1 1 -1 1 0 -1 -1 1 0 0
-1 1 1 1 1 2 1 -2 1 1 1 0 0 0 2 0 -1 -1 -1 -1 0 0
0 0 0 -1 -1 1 1 0 1 1 -1 1 2 0 0 0 0 2 2 1 1 0
0 0 0 0 0 -1 -1 0 -1 -1 0 -1 -1 0 0 0 0 -1 -1 0 -1 0
0 -1 0 -1 -1 0 1 1 1 0 0 1 1 0 0 0 0 1 1 1 0 0
0 0 0 -1 -1 -1 -1 0 0 0 -1 0 1 0 -1 -1 0 1 1 0 1 0
0 0 0 0 0 1 1 0 0 0 1 0 0 1 1 1 0 0 0 1 -1 0
-1 0 0 -1 1 0 0 -1 1 0 0 1 1 -1 1 -1 -1 0 0 -1 1 0
0 0 0 1 1 0 0 0 0 0 1 0 -1 0 0 0 0 -1 -1 0 -1 0
0 0 0 0 1 0 0 0 1 0 0 1 0 -1 0 0 0 0 0 -1 1 0
-1 1 0 -1 1 1 1 -1 1 0 0 1 1 0 1 0 -1 0 0 -1 0 0
1 0 0 1 -1 0 -1 0 -1 1 -1 -2 -1 0 -1 0 1 0 0 0 1 0
0 0 0 -1 0 0 0 0 0 -1 0 0 0 0 0 0 -1 0 0 0 0 0
1 -1 -1 0 -1 0 0 1 -1 0 0 -1 -1 0 -1 0 1 0 0 1 0 0
0 0 0 1 0 0 0 0 -1 0 0 -1 -1 0 0 0 0 -1 -1 0 0 0
0 0 0 0 1 -1 0 0 0 0 0 1 0 -1 0 0 0 0 0 -1 0 0
0 0 0 0 -1 1 1 0 0 1 0 0 0 1 0 0 0 1 1 1 0 0
-1 0 0 -1 0 -1 0 0 0 -1 0 1 1 0 0 0 0 0 1 0 -1 0
0 0 0 0 0 0 0 0 0 0 0 0 0 0 0 0 0 0 -1 0 0 0
0 0 1 1 0 1 1 0 1 1 0 0 0 0 1 0 0 0 0 0 0 0
0 0 0 0 0 1 1 0 0 1 0 0 0 0 1 0 0 0 0 0 0 0
0 0 0 -1 0 -1 0 1 0 -1 0 1 0 0 0 0 0 0 1 0 -1 1
0 3860
0 1 1 1 1 1 0 0 2 1 -2 -1 1 0 1 1 1 -1 0 -1 1 0
1 0 1 1 -1 1 0 1 0 0 0 -1 -1 0 0 0 0 1 0 1 -1 0
2 -2 -2 -2 -2 -1 -1 2 -1 -1 1 0 -1 0 -3 0 1 2 1 2 0 0
-1 1 1 1 1 1 1 -1 1 1 -1 0 1 0 2 0 -1 -1 -1 -1 1 0
1 -1 -1 -1 0 -1 0 1 -1 -1 0 0 -1 -1 -1 0 0 0 0 0 0 0
-1 1 -1 -1 1 -1 -1 -1 0 -1 0 1 1 0 -1 0 0 -1 0 -1 0 0
1 -1 0 0 -1 1 1 1 0 0 0 -1 -1 0 0 0 0 1 0 1 0 0
0 0 0 0 0 -1 -1 0 -1 -1 1 0 -1 0 -1 -1 -1 0 0 0 -1 0
0 0 1 1 0 1 1 0 1 1 0 0 0 0 1 0 0 0 0 0 0 0
0 0 0 0 0 -1 -1 0 -1 -1 1 0 -1 0 0 0 0 0 0 0 -1 0
1 -1 0 0 -1 0 0 1 -1 -1 1 -1 -2 0 -1 0 -1 0 0 1 -1 0
-1 1 0 0 1 0 -1 -1 2 1 -1 1 2 0 0 0 1 0 0 -1 1 0
0 0 0 0 0 0 0 0 -1 -1 0 -1 -1 0 0 0 -1 -1 0 0 0 0
0 0 0 0 0 0 0 0 1 1 -1 0 1 0 0 0 1 0 0 -1 1 0
-1 1 1 1 1 0 0 -1 1 1 -1 0 1 0 1 0 0 -1 0 -1 0 0
0 0 0 0 0 0 0 -1 -1 0 1 0 -1 0 0 0 -1 0 0 0 0 0
1 -1 -1 -1 -1 0 0 1 0 0 0 0 0 0 -1 0 1 1 0 1 0 0
0 0 0 0 0 0 1 0 -1 0 0 0 -1 0 0 0 -1 0 0 0 0 0
-1 1 1 0 1 0 0 -1 1 0 -1 0 1 0 1 0 -1 -1 0 -1 0 0
1 -1 0 0 -1 0 0 1 0 0 0 0 0 -1 0 0 1 1 0 1 0 0
1 -1 0 0 -1 0 0 1 0 0 0 0 0 0 -1 0 0 1 0 1 0 0
0 -1 -1 0 0 0 1 0 -1 0 1 0 -1 0 0 0 0 0 -1 0 0 -1
0 4042
1 -2 0 1 0 0 1 1 0 1 2 1 -2 -1 0 -1 -1 0 -1 2 0 0
-2 1 1 -1 0 -1 -1 -2 1 -1 -1 1 3 0 0 -1 -1 0 1 0 0 0
-1 1 0 -1 1 0 0 -1 1 0 -1 1 2 1 -1 0 0 0 1 -2 0 0
1 -1 0 1 0 0 0 1 -1 0 1 -1 -2 -1 1 0 0 -1 -1 1 0 0
0 0 0 0 0 0 0 0 0 0 0 0 1 1 0 1 0 0 0 0 0 0
1 0 0 1 0 1 0 0 0 1 1 -1 -2 0 0 0 0 0 -1 -1 0 0
-1 0 0 -1 0 -1 0 0 0 -1 0 1 2 1 0 0 0 0 1 1 -1 0
-1 1 0 -1 0 0 -1 -1 1 -1 -1 0 2 0 0 0 0 0 0 -1 0 0
0 0 0 0 0 0 0 0 0 0 0 0 0 0 0 0 0 0 0 1 0 0
-1 1 0 0 0 0 0 -1 0 0 -1 0 1 0 0 0 0 0 0 -1 0 0
-1 1 0 -1 1 -1 -1 -1 1 -1 -1 1 3 0 0 0 0 0 0 -1 0 0
1 -1 0 1 0 0 0 1 0 1 1 0 -3 -1 -1 -1 0 0 0 0 0 0
0 0 0 0 0 0 0 0 0 0 0 0 1 0 1 0 0 0 -1 0 0 0
1 -1 -1 0 0 0 0 1 -1 0 1 0 -2 0 -1 0 0 0 0 1 0 0
1 -1 0 1 0 0 0 1 0 0 1 0 -2 -1 0 0 0 0 -1 1 0 0
0 1 0 0 0 0 0 0 0 0 -1 0 1 0 0 1 1 0 0 -1 0 0
0 0 0 0 0 0 0 0 0 0 0 0 0 1 -1 0 0 0 1 0 0 0
0 0 0 0 0 0 0 0 0 0 0 0 1 0 1 1 1 0 0 0 0 0
1 -1 0 1 0 0 0 1 0 0 1 0 -1 -1 0 0 0 0 -1 1 0 0
-1 1 1 0 0 0 0 -1 0 0 -1 0 1 1 0 0 -1 0 1 0 0 0
0 0 0 -1 0 -1 -1 0 0 -1 -1 0 1 0 -1 0 0 0 1 0 0 0
0 0 -1 0 0 0 0 0 -1 0 0 -1 0 1 0 1 1 0 0 0 0 -1
0 4591
-2 0 -1 -2 -1 -1 -1 -1 0 -1 1 0 1 1 0 -2 0 0 1 1 -2 0
1 0 1 3 0 1 2 1 -1 1 1 0 -1 1 1 2 0 -1 -1 1 0 0
0 1 1 2 1 2 2 -1 0 2 0 0 -1 1 1 1 -1 1 -1 -1 1 0
0 -1 -1 -2 -1 -2 -2 1 0 -2 0 0 1 -1 -1 -1 1 0 1 1 -1 0
0 0 1 1 0 1 1 -1 0 1 0 0 0 0 0 0 -1 0 0 0 1 0
-1 0 -1 -2 0 0 -1 0 1 -1 0 1 1 0 -1 -1 0 1 1 0 0 0
0 0 1 2 1 0 1 -1 -1 1 1 0 -1 0 1 0 -1 -1 -1 0 0 0
1 0 1 2 0 1 1 1 0 1 0 0 -1 0 0 1 0 0 0 0 1 0
0 0 0 0 0 -1 0 0 -1 0 0 0 0 0 0 0 0 -1 0 0 -1 0
1 0 1 1 0 1 1 1 1 1 -1 0 0 0 0 1 0 0 0 0 1 0
0 1 2 3 1 1 2 0 -1 1 0 0 -1 1 1 1 -1 -1 0 0 0 0
-1 0 -2 -3 -1 0 -1 0 1 -1 0 0 1 0 0 -1 1 1 0 0 -1 0
0 0 1 1 0 0 0 0 0 0 0 0 0 0 0 0 0 0 1 1 0 0
0 0 -1 -2 -1 0 -1 -1 0 0 0 -1 0 0 0 -1 0 1 0 0 0 0
-1 0 -1 -2 -1 -1 -1 0 0 -1 0 0 1 0 0 -1 1 0 1 0 -1 0
0 1 1 1 1 0 0 0 0 0 -1 0 0 0 0 1 0 -1 0 -1 0 0
0 0 0 0 0 1 1 -1 0 1 0 0 0 0 1 0 -1 1 -1 0 1 0
0 0 1 1 0 0 0 0 0 0 0 0 0 0 0 0 0 0 0 0 0 0
-1 0 0 -1 0 -1 -1 0 0 -1 0 0 1 0 0 -1 0 -1 1 0 -1 0
1 0 0 1 0 1 1 0 0 1 0 0 0 0 0 1 0 0 -1 0 1 0
1 0 0 1 0 1 1 0 -1 1 0 -1 -1 0 1 1 0 0 -1 0 1 0
1 0 1 0 0 0 0 0 0 0 -1 0 0 -1 0 0 -1 0 0 0 1 1
0 6143
-1 0 0 -1 1 -1 0 0 1 0 0 2 1 -1 1 -1 0 1 1 -1 0 0
1 -1 -1 -1 -1 -2 -1 2 -1 -1 -1 0 0 0 -2 0 1 1 1 1 0 0
0 0 0 1 1 -1 -1 0 -1 -1 1 -1 -2 0 0 0 0 -2 -2 -1 -1 0
0 0 0 0 0 1 1 0 1 1 0 1 1 0 0 0 0 1 1 0 1 0
0 1 0 1 1 0 -1 -1 -1 0 0 -1 -1 0 0 0 0 -1 -1 -1 0 0
0 0 0 1 1 1 1 0 0 0 1 0 -1 0 1 1 0 -1 -1 0 -1 0
0 0 0 0 0 -1 -1 0 0 0 -1 0 0 -1 -1 -1 0 0 0 -1 1 0
1 0 0 1 -1 0 0 1 -1 0 0 -1 -1 1 -1 1 1 0 0 1 -1 0
0 0 0 -1 -1 0 0 0 0 0 -1 0 1 0 0 0 0 1 1 0 1 0
0 0 0 0 -1 0 0 0 -1 0 0 -1 0 1 0 0 0 0 0 1 -1 0
1 -1 0 1 -1 -1 -1 1 -1 0 0 -1 -1 0 -1 0 1 0 0 1 0 0
-1 0 0 -1 1 0 1 0 1 -1 1 2 1 0 1 0 -1 0 0 0 -1 0
0 0 0 1 0 0 0 0 0 1 0 0 0 0 0 0 1 0 0 0 0 0
-1 1 1 0 1 0 0 -1 1 0 0 1 1 0 1 0 -1 0 0 -1 0 0
0 0 0 -1 0 0 0 0 1 0 0 1 1 0 0 0 0 1 1 0 0 0
0 0 0 0 -1 1 0 0 0 0 0 -1 0 1 0 0 0 0 0 1 0 0
0 0 0 0 1 -1 -1 0 0 -1 0 0 0 -1 0 0 0 -1 -1 -1 0 0
1 0 0 1 0 1 0 0 0 1 0 -1 -1 0 0 0 0 0 -1 0 1 0
0 0 0 0 0 0 0 0 0 0 0 0 0 0 0 0 0 0 1 0 0 0
0 0 -1 -1 0 -1 -1 0 -1 -1 0 0 0 0 -1 0 0 0 0 0 0 0
0 0 0 0 0 -1 -1 0 0 -1 0 0 0 0 -1 0 0 0 0 0 0 0
0 0 0 1 0 1 0 -1 0 1 0 -1 0 0 0 0 0 0 -1 0 1 -1
0 6385
0 0 1 0 0 -1 -2 -1 -1 -1 0 -1 0 0 1 1 0 0 1 1 0 0
-1 0 0 -1 0 0 0 0 1 0 0 1 0 0 -1 -2 -2 0 0 -1 1 0
1 0 -1 1 0 0 1 2 0 0 0 1 0 0 -1 1 1 0 -1 -1 1 0
0 0 1 0 0 0 -1 -1 0 0 0 -1 0 0 1 0 0 0 0 1 -1 0
0 -1 -1 0 0 0 1 1 0 0 1 1 0 0 0 0 0 0 -1 0 0 0
1 0 0 1 0 1 0 -1 0 1 0 -1 0 -1 1 1 1 0 -1 0 1 0
0 -1 -1 -1 0 -1 0 2 0 -1 0 1 0 0 -1 0 0 0 0 0 0 0
0 0 0 0 0 1 1 0 1 1 0 0 0 0 0 -1 -1 0 -1 -1 1 0
-1 0 0 -1 0 -1 -1 0 0 -1 0 0 0 0 0 -1 0 0 1 0 -1 0
-1 1 0 0 0 1 1 -1 0 1 0 0 0 1 0 -1 -1 0 0 -1 0 0
0 0 -1 -1 1 0 0 1 1 0 0 1 0 0 -1 -1 -1 0 -1 -2 1 0
0 1 1 1 0 0 -1 -2 -1 0 0 -1 0 0 1 1 1 0 1 1 0 0
0 0 0 0 1 0 0 0 0 0 0 0 0 0 0 0 -1 -1 -1 -1 0 0
0 0 1 1 0 -1 0 0 -1 0 0 0 0 0 1 1 1 0 1 1 -1 0
0 0 1 0 0 0 -1 -1 0 0 0 -1 0 0 1 0 0 0 1 1 0 0
0 0 -1 -1 0 0 0 0 0 0 0 0 0 0 -1 -1 0 0 0 -1 0 0
0 0 0 1 0 0 1 1 0 0 0 1 0 0 0 1 1 0 0 0 0 0
1 -1 -1 0 0 0 0 1 0 0 1 0 -1 0 -1 0 0 0 -1 0 0 0
0 0 0 -1 0 0 -1 -1 0 0 0 -1 0 0 1 0 0 0 0 0 0 0
-1 0 0 0 0 0 1 0 0 0 0 1 0 0 0 -1 -1 0 0 0 0 0
0 0 0 0 0 0 1 1 0 0 0 1 0 0 0 0 0 0 0 0 0 0
0 0 0 0 0 0 1 1 0 0 0 1 0 0 0 0 0 0 0 0 -1 1
0 6705
-1 2 0 -1 0 1 1 -2 -2 0 -1 -1 0 2 0 0 -2 -1 1 -1 0 0
0 1 0 1 2 -1 -1 -1 0 0 1 0 -1 0 0 0 0 -1 -2 -2 -1 0
1 -1 1 2 -1 0 0 1 0 1 1 0 0 -1 1 0 1 1 -1 2 -1 0
-1 1 0 -1 0 1 1 -1 0 0 -1 0 0 1 0 0 -1 0 1 -1 1 0
0 0 0 0 0 0 0 1 1 0 0 1 1 0 0 0 1 1 0 1 -1 0
0 -1 0 -1 -1 0 0 0 0 0 -1 0 1 -1 0 -1 0 1 1 1 1 0
0 1 0 1 1 0 0 0 0 0 1 1 0 1 0 1 0 0 -1 0 -1 0
1 -1 0 0 0 -1 -1 1 1 0 0 0 0 -1 0 0 1 1 -1 0 0 0
-1 1 0 0 1 0 0 -1 0 0 0 0 0 1 0 0 -1 -1 0 -1 0 0
1 -1 0 0 0 -1 -1 1 1 0 0 0 0 -1 -1 0 1 0 0 0 0 0
0 0 0 0 0 -1 -1 0 1 0 1 1 1 0 0 0 1 1 -1 0 -1 0
0 0 0 0 -1 1 1 -1 -2 0 -1 -2 -1 0 0 0 -1 -1 1 0 1 0
0 0 0 -1 0 0 0 0 1 0 0 1 1 0 0 0 0 1 0 0 0 0
0 0 0 0 -1 1 1 0 -1 0 0 -1 -1 1 0 0 -1 0 1 1 0 0
-1 1 0 -1 0 0 0 -1 -1 -1 -1 -1 0 1 0 0 -1 -1 1 -1 0 0
0 -1 0 0 0 -1 0 1 1 0 0 1 1 -1 0 0 1 0 0 0 0 0
0 0 0 1 0 0 0 0 -1 0 1 0 -1 0 0 0 0 0 0 1 -1 0
0 0 0 0 0 0 0 1 1 0 0 1 1 0 0 0 1 1 0 0 0 0
-1 1 0 -1 0 0 0 -1 0 0 -1 0 1 1 0 0 0 0 1 -1 0 0
0 0 0 1 1 0 0 0 0 0 1 0 -1 0 0 0 0 -1 -1 0 -1 0
0 0 0 1 0 0 0 0 0 0 1 0 -1 0 0 0 0 0 -1 0 -1 0
0 -1 -1 0 0 0 0 1 1 0 1 1 0 0 -1 0 1 1 0 1 0 -1
0 6863
0 0 1 1 -1 0 2 1 0 1 -2 1 1 -1 0 0 0 1 0 0 0 0
0 0 -1 -1 1 0 -2 0 1 0 0 0 1 -1 0 -1 1 0 0 -1 1 0
0 0 -1 -1 1 0 -1 -2 -2 0 1 -2 -2 0 1 0 -1 -2 -1 -1 0 0
0 0 1 1 -1 0 1 1 1 0 -1 1 1 0 -1 0 0 1 1 1 0 0
0 0 -1 -1 1 -1 -1 0 -1 -1 0 -1 -1 0 0 0 0 -1 0 -1 0 0
0 1 1 1 0 0 1 0 -1 0 0 0 -1 1 0 1 -1 -1 0 0 -1 0
0 -1 -1 -1 1 -1 -1 0 0 0 0 0 0 -1 0 -1 0 0 0 -1 1 0
0 0 -1 -1 1 0 -1 0 0 -1 1 0 0 0 0 0 0 -1 0 0 0 0
-1 0 0 0 0 0 0 0 1 0 0 1 1 0 0 -1 0 1 0 0 0 0
0 0 -1 -1 0 0 -1 0 0 -1 1 0 0 0 0 0 1 0 0 0 0 0
0 -1 -2 -2 1 -1 -2 0 0 -1 1 0 0 -1 -1 -1 0 -1 0 -1 1 0
0 1 2 2 -2 2 3 0 0 2 -1 0 0 1 1 1 0 1 0 1 -1 0
1 -1 -1 -1 0 -1 -1 1 0 -1 0 0 0 -1 -1 0 0 0 0 0 1 0
0 0 1 1 -1 1 2 0 0 1 -1 0 0 0 1 1 0 1 0 1 0 0
0 0 1 1 -1 1 2 1 1 1 -1 1 1 0 0 0 0 1 0 1 0 0
0 0 -1 -1 0 0 -1 0 0 -1 1 0 0 1 -1 0 0 0 0 0 0 0
0 0 0 0 0 0 0 -1 -1 1 0 -1 -1 0 1 0 0 0 0 0 0 0
0 0 -1 -1 1 -1 -1 0 0 -1 0 0 0 0 -1 0 0 -1 0 -1 0 0
0 0 0 1 0 0 1 1 0 0 0 1 0 0 -1 0 0 0 0 0 0 0
0 0 0 0 0 0 -1 0 0 0 0 -1 0 0 1 0 1 0 0 0 0 0
0 0 0 0 0 1 0 -1 0 1 0 -1 0 0 1 0 0 0 0 0 1 0
0 0 0 -1 0 -1 -1 0 0 -1 0 0 0 0 0 0 0 0 1 0 0 1
0 7095
1 -1 0 -1 -1 -1 0 0 -1 1 -1 0 1 -1 0 1 0 0 1 1 1 0
-1 0 0 0 0 -1 -1 1 1 -1 1 2 1 1 -2 -1 0 1 1 0 -1 0
0 1 1 2 1 2 0 -1 1 1 0 -1 -1 1 0 -1 -2 0 -2 -1 1 0
1 -1 -1 -1 -1 -1 0 1 -1 0 0 0 0 -1 0 1 2 0 1 1 0 0
-1 0 0 1 1 0 0 -1 0 0 1 0 -1 0 0 -1 -1 -1 -1 -1 0 0
1 0 0 1 0 1 1 0 -1 0 0 -1 -1 0 1 2 0 -1 -1 1 0 0
-1 0 0 0 1 -1 -1 -1 0 0 1 1 0 0 -1 -2 -1 0 0 -1 0 0
0 0 0 1 0 0 0 1 0 -1 1 0 -1 1 -1 0 0 0 0 0 -1 0
-1 0 0 -1 0 -1 0 0 0 0 0 1 1 0 0 -1 0 0 1 0 -1 0
-1 1 0 0 0 0 0 0 0 -1 0 0 0 1 0 0 0 0 0 -1 -1 0
-1 1 0 1 2 -1 -1 0 0 -1 1 1 -1 1 -2 -1 -1 -1 0 -2 -1 0
2 -1 0 -1 -2 1 1 1 0 1 -2 -1 1 -1 1 2 1 1 0 2 1 0
0 0 -1 0 1 -1 -1 0 -1 -1 1 0 -1 0 -1 0 0 -1 0 -1 0 0
1 -1 0 -1 -1 0 0 0 0 1 -1 -1 0 -1 1 0 0 1 0 1 1 0
1 -1 0 -1 -1 -1 0 1 0 0 -1 0 1 -1 0 1 1 0 1 1 0 0
-1 1 0 0 1 0 0 0 0 -1 0 0 0 1 0 0 0 -1 0 -1 -1 0
0 0 0 0 0 1 0 -1 1 1 0 0 0 0 0 -1 -1 1 -1 0 1 0
0 0 0 1 1 0 0 0 0 0 1 0 -1 0 0 0 0 -1 -1 -1 0 0
0 0 0 0 0 -1 0 0 -1 0 0 0 0 0 0 1 1 -1 1 0 -1 0
-1 0 0 0 0 0 0 0 1 0 0 1 1 0 0 -1 0 1 0 0 0 0
0 0 0 0 0 0 -1 0 1 0 0 0 0 0 -1 -1 0 1 0 0 0 0
-1 0 -1 0 1 0 0 -1 0 0 1 0 -1 0 0 -1 0 0 -1 -1 0 -1
0 7456
1 -2 0 1 0 -1 -1 2 2 0 1 1 0 -2 0 0 2 1 -1 1 0 0
0 -1 0 -1 -2 1 1 1 0 0 -1 0 1 0 0 0 0 1 2 2 1 0
-1 1 -1 -2 1 0 0 -1 0 -1 -1 0 0 1 -1 0 -1 -1 1 -2 1 0
1 -1 0 1 0 -1 -1 1 0 0 1 0 0 -1 0 0 1 0 -1 1 -1 0
0 0 0 0 0 0 0 -1 -1 0 0 -1 -1 0 0 0 -1 -1 0 -1 1 0
0 1 0 1 1 0 0 0 0 0 1 0 -1 1 0 1 0 -1 -1 -1 -1 0
0 -1 0 -1 -1 0 0 0 0 0 -1 -1 0 -1 0 -1 0 0 1 0 1 0
-1 1 0 0 0 1 1 -1 -1 0 0 0 0 1 0 0 -1 -1 1 0 0 0
1 -1 0 0 -1 0 0 1 0 0 0 0 0 -1 0 0 1 1 0 1 0 0
-1 1 0 0 0 1 1 -1 -1 0 0 0 0 1 1 0 -1 0 0 0 0 0
0 0 0 0 0 1 1 0 -1 0 -1 -1 -1 0 0 0 -1 -1 1 0 1 0
0 0 0 0 1 -1 -1 1 2 0 1 2 1 0 0 0 1 1 -1 0 -1 0
0 0 0 1 0 0 0 0 -1 0 0 -1 -1 0 0 0 0 -1 0 0 0 0
0 0 0 0 1 -1 -1 0 1 0 0 1 1 -1 0 0 1 0 -1 -1 0 0
1 -1 0 1 0 0 0 1 1 1 1 1 0 -1 0 0 1 1 -1 1 0 0
0 1 0 0 0 1 0 -1 -1 0 0 -1 -1 1 0 0 -1 0 0 0 0 0
0 0 0 -1 0 0 0 0 1 0 -1 0 1 0 0 0 0 0 0 -1 1 0
0 0 0 0 0 0 0 -1 -1 0 0 -1 -1 0 0 0 -1 -1 0 0 0 0
1 -1 0 1 0 0 0 1 0 0 1 0 -1 -1 0 0 0 0 -1 1 0 0
0 0 0 -1 -1 0 0 0 0 0 -1 0 1 0 0 0 0 1 1 0 1 0
0 0 0 -1 0 0 0 0 0 0 -1 0 1 0 0 0 0 0 1 0 1 0
0 1 1 0 0 0 0 -1 -1 0 -1 -1 0 0 1 0 -1 -1 0 -1 0 1
0 7866
0 0 -1 0 0 1 2 1 1 1 0 1 0 0 -1 -1 0 0 -1 -1 0 0
1 0 0 1 0 0 0 0 -1 0 0 -1 0 0 1 2 2 0 0 1 -1 0
-1 0 1 -1 0 0 -1 -2 0 0 0 -1 0 0 1 -1 -1 0 1 1 -1 0
0 0 -1 0 0 0 1 1 0 0 0 1 0 0 -1 0 0 0 0 -1 1 0
0 1 1 0 0 0 -1 -1 0 0 -1 -1 0 0 0 0 0 0 1 0 0 0
-1 0 0 -1 0 -1 0 1 0 -1 0 1 0 1 -1 -1 -1 0 1 0 -1 0
0 1 1 1 0 1 0 -2 0 1 0 -1 0 0 1 0 0 0 0 0 0 0
0 0 0 0 0 -1 -1 0 -1 -1 0 0 0 0 0 1 1 0 1 1 -1 0
1 0 0 1 0 1 1 0 0 1 0 0 0 0 0 1 0 0 -1 0 1 0
1 -1 0 0 0 -1 -1 1 0 -1 0 0 0 -1 0 1 1 0 0 1 0 0
0 0 1 1 -1 0 0 -1 -1 0 0 -1 0 0 1 1 1 0 1 2 -1 0
0 -1 -1 -1 0 0 1 2 1 0 0 1 0 0 -1 -1 -1 0 -1 -1 0 0
0 0 0 0 -1 0 0 0 0 0 0 0 0 0 0 0 1 1 1 1 0 0
0 0 -1 -1 0 1 0 0 1 0 0 0 0 0 -1 -1 -1 0 -1 -1 1 0
0 0 -1 0 0 0 1 1 0 0 0 1 0 0 -1 0 0 0 -1 -1 0 0
0 0 1 1 0 0 0 0 0 0 0 0 0 0 1 1 0 0 0 1 0 0
0 0 0 -1 0 0 -1 -1 0 0 0 -1 0 0 0 -1 -1 0 0 0 0 0
-1 1 1 0 0 0 0 -1 0 0 -1 0 1 0 1 0 0 0 1 0 0 0
0 0 0 1 0 0 1 1 0 0 0 1 0 0 -1 0 0 0 0 0 0 0
1 0 0 0 0 0 -1 0 0 0 0 -1 0 0 0 1 1 0 0 0 0 0
0 0 0 0 0 0 -1 -1 0 0 0 -1 0 0 0 0 0 0 0 0 0 0
0 0 0 0 0 0 -1 -1 0 0 0 -1 0 0 0 0 0 0 0 0 1 -1
0 8572
0 0 -1 -1 1 0 -2 -1 0 -1 2 -1 -1 1 0 0 0 -1 0 0 0 0
0 0 1 1 -1 0 2 0 -1 0 0 0 -1 1 0 1 -1 0 0 1 -1 0
0 0 1 1 -1 0 1 2 2 0 -1 2 2 0 -1 0 1 2 1 1 0 0
0 0 -1 -1 1 0 -1 -1 -1 0 1 -1 -1 0 1 0 0 -1 -1 -1 0 0
0 0 1 1 -1 1 1 0 1 1 0 1 1 0 0 0 0 1 0 1 0 0
0 -1 -1 -1 0 0 -1 0 1 0 0 0 1 -1 0 -1 1 1 0 0 1 0
0 1 1 1 -1 1 1 0 0 0 0 0 0 1 0 1 0 0 0 1 -1 0
0 0 1 1 -1 0 1 0 0 1 -1 0 0 0 0 0 0 1 0 0 0 0
1 0 0 0 0 0 0 0 -1 0 0 -1 -1 0 0 1 0 -1 0 0 0 0
0 0 1 1 0 0 1 0 0 1 -1 0 0 0 0 0 -1 0 0 0 0 0
0 1 2 2 -1 1 2 0 0 1 -1 0 0 1 1 1 0 1 0 1 -1 0
0 -1 -2 -2 2 -2 -3 0 0 -2 1 0 0 -1 -1 -1 0 -1 0 -1 1 0
-1 1 1 1 0 1 1 -1 0 1 0 0 0 1 1 0 0 0 0 0 -1 0
0 0 -1 -1 1 -1 -2 0 0 -1 1 0 0 0 -1 -1 0 -1 0 -1 0 0
0 0 -1 -1 1 -1 -2 -1 -1 -1 1 -1 -1 0 0 0 0 -1 0 -1 0 0
0 0 1 1 0 0 1 0 0 1 -1 0 0 -1 1 0 0 0 0 0 0 0
0 0 0 0 0 0 0 1 1 -1 0 1 1 0 -1 0 0 0 0 0 0 0
0 0 1 1 -1 1 1 0 0 1 0 0 0 0 1 0 0 1 0 1 0 0
0 0 0 -1 0 0 -1 -1 0 0 0 -1 0 0 1 0 0 0 0 0 0 0
0 0 0 0 0 0 1 0 0 0 0 1 0 0 -1 0 -1 0 0 0 0 0
0 0 0 0 0 -1 0 1 0 -1 0 1 0 0 -1 0 0 0 0 0 -1 0
0 0 0 1 0 1 1 0 0 1 0 0 0 0 0 0 0 0 -1 0 0 -1
0 8636
0 -1 -1 -1 -1 -1 0 0 -2 -1 2 1 -1 0 -1 -1 -1 1 0 1 -1 0
-1 0 -1 -1 1 -1 0 -1 0 0 0 1 1 0 0 0 0 -1 0 -1 1 0
-2 2 2 2 2 1 1 -2 1 1 -1 0 1 0 3 0 -1 -2 -1 -2 0 0
1 -1 -1 -1 -1 -1 -1 1 -1 -1 1 0 -1 0 -2 0 1 1 1 1 -1 0
-1 1 1 1 0 1 0 -1 1 1 0 0 1 1 1 0 0 0 0 0 0 0
1 -1 1 1 -1 1 1 1 0 1 0 -1 -1 0 1 0 0 1 0 1 0 0
-1 1 0 0 1 -1 -1 -1 0 0 0 1 1 0 0 0 0 -1 0 -1 0 0
0 0 0 0 0 1 1 0 1 1 -1 0 1 0 1 1 1 0 0 0 1 0
0 0 -1 -1 0 -1 -1 0 -1 -1 0 0 0 0 -1 0 0 0 0 0 0 0
0 0 0 0 0 1 1 0 1 1 -1 0 1 0 0 0 0 0 0 0 1 0
-1 1 0 0 1 0 0 -1 1 1 -1 1 2 0 1 0 1 0 0 -1 1 0
1 -1 0 0 -1 0 1 1 -2 -1 1 -1 -2 0 0 0 -1 0 0 1 -1 0
0 0 0 0 0 0 0 0 1 1 0 1 1 0 0 0 1 1 0 0 0 0
0 0 0 0 0 0 0 0 -1 -1 1 0 -1 0 0 0 -1 0 0 1 -1 0
1 -1 -1 -1 -1 0 0 1 -1 -1 1 0 -1 0 -1 0 0 1 0 1 0 0
0 0 0 0 0 0 0 1 1 0 -1 0 1 0 0 0 1 0 0 0 0 0
-1 1 1 1 1 0 0 -1 0 0 0 0 0 0 1 0 -1 -1 0 -1 0 0
0 0 0 0 0 0 -1 0 1 0 0 0 1 0 0 0 1 0 0 0 0 0
1 -1 -1 0 -1 0 0 1 -1 0 1 0 -1 0 -1 0 1 1 0 1 0 0
-1 1 0 0 1 0 0 -1 0 0 0 0 0 1 0 0 -1 -1 0 -1 0 0
-1 1 0 0 1 0 0 -1 0 0 0 0 0 0 1 0 0 -1 0 -1 0 0
0 1 1 0 0 0 -1 0 1 0 -1 0 1 0 0 0 0 0 1 0 0 1
0 8795
-1 2 0 -1 0 0 -1 -1 0 -1 -2 -1 2 1 0 1 1 0 1 -2 0 0
2 -1 -1 1 0 1 1 2 -1 1 1 -1 -3 0 0 1 1 0 -1 0 0 0
1 -1 0 1 -1 0 0 1 -1 0 1 -1 -2 -1 1 0 0 0 -1 2 0 0
-1 1 0 -1 0 0 0 -1 1 0 -1 1 2 1 -1 0 0 1 1 -1 0 0
0 0 0 0 0 0 0 0 0 0 0 0 -1 -1 0 -1 0 0 0 0 0 0
-1 0 0 -1 0 -1 0 0 0 -1 -1 1 2 0 0 0 0 0 1 1 0 0
1 0 0 1 0 1 0 0 0 1 0 -1 -2 -1 0 0 0 0 -1 -1 1 0
1 -1 0 1 0 0 1 1 -1 1 1 0 -2 0 0 0 0 0 0 1 0 0
0 0 0 0 0 0 0 0 0 0 0 0 0 0 0 0 0 0 0 -1 0 0
1 -1 0 0 0 0 0 1 0 0 1 0 -1 0 0 0 0 0 0 1 0 0
1 -1 0 1 -1 1 1 1 -1 1 1 -1 -3 0 0 0 0 0 0 1 0 0
-1 1 0 -1 0 0 0 -1 0 -1 -1 0 3 1 1 1 0 0 0 0 0 0
0 0 0 0 0 0 0 0 0 0 0 0 -1 0 -1 0 0 0 1 0 0 0
-1 1 1 0 0 0 0 -1 1 0 -1 0 2 0 1 0 0 0 0 -1 0 0
-1 1 0 -1 0 0 0 -1 0 0 -1 0 2 1 0 0 0 0 1 -1 0 0
0 -1 0 0 0 0 0 0 0 0 1 0 -1 0 0 -1 -1 0 0 1 0 0
0 0 0 0 0 0 0 0 0 0 0 0 0 -1 1 0 0 0 -1 0 0 0
0 0 0 0 0 0 0 0 0 0 0 0 -1 0 -1 -1 -1 0 0 0 0 0
-1 1 0 -1 0 0 0 -1 0 0 -1 0 1 1 0 0 0 0 1 -1 0 0
1 -1 -1 0 0 0 0 1 0 0 1 0 -1 -1 0 0 1 0 -1 0 0 0
0 0 0 1 0 1 1 0 0 1 1 0 -1 0 1 0 0 0 -1 0 0 0
0 0 1 0 0 0 0 0 1 0 0 1 0 -1 0 -1 -1 0 0 0 0 1
0 8879
-2 0 1 0 -1 0 1 0 0 0 0 0 1 0 2 -1 1 -1 1 0 -2 0
2 -1 0 1 -1 1 -1 0 1 1 0 -2 -1 -1 0 0 0 1 -2 0 2 0
1 0 -1 0 0 0 1 0 -1 0 0 0 -2 0 -1 1 -1 1 -1 -1 1 0
-1 0 1 0 0 0 0 0 0 0 0 0 1 0 1 -1 0 -1 1 1 -1 0
1 -1 -1 -1 -1 0 0 1 0 -1 0 0 0 0 -1 1 0 1 0 1 1 0
-2 1 0 -1 1 -1 0 -1 0 -1 0 2 1 0 -1 -1 -1 -1 1 -1 -1 0
2 -2 -1 0 -1 0 0 2 0 0 0 -1 -1 -1 0 1 1 1 -1 1 1 0
1 0 0 0 0 0 -1 0 1 0 0 0 0 0 -1 0 -1 1 -1 0 1 0
0 0 0 0 0 0 -1 0 0 0 0 -1 0 0 1 0 1 0 0 0 0 0
1 0 0 0 0 0 -1 0 1 0 0 0 0 0 -1 0 0 1 0 0 1 0
2 -1 -1 -1 -1 0 -1 1 1 0 -1 -1 0 -1 -1 0 0 2 -1 0 2 0
-3 2 1 1 1 0 1 -2 -1 0 1 1 0 1 1 -1 0 -2 1 -1 -3 0
1 -1 0 -1 -1 0 0 1 1 0 -1 0 1 -1 0 0 0 1 0 1 1 0
-1 1 1 1 0 0 1 0 -1 0 0 0 0 1 1 1 1 -1 1 0 -2 0
-2 1 1 0 0 0 0 -1 0 0 0 0 1 1 1 -1 0 -1 1 0 -2 0
1 0 -1 -1 0 0 -1 0 0 0 0 0 0 0 -1 0 0 1 0 0 1 0
0 0 0 1 0 0 1 0 -1 0 0 0 -1 0 0 1 0 0 0 0 0 0
1 -1 -1 -1 -1 0 0 1 0 0 0 0 0 0 -1 0 0 1 0 1 1 0
-1 0 0 -1 0 -1 -1 0 0 -1 0 0 1 0 0 -1 0 -1 1 0 -1 0
1 0 0 1 0 1 0 0 0 0 0 -1 -1 0 0 1 0 0 -1 0 1 0
1 0 0 1 0 0 0 0 -1 0 0 -1 -1 0 0 1 0 0 -1 0 0 0
1 -1 -1 0 0 0 0 1 0 0 0 0 0 0 -1 1 1 1 0 1 1 -1
0 9058
-2 1 1 0 2 -1 0 -1 1 0 -1 1 0 0 0 -1 -2 -1 1 -1 -1 0
0 0 1 0 0 0 0 0 0 1 -1 0 1 0 1 -1 0 1 0 0 1 0
2 -2 -2 0 -1 0 0 2 -1 1 2 0 -1 0 -1 0 2 1 -1 1 0 0
-1 1 1 0 1 0 0 -1 1 -1 -1 0 0 0 0 0 -2 -1 0 -1 0 0
1 0 -1 0 0 0 0 1 -1 0 0 0 0 0 0 1 1 0 -1 0 0 0
0 0 -1 0 1 0 0 -1 0 0 1 0 -1 -1 0 0 0 -1 -1 -1 0 0
0 0 0 0 0 0 0 1 0 0 0 1 1 1 0 0 0 1 0 1 0 0
1 0 0 0 -1 1 0 0 0 1 0 -1 0 0 1 0 1 1 -1 0 1 0
-1 1 1 0 0 0 0 -1 0 0 -1 0 1 1 0 0 -1 0 1 0 0 0
0 0 0 0 -1 0 0 0 -1 0 0 -1 0 0 1 0 1 0 0 0 0 0
1 -1 0 0 -1 0 0 1 0 1 0 0 1 0 1 0 1 1 -1 1 1 0
-1 0 0 0 1 0 0 -1 1 0 0 0 -1 -1 -1 -1 -1 -1 1 -1 0 0
0 0 0 0 0 0 0 0 0 0 0 0 0 0 1 0 0 0 -1 0 0 0
0 0 0 0 0 0 0 0 0 0 0 0 -1 0 -1 0 -1 0 1 0 0 0
-1 1 1 0 1 0 0 -1 1 0 -1 0 0 0 0 0 -1 -1 1 -1 0 0
0 0 0 0 -1 0 0 0 0 0 0 0 1 0 0 0 1 0 0 0 0 0
1 -1 -1 0 0 0 0 1 -1 0 1 0 -1 0 -1 0 0 0 0 1 0 0
1 0 0 1 0 0 0 1 0 0 0 0 0 0 0 1 1 0 -1 0 0 0
-1 1 1 0 1 0 0 -1 1 0 -1 0 1 0 1 0 -1 -1 0 -1 0 0
0 0 0 0 0 0 0 0 -1 0 0 0 0 0 0 0 0 0 0 0 0 0
1 -1 0 0 -1 1 1 1 0 1 0 0 0 0 0 0 0 1 0 1 1 0
1 0 0 0 -1 0 0 1 -1 -1 0 0 0 0 0 1 0 0 0 1 0 1
0 9491
2 0 1 2 1 1 1 1 0 1 -1 0 -1 -1 0 2 0 0 -1 -1 2 0
-1 0 -1 -3 0 -1 -2 -1 1 -1 -1 0 1 -1 -1 -2 0 1 1 -1 0 0
0 -1 -1 -2 -1 -2 -2 1 0 -2 0 0 1 -1 -1 -1 1 -1 1 1 -1 0
0 1 1 2 1 2 2 -1 0 2 0 0 -1 1 1 1 -1 0 -1 -1 1 0
0 0 -1 -1 0 -1 -1 1 0 -1 0 0 0 0 0 0 1 0 0 0 -1 0
1 0 1 2 0 0 1 0 -1 1 0 -1 -1 0 1 1 0 -1 -1 0 0 0
0 0 -1 -2 -1 0 -1 1 1 -1 -1 0 1 0 -1 0 1 1 1 0 0 0
-1 0 -1 -2 0 -1 -1 -1 0 -1 0 0 1 0 0 -1 0 0 0 0 -1 0
0 0 0 0 0 1 0 0 1 0 0 0 0 0 0 0 0 1 0 0 1 0
-1 0 -1 -1 0 -1 -1 -1 -1 -1 1 0 0 0 0 -1 0 0 0 0 -1 0
0 -1 -2 -3 -1 -1 -2 0 1 -1 0 0 1 -1 -1 -1 1 1 0 0 0 0
1 0 2 3 1 0 1 0 -1 1 0 0 -1 0 0 1 -1 -1 0 0 1 0
0 0 -1 -1 0 0 0 0 0 0 0 0 0 0 0 0 0 0 -1 -1 0 0
0 0 1 2 1 0 1 1 0 0 0 1 0 0 0 1 0 -1 0 0 0 0
1 0 1 2 1 1 1 0 0 1 0 0 -1 0 0 1 -1 0 -1 0 1 0
0 -1 -1 -1 -1 0 0 0 0 0 1 0 0 0 0 -1 0 1 0 1 0 0
0 0 0 0 0 -1 -1 1 0 -1 0 0 0 0 -1 0 1 -1 1 0 -1 0
0 0 -1 -1 0 0 0 0 0 0 0 0 0 0 0 0 0 0 0 0 0 0
1 0 0 1 0 1 1 0 0 1 0 0 -1 0 0 1 0 1 -1 0 1 0
-1 0 0 -1 0 -1 -1 0 0 -1 0 0 0 0 0 -1 0 0 1 0 -1 0
-1 0 0 -1 0 -1 -1 0 1 -1 0 1 1 0 -1 -1 0 0 1 0 -1 0
-1 0 -1 0 0 0 0 0 0 0 1 0 0 1 0 0 1 0 0 0 -1 -1
0 10511
2 -1 -1 0 -2 1 0 1 -1 0 1 -1 0 0 0 1 2 1 -1 1 1 0
0 0 -1 0 0 0 0 0 0 -1 1 0 -1 0 -1 1 0 -1 0 0 -1 0
-2 2 2 0 1 0 0 -2 1 -1 -2 0 1 0 1 0 -2 -1 1 -1 0 0
1 -1 -1 0 -1 0 0 1 -1 1 1 0 0 0 0 0 2 1 0 1 0 0
-1 0 1 0 0 0 0 -1 1 0 0 0 0 0 0 -1 -1 0 1 0 0 0
0 0 1 0 -1 0 0 1 0 0 -1 0 1 1 0 0 0 1 1 1 0 0
0 0 0 0 0 0 0 -1 0 0 0 -1 -1 -1 0 0 0 -1 0 -1 0 0
-1 0 0 0 1 -1 0 0 0 -1 0 1 0 0 -1 0 -1 -1 1 0 -1 0
1 -1 -1 0 0 0 0 1 0 0 1 0 -1 -1 0 0 1 0 -1 0 0 0
0 0 0 0 1 0 0 0 1 0 0 1 0 0 -1 0 -1 0 0 0 0 0
-1 1 0 0 1 0 0 -1 0 -1 0 0 -1 0 -1 0 -1 -1 1 -1 -1 0
1 0 0 0 -1 0 0 1 -1 0 0 0 1 1 1 1 1 1 -1 1 0 0
0 0 0 0 0 0 0 0 0 0 0 0 0 0 -1 0 0 0 1 0 0 0
0 0 0 0 0 0 0 0 0 0 0 0 1 0 1 0 1 0 -1 0 0 0
1 -1 -1 0 -1 0 0 1 -1 0 1 0 0 0 0 0 1 1 -1 1 0 0
0 0 0 0 1 0 0 0 0 0 0 0 -1 0 0 0 -1 0 0 0 0 0
-1 1 1 0 0 0 0 -1 1 0 -1 0 1 0 1 0 0 0 0 -1 0 0
-1 0 0 -1 0 0 0 -1 0 0 0 0 0 0 0 -1 -1 0 1 0 0 0
1 -1 -1 0 -1 0 0 1 -1 0 1 0 -1 0 -1 0 1 1 0 1 0 0
0 0 0 0 0 0 0 0 1 0 0 0 0 0 0 0 0 0 0 0 0 0
-1 1 0 0 1 -1 -1 -1 0 -1 0 0 0 0 0 0 0 -1 0 -1 -1 0
-1 0 0 0 1 0 0 -1 1 1 0 0 0 0 0 -1 0 0 0 -1 0 -1
0 10860
1 -1 0 0 0 -1 0 1 0 0 0 0 0 -1 -1 1 1 -2 0 -1 -1 0
1 -1 0 0 -2 2 1 0 1 2 0 -1 0 0 1 0 1 3 0 1 2 0
0 0 1 0 -1 2 1 0 2 1 -1 0 0 0 0 -2 -2 2 0 1 2 0
0 0 -1 0 1 -2 -1 0 -2 -1 1 0 -1 0 -1 1 1 -2 0 -1 -2 0
0 0 0 0 -1 1 0 0 1 0 0 0 0 0 0 0 0 1 0 1 1 0
-1 0 0 0 1 -1 1 0 -1 -1 0 1 0 0 0 0 -1 -2 0 0 -1 0
1 0 0 0 -2 2 0 0 1 1 0 -1 0 0 0 0 1 2 0 1 1 0
0 0 0 0 -1 1 1 0 0 1 0 0 0 1 1 0 0 2 0 1 1 0
1 0 0 0 0 0 -1 0 0 0 0 -1 0 0 0 1 1 0 0 0 0 0
0 0 0 0 0 0 0 0 0 0 0 0 0 0 1 0 0 1 0 0 1 0
1 0 0 0 -2 2 1 0 1 2 -1 -1 0 0 1 0 1 3 0 1 2 0
0 -1 0 0 2 -2 0 1 -1 -1 0 1 0 -1 -1 0 -1 -3 0 -1 -1 0
0 0 -1 -1 -1 0 0 0 0 0 0 0 0 0 0 0 1 1 0 0 0 0
0 0 0 0 1 -1 -1 1 0 -1 0 0 0 0 -1 0 0 -2 0 -1 -1 0
0 0 0 0 1 -1 0 0 -1 0 0 0 0 0 0 1 0 -2 0 -1 -1 0
0 0 0 0 0 0 0 0 0 0 0 0 0 0 1 0 0 1 0 1 0 0
0 0 0 0 0 1 0 0 1 0 0 0 0 0 -1 -1 -1 0 0 0 1 0
0 0 0 0 -1 0 0 0 0 0 0 0 0 0 0 0 0 1 0 1 0 0
0 0 0 0 0 -1 0 0 -1 0 0 0 0 0 0 1 1 -1 1 0 -1 0
0 0 0 0 0 1 0 0 1 0 0 0 0 0 0 0 0 1 0 0 1 0
0 0 0 0 0 1 0 0 1 1 0 0 0 0 0 -1 0 1 0 0 1 0
0 1 0 0 0 0 -1 0 0 -1 0 0 0 0 0 0 0 0 0 0 0 1
1 0
1 0 0 0 0 0 0 0 0 0 0 0 0 0 0 0 0 0 0 0 0 0
0 1 0 0 0 0 0 0 0 0 0 0 0 0 0 0 0 0 0 0 0 0
0 0 1 0 0 0 0 0 0 0 0 0 0 0 0 0 0 0 0 0 0 0
0 0 0 1 0 0 0 0 0 0 0 0 0 0 0 0 0 0 0 0 0 0
0 0 0 0 1 0 0 0 0 0 0 0 0 0 0 0 0 0 0 0 0 0
0 0 0 0 0 1 0 0 0 0 0 0 0 0 0 0 0 0 0 0 0 0
0 0 0 0 0 0 1 0 0 0 0 0 0 0 0 0 0 0 0 0 0 0
0 0 0 0 0 0 0 1 0 0 0 0 0 0 0 0 0 0 0 0 0 0
0 0 0 0 0 0 0 0 1 0 0 0 0 0 0 0 0 0 0 0 0 0
0 0 0 0 0 0 0 0 0 1 0 0 0 0 0 0 0 0 0 0 0 0
0 0 0 0 0 0 0 0 0 0 1 0 0 0 0 0 0 0 0 0 0 0
0 0 0 0 0 0 0 0 0 0 0 1 0 0 0 0 0 0 0 0 0 0
0 0 0 0 0 0 0 0 0 0 0 0 1 0 0 0 0 0 0 0 0 0
0 0 0 0 0 0 0 0 0 0 0 0 0 1 0 0 0 0 0 0 0 0
0 0 0 0 0 0 0 0 0 0 0 0 0 0 1 0 0 0 0 0 0 0
0 0 0 0 0 0 0 0 0 0 0 0 0 0 0 1 0 0 0 0 0 0
0 0 0 0 0 0 0 0 0 0 0 0 0 0 0 0 1 0 0 0 0 0
0 0 0 0 0 0 0 0 0 0 0 0 0 0 0 0 0 1 0 0 0 0
0 0 0 0 0 0 0 0 0 0 0 0 0 0 0 0 0 0 1 0 0 0
0 0 0 0 0 0 0 0 0 0 0 0 0 0 0 0 0 0 0 1 0 0
0 0 0 0 0 0 0 0 0 0 0 0 0 0 0 0 0 0 0 0 1 0
0 0 0 0 0 0 0 0 0 0 0 0 0 0 0 0 0 0 0 0 0 1
1 8
0 1 -2 -2 -1 0 -1 -1 -2 -2 0 -1 0 1 -1 0 0 1 0 1 0 0
0 -1 0 0 1 -2 0 2 1 -1 1 2 0 0 0 0 0 0 0 0 -1 0
0 -1 1 2 2 0 1 2 2 1 0 3 1 -2 0 0 1 0 0 0 0 0
0 1 -1 -2 -1 0 -1 -2 -2 -1 0 -2 -1 1 0 0 -1 0 0 0 0 0
0 0 1 1 1 0 0 0 1 1 0 1 1 0 0 0 0 0 0 0 0 0
0 0 0 0 -1 1 0 -1 -1 0 0 -1 0 0 0 0 0 0 0 0 1 0
0 0 0 0 1 -1 0 1 1 0 0 2 1 0 -1 0 0 0 0 0 -1 0
0 -1 1 1 0 0 1 1 1 1 1 1 0 0 1 0 0 0 0 0 0 0
0 0 -1 -1 0 -1 -1 0 0 -1 0 0 0 0 -1 0 0 0 0 0 0 0
0 -1 1 1 0 0 1 1 1 1 0 0 0 0 1 0 0 0 0 0 0 0
0 -1 1 1 1 -1 0 2 2 0 1 2 1 0 0 0 0 0 0 0 -1 0
0 1 -1 -1 -1 1 0 -1 -2 -1 -1 -2 -1 0 0 0 0 0 0 0 1 0
0 0 0 0 0 0 0 0 0 0 1 0 0 1 0 0 0 0 0 0 -1 0
0 1 -1 -1 0 1 0 -1 -1 0 -1 -1 0 0 0 0 0 0 0 0 1 0
0 1 -1 -1 -1 0 -1 -1 -2 -1 0 -2 -1 1 0 0 0 0 0 0 0 0
0 0 1 1 0 0 0 0 1 1 0 0 0 0 0 0 0 0 0 -1 0 0
0 0 0 0 1 0 0 1 1 0 -1 1 1 -1 0 0 1 0 0 0 0 0
1 0 1 1 0 0 0 0 0 1 0 0 0 0 0 1 0 0 0 0 0 0
0 1 0 -1 -1 0 -1 -1 -1 -1 0 -1 0 1 0 0 -1 0 0 0 0 1
0 -1 0 0 1 -1 0 1 1 0 0 1 0 -1 0 -1 0 0 0 0 0 0
0 0 0 0 1 0 0 1 1 0 0 1 0 0 0 0 0 0 0 0 0 0
0 0 1 0 0 0 0 0 1 1 -1 0 1 0 0 0 0 0 1 0 0 0
1 929
1 -1 -1 1 1 0 0 0 0 1 2 0 -2 0 0 1 1 0 -2 -1 0 -2
1 -1 0 0 -2 0 0 1 0 -1 0 0 0 0 -2 0 -1 1 0 2 1 0
-2 2 2 0 1 0 0 -1 1 -1 -2 0 2 0 0 -2 -2 -2 1 -1 -1 1
1 -1 -2 0 0 0 0 0 -1 1 2 0 -2 0 0 1 2 1 -1 0 0 -1
-1 0 0 0 1 0 0 0 0 -1 0 0 0 0 0 -1 -1 -1 0 0 0 0
-1 1 0 0 1 0 0 -1 0 0 0 0 1 1 1 1 1 -1 0 -1 -1 0
0 0 0 0 0 0 0 1 0 -1 0 0 -1 0 -1 -1 -1 0 0 0 0 0
0 0 0 -1 -1 0 0 0 0 -1 -1 0 1 0 -1 0 -1 0 1 1 1 1
1 -1 0 0 -1 0 0 1 0 0 1 0 -1 0 0 0 0 1 0 1 0 0
0 0 1 0 -1 0 0 0 0 0 -1 0 1 0 0 0 -1 0 1 1 1 1
0 0 0 -1 -1 0 -1 1 1 -2 -1 0 1 0 -2 -1 -1 0 1 1 1 1
0 0 0 1 1 0 1 -1 0 2 1 1 0 0 1 1 1 0 -1 -1 -1 -1
0 0 -1 -1 0 0 -1 0 0 -1 0 0 0 0 -1 0 0 0 0 0 1 0
0 0 0 1 1 1 1 -1 0 2 1 0 -1 0 1 0 0 0 -1 -1 0 -1
1 -1 -1 0 0 0 0 0 0 1 1 0 -1 0 0 1 1 1 -1 0 0 -1
0 0 0 -1 -1 0 0 1 0 -1 -1 0 1 0 0 0 0 0 1 1 0 1
-1 1 1 1 1 0 0 -1 0 0 0 0 0 0 0 -1 -1 -1 0 -1 -1 0
-1 0 -1 -1 0 0 0 0 0 -1 0 0 0 0 0 -1 0 0 0 0 0 0
1 -1 -1 0 0 0 0 1 0 0 1 0 -1 0 0 1 1 0 -1 0 0 0
0 0 1 1 0 0 0 0 0 0 0 0 0 0 0 0 -1 0 0 1 0 0
0 0 0 0 0 0 0 0 0 0 0 0 0 0 -1 -1 -1 0 0 0 0 0
-1 0 0 0 0 0 0 0 0 0 0 0 0 0 0 -1 0 0 1 0 0 0
1 1221
0 -1 2 2 1 0 1 1 2 2 0 1 0 -1 1 0 0 -1 0 -1 0 0
0 1 0 0 -1 2 0 -2 -1 1 -1 -2 0 0 0 0 0 0 0 0 1 0
0 1 -1 -2 -2 0 -1 -2 -2 -1 0 -3 -1 2 0 0 -1 0 0 0 0 0
0 -1 1 2 1 0 1 2 2 1 0 2 1 -1 0 0 1 0 0 0 0 0
0 0 -1 -1 -1 0 0 0 -1 -1 0 -1 -1 0 0 0 0 0 0 0 0 0
0 0 0 0 1 -1 0 1 1 0 0 1 0 0 0 0 0 0 0 0 -1 0
0 0 0 0 -1 1 0 -1 -1 0 0 -2 -1 0 1 0 0 0 0 0 1 0
0 1 -1 -1 0 0 -1 -1 -1 -1 -1 -1 0 0 -1 0 0 0 0 0 0 0
0 0 1 1 0 1 1 0 0 1 0 0 0 0 1 0 0 0 0 0 0 0
0 1 -1 -1 0 0 -1 -1 -1 -1 0 0 0 0 -1 0 0 0 0 0 0 0
0 1 -1 -1 -1 1 0 -2 -2 0 -1 -2 -1 0 0 0 0 0 0 0 1 0
0 -1 1 1 1 -1 0 1 2 1 1 2 1 0 0 0 0 0 0 0 -1 0
0 0 0 0 0 0 0 0 0 0 -1 0 0 -1 0 0 0 0 0 0 1 0
0 -1 1 1 0 -1 0 1 1 0 1 1 0 0 0 0 0 0 0 0 -1 0
0 -1 1 1 1 0 1 1 2 1 0 2 1 -1 0 0 0 0 0 0 0 0
0 0 -1 -1 0 0 0 0 -1 -1 0 0 0 0 0 0 0 0 0 1 0 0
0 0 0 0 -1 0 0 -1 -1 0 1 -1 -1 1 0 0 -1 0 0 0 0 0
-1 0 -1 -1 0 0 0 0 0 -1 0 0 0 0 0 -1 0 0 0 0 0 0
0 -1 0 1 1 0 1 1 1 1 0 1 0 -1 0 0 1 0 0 0 0 -1
0 1 0 0 -1 1 0 -1 -1 0 0 -1 0 1 0 1 0 0 0 0 0 0
0 0 0 0 -1 0 0 -1 -1 0 0 -1 0 0 0 0 0 0 0 0 0 0
0 0 -1 0 0 0 0 0 -1 -1 1 0 -1 0 0 0 0 0 -1 0 0 0
1 1741
-1 1 0 0 0 1 0 -1 0 0 0 0 0 1 1 -1 -1 2 0 1 1 0
-1 1 0 0 2 -2 -1 0 -1 -2 0 1 0 0 -1 0 -1 -3 0 -1 -2 0
0 0 -1 0 1 -2 -1 0 -2 -1 1 0 0 0 0 2 2 -2 0 -1 -2 0
0 0 1 0 -1 2 1 0 2 1 -1 0 1 0 1 -1 -1 2 0 1 2 0
0 0 0 0 1 -1 0 0 -1 0 0 0 0 0 0 0 0 -1 0 -1 -1 0
1 0 0 0 -1 1 -1 0 1 1 0 -1 0 0 0 0 1 2 0 0 1 0
-1 0 0 0 2 -2 0 0 -1 -1 0 1 0 0 0 0 -1 -2 0 -1 -1 0
0 0 0 0 1 -1 -1 0 0 -1 0 0 0 -1 -1 0 0 -2 0 -1 -1 0
-1 0 0 0 0 0 1 0 0 0 0 1 0 0 0 -1 -1 0 0 0 0 0
0 0 0 0 0 0 0 0 0 0 0 0 0 0 -1 0 0 -1 0 0 -1 0
-1 0 0 0 2 -2 -1 0 -1 -2 1 1 0 0 -1 0 -1 -3 0 -1 -2 0
0 1 0 0 -2 2 0 -1 1 1 0 -1 0 1 1 0 1 3 0 1 1 0
0 0 1 1 1 0 0 0 0 0 0 0 0 0 0 0 -1 -1 0 0 0 0
0 0 0 0 -1 1 1 -1 0 1 0 0 0 0 1 0 0 2 0 1 1 0
0 0 0 0 -1 1 0 0 1 0 0 0 0 0 0 -1 0 2 0 1 1 0
0 0 0 0 0 0 0 0 0 0 0 0 0 0 -1 0 0 -1 0 -1 0 0
0 0 0 0 0 -1 0 0 -1 0 0 0 0 0 1 1 1 0 0 0 -1 0
0 0 0 0 1 0 0 0 0 0 0 0 0 0 0 0 0 -1 0 -1 0 0
0 0 0 0 0 1 0 0 1 0 0 0 0 0 0 -1 -1 1 -1 0 1 0
0 0 0 0 0 -1 0 0 -1 0 0 0 0 0 0 0 0 -1 0 0 -1 0
0 0 0 0 0 -1 0 0 -1 -1 0 0 0 0 0 1 0 -1 0 0 -1 0
0 -1 0 0 0 0 1 0 0 1 0 0 0 0 0 0 0 0 0 0 0 -1
1 2589
-1 0 0 0 0 0 0 0 0 0 0 0 0 0 0 0 0 0 0 0 0 0
0 -1 0 0 0 0 0 0 0 0 0 0 0 0 0 0 0 0 0 0 0 0
0 0 -1 0 0 0 0 0 0 0 0 0 0 0 0 0 0 0 0 0 0 0
0 0 0 -1 0 0 0 0 0 0 0 0 0 0 0 0 0 0 0 0 0 0
0 0 0 0 -1 0 0 0 0 0 0 0 0 0 0 0 0 0 0 0 0 0
0 0 0 0 0 -1 0 0 0 0 0 0 0 0 0 0 0 0 0 0 0 0
0 0 0 0 0 0 -1 0 0 0 0 0 0 0 0 0 0 0 0 0 0 0
0 0 0 0 0 0 0 -1 0 0 0 0 0 0 0 0 0 0 0 0 0 0
0 0 0 0 0 0 0 0 -1 0 0 0 0 0 0 0 0 0 0 0 0 0
0 0 0 0 0 0 0 0 0 -1 0 0 0 0 0 0 0 0 0 0 0 0
0 0 0 0 0 0 0 0 0 0 -1 0 0 0 0 0 0 0 0 0 0 0
0 0 0 0 0 0 0 0 0 0 0 -1 0 0 0 0 0 0 0 0 0 0
0 0 0 0 0 0 0 0 0 0 0 0 -1 0 0 0 0 0 0 0 0 0
0 0 0 0 0 0 0 0 0 0 0 0 0 -1 0 0 0 0 0 0 0 0
0 0 0 0 0 0 0 0 0 0 0 0 0 0 -1 0 0 0 0 0 0 0
0 0 0 0 0 0 0 0 0 0 0 0 0 0 0 -1 0 0 0 0 0 0
0 0 0 0 0 0 0 0 0 0 0 0 0 0 0 0 -1 0 0 0 0 0
0 0 0 0 0 0 0 0 0 0 0 0 0 0 0 0 0 -1 0 0 0 0
0 0 0 0 0 0 0 0 0 0 0 0 0 0 0 0 0 0 -1 0 0 0
0 0 0 0 0 0 0 0 0 0 0 0 0 0 0 0 0 0 0 -1 0 0
0 0 0 0 0 0 0 0 0 0 0 0 0 0 0 0 0 0 0 0 -1 0
0 0 0 0 0 0 0 0 0 0 0 0 0 0 0 0 0 0 0 0 0 -1
1 3615
0 0 -1 1 0 1 0 0 0 0 0 -1 0 0 0 1 1 1 -2 0 1 -2
1 -2 -1 -1 0 0 1 1 1 0 1 2 -1 -2 -1 -1 -1 1 0 1 1 0
-2 0 -1 -1 2 -2 0 -1 -1 -2 2 3 0 0 -1 -1 -1 -2 1 0 -2 1
1 0 1 1 -1 1 0 1 1 1 -2 -2 1 0 1 1 1 1 -1 0 1 -1
-1 0 0 0 1 0 0 -1 0 0 1 1 0 0 0 -1 -1 -1 0 0 0 0
-1 2 0 0 1 0 -1 -1 0 0 -1 -1 1 1 0 0 1 -1 0 -2 -1 0
0 -1 0 0 0 0 1 0 0 0 1 2 0 -1 0 0 -1 0 0 1 1 0
0 0 0 -1 0 0 0 0 1 0 0 1 0 0 -1 -1 -1 0 1 0 0 1
1 -1 0 0 -1 0 0 1 0 0 0 0 0 -1 0 0 0 1 0 1 1 0
0 0 0 -1 0 0 0 0 0 0 0 0 -1 0 0 -1 -1 0 1 0 0 1
0 -1 -1 -2 0 0 0 0 1 -1 1 2 0 -1 -1 -1 -1 0 1 1 1 1
0 1 0 1 0 0 0 0 -1 0 -1 -2 0 1 0 1 1 0 -1 -1 -1 -1
0 0 0 0 0 1 0 0 1 0 0 0 0 0 0 0 0 0 0 0 1 0
0 0 0 1 0 0 0 0 -1 0 0 -1 0 1 0 1 0 0 -1 0 0 -1
1 0 0 1 -1 1 0 0 0 1 -1 -2 0 0 0 1 1 1 -1 0 1 -1
0 0 0 -1 -1 0 0 0 0 0 0 0 0 0 0 -1 0 0 1 0 0 1
-1 0 0 0 1 -1 0 -1 -1 -1 1 1 0 0 0 0 -1 -1 0 0 -1 0
0 0 0 0 0 0 0 0 0 0 0 0 0 0 0 0 0 -1 0 0 0 0
0 0 0 0 -1 1 0 0 1 1 -1 -1 1 0 0 0 1 1 0 0 1 -1
0 -1 0 0 1 -1 0 0 0 0 1 1 -1 -1 0 -1 -1 0 0 0 0 0
0 -1 0 0 0 0 1 0 0 0 1 1 0 0 0 0 -1 0 0 1 0 0
0 0 1 0 0 0 0 0 0 0 0 0 0 0 1 0 -1 -1 0 0 0 1
1 4144
2 -2 0 2 1 0 1 1 0 2 0 -1 -1 -1 0 1 0 -1 -2 0 1 -2
0 0 0 0 0 0 0 1 1 0 0 1 0 0 -1 -1 1 2 0 0 -1 0
-1 1 0 -2 -2 1 -1 -2 0 -1 0 -1 0 1 0 -1 0 1 1 0 0 1
1 -1 0 2 1 0 1 1 0 1 0 0 0 -1 0 1 0 -1 -1 0 1 -1
-1 1 0 0 0 1 0 -1 0 0 0 0 0 1 0 0 0 0 0 0 0 0
0 0 -1 -1 0 0 -1 0 0 -1 0 -1 0 0 0 0 0 -1 0 0 0 0
0 0 1 1 -1 1 1 0 0 1 0 0 0 1 0 0 0 1 0 1 0 0
-1 1 0 -1 0 0 -1 0 1 -1 0 1 1 0 0 -1 1 1 1 0 -1 1
1 0 1 1 0 0 1 1 0 1 -1 0 0 0 0 1 0 0 0 0 0 0
-1 1 0 -1 1 -1 -1 0 0 -1 0 1 0 0 0 -1 0 0 1 -1 -1 1
-1 1 0 -1 0 0 -1 0 1 -1 0 1 1 1 -1 -1 1 1 1 0 -1 1
2 -2 -1 0 0 -1 0 1 -1 0 0 -1 -1 -2 0 1 0 -1 -1 0 1 -1
-1 0 0 0 1 0 0 0 1 0 0 1 1 0 0 -1 0 0 0 0 0 0
1 -1 0 1 0 0 1 0 -1 1 0 -1 -1 -1 1 1 0 -1 -1 0 1 -1
1 -1 0 1 1 -1 0 1 0 0 0 0 0 -1 0 1 0 -1 -1 0 0 -1
-1 1 0 -1 0 0 0 0 0 -1 0 1 1 1 0 0 0 0 1 0 -1 1
0 0 0 0 -1 0 0 -1 -1 0 0 -1 -1 0 0 0 0 0 0 0 0 0
-1 1 0 0 0 1 0 -1 0 0 0 0 1 1 0 0 0 0 0 0 0 0
1 0 0 1 1 0 0 1 0 0 0 0 0 0 0 1 0 -1 -1 0 0 0
0 0 0 0 0 0 0 0 0 0 0 0 -1 0 0 0 0 1 0 0 0 0
0 0 0 0 -1 0 0 0 0 0 0 0 0 0 0 0 1 1 0 0 0 0
-1 1 0 0 0 0 0 -1 -1 0 0 0 0 1 0 0 0 0 1 0 0 0
1 5048
0 0 1 -1 0 -1 0 0 0 0 0 1 0 0 0 -1 -1 -1 2 0 -1 2
-1 2 1 1 0 0 -1 -1 -1 0 -1 -2 1 2 1 1 1 -1 0 -1 -1 0
2 0 1 1 -2 2 0 1 1 2 -2 -3 0 0 1 1 1 2 -1 0 2 -1
-1 0 -1 -1 1 -1 0 -1 -1 -1 2 2 -1 0 -1 -1 -1 -1 1 0 -1 1
1 0 0 0 -1 0 0 1 0 0 -1 -1 0 0 0 1 1 1 0 0 0 0
1 -2 0 0 -1 0 1 1 0 0 1 1 -1 -1 0 0 -1 1 0 2 1 0
0 1 0 0 0 0 -1 0 0 0 -1 -2 0 1 0 0 1 0 0 -1 -1 0
0 0 0 1 0 0 0 0 -1 0 0 -1 0 0 1 1 1 0 -1 0 0 -1
-1 1 0 0 1 0 0 -1 0 0 0 0 0 1 0 0 0 -1 0 -1 -1 0
0 0 0 1 0 0 0 0 0 0 0 0 1 0 0 1 1 0 -1 0 0 -1
0 1 1 2 0 0 0 0 -1 1 -1 -2 0 1 1 1 1 0 -1 -1 -1 -1
0 -1 0 -1 0 0 0 0 1 0 1 2 0 -1 0 -1 -1 0 1 1 1 1
0 0 0 0 0 -1 0 0 -1 0 0 0 0 0 0 0 0 0 0 0 -1 0
0 0 0 -1 0 0 0 0 1 0 0 1 0 -1 0 -1 0 0 1 0 0 1
-1 0 0 -1 1 -1 0 0 0 -1 1 2 0 0 0 -1 -1 -1 1 0 -1 1
0 0 0 1 1 0 0 0 0 0 0 0 0 0 0 1 0 0 -1 0 0 -1
1 0 0 0 -1 1 0 1 1 1 -1 -1 0 0 0 0 1 1 0 0 1 0
0 0 0 0 0 0 0 0 0 0 0 0 0 0 0 0 0 1 0 0 0 0
0 0 0 0 1 -1 0 0 -1 -1 1 1 -1 0 0 0 -1 -1 0 0 -1 1
0 1 0 0 -1 1 0 0 0 0 -1 -1 1 1 0 1 1 0 0 0 0 0
0 1 0 0 0 0 -1 0 0 0 -1 -1 0 0 0 0 1 0 0 -1 0 0
0 0 -1 0 0 0 0 0 0 0 0 0 0 0 -1 0 1 1 0 0 0 -1
1 5746
2 0 0 0 1 -1 -1 0 -2 0 0 -1 -2 0 0 1 -1 -1 0 0 1 0
-3 1 0 0 1 0 1 -2 0 -1 1 1 0 0 1 -2 -1 -1 0 -1 -1 0
-2 2 2 1 0 1 0 -1 2 1 -1 -1 2 1 2 -1 1 0 0 -2 -2 0
2 -1 -2 -1 0 -1 -1 1 -2 -1 1 0 -2 0 -2 1 0 0 0 1 1 0
-1 1 1 1 0 1 1 -1 0 1 0 0 1 1 1 0 0 0 0 0 -1 0
2 -1 0 0 -1 0 -1 1 0 0 0 -1 0 0 0 2 1 1 0 1 1 0
-2 2 1 1 1 1 1 -2 0 1 0 0 0 1 1 -1 -1 -1 0 -1 -1 0
-2 0 0 0 0 0 0 -1 1 -1 1 1 1 0 0 -1 0 0 0 0 -1 0
0 0 0 0 0 0 1 0 -1 0 0 0 -1 0 0 0 -1 -1 0 0 0 0
-1 -1 0 0 0 0 1 0 1 0 0 1 1 -1 0 -1 0 0 0 0 0 0
-3 1 1 1 1 1 1 -2 1 0 1 1 1 0 1 -2 -1 -1 0 -1 -1 0
3 -1 -1 -1 0 -2 -2 2 -1 -1 -1 -1 -1 -1 -1 2 1 0 0 0 1 0
-1 0 0 0 1 0 0 -1 0 0 1 1 0 0 0 -1 -1 0 0 0 0 0
2 0 0 0 0 -1 -1 1 -1 0 -1 -1 -1 0 -1 1 0 0 0 0 0 0
2 -1 -1 -1 0 -1 -1 1 -1 -1 0 0 -1 -1 -1 1 0 0 0 1 1 0
-1 0 0 0 0 1 1 0 1 0 0 1 1 0 0 0 0 0 0 0 0 0
0 1 1 1 0 0 0 0 0 1 -1 -1 0 0 1 0 1 0 0 -1 -1 0
-1 1 0 0 0 1 0 -1 0 0 0 0 1 1 0 0 0 0 0 0 0 0
1 -1 -1 0 0 0 0 0 -1 0 1 0 -1 0 -1 1 0 0 0 1 1 -1
-1 0 0 0 0 0 1 0 0 0 0 0 0 0 1 -1 0 0 0 0 -1 0
-1 1 0 0 0 0 0 -1 0 0 0 0 0 0 0 -1 0 0 0 -1 -1 0
0 0 0 1 0 1 1 0 0 1 0 0 0 0 0 0 0 0 -1 0 0 0
1 5924
-1 1 1 -1 -1 0 0 0 0 -1 -2 0 2 0 0 -1 -1 0 2 1 0 2
-1 1 0 0 2 0 0 -1 0 1 0 0 0 0 2 0 1 -1 0 -2 -1 0
2 -2 -2 0 -1 0 0 1 -1 1 2 0 -2 0 0 2 2 2 -1 1 1 -1
-1 1 2 0 0 0 0 0 1 -1 -2 0 2 0 0 -1 -2 -1 1 0 0 1
1 0 0 0 -1 0 0 0 0 1 0 0 0 0 0 1 1 1 0 0 0 0
1 -1 0 0 -1 0 0 1 0 0 0 0 -1 -1 -1 -1 -1 1 0 1 1 0
0 0 0 0 0 0 0 -1 0 1 0 0 1 0 1 1 1 0 0 0 0 0
0 0 0 1 1 0 0 0 0 1 1 0 -1 0 1 0 1 0 -1 -1 -1 -1
-1 1 0 0 1 0 0 -1 0 0 -1 0 1 0 0 0 0 -1 0 -1 0 0
0 0 -1 0 1 0 0 0 0 0 1 0 -1 0 0 0 1 0 -1 -1 -1 -1
0 0 0 1 1 0 1 -1 -1 2 1 0 -1 0 2 1 1 0 -1 -1 -1 -1
0 0 0 -1 -1 0 -1 1 0 -2 -1 -1 0 0 -1 -1 -1 0 1 1 1 1
0 0 1 1 0 0 1 0 0 1 0 0 0 0 1 0 0 0 0 0 -1 0
0 0 0 -1 -1 -1 -1 1 0 -2 -1 0 1 0 -1 0 0 0 1 1 0 1
-1 1 1 0 0 0 0 0 0 -1 -1 0 1 0 0 -1 -1 -1 1 0 0 1
0 0 0 1 1 0 0 -1 0 1 1 0 -1 0 0 0 0 0 -1 -1 0 -1
1 -1 -1 -1 -1 0 0 1 0 0 0 0 0 0 0 1 1 1 0 1 1 0
1 0 1 1 0 0 0 0 0 1 0 0 0 0 0 1 0 0 0 0 0 0
-1 1 1 0 0 0 0 -1 0 0 -1 0 1 0 0 -1 -1 0 1 0 0 0
0 0 -1 -1 0 0 0 0 0 0 0 0 0 0 0 0 1 0 0 -1 0 0
0 0 0 0 0 0 0 0 0 0 0 0 0 0 1 1 1 0 0 0 0 0
1 0 0 0 0 0 0 0 0 0 0 0 0 0 0 1 0 0 -1 0 0 0
1 7532
-2 0 0 0 -1 1 1 0 2 0 0 1 2 0 0 -1 1 1 0 0 -1 0
3 -1 0 0 -1 0 -1 2 0 1 -1 -1 0 0 -1 2 1 1 0 1 1 0
2 -2 -2 -1 0 -1 0 1 -2 -1 1 1 -2 -1 -2 1 -1 0 0 2 2 0
-2 1 2 1 0 1 1 -1 2 1 -1 0 2 0 2 -1 0 0 0 -1 -1 0
1 -1 -1 -1 0 -1 -1 1 0 -1 0 0 -1 -1 -1 0 0 0 0 0 1 0
-2 1 0 0 1 0 1 -1 0 0 0 1 0 0 0 -2 -1 -1 0 -1 -1 0
2 -2 -1 -1 -1 -1 -1 2 0 -1 0 0 0 -1 -1 1 1 1 0 1 1 0
2 0 0 0 0 0 0 1 -1 1 -1 -1 -1 0 0 1 0 0 0 0 1 0
0 0 0 0 0 0 -1 0 1 0 0 0 1 0 0 0 1 1 0 0 0 0
1 1 0 0 0 0 -1 0 -1 0 0 -1 -1 1 0 1 0 0 0 0 0 0
3 -1 -1 -1 -1 -1 -1 2 -1 0 -1 -1 -1 0 -1 2 1 1 0 1 1 0
-3 1 1 1 0 2 2 -2 1 1 1 1 1 1 1 -2 -1 0 0 0 -1 0
1 0 0 0 -1 0 0 1 0 0 -1 -1 0 0 0 1 1 0 0 0 0 0
-2 0 0 0 0 1 1 -1 1 0 1 1 1 0 1 -1 0 0 0 0 0 0
-2 1 1 1 0 1 1 -1 1 1 0 0 1 1 1 -1 0 0 0 -1 -1 0
1 0 0 0 0 -1 -1 0 -1 0 0 -1 -1 0 0 0 0 0 0 0 0 0
0 -1 -1 -1 0 0 0 0 0 -1 1 1 0 0 -1 0 -1 0 0 1 1 0
1 -1 0 0 0 -1 0 1 0 0 0 0 -1 -1 0 0 0 0 0 0 0 0
-1 1 1 0 0 0 0 0 1 0 -1 0 1 0 1 -1 0 0 0 -1 -1 1
1 0 0 0 0 0 -1 0 0 0 0 0 0 0 -1 1 0 0 0 0 1 0
1 -1 0 0 0 0 0 1 0 0 0 0 0 0 0 1 0 0 0 1 1 0
0 0 0 -1 0 -1 -1 0 0 -1 0 0 0 0 0 0 0 0 1 0 0 0
1 7906
-1 -1 -2 0 0 1 1 -1 0 1 2 0 -1 1 0 -1 0 2 -2 1 0 -2
2 -1 1 1 0 0 1 1 0 1 -1 1 1 -2 0 2 1 0 0 1 1 0
1 0 0 0 0 0 -1 1 0 -1 -2 0 1 -2 -1 1 1 -1 1 0 1 1
-1 0 -1 -1 0 0 0 -1 0 0 2 0 -1 2 0 -1 -1 1 -1 0 -1 -1
0 0 0 0 1 0 0 0 0 0 -1 0 0 -1 0 0 0 -1 0 -1 1 0
-1 0 -1 -1 -1 0 -1 -1 0 -1 1 -1 0 1 0 -1 0 0 0 0 0 0
1 -1 0 0 1 0 1 1 0 1 -1 1 0 -2 0 0 0 0 0 0 1 0
1 0 1 0 0 -1 -1 1 0 -1 -1 0 1 -1 0 1 1 -1 1 0 0 1
0 0 0 0 0 0 1 0 0 1 0 1 0 0 0 0 0 1 0 0 0 0
0 1 2 1 0 0 0 0 0 0 -1 0 1 0 1 1 0 -1 1 0 0 1
1 0 1 0 1 0 0 1 1 0 -2 1 2 -2 0 1 1 -1 1 0 1 1
-1 0 -1 0 -2 1 0 -1 0 0 2 -1 -1 2 0 -1 0 2 -1 1 -1 -1
0 0 0 0 1 0 0 0 0 0 0 0 0 0 0 0 0 -1 0 0 0 0
-1 0 -1 0 0 0 0 0 0 0 1 0 -1 1 0 -1 0 1 -1 0 -1 -1
-1 0 -1 0 0 0 0 -1 0 0 2 0 -1 1 0 -1 0 1 -1 0 -1 -1
0 1 1 0 0 0 0 0 0 0 -1 0 1 0 0 0 0 -1 1 -1 0 1
0 0 0 0 0 0 0 0 0 0 -1 0 0 -1 0 0 0 0 0 0 0 0
0 0 0 0 1 0 0 0 0 0 0 0 0 0 0 0 0 -1 0 -1 0 0
-1 0 -1 -1 0 0 0 -1 0 0 1 0 0 1 0 -1 0 1 0 0 0 -1
1 0 1 1 0 0 0 0 0 1 -1 0 0 -1 0 1 0 0 0 0 1 0
1 0 0 0 0 0 0 1 0 0 -1 0 0 -1 0 1 1 0 0 0 0 0
0 1 1 0 1 0 0 0 0 0 -1 0 0 0 1 0 -1 -1 0 -1 0 1
1 10860
1 -1 0 0 0 -1 0 1 0 0 0 0 0 -1 -1 1 1 -2 0 -1 -1 0
1 -1 0 0 -2 2 1 0 1 2 0 -1 0 0 1 0 1 3 0 1 2 0
0 0 1 0 -1 2 1 0 2 1 -1 0 0 0 0 -2 -2 2 0 1 2 0
0 0 -1 0 1 -2 -1 0 -2 -1 1 0 -1 0 -1 1 1 -2 0 -1 -2 0
0 0 0 0 -1 1 0 0 1 0 0 0 0 0 0 0 0 1 0 1 1 0
-1 0 0 0 1 -1 1 0 -1 -1 0 1 0 0 0 0 -1 -2 0 0 -1 0
1 0 0 0 -2 2 0 0 1 1 0 -1 0 0 0 0 1 2 0 1 1 0
0 0 0 0 -1 1 1 0 0 1 0 0 0 1 1 0 0 2 0 1 1 0
1 0 0 0 0 0 -1 0 0 0 0 -1 0 0 0 1 1 0 0 0 0 0
0 0 0 0 0 0 0 0 0 0 0 0 0 0 1 0 0 1 0 0 1 0
1 0 0 0 -2 2 1 0 1 2 -1 -1 0 0 1 0 1 3 0 1 2 0
0 -1 0 0 2 -2 0 1 -1 -1 0 1 0 -1 -1 0 -1 -3 0 -1 -1 0
0 0 -1 -1 -1 0 0 0 0 0 0 0 0 0 0 0 1 1 0 0 0 0
0 0 0 0 1 -1 -1 1 0 -1 0 0 0 0 -1 0 0 -2 0 -1 -1 0
0 0 0 0 1 -1 0 0 -1 0 0 0 0 0 0 1 0 -2 0 -1 -1 0
0 0 0 0 0 0 0 0 0 0 0 0 0 0 1 0 0 1 0 1 0 0
0 0 0 0 0 1 0 0 1 0 0 0 0 0 -1 -1 -1 0 0 0 1 0
0 0 0 0 -1 0 0 0 0 0 0 0 0 0 0 0 0 1 0 1 0 0
0 0 0 0 0 -1 0 0 -1 0 0 0 0 0 0 1 1 -1 1 0 -1 0
0 0 0 0 0 1 0 0 1 0 0 0 0 0 0 0 0 1 0 0 1 0
0 0 0 0 0 1 0 0 1 1 0 0 0 0 0 -1 0 1 0 0 1 0
0 1 0 0 0 0 -1 0 0 -1 0 0 0 0 0 0 0 0 0 0 0 1
1 11609
-2 2 0 -2 -1 0 -1 -1 0 -2 0 1 1 1 0 -1 0 1 2 0 -1 2
0 0 0 0 0 0 0 -1 -1 0 0 -1 0 0 1 1 -1 -2 0 0 1 0
1 -1 0 2 2 -1 1 2 0 1 0 1 0 -1 0 1 0 -1 -1 0 0 -1
-1 1 0 -2 -1 0 -1 -1 0 -1 0 0 0 1 0 -1 0 1 1 0 -1 1
1 -1 0 0 0 -1 0 1 0 0 0 0 0 -1 0 0 0 0 0 0 0 0
0 0 1 1 0 0 1 0 0 1 0 1 0 0 0 0 0 1 0 0 0 0
0 0 -1 -1 1 -1 -1 0 0 -1 0 0 0 -1 0 0 0 -1 0 -1 0 0
1 -1 0 1 0 0 1 0 -1 1 0 -1 -1 0 0 1 -1 -1 -1 0 1 -1
-1 0 -1 -1 0 0 -1 -1 0 -1 1 0 0 0 0 -1 0 0 0 0 0 0
1 -1 0 1 -1 1 1 0 0 1 0 -1 0 0 0 1 0 0 -1 1 1 -1
1 -1 0 1 0 0 1 0 -1 1 0 -1 -1 -1 1 1 -1 -1 -1 0 1 -1
-2 2 1 0 0 1 0 -1 1 0 0 1 1 2 0 -1 0 1 1 0 -1 1
1 0 0 0 -1 0 0 0 -1 0 0 -1 -1 0 0 1 0 0 0 0 0 0
-1 1 0 -1 0 0 -1 0 1 -1 0 1 1 1 -1 -1 0 1 1 0 -1 1
-1 1 0 -1 -1 1 0 -1 0 0 0 0 0 1 0 -1 0 1 1 0 0 1
1 -1 0 1 0 0 0 0 0 1 0 -1 -1 -1 0 0 0 0 -1 0 1 -1
0 0 0 0 1 0 0 1 1 0 0 1 1 0 0 0 0 0 0 0 0 0
1 -1 0 0 0 -1 0 1 0 0 0 0 -1 -1 0 0 0 0 0 0 0 0
-1 0 0 -1 -1 0 0 -1 0 0 0 0 0 0 0 -1 0 1 1 0 0 0
0 0 0 0 0 0 0 0 0 0 0 0 1 0 0 0 0 -1 0 0 0 0
0 0 0 0 1 0 0 0 0 0 0 0 0 0 0 0 -1 -1 0 0 0 0
1 -1 0 0 0 0 0 1 1 0 0 0 0 -1 0 0 0 0 -1 0 0 0
1 12052
1 1 2 0 0 -1 -1 1 0 -1 -2 0 1 -1 0 1 0 -2 2 -1 0 2
-2 1 -1 -1 0 0 -1 -1 0 -1 1 -1 -1 2 0 -2 -1 0 0 -1 -1 0
-1 0 0 0 0 0 1 -1 0 1 2 0 -1 2 1 -1 -1 1 -1 0 -1 -1
1 0 1 1 0 0 0 1 0 0 -2 0 1 -2 0 1 1 -1 1 0 1 1
0 0 0 0 -1 0 0 0 0 0 1 0 0 1 0 0 0 1 0 1 -1 0
1 0 1 1 1 0 1 1 0 1 -1 1 0 -1 0 1 0 0 0 0 0 0
-1 1 0 0 -1 0 -1 -1 0 -1 1 -1 0 2 0 0 0 0 0 0 -1 0
-1 0 -1 0 0 1 1 -1 0 1 1 0 -1 1 0 -1 -1 1 -1 0 0 -1
0 0 0 0 0 0 -1 0 0 -1 0 -1 0 0 0 0 0 -1 0 0 0 0
0 -1 -2 -1 0 0 0 0 0 0 1 0 -1 0 -1 -1 0 1 -1 0 0 -1
-1 0 -1 0 -1 0 0 -1 -1 0 2 -1 -2 2 0 -1 -1 1 -1 0 -1 -1
1 0 1 0 2 -1 0 1 0 0 -2 1 1 -2 0 1 0 -2 1 -1 1 1
0 0 0 0 -1 0 0 0 0 0 0 0 0 0 0 0 0 1 0 0 0 0
1 0 1 0 0 0 0 0 0 0 -1 0 1 -1 0 1 0 -1 1 0 1 1
1 0 1 0 0 0 0 1 0 0 -2 0 1 -1 0 1 0 -1 1 0 1 1
0 -1 -1 0 0 0 0 0 0 0 1 0 -1 0 0 0 0 1 -1 1 0 -1
0 0 0 0 0 0 0 0 0 0 1 0 0 1 0 0 0 0 0 0 0 0
0 0 0 0 -1 0 0 0 0 0 0 0 0 0 0 0 0 1 0 1 0 0
1 0 1 1 0 0 0 1 0 0 -1 0 0 -1 0 1 0 -1 0 0 0 1
-1 0 -1 -1 0 0 0 0 0 -1 1 0 0 1 0 -1 0 0 0 0 -1 0
-1 0 0 0 0 0 0 -1 0 0 1 0 0 1 0 -1 -1 0 0 0 0 0
0 -1 -1 0 -1 0 0 0 0 0 1 0 0 0 -1 0 1 1 0 1 0 -1
2 0
1 0 0 0 0 0 0 0 0 0 0 0 0 0 0 0 0 0 0 0 0 0
0 1 0 0 0 0 0 0 0 0 0 0 0 0 0 0 0 0 0 0 0 0
0 0 1 0 0 0 0 0 0 0 0 0 0 0 0 0 0 0 0 0 0 0
0 0 0 1 0 0 0 0 0 0 0 0 0 0 0 0 0 0 0 0 0 0
0 0 0 0 1 0 0 0 0 0 0 0 0 0 0 0 0 0 0 0 0 0
0 0 0 0 0 1 0 0 0 0 0 0 0 0 0 0 0 0 0 0 0 0
0 0 0 0 0 0 1 0 0 0 0 0 0 0 0 0 0 0 0 0 0 0
0 0 0 0 0 0 0 1 0 0 0 0 0 0 0 0 0 0 0 0 0 0
0 0 0 0 0 0 0 0 1 0 0 0 0 0 0 0 0 0 0 0 0 0
0 0 0 0 0 0 0 0 0 1 0 0 0 0 0 0 0 0 0 0 0 0
0 0 0 0 0 0 0 0 0 0 1 0 0 0 0 0 0 0 0 0 0 0
0 0 0 0 0 0 0 0 0 0 0 1 0 0 0 0 0 0 0 0 0 0
0 0 0 0 0 0 0 0 0 0 0 0 1 0 0 0 0 0 0 0 0 0
0 0 0 0 0 0 0 0 0 0 0 0 0 1 0 0 0 0 0 0 0 0
0 0 0 0 0 0 0 0 0 0 0 0 0 0 1 0 0 0 0 0 0 0
0 0 0 0 0 0 0 0 0 0 0 0 0 0 0 1 0 0 0 0 0 0
0 0 0 0 0 0 0 0 0 0 0 0 0 0 0 0 1 0 0 0 0 0
0 0 0 0 0 0 0 0 0 0 0 0 0 0 0 0 0 1 0 0 0 0
0 0 0 0 0 0 0 0 0 0 0 0 0 0 0 0 0 0 1 0 0 0
0 0 0 0 0 0 0 0 0 0 0 0 0 0 0 0 0 0 0 1 0 0
0 0 0 0 0 0 0 0 0 0 0 0 0 0 0 0 0 0 0 0 1 0
0 0 0 0 0 0 0 0 0 0 0 0 0 0 0 0 0 0 0 0 0 1
2 2589
-1 0 0 0 0 0 0 0 0 0 0 0 0 0 0 0 0 0 0 0 0 0
0 -1 0 0 0 0 0 0 0 0 0 0 0 0 0 0 0 0 0 0 0 0
0 0 -1 0 0 0 0 0 0 0 0 0 0 0 0 0 0 0 0 0 0 0
0 0 0 -1 0 0 0 0 0 0 0 0 0 0 0 0 0 0 0 0 0 0
0 0 0 0 -1 0 0 0 0 0 0 0 0 0 0 0 0 0 0 0 0 0
0 0 0 0 0 -1 0 0 0 0 0 0 0 0 0 0 0 0 0 0 0 0
0 0 0 0 0 0 -1 0 0 0 0 0 0 0 0 0 0 0 0 0 0 0
0 0 0 0 0 0 0 -1 0 0 0 0 0 0 0 0 0 0 0 0 0 0
0 0 0 0 0 0 0 0 -1 0 0 0 0 0 0 0 0 0 0 0 0 0
0 0 0 0 0 0 0 0 0 -1 0 0 0 0 0 0 0 0 0 0 0 0
0 0 0 0 0 0 0 0 0 0 -1 0 0 0 0 0 0 0 0 0 0 0
0 0 0 0 0 0 0 0 0 0 0 -1 0 0 0 0 0 0 0 0 0 0
0 0 0 0 0 0 0 0 0 0 0 0 -1 0 0 0 0 0 0 0 0 0
0 0 0 0 0 0 0 0 0 0 0 0 0 -1 0 0 0 0 0 0 0 0
0 0 0 0 0 0 0 0 0 0 0 0 0 0 -1 0 0 0 0 0 0 0
0 0 0 0 0 0 0 0 0 0 0 0 0 0 0 -1 0 0 0 0 0 0
0 0 0 0 0 0 0 0 0 0 0 0 0 0 0 0 -1 0 0 0 0 0
0 0 0 0 0 0 0 0 0 0 0 0 0 0 0 0 0 -1 0 0 0 0
0 0 0 0 0 0 0 0 0 0 0 0 0 0 0 0 0 0 -1 0 0 0
0 0 0 0 0 0 0 0 0 0 0 0 0 0 0 0 0 0 0 -1 0 0
0 0 0 0 0 0 0 0 0 0 0 0 0 0 0 0 0 0 0 0 -1 0
0 0 0 0 0 0 0 0 0 0 0 0 0 0 0 0 0 0 0 0 0 -1
2 4773
0 -1 -1 0 -1 0 0 1 0 0 0 0 -1 -1 -2 -1 0 0 0 0 0 0
-1 1 0 0 2 0 0 -1 0 0 1 1 0 0 2 -1 -1 0 -1 0 -1 1
0 0 0 0 2 0 0 0 0 0 1 1 0 1 1 1 0 0 0 0 1 0
1 -1 0 0 -2 0 0 1 0 0 -1 -1 0 -1 -1 0 0 0 0 1 0 0
0 0 0 0 0 0 0 0 0 0 1 0 0 1 0 0 0 0 0 0 0 0
1 0 0 0 -1 1 0 0 0 0 0 0 0 0 -1 1 0 0 0 0 1 0
-1 0 -1 -1 1 -1 -1 0 0 -1 1 0 0 1 0 -1 0 0 0 0 -1 0
0 1 1 0 1 0 0 -1 0 0 0 1 1 0 1 0 -1 0 0 0 0 1
-1 0 0 0 0 0 0 0 1 0 0 0 0 0 0 -1 0 0 0 0 -1 0
0 1 1 1 1 0 0 -1 0 1 0 0 0 0 1 0 0 0 0 -1 0 0
-1 1 0 0 2 0 0 -1 0 0 1 1 1 1 1 0 0 0 0 0 -1 0
1 -1 0 0 -1 0 0 1 0 0 -1 0 -1 -2 -1 0 0 0 0 0 1 0
0 0 0 0 0 0 0 0 0 0 0 0 1 0 0 0 0 0 0 0 0 0
1 -1 0 0 -1 0 0 1 0 0 -1 -1 -1 -1 -1 0 0 0 0 0 1 0
0 0 0 0 -1 0 0 0 0 0 -1 0 0 -1 -1 0 0 0 0 0 0 0
-1 1 1 0 0 0 0 -1 0 0 0 0 1 1 1 0 0 0 1 0 -1 0
0 -1 -1 0 1 0 0 0 0 0 1 0 -1 0 0 0 0 0 -1 0 1 -1
0 0 0 -1 -1 0 0 0 0 0 0 0 1 1 0 0 0 1 1 1 0 0
0 0 0 0 -1 0 0 0 0 0 0 0 0 0 -1 0 0 0 0 0 -1 0
0 0 0 1 1 0 0 0 0 0 1 0 -1 0 1 0 0 0 -1 0 0 0
0 0 0 0 1 0 0 0 0 0 0 0 0 0 1 0 0 0 -1 0 0 0
0 0 0 0 0 0 0 0 0 0 0 -1 0 1 0 0 0 0 0 0 0 -1
2 8247
0 1 1 0 0 0 0 -1 0 0 -2 0 1 -1 0 1 0 0 2 0 1 0
0 -1 0 0 1 0 0 1 2 0 0 0 0 0 0 0 1 0 -1 0 -1 -1
0 1 0 0 0 0 0 0 -1 0 0 -1 0 2 0 0 0 0 -1 0 -1 0
0 0 0 0 0 0 -1 -1 0 0 0 0 0 -1 0 0 0 0 1 0 1 0
0 0 0 0 0 0 0 0 0 0 1 0 0 1 0 0 0 0 0 0 0 0
0 0 0 0 -2 0 0 0 -1 0 0 -1 0 1 0 0 0 1 1 1 0 0
0 0 0 -1 1 0 0 0 1 0 0 1 1 0 0 0 0 0 0 0 0 0
0 -1 -1 0 0 0 0 1 0 0 1 -1 -1 1 0 0 1 0 -1 0 -1 -1
0 0 0 0 1 0 0 0 1 0 0 1 0 -1 0 0 0 0 0 0 0 0
0 -1 0 1 0 0 1 1 0 0 1 0 -1 0 0 0 0 -1 -1 0 -1 0
0 -1 -1 0 1 0 0 1 1 0 1 0 0 1 -1 0 1 0 -1 0 -1 -1
0 1 1 0 -1 0 0 -1 -1 0 -2 -1 0 -1 1 0 -1 0 1 0 1 1
0 -1 -1 0 0 0 0 0 0 0 1 0 0 0 -1 0 1 0 0 0 0 -1
0 1 1 0 0 0 0 -1 -1 0 -1 0 0 -1 1 0 -1 0 1 0 1 1
0 0 0 0 0 0 0 0 0 0 -1 0 0 -1 0 0 0 0 1 0 1 0
1 -1 -1 0 0 0 0 1 0 0 1 0 -1 0 -1 0 0 0 -1 0 0 0
0 1 1 0 0 0 0 0 0 0 -1 0 1 0 1 0 0 0 0 0 0 1
0 0 -1 -1 0 0 -1 0 0 -1 1 0 0 1 -1 0 0 0 0 0 0 0
0 0 0 0 0 0 0 0 0 0 0 0 0 0 0 0 0 0 1 0 0 0
0 0 1 1 0 1 1 0 1 1 0 0 0 0 1 0 0 0 -1 0 0 0
0 0 0 0 1 0 0 0 0 0 0 0 0 0 1 0 0 0 -1 0 0 0
0 0 0 0 0 0 0 0 0 0 1 1 0 0 0 0 0 0 0 0 0 1
2 9235
-1 0 0 0 -1 0 0 0 0 0 1 0 0 1 1 0 0 0 -1 0 -2 0
-1 -1 0 0 0 0 0 0 2 0 1 1 0 0 -1 -1 0 0 1 0 1 0
1 0 0 0 1 0 0 0 -1 0 0 -1 -1 0 1 0 -1 0 0 0 2 1
0 0 0 1 -1 1 1 0 0 1 0 0 0 0 0 1 1 0 -1 0 -1 -1
0 0 0 0 1 0 0 0 0 0 0 0 0 0 0 0 0 0 0 0 0 0
1 0 0 0 -1 0 0 0 -1 0 -1 -1 0 0 0 1 0 1 0 1 0 0
-1 0 0 0 1 0 0 0 1 0 1 1 0 0 0 -1 0 0 0 -1 0 0
0 0 0 0 0 0 0 -1 0 0 0 0 0 0 -1 0 0 0 1 0 1 0
-1 0 0 0 0 0 0 0 1 0 1 1 0 0 0 -1 0 0 0 0 -1 0
0 0 0 0 1 -1 -1 0 0 -1 0 0 0 0 -1 0 0 -1 1 0 0 0
0 -1 0 0 0 0 0 0 1 0 1 0 0 0 -1 -1 0 0 1 0 1 0
0 1 0 0 -1 0 0 0 -1 0 -1 -1 0 1 1 1 0 0 -1 0 -1 0
0 -1 -1 0 0 0 0 0 0 0 1 0 0 0 -1 0 1 0 0 0 0 -1
0 1 0 0 0 0 0 0 -1 0 0 0 0 1 1 1 0 0 -1 0 -1 0
0 0 0 0 -1 0 0 0 0 0 0 0 0 0 0 0 0 0 -1 0 -1 0
0 0 0 0 0 0 0 0 0 0 0 0 0 0 -1 -1 0 0 1 0 0 0
0 0 0 0 1 0 0 0 0 0 0 0 0 0 1 0 -1 0 -1 0 1 0
0 0 0 0 0 1 1 0 0 0 0 0 0 0 0 0 0 0 0 0 0 0
0 0 0 0 -1 0 0 0 0 0 0 0 0 0 -1 0 0 0 0 0 -1 0
0 0 0 0 1 0 -1 0 1 0 0 0 0 0 0 0 0 0 0 0 1 0
0 0 0 0 0 0 0 0 0 0 0 0 0 0 0 0 0 0 0 0 1 0
0 0 0 0 1 0 0 0 0 0 0 0 0 0 0 0 0 0 0 0 0 -1
2 11299
0 1 1 0 1 0 0 -1 0 0 0 0 1 1 2 1 0 0 0 0 0 0
1 -1 0 0 -2 0 0 1 0 0 -1 -1 0 0 -2 1 1 0 1 0 1 -1
0 0 0 0 -2 0 0 0 0 0 -1 -1 0 -1 -1 -1 0 0 0 0 -1 0
-1 1 0 0 2 0 0 -1 0 0 1 1 0 1 1 0 0 0 0 -1 0 0
0 0 0 0 0 0 0 0 0 0 -1 0 0 -1 0 0 0 0 0 0 0 0
-1 0 0 0 1 -1 0 0 0 0 0 0 0 0 1 -1 0 0 0 0 -1 0
1 0 1 1 -1 1 1 0 0 1 -1 0 0 -1 0 1 0 0 0 0 1 0
0 -1 -1 0 -1 0 0 1 0 0 0 -1 -1 0 -1 0 1 0 0 0 0 -1
1 0 0 0 0 0 0 0 -1 0 0 0 0 0 0 1 0 0 0 0 1 0
0 -1 -1 -1 -1 0 0 1 0 -1 0 0 0 0 -1 0 0 0 0 1 0 0
1 -1 0 0 -2 0 0 1 0 0 -1 -1 -1 -1 -1 0 0 0 0 0 1 0
-1 1 0 0 1 0 0 -1 0 0 1 0 1 2 1 0 0 0 0 0 -1 0
0 0 0 0 0 0 0 0 0 0 0 0 -1 0 0 0 0 0 0 0 0 0
-1 1 0 0 1 0 0 -1 0 0 1 1 1 1 1 0 0 0 0 0 -1 0
0 0 0 0 1 0 0 0 0 0 1 0 0 1 1 0 0 0 0 0 0 0
1 -1 -1 0 0 0 0 1 0 0 0 0 -1 -1 -1 0 0 0 -1 0 1 0
0 1 1 0 -1 0 0 0 0 0 -1 0 1 0 0 0 0 0 1 0 -1 1
0 0 0 1 1 0 0 0 0 0 0 0 -1 -1 0 0 0 -1 -1 -1 0 0
0 0 0 0 1 0 0 0 0 0 0 0 0 0 1 0 0 0 0 0 1 0
0 0 0 -1 -1 0 0 0 0 0 -1 0 1 0 -1 0 0 0 1 0 0 0
0 0 0 0 -1 0 0 0 0 0 0 0 0 0 -1 0 0 0 1 0 0 0
0 0 0 0 0 0 0 0 0 0 0 1 0 -1 0 0 0 0 0 0 0 1
2 11304
1 0 0 0 1 0 0 0 0 0 -1 0 0 -1 -1 0 0 0 1 0 2 0
1 1 0 0 0 0 0 0 -2 0 -1 -1 0 0 1 1 0 0 -1 0 -1 0
-1 0 0 0 -1 0 0 0 1 0 0 1 1 0 -1 0 1 0 0 0 -2 -1
0 0 0 -1 1 -1 -1 0 0 -1 0 0 0 0 0 -1 -1 0 1 0 1 1
0 0 0 0 -1 0 0 0 0 0 0 0 0 0 0 0 0 0 0 0 0 0
-1 0 0 0 1 0 0 0 1 0 1 1 0 0 0 -1 0 -1 0 -1 0 0
1 0 0 0 -1 0 0 0 -1 0 -1 -1 0 0 0 1 0 0 0 1 0 0
0 0 0 0 0 0 0 1 0 0 0 0 0 0 1 0 0 0 -1 0 -1 0
1 0 0 0 0 0 0 0 -1 0 -1 -1 0 0 0 1 0 0 0 0 1 0
0 0 0 0 -1 1 1 0 0 1 0 0 0 0 1 0 0 1 -1 0 0 0
0 1 0 0 0 0 0 0 -1 0 -1 0 0 0 1 1 0 0 -1 0 -1 0
0 -1 0 0 1 0 0 0 1 0 1 1 0 -1 -1 -1 0 0 1 0 1 0
0 1 1 0 0 0 0 0 0 0 -1 0 0 0 1 0 -1 0 0 0 0 1
0 -1 0 0 0 0 0 0 1 0 0 0 0 -1 -1 -1 0 0 1 0 1 0
0 0 0 0 1 0 0 0 0 0 0 0 0 0 0 0 0 0 1 0 1 0
0 0 0 0 0 0 0 0 0 0 0 0 0 0 1 1 0 0 -1 0 0 0
0 0 0 0 -1 0 0 0 0 0 0 0 0 0 -1 0 1 0 1 0 -1 0
0 0 0 0 0 -1 -1 0 0 0 0 0 0 0 0 0 0 0 0 0 0 0
0 0 0 0 1 0 0 0 0 0 0 0 0 0 1 0 0 0 0 0 1 0
0 0 0 0 -1 0 1 0 -1 0 0 0 0 0 0 0 0 0 0 0 -1 0
0 0 0 0 0 0 0 0 0 0 0 0 0 0 0 0 0 0 0 0 -1 0
0 0 0 0 -1 0 0 0 0 0 0 0 0 0 0 0 0 0 0 0 0 1
2 11459
0 -1 -1 0 0 0 0 1 0 0 2 0 -1 1 0 -1 0 0 -2 0 -1 0
0 1 0 0 -1 0 0 -1 -2 0 0 0 0 0 0 0 -1 0 1 0 1 1
0 -1 0 0 0 0 0 0 1 0 0 1 0 -2 0 0 0 0 1 0 1 0
0 0 0 0 0 0 1 1 0 0 0 0 0 1 0 0 0 0 -1 0 -1 0
0 0 0 0 0 0 0 0 0 0 -1 0 0 -1 0 0 0 0 0 0 0 0
0 0 0 0 2 0 0 0 1 0 0 1 0 -1 0 0 0 -1 -1 -1 0 0
0 0 0 1 -1 0 0 0 -1 0 0 -1 -1 0 0 0 0 0 0 0 0 0
0 1 1 0 0 0 0 -1 0 0 -1 1 1 -1 0 0 -1 0 1 0 1 1
0 0 0 0 -1 0 0 0 -1 0 0 -1 0 1 0 0 0 0 0 0 0 0
0 1 0 -1 0 0 -1 -1 0 0 -1 0 1 0 0 0 0 1 1 0 1 0
0 1 1 0 -1 0 0 -1 -1 0 -1 0 0 -1 1 0 -1 0 1 0 1 1
0 -1 -1 0 1 0 0 1 1 0 2 1 0 1 -1 0 1 0 -1 0 -1 -1
0 1 1 0 0 0 0 0 0 0 -1 0 0 0 1 0 -1 0 0 0 0 1
0 -1 -1 0 0 0 0 1 1 0 1 0 0 1 -1 0 1 0 -1 0 -1 -1
0 0 0 0 0 0 0 0 0 0 1 0 0 1 0 0 0 0 -1 0 -1 0
-1 1 1 0 0 0 0 -1 0 0 -1 0 1 0 1 0 0 0 1 0 0 0
0 -1 -1 0 0 0 0 0 0 0 1 0 -1 0 -1 0 0 0 0 0 0 -1
0 0 1 1 0 0 1 0 0 1 -1 0 0 -1 1 0 0 0 0 0 0 0
0 0 0 0 0 0 0 0 0 0 0 0 0 0 0 0 0 0 -1 0 0 0
0 0 -1 -1 0 -1 -1 0 -1 -1 0 0 0 0 -1 0 0 0 1 0 0 0
0 0 0 0 -1 0 0 0 0 0 0 0 0 0 -1 0 0 0 1 0 0 0
0 0 0 0 0 0 0 0 0 0 -1 -1 0 0 0 0 0 0 0 0 0 -1
3 0
1 0 0 0 0 0 0 0 0 0 0 0 0 0 0 0 0 0 0 0 0 0
0 1 0 0 0 0 0 0 0 0 0 0 0 0 0 0 0 0 0 0 0 0
0 0 1 0 0 0 0 0 0 0 0 0 0 0 0 0 0 0 0 0 0 0
0 0 0 1 0 0 0 0 0 0 0 0 0 0 0 0 0 0 0 0 0 0
0 0 0 0 1 0 0 0 0 0 0 0 0 0 0 0 0 0 0 0 0 0
0 0 0 0 0 1 0 0 0 0 0 0 0 0 0 0 0 0 0 0 0 0
0 0 0 0 0 0 1 0 0 0 0 0 0 0 0 0 0 0 0 0 0 0
0 0 0 0 0 0 0 1 0 0 0 0 0 0 0 0 0 0 0 0 0 0
0 0 0 0 0 0 0 0 1 0 0 0 0 0 0 0 0 0 0 0 0 0
0 0 0 0 0 0 0 0 0 1 0 0 0 0 0 0 0 0 0 0 0 0
0 0 0 0 0 0 0 0 0 0 1 0 0 0 0 0 0 0 0 0 0 0
0 0 0 0 0 0 0 0 0 0 0 1 0 0 0 0 0 0 0 0 0 0
0 0 0 0 0 0 0 0 0 0 0 0 1 0 0 0 0 0 0 0 0 0
0 0 0 0 0 0 0 0 0 0 0 0 0 1 0 0 0 0 0 0 0 0
0 0 0 0 0 0 0 0 0 0 0 0 0 0 1 0 0 0 0 0 0 0
0 0 0 0 0 0 0 0 0 0 0 0 0 0 0 1 0 0 0 0 0 0
0 0 0 0 0 0 0 0 0 0 0 0 0 0 0 0 1 0 0 0 0 0
0 0 0 0 0 0 0 0 0 0 0 0 0 0 0 0 0 1 0 0 0 0
0 0 0 0 0 0 0 0 0 0 0 0 0 0 0 0 0 0 1 0 0 0
0 0 0 0 0 0 0 0 0 0 0 0 0 0 0 0 0 0 0 1 0 0
0 0 0 0 0 0 0 0 0 0 0 0 0 0 0 0 0 0 0 0 1 0
0 0 0 0 0 0 0 0 0 0 0 0 0 0 0 0 0 0 0 0 0 1
3 779
1 -1 -1 0 -2 0 0 0 -1 0 2 0 -1 0 0 0 1 2 0 1 0 0
0 0 -1 -1 0 1 1 2 1 -1 -1 1 1 0 0 1 1 0 0 1 0 1
-1 0 1 0 1 1 1 0 1 0 -2 -1 1 0 1 1 -1 -1 0 0 0 -1
1 0 0 0 -1 -1 -1 0 -1 0 1 0 -1 0 0 -1 0 1 0 0 0 1
0 0 0 0 1 0 0 0 0 -1 0 0 0 0 0 1 -1 -1 -1 0 0 0
0 0 1 0 0 0 0 -1 0 1 0 0 0 -1 1 -1 -1 0 0 -1 1 0
0 0 -1 -1 0 0 0 1 0 -2 0 0 0 1 -1 1 0 0 0 1 -1 0
-1 1 1 0 1 1 1 0 1 0 -1 1 1 0 1 0 -1 -1 0 0 0 1
1 -1 -1 0 -1 0 0 1 0 0 1 0 -1 0 -1 0 1 1 0 1 0 0
-1 0 0 0 1 0 0 0 1 0 0 1 1 0 0 0 0 -1 0 0 0 0
0 0 0 -1 1 1 1 1 1 -1 -1 1 1 0 0 1 -1 -1 0 1 0 1
0 0 0 1 -1 0 0 -1 -1 2 1 -1 -1 0 1 -1 1 1 0 -1 0 -1
0 0 0 -1 0 0 0 0 0 -1 0 1 1 0 0 0 -1 0 0 1 0 1
0 0 0 1 -1 0 0 -1 -1 1 1 -1 -1 1 0 0 0 1 0 0 0 -1
1 0 0 1 -1 0 0 0 -1 1 1 0 -1 0 0 0 1 1 0 0 0 0
0 0 0 0 1 0 0 0 0 0 0 0 0 0 0 0 0 -1 0 0 0 0
0 0 0 0 0 0 0 0 0 0 -1 -1 0 0 0 1 0 0 0 0 0 -1
0 0 0 0 1 0 0 0 0 -1 0 0 0 0 0 0 -1 -1 -1 0 0 0
1 0 0 0 -1 0 0 0 -1 0 1 0 -1 0 0 0 0 0 0 0 0 1
0 0 0 0 0 0 0 1 1 0 -1 0 1 0 0 1 1 0 0 0 0 0
0 1 0 0 0 1 0 0 0 0 -1 -1 0 1 0 1 0 0 0 0 0 0
0 0 0 0 1 -1 -1 0 0 -1 0 0 0 0 -1 0 -1 -1 0 0 0 0
3 2589
-1 0 0 0 0 0 0 0 0 0 0 0 0 0 0 0 0 0 0 0 0 0
0 -1 0 0 0 0 0 0 0 0 0 0 0 0 0 0 0 0 0 0 0 0
0 0 -1 0 0 0 0 0 0 0 0 0 0 0 0 0 0 0 0 0 0 0
0 0 0 -1 0 0 0 0 0 0 0 0 0 0 0 0 0 0 0 0 0 0
0 0 0 0 -1 0 0 0 0 0 0 0 0 0 0 0 0 0 0 0 0 0
0 0 0 0 0 -1 0 0 0 0 0 0 0 0 0 0 0 0 0 0 0 0
0 0 0 0 0 0 -1 0 0 0 0 0 0 0 0 0 0 0 0 0 0 0
0 0 0 0 0 0 0 -1 0 0 0 0 0 0 0 0 0 0 0 0 0 0
0 0 0 0 0 0 0 0 -1 0 0 0 0 0 0 0 0 0 0 0 0 0
0 0 0 0 0 0 0 0 0 -1 0 0 0 0 0 0 0 0 0 0 0 0
0 0 0 0 0 0 0 0 0 0 -1 0 0 0 0 0 0 0 0 0 0 0
0 0 0 0 0 0 0 0 0 0 0 -1 0 0 0 0 0 0 0 0 0 0
0 0 0 0 0 0 0 0 0 0 0 0 -1 0 0 0 0 0 0 0 0 0
0 0 0 0 0 0 0 0 0 0 0 0 0 -1 0 0 0 0 0 0 0 0
0 0 0 0 0 0 0 0 0 0 0 0 0 0 -1 0 0 0 0 0 0 0
0 0 0 0 0 0 0 0 0 0 0 0 0 0 0 -1 0 0 0 0 0 0
0 0 0 0 0 0 0 0 0 0 0 0 0 0 0 0 -1 0 0 0 0 0
0 0 0 0 0 0 0 0 0 0 0 0 0 0 0 0 0 -1 0 0 0 0
0 0 0 0 0 0 0 0 0 0 0 0 0 0 0 0 0 0 -1 0 0 0
0 0 0 0 0 0 0 0 0 0 0 0 0 0 0 0 0 0 0 -1 0 0
0 0 0 0 0 0 0 0 0 0 0 0 0 0 0 0 0 0 0 0 -1 0
0 0 0 0 0 0 0 0 0 0 0 0 0 0 0 0 0 0 0 0 0 -1
3 3145
-1 1 1 0 2 0 0 0 1 0 -2 0 1 0 0 0 -1 -2 0 -1 0 0
0 0 1 1 0 -1 -1 -2 -1 1 1 -1 -1 0 0 -1 -1 0 0 -1 0 -1
1 0 -1 0 -1 -1 -1 0 -1 0 2 1 -1 0 -1 -1 1 1 0 0 0 1
-1 0 0 0 1 1 1 0 1 0 -1 0 1 0 0 1 0 -1 0 0 0 -1
0 0 0 0 -1 0 0 0 0 1 0 0 0 0 0 -1 1 1 1 0 0 0
0 0 -1 0 0 0 0 1 0 -1 0 0 0 1 -1 1 1 0 0 1 -1 0
0 0 1 1 0 0 0 -1 0 2 0 0 0 -1 1 -1 0 0 0 -1 1 0
1 -1 -1 0 -1 -1 -1 0 -1 0 1 -1 -1 0 -1 0 1 1 0 0 0 -1
-1 1 1 0 1 0 0 -1 0 0 -1 0 1 0 1 0 -1 -1 0 -1 0 0
1 0 0 0 -1 0 0 0 -1 0 0 -1 -1 0 0 0 0 1 0 0 0 0
0 0 0 1 -1 -1 -1 -1 -1 1 1 -1 -1 0 0 -1 1 1 0 -1 0 -1
0 0 0 -1 1 0 0 1 1 -2 -1 1 1 0 -1 1 -1 -1 0 1 0 1
0 0 0 1 0 0 0 0 0 1 0 -1 -1 0 0 0 1 0 0 -1 0 -1
0 0 0 -1 1 0 0 1 1 -1 -1 1 1 -1 0 0 0 -1 0 0 0 1
-1 0 0 -1 1 0 0 0 1 -1 -1 0 1 0 0 0 -1 -1 0 0 0 0
0 0 0 0 -1 0 0 0 0 0 0 0 0 0 0 0 0 1 0 0 0 0
0 0 0 0 0 0 0 0 0 0 1 1 0 0 0 -1 0 0 0 0 0 1
0 0 0 0 -1 0 0 0 0 1 0 0 0 0 0 0 1 1 1 0 0 0
-1 0 0 0 1 0 0 0 1 0 -1 0 1 0 0 0 0 0 0 0 0 -1
0 0 0 0 0 0 0 -1 -1 0 1 0 -1 0 0 -1 -1 0 0 0 0 0
0 -1 0 0 0 -1 0 0 0 0 1 1 0 -1 0 -1 0 0 0 0 0 0
0 0 0 0 -1 1 1 0 0 1 0 0 0 0 1 0 1 1 0 0 0 0
3 3997
1 -1 0 0 -1 0 0 0 0 1 0 -1 0 0 0 -1 0 2 -1 0 0 -1
0 2 0 0 1 -1 -1 -1 -2 0 -1 0 -1 0 0 1 0 -1 0 -2 0 1
-1 1 1 1 1 0 0 -2 -1 0 1 1 -1 0 0 0 -1 -1 2 1 0 1
1 -1 0 0 -1 0 0 2 1 0 -1 -1 1 0 0 0 1 1 -1 0 0 -1
-1 0 0 0 1 0 0 -1 0 0 1 1 0 0 0 -1 -1 -1 0 0 0 0
1 -1 0 1 0 1 0 1 1 0 1 -1 -1 0 0 0 0 0 -1 1 0 0
-1 0 0 -1 0 -1 0 -1 -1 0 0 1 0 0 0 -1 -1 0 1 0 0 0
0 1 0 1 1 0 0 0 -1 0 0 0 -1 0 0 1 0 -2 0 -1 0 1
0 0 0 -1 -1 0 0 0 0 0 -1 0 1 0 0 0 0 1 0 0 0 0
0 1 0 0 1 0 0 0 0 0 0 1 0 0 0 1 0 -1 0 -1 0 1
0 1 0 0 1 -1 -1 -1 -2 0 0 0 -1 0 0 1 0 -2 1 -1 0 1
1 -1 0 1 -1 1 1 1 1 1 0 -1 0 0 0 0 1 2 -1 1 0 -1
0 0 0 0 1 -1 -1 0 0 0 0 0 0 0 0 0 0 -1 0 -1 0 0
0 -1 0 0 -1 1 1 0 1 1 0 0 1 0 0 -1 0 2 0 1 1 -1
1 -1 -1 0 -1 0 0 1 0 0 0 -1 0 0 -1 0 1 1 -1 0 0 -1
0 0 0 0 0 0 0 0 0 0 0 0 0 0 0 1 0 -1 0 0 0 0
-1 0 0 0 0 0 0 -1 0 0 1 1 0 0 0 -1 0 1 1 1 0 0
0 0 0 0 0 0 0 0 0 0 0 0 0 0 0 0 0 -1 0 0 0 0
1 -1 0 0 -1 0 0 1 0 0 0 -1 0 0 0 0 0 0 -1 0 0 0
-1 1 0 0 1 0 0 -1 0 0 0 1 0 0 0 0 0 0 0 -1 0 0
-1 1 0 0 0 0 0 -1 -1 0 0 0 0 1 0 0 0 0 1 0 0 0
-1 0 0 -1 0 0 0 0 1 0 0 1 1 0 0 -1 0 0 1 0 0 0
3 4032
-2 1 1 0 2 0 0 -1 1 -1 0 2 1 0 0 -1 -3 -1 0 0 0 1
2 1 1 0 0 -1 -1 0 -2 -1 -1 -1 0 0 0 2 0 -1 1 0 0 1
1 1 0 0 -1 0 0 0 -1 2 -1 -1 0 0 1 0 3 2 1 -1 0 0
-1 -1 0 0 1 0 0 0 1 -1 1 1 0 0 0 0 -2 -1 -1 1 0 0
1 0 0 0 -1 0 0 1 0 0 0 0 0 0 0 0 1 1 0 0 0 1
-1 -1 0 0 0 1 1 0 2 1 0 1 1 -1 1 -1 0 1 -1 0 1 -1
1 1 0 0 0 -1 -1 1 -1 -1 0 0 0 1 -1 1 1 0 1 0 -1 1
1 0 0 0 -1 0 0 0 -1 0 0 -1 0 0 1 1 1 0 0 0 0 0
0 0 0 0 1 -1 -1 0 0 -1 0 0 0 0 -1 0 -1 -1 0 0 0 0
1 0 0 0 -1 0 0 0 -1 0 0 -1 -1 0 0 0 0 0 0 0 0 0
2 1 0 0 -1 -1 -1 1 -2 -1 -1 -1 0 0 0 2 2 0 1 0 0 1
-3 0 1 0 1 1 1 -2 2 1 0 1 1 0 1 -2 -2 0 0 0 0 -1
1 0 0 0 -1 0 0 1 -1 -1 0 0 0 0 0 1 0 0 0 1 0 1
-2 0 0 0 1 0 0 -1 1 0 1 1 0 0 0 -2 -1 0 0 0 -1 0
-2 0 0 -1 1 0 0 -1 1 -1 0 1 1 0 0 -1 -2 -1 0 0 0 0
1 0 0 0 -1 0 0 1 0 0 -1 -1 0 0 0 1 1 0 0 0 0 0
0 0 0 0 0 0 0 0 0 1 0 0 0 0 0 -1 1 1 1 0 0 0
1 0 0 0 -1 0 0 1 0 0 0 0 0 0 0 1 1 0 0 0 0 1
-1 0 0 0 1 0 0 0 1 -1 0 1 1 0 0 0 -1 -1 -1 0 0 0
1 0 0 0 0 0 0 0 -1 0 0 -1 -1 0 0 0 0 0 0 0 0 0
0 0 0 0 0 -1 0 0 -1 0 0 0 0 0 0 0 1 0 1 0 -1 0
1 -1 -1 0 -1 0 0 1 0 0 1 0 -1 0 -1 0 1 1 0 1 0 0
3 4519
-1 -1 0 0 0 0 0 -1 1 -1 1 1 1 0 0 -1 -1 1 -1 1 0 -1
-1 1 -1 1 2 -1 -1 -1 -2 0 0 -1 -1 0 0 0 1 -2 0 -2 0 -1
2 0 0 0 0 -1 -1 2 -1 0 -1 -2 -1 0 0 2 1 -2 0 -2 0 1
-1 0 1 0 -1 1 1 -1 1 0 0 1 1 0 1 -1 -1 2 0 2 0 0
0 0 0 0 0 0 0 0 0 1 0 0 0 0 0 0 0 0 0 -1 0 0
1 -1 1 0 0 0 0 1 2 0 0 1 0 -1 0 0 -1 1 0 1 1 1
-1 1 0 1 0 0 0 -1 -1 1 0 -1 0 1 0 0 1 -1 0 -2 -1 -1
0 1 0 0 1 -1 -1 0 -1 0 0 0 -1 0 0 0 0 -1 1 -1 0 1
-1 0 0 0 0 0 0 -1 0 0 0 0 1 0 0 -1 0 0 0 0 0 -1
0 0 -1 0 1 0 0 0 -1 0 1 0 -1 0 0 0 0 -1 0 0 0 0
0 1 0 1 1 -1 -1 -1 -2 1 0 -1 -1 0 0 1 1 -2 1 -2 0 0
0 -1 0 -1 0 0 0 1 2 -2 0 1 1 0 0 0 -1 1 -1 2 0 0
0 0 0 1 0 0 0 -1 -1 1 1 0 -1 0 0 0 0 0 0 0 0 0
0 0 0 -1 -1 1 0 0 1 -1 0 0 1 1 0 0 -1 1 -1 1 0 0
-1 0 0 -1 0 0 0 -1 1 -1 0 1 1 0 0 -1 -1 1 0 1 0 0
0 0 0 0 0 0 0 0 0 1 0 0 0 0 0 0 1 0 1 0 0 0
1 0 0 0 0 0 0 1 0 0 -1 -1 0 0 0 1 0 -1 -1 -1 0 0
0 0 0 0 -1 0 0 0 0 1 0 0 0 0 0 0 1 1 1 0 0 0
-1 0 1 0 0 0 0 -1 1 0 0 1 1 0 0 -1 -1 1 1 1 0 0
0 0 -1 0 1 0 0 0 -1 0 0 -1 -1 0 0 0 0 -1 -1 -1 0 -1
0 1 0 0 0 0 0 0 -1 0 -1 -1 0 1 0 1 0 -1 0 -1 0 0
0 0 0 0 -1 1 1 0 0 1 0 0 0 0 0 0 0 0 0 0 0 0
3 5289
0 1 0 0 0 0 0 0 -1 0 1 1 -1 0 0 0 -1 -1 0 -1 0 2
0 0 1 0 -1 1 1 -1 1 2 -1 0 0 0 0 0 0 1 1 0 0 0
0 0 0 0 1 0 0 0 1 0 -1 0 0 0 0 0 1 1 -1 0 0 -1
0 0 0 0 0 0 0 0 -1 0 1 0 0 0 1 0 -1 -1 0 0 0 1
-1 0 0 0 0 0 0 -1 0 0 0 0 0 0 0 -1 0 1 0 0 0 -1
1 -1 -1 0 1 -1 -1 1 0 -1 1 0 -1 -1 0 0 0 0 -1 0 1 0
-2 1 0 0 0 1 1 -2 0 1 0 0 0 1 0 -1 0 0 0 -1 -1 -1
0 -1 0 0 0 0 0 0 1 0 0 0 0 0 0 0 0 1 0 1 0 -1
0 0 0 0 -1 1 1 0 0 1 0 0 0 0 0 0 0 0 0 0 0 0
0 0 1 0 -1 0 0 0 1 0 -1 0 1 0 0 0 0 1 1 1 0 0
-1 0 0 0 0 1 1 -1 1 1 -1 0 0 0 0 -1 0 1 0 0 0 -1
2 0 0 0 0 -1 -1 2 -1 -1 1 0 -1 0 0 1 0 -1 0 0 0 2
-1 0 0 0 0 0 0 -1 0 0 0 0 0 0 0 -1 -1 0 0 0 0 0
0 0 0 0 0 -1 0 1 -1 -1 1 1 0 0 0 0 0 -1 0 0 -1 1
1 0 0 1 0 0 0 1 -1 0 1 0 -1 0 0 1 0 -1 0 0 0 1
0 0 0 0 0 0 0 0 0 0 -1 -1 0 0 0 0 0 0 0 0 0 -1
0 0 0 0 0 0 0 0 0 0 0 0 0 0 0 0 1 0 0 0 0 0
-1 0 0 0 1 0 0 -1 0 0 0 0 0 0 0 -1 -1 0 0 0 0 -1
0 0 -1 0 0 0 0 0 -1 0 1 0 -1 0 0 0 0 0 0 0 0 0
0 0 1 0 -1 0 0 0 1 1 -1 0 1 0 0 0 1 1 1 0 0 0
0 0 0 0 0 0 0 0 0 0 0 0 0 0 0 0 1 0 0 0 -1 0
-1 0 0 0 0 0 0 -1 0 0 0 0 1 0 0 -1 0 0 0 0 0 -1
3 5293
-1 1 0 0 2 0 0 0 0 0 0 1 0 0 0 -1 -1 -2 1 -1 0 1
0 -2 -1 0 -1 -1 -1 0 0 0 2 -1 -1 0 -1 -1 1 0 0 0 0 -2
0 -1 -1 1 0 0 0 0 0 0 0 -2 -1 0 0 1 1 1 -2 0 0 -3
0 1 1 0 1 0 0 0 0 0 0 2 1 0 0 0 -1 -1 1 0 0 2
0 0 0 0 0 0 0 0 0 0 -1 -1 0 0 0 0 0 0 -1 -1 0 -1
1 1 0 1 1 1 0 0 0 0 0 0 -1 0 0 1 0 0 -1 0 0 1
-1 -1 -1 -1 0 -1 0 0 0 0 0 0 0 0 -1 -1 0 0 0 -1 0 -2
1 -1 0 1 -1 0 0 0 0 1 1 -1 -1 0 0 0 1 1 -1 0 0 -1
-1 0 0 -1 0 0 0 0 1 0 0 1 1 0 0 -1 0 0 1 0 0 0
1 -1 0 0 -2 0 0 1 0 0 0 -1 0 0 0 0 1 1 0 1 0 0
0 -1 -1 0 -1 -1 -1 0 0 0 1 -1 -1 0 -1 -1 1 1 -1 -1 0 -2
0 1 1 1 1 1 1 0 0 0 0 1 0 0 1 1 -1 -1 1 1 0 2
0 0 0 0 0 -1 -1 0 0 0 0 0 0 0 -1 -1 0 0 0 -1 0 0
-1 1 1 0 1 0 1 0 0 0 -1 1 1 0 1 0 -1 -1 1 0 -1 1
0 1 1 0 1 0 0 0 0 0 0 1 0 0 1 0 -1 -1 1 0 0 2
0 0 0 0 -1 0 0 0 0 0 0 0 0 0 0 0 1 1 0 0 0 0
0 0 0 0 0 0 0 0 0 0 -1 -1 0 0 0 1 0 0 0 0 0 -1
0 0 0 0 0 0 0 0 0 0 0 0 0 0 0 0 0 0 -1 -1 0 0
0 1 0 0 1 0 0 0 0 0 0 1 0 0 0 0 0 -1 0 -1 0 1
0 -1 0 0 -1 0 0 0 0 0 0 -1 0 0 0 0 0 0 0 1 0 -1
0 -1 0 0 0 -1 0 0 0 0 0 0 0 -1 0 0 0 0 0 0 0 -1
0 0 0 -1 -1 0 0 0 0 0 -1 0 1 0 0 0 0 1 0 0 0 0
3 5401
0 -1 0 0 0 0 0 0 1 0 -1 -1 1 0 0 0 1 1 0 1 0 -2
0 0 -1 0 1 -1 -1 1 -1 -2 1 0 0 0 0 0 0 -1 -1 0 0 0
0 0 0 0 -1 0 0 0 -1 0 1 0 0 0 0 0 -1 -1 1 0 0 1
0 0 0 0 0 0 0 0 1 0 -1 0 0 0 -1 0 1 1 0 0 0 -1
1 0 0 0 0 0 0 1 0 0 0 0 0 0 0 1 0 -1 0 0 0 1
-1 1 1 0 -1 1 1 -1 0 1 -1 0 1 1 0 0 0 0 1 0 -1 0
2 -1 0 0 0 -1 -1 2 0 -1 0 0 0 -1 0 1 0 0 0 1 1 1
0 1 0 0 0 0 0 0 -1 0 0 0 0 0 0 0 0 -1 0 -1 0 1
0 0 0 0 1 -1 -1 0 0 -1 0 0 0 0 0 0 0 0 0 0 0 0
0 0 -1 0 1 0 0 0 -1 0 1 0 -1 0 0 0 0 -1 -1 -1 0 0
1 0 0 0 0 -1 -1 1 -1 -1 1 0 0 0 0 1 0 -1 0 0 0 1
-2 0 0 0 0 1 1 -2 1 1 -1 0 1 0 0 -1 0 1 0 0 0 -2
1 0 0 0 0 0 0 1 0 0 0 0 0 0 0 1 1 0 0 0 0 0
0 0 0 0 0 1 0 -1 1 1 -1 -1 0 0 0 0 0 1 0 0 1 -1
-1 0 0 -1 0 0 0 -1 1 0 -1 0 1 0 0 -1 0 1 0 0 0 -1
0 0 0 0 0 0 0 0 0 0 1 1 0 0 0 0 0 0 0 0 0 1
0 0 0 0 0 0 0 0 0 0 0 0 0 0 0 0 -1 0 0 0 0 0
1 0 0 0 -1 0 0 1 0 0 0 0 0 0 0 1 1 0 0 0 0 1
0 0 1 0 0 0 0 0 1 0 -1 0 1 0 0 0 0 0 0 0 0 0
0 0 -1 0 1 0 0 0 -1 -1 1 0 -1 0 0 0 -1 -1 -1 0 0 0
0 0 0 0 0 0 0 0 0 0 0 0 0 0 0 0 -1 0 0 0 1 0
1 0 0 0 0 0 0 1 0 0 0 0 -1 0 0 1 0 0 0 0 0 1
3 5409
1 1 0 0 0 0 0 1 -1 1 -1 -1 -1 0 0 1 1 -1 1 -1 0 1
1 -1 1 -1 -2 1 1 1 2 0 0 1 1 0 0 0 -1 2 0 2 0 1
-2 0 0 0 0 1 1 -2 1 0 1 2 1 0 0 -2 -1 2 0 2 0 -1
1 0 -1 0 1 -1 -1 1 -1 0 0 -1 -1 0 -1 1 1 -2 0 -2 0 0
0 0 0 0 0 0 0 0 0 -1 0 0 0 0 0 0 0 0 0 1 0 0
-1 1 -1 0 0 0 0 -1 -2 0 0 -1 0 1 0 0 1 -1 0 -1 -1 -1
1 -1 0 -1 0 0 0 1 1 -1 0 1 0 -1 0 0 -1 1 0 2 1 1
0 -1 0 0 -1 1 1 0 1 0 0 0 1 0 0 0 0 1 -1 1 0 -1
1 0 0 0 0 0 0 1 0 0 0 0 -1 0 0 1 0 0 0 0 0 1
0 0 1 0 -1 0 0 0 1 0 -1 0 1 0 0 0 0 1 0 0 0 0
0 -1 0 -1 -1 1 1 1 2 -1 0 1 1 0 0 -1 -1 2 -1 2 0 0
0 1 0 1 0 0 0 -1 -2 2 0 -1 -1 0 0 0 1 -1 1 -2 0 0
0 0 0 -1 0 0 0 1 1 -1 -1 0 1 0 0 0 0 0 0 0 0 0
0 0 0 1 1 -1 0 0 -1 1 0 0 -1 -1 0 0 1 -1 1 -1 0 0
1 0 0 1 0 0 0 1 -1 1 0 -1 -1 0 0 1 1 -1 0 -1 0 0
0 0 0 0 0 0 0 0 0 -1 0 0 0 0 0 0 -1 0 -1 0 0 0
-1 0 0 0 0 0 0 -1 0 0 1 1 0 0 0 -1 0 1 1 1 0 0
0 0 0 0 1 0 0 0 0 -1 0 0 0 0 0 0 -1 -1 -1 0 0 0
1 0 -1 0 0 0 0 1 -1 0 0 -1 -1 0 0 1 1 -1 -1 -1 0 0
0 0 1 0 -1 0 0 0 1 0 0 1 1 0 0 0 0 1 1 1 0 1
0 -1 0 0 0 0 0 0 1 0 1 1 0 -1 0 -1 0 1 0 1 0 0
0 0 0 0 1 -1 -1 0 0 -1 0 0 0 0 0 0 0 0 0 0 0 0
3 7182
0 0 0 0 -1 0 0 -1 0 0 0 0 0 0 0 1 1 1 1 1 0 -1
-1 0 0 0 1 0 0 0 2 1 0 1 0 0 -1 -2 -1 0 -1 -1 0 -1
0 0 1 0 0 0 0 0 1 2 0 0 0 0 0 -2 0 1 1 -1 0 1
0 0 -1 -1 -1 0 0 0 -1 -2 0 0 0 0 0 1 0 0 0 1 0 0
0 0 0 0 0 0 0 0 0 1 0 0 0 0 0 0 1 0 0 -1 0 0
0 0 0 0 0 -1 0 0 -1 -1 0 0 0 0 0 1 0 -1 1 0 0 1
0 0 0 0 0 0 -1 0 1 1 0 0 0 0 -1 -1 1 1 0 -1 0 -1
-1 0 0 0 1 0 0 0 1 0 0 0 0 0 0 -1 -1 -1 -1 -1 0 0
0 0 0 0 0 0 0 0 0 0 0 0 0 0 0 0 0 0 0 0 0 -1
0 0 0 0 1 0 0 0 0 0 0 0 0 0 0 0 -1 -1 -1 0 0 0
-1 -1 0 0 1 0 0 0 2 1 1 1 0 0 -1 -2 -1 0 -1 -1 0 -1
0 1 0 0 0 0 0 -1 -1 -1 0 0 0 0 1 1 0 0 1 1 0 1
0 -1 -1 0 0 0 0 0 0 0 1 0 -1 0 -1 0 0 0 -1 0 0 -1
0 1 0 0 -1 1 0 -1 -1 0 0 -1 0 1 1 1 1 1 1 1 0 0
0 0 0 0 0 0 0 0 0 -1 0 0 0 0 1 1 0 0 0 1 0 0
0 0 0 0 1 0 0 0 0 0 0 0 0 0 0 0 -1 -1 -1 -1 0 0
0 0 0 0 0 0 0 0 0 1 0 0 0 0 0 -1 1 1 1 0 0 0
0 0 0 0 0 0 0 0 0 0 0 0 0 0 0 0 0 0 -1 -1 0 0
0 0 0 0 0 0 0 0 0 -1 0 0 0 0 0 1 0 -1 0 0 0 0
0 0 0 0 0 0 0 0 0 1 0 0 0 0 0 -1 0 0 0 0 0 0
0 0 0 0 0 1 0 0 1 1 0 0 0 0 0 -1 0 1 0 0 1 0
0 0 0 0 0 0 0 0 -1 0 0 0 0 0 0 0 0 0 0 0 0 0
3 7465
-1 1 0 0 1 0 0 0 0 -1 0 1 0 0 0 1 0 -2 1 0 0 1
0 -2 0 0 -1 1 1 1 2 0 1 0 1 0 0 -1 0 1 0 2 0 -1
1 -1 -1 -1 -1 0 0 2 1 0 -1 -1 1 0 0 0 1 1 -2 -1 0 -1
-1 1 0 0 1 0 0 -2 -1 0 1 1 -1 0 0 0 -1 -1 1 0 0 1
1 0 0 0 -1 0 0 1 0 0 -1 -1 0 0 0 1 1 1 0 0 0 0
-1 1 0 -1 0 -1 0 -1 -1 0 -1 1 1 0 0 0 0 0 1 -1 0 0
1 0 0 1 0 1 0 1 1 0 0 -1 0 0 0 1 1 0 -1 0 0 0
0 -1 0 -1 -1 0 0 0 1 0 0 0 1 0 0 -1 0 2 0 1 0 -1
0 0 0 1 1 0 0 0 0 0 1 0 -1 0 0 0 0 -1 0 0 0 0
0 -1 0 0 -1 0 0 0 0 0 0 -1 0 0 0 -1 0 1 0 1 0 -1
0 -1 0 0 -1 1 1 1 2 0 0 0 1 0 0 -1 0 2 -1 1 0 -1
-1 1 0 -1 1 -1 -1 -1 -1 -1 0 1 0 0 0 0 -1 -2 1 -1 0 1
0 0 0 0 -1 1 1 0 0 0 0 0 0 0 0 0 0 1 0 1 0 0
0 1 0 0 1 -1 -1 0 -1 -1 0 0 -1 0 0 1 0 -2 0 -1 -1 1
-1 1 1 0 1 0 0 -1 0 0 0 1 0 0 1 0 -1 -1 1 0 0 1
0 0 0 0 0 0 0 0 0 0 0 0 0 0 0 -1 0 1 0 0 0 0
1 0 0 0 0 0 0 1 0 0 -1 -1 0 0 0 1 0 -1 -1 -1 0 0
0 0 0 0 0 0 0 0 0 0 0 0 0 0 0 0 0 1 0 0 0 0
-1 1 0 0 1 0 0 -1 0 0 0 1 0 0 0 0 0 0 1 0 0 0
1 -1 0 0 -1 0 0 1 0 0 0 -1 0 0 0 0 0 0 0 1 0 0
1 -1 0 0 0 0 0 1 1 0 0 0 0 -1 0 0 0 0 -1 0 0 0
1 0 0 1 0 0 0 0 -1 0 0 -1 -1 0 0 1 0 0 -1 0 0 0
3 7660
0 0 0 0 1 0 0 1 0 0 0 0 0 0 0 -1 -1 -1 -1 -1 0 1
1 0 0 0 -1 0 0 0 -2 -1 0 -1 0 0 1 2 1 0 1 1 0 1
0 0 -1 0 0 0 0 0 -1 -2 0 0 0 0 0 2 0 -1 -1 1 0 -1
0 0 1 1 1 0 0 0 1 2 0 0 0 0 0 -1 0 0 0 -1 0 0
0 0 0 0 0 0 0 0 0 -1 0 0 0 0 0 0 -1 0 0 1 0 0
0 0 0 0 0 1 0 0 1 1 0 0 0 0 0 -1 0 1 -1 0 0 -1
0 0 0 0 0 0 1 0 -1 -1 0 0 0 0 1 1 -1 -1 0 1 0 1
1 0 0 0 -1 0 0 0 -1 0 0 0 0 0 0 1 1 1 1 1 0 0
0 0 0 0 0 0 0 0 0 0 0 0 0 0 0 0 0 0 0 0 0 1
0 0 0 0 -1 0 0 0 0 0 0 0 0 0 0 0 1 1 1 0 0 0
1 1 0 0 -1 0 0 0 -2 -1 -1 -1 0 0 1 2 1 0 1 1 0 1
0 -1 0 0 0 0 0 1 1 1 0 0 0 0 -1 -1 0 0 -1 -1 0 -1
0 1 1 0 0 0 0 0 0 0 -1 0 1 0 1 0 0 0 1 0 0 1
0 -1 0 0 1 -1 0 1 1 0 0 1 0 -1 -1 -1 -1 -1 -1 -1 0 0
0 0 0 0 0 0 0 0 0 1 0 0 0 0 -1 -1 0 0 0 -1 0 0
0 0 0 0 -1 0 0 0 0 0 0 0 0 0 0 0 1 1 1 1 0 0
0 0 0 0 0 0 0 0 0 -1 0 0 0 0 0 1 -1 -1 -1 0 0 0
0 0 0 0 0 0 0 0 0 0 0 0 0 0 0 0 0 0 1 1 0 0
0 0 0 0 0 0 0 0 0 1 0 0 0 0 0 -1 0 1 0 0 0 0
0 0 0 0 0 0 0 0 0 -1 0 0 0 0 0 1 0 0 0 0 0 0
0 0 0 0 0 -1 0 0 -1 -1 0 0 0 0 0 1 0 -1 0 0 -1 0
0 0 0 0 0 0 0 0 1 0 0 0 0 0 0 0 0 0 0 0 0 0
3 8811
1 -1 0 0 -2 0 0 0 0 0 0 -1 0 0 0 1 1 2 -1 1 0 -1
0 2 1 0 1 1 1 0 0 0 -2 1 1 0 1 1 -1 0 0 0 0 2
0 1 1 -1 0 0 0 0 0 0 0 2 1 0 0 -1 -1 -1 2 0 0 3
0 -1 -1 0 -1 0 0 0 0 0 0 -2 -1 0 0 0 1 1 -1 0 0 -2
0 0 0 0 0 0 0 0 0 0 1 1 0 0 0 0 0 0 1 1 0 1
-1 -1 0 -1 -1 -1 0 0 0 0 0 0 1 0 0 -1 0 0 1 0 0 -1
1 1 1 1 0 1 0 0 0 0 0 0 0 0 1 1 0 0 0 1 0 2
-1 1 0 -1 1 0 0 0 0 -1 -1 1 1 0 0 0 -1 -1 1 0 0 1
1 0 0 1 0 0 0 0 -1 0 0 -1 -1 0 0 1 0 0 -1 0 0 0
-1 1 0 0 2 0 0 -1 0 0 0 1 0 0 0 0 -1 -1 0 -1 0 0
0 1 1 0 1 1 1 0 0 0 -1 1 1 0 1 1 -1 -1 1 1 0 2
0 -1 -1 -1 -1 -1 -1 0 0 0 0 -1 0 0 -1 -1 1 1 -1 -1 0 -2
0 0 0 0 0 1 1 0 0 0 0 0 0 0 1 1 0 0 0 1 0 0
1 -1 -1 0 -1 0 -1 0 0 0 1 -1 -1 0 -1 0 1 1 -1 0 1 -1
0 -1 -1 0 -1 0 0 0 0 0 0 -1 0 0 -1 0 1 1 -1 0 0 -2
0 0 0 0 1 0 0 0 0 0 0 0 0 0 0 0 -1 -1 0 0 0 0
0 0 0 0 0 0 0 0 0 0 1 1 0 0 0 -1 0 0 0 0 0 1
0 0 0 0 0 0 0 0 0 0 0 0 0 0 0 0 0 0 1 1 0 0
0 -1 0 0 -1 0 0 0 0 0 0 -1 0 0 0 0 0 1 0 1 0 -1
0 1 0 0 1 0 0 0 0 0 0 1 0 0 0 0 0 0 0 -1 0 1
0 1 0 0 0 1 0 0 0 0 0 0 0 1 0 0 0 0 0 0 0 1
0 0 0 1 1 0 0 0 0 0 1 0 -1 0 0 0 0 -1 0 0 0 0
3 8829
2 -1 -1 0 -2 0 0 1 -1 1 0 -2 -1 0 0 1 3 1 0 0 0 -1
-2 -1 -1 0 0 1 1 0 2 1 1 1 0 0 0 -2 0 1 -1 0 0 -1
-1 -1 0 0 1 0 0 0 1 -2 1 1 0 0 -1 0 -3 -2 -1 1 0 0
1 1 0 0 -1 0 0 0 -1 1 -1 -1 0 0 0 0 2 1 1 -1 0 0
-1 0 0 0 1 0 0 -1 0 0 0 0 0 0 0 0 -1 -1 0 0 0 -1
1 1 0 0 0 -1 -1 0 -2 -1 0 -1 -1 1 -1 1 0 -1 1 0 -1 1
-1 -1 0 0 0 1 1 -1 1 1 0 0 0 -1 1 -1 -1 0 -1 0 1 -1
-1 0 0 0 1 0 0 0 1 0 0 1 0 0 -1 -1 -1 0 0 0 0 0
0 0 0 0 -1 1 1 0 0 1 0 0 0 0 1 0 1 1 0 0 0 0
-1 0 0 0 1 0 0 0 1 0 0 1 1 0 0 0 0 0 0 0 0 0
-2 -1 0 0 1 1 1 -1 2 1 1 1 0 0 0 -2 -2 0 -1 0 0 -1
3 0 -1 0 -1 -1 -1 2 -2 -1 0 -1 -1 0 -1 2 2 0 0 0 0 1
-1 0 0 0 1 0 0 -1 1 1 0 0 0 0 0 -1 0 0 0 -1 0 -1
2 0 0 0 -1 0 0 1 -1 0 -1 -1 0 0 0 2 1 0 0 0 1 0
2 0 0 1 -1 0 0 1 -1 1 0 -1 -1 0 0 1 2 1 0 0 0 0
-1 0 0 0 1 0 0 -1 0 0 1 1 0 0 0 -1 -1 0 0 0 0 0
0 0 0 0 0 0 0 0 0 -1 0 0 0 0 0 1 -1 -1 -1 0 0 0
-1 0 0 0 1 0 0 -1 0 0 0 0 0 0 0 -1 -1 0 0 0 0 -1
1 0 0 0 -1 0 0 0 -1 1 0 -1 -1 0 0 0 1 1 1 0 0 0
-1 0 0 0 0 0 0 0 1 0 0 1 1 0 0 0 0 0 0 0 0 0
0 0 0 0 0 1 0 0 1 0 0 0 0 0 0 0 -1 0 -1 0 1 0
-1 1 1 0 1 0 0 -1 0 0 -1 0 1 0 1 0 -1 -1 0 -1 0 0
4 0
1 0 0 0 0 0 0 0 0 0 0 0 0 0 0 0 0 0 0 0 0 0
0 1 0 0 0 0 0 0 0 0 0 0 0 0 0 0 0 0 0 0 0 0
0 0 1 0 0 0 0 0 0 0 0 0 0 0 0 0 0 0 0 0 0 0
0 0 0 1 0 0 0 0 0 0 0 0 0 0 0 0 0 0 0 0 0 0
0 0 0 0 1 0 0 0 0 0 0 0 0 0 0 0 0 0 0 0 0 0
0 0 0 0 0 1 0 0 0 0 0 0 0 0 0 0 0 0 0 0 0 0
0 0 0 0 0 0 1 0 0 0 0 0 0 0 0 0 0 0 0 0 0 0
0 0 0 0 0 0 0 1 0 0 0 0 0 0 0 0 0 0 0 0 0 0
0 0 0 0 0 0 0 0 1 0 0 0 0 0 0 0 0 0 0 0 0 0
0 0 0 0 0 0 0 0 0 1 0 0 0 0 0 0 0 0 0 0 0 0
0 0 0 0 0 0 0 0 0 0 1 0 0 0 0 0 0 0 0 0 0 0
0 0 0 0 0 0 0 0 0 0 0 1 0 0 0 0 0 0 0 0 0 0
0 0 0 0 0 0 0 0 0 0 0 0 1 0 0 0 0 0 0 0 0 0
0 0 0 0 0 0 0 0 0 0 0 0 0 1 0 0 0 0 0 0 0 0
0 0 0 0 0 0 0 0 0 0 0 0 0 0 1 0 0 0 0 0 0 0
0 0 0 0 0 0 0 0 0 0 0 0 0 0 0 1 0 0 0 0 0 0
0 0 0 0 0 0 0 0 0 0 0 0 0 0 0 0 1 0 0 0 0 0
0 0 0 0 0 0 0 0 0 0 0 0 0 0 0 0 0 1 0 0 0 0
0 0 0 0 0 0 0 0 0 0 0 0 0 0 0 0 0 0 1 0 0 0
0 0 0 0 0 0 0 0 0 0 0 0 0 0 0 0 0 0 0 1 0 0
0 0 0 0 0 0 0 0 0 0 0 0 0 0 0 0 0 0 0 0 1 0
0 0 0 0 0 0 0 0 0 0 0 0 0 0 0 0 0 0 0 0 0 1
4 2589
-1 0 0 0 0 0 0 0 0 0 0 0 0 0 0 0 0 0 0 0 0 0
0 -1 0 0 0 0 0 0 0 0 0 0 0 0 0 0 0 0 0 0 0 0
0 0 -1 0 0 0 0 0 0 0 0 0 0 0 0 0 0 0 0 0 0 0
0 0 0 -1 0 0 0 0 0 0 0 0 0 0 0 0 0 0 0 0 0 0
0 0 0 0 -1 0 0 0 0 0 0 0 0 0 0 0 0 0 0 0 0 0
0 0 0 0 0 -1 0 0 0 0 0 0 0 0 0 0 0 0 0 0 0 0
0 0 0 0 0 0 -1 0 0 0 0 0 0 0 0 0 0 0 0 0 0 0
0 0 0 0 0 0 0 -1 0 0 0 0 0 0 0 0 0 0 0 0 0 0
0 0 0 0 0 0 0 0 -1 0 0 0 0 0 0 0 0 0 0 0 0 0
0 0 0 0 0 0 0 0 0 -1 0 0 0 0 0 0 0 0 0 0 0 0
0 0 0 0 0 0 0 0 0 0 -1 0 0 0 0 0 0 0 0 0 0 0
0 0 0 0 0 0 0 0 0 0 0 -1 0 0 0 0 0 0 0 0 0 0
0 0 0 0 0 0 0 0 0 0 0 0 -1 0 0 0 0 0 0 0 0 0
0 0 0 0 0 0 0 0 0 0 0 0 0 -1 0 0 0 0 0 0 0 0
0 0 0 0 0 0 0 0 0 0 0 0 0 0 -1 0 0 0 0 0 0 0
0 0 0 0 0 0 0 0 0 0 0 0 0 0 0 -1 0 0 0 0 0 0
0 0 0 0 0 0 0 0 0 0 0 0 0 0 0 0 -1 0 0 0 0 0
0 0 0 0 0 0 0 0 0 0 0 0 0 0 0 0 0 -1 0 0 0 0
0 0 0 0 0 0 0 0 0 0 0 0 0 0 0 0 0 0 -1 0 0 0
0 0 0 0 0 0 0 0 0 0 0 0 0 0 0 0 0 0 0 -1 0 0
0 0 0 0 0 0 0 0 0 0 0 0 0 0 0 0 0 0 0 0 -1 0
0 0 0 0 0 0 0 0 0 0 0 0 0 0 0 0 0 0 0 0 0 -1
4 4254
1 -1 0 -1 -2 1 1 2 1 0 -1 1 1 -1 -1 -1 0 1 1 1 1 1
0 0 0 0 0 -1 -1 -1 -2 0 1 -1 -2 1 -1 0 -1 -1 1 0 -1 0
-1 0 -1 0 1 1 1 -2 -1 0 2 -1 -1 2 1 1 -1 -1 -2 0 0 -2
0 0 0 0 -1 0 0 1 1 0 -1 1 1 -1 -1 -1 1 1 1 0 0 1
0 0 0 0 1 0 0 0 0 -1 0 0 0 0 0 1 -1 -1 -1 0 0 0
0 1 0 -1 0 0 0 0 0 -1 -1 0 1 0 1 0 0 0 0 0 0 1
0 -1 0 1 1 0 0 0 0 0 1 0 -1 0 -1 0 -1 -1 -1 0 0 -1
0 1 0 0 1 -1 -1 -1 -1 0 0 -1 -1 1 0 1 0 -1 0 -1 -1 0
0 -1 0 0 0 -1 0 1 0 0 0 1 0 -1 -1 -1 0 0 1 0 0 0
1 0 0 0 0 -1 -1 0 -1 0 0 -1 -1 0 0 1 0 0 0 0 0 0
0 0 0 0 1 -1 -1 -1 -1 0 0 -1 -1 1 -1 1 -1 -1 0 0 0 -1
0 0 0 -1 -2 1 1 1 1 0 0 1 1 0 1 -1 1 2 1 1 0 1
1 0 0 0 0 0 -1 0 0 0 -1 -1 0 0 -1 1 0 0 0 0 1 0
0 0 0 0 -1 1 1 1 1 0 0 1 1 0 0 0 1 1 0 0 0 0
0 0 0 -1 -1 0 0 1 1 0 -1 1 1 -1 0 -1 1 1 1 0 0 1
0 0 0 0 1 -1 -1 0 0 0 0 0 0 0 0 0 0 0 0 0 0 0
-1 0 0 0 0 1 1 -1 0 0 1 0 0 1 1 0 -1 0 -1 0 0 -1
0 0 0 1 1 0 0 0 0 0 0 0 0 0 0 1 0 -1 -1 0 0 0
0 0 0 -1 0 -1 -1 1 1 -1 -1 1 1 -1 -1 -1 0 0 1 0 0 1
0 0 0 0 0 0 0 -1 -1 0 1 0 -1 0 0 0 -1 0 0 0 0 0
-1 0 0 0 0 0 0 -1 0 0 1 0 0 1 0 0 0 0 0 0 -1 -1
0 0 0 1 1 0 0 0 0 0 0 0 0 0 0 1 0 0 -1 0 0 -1
4 5449
-1 1 0 1 2 -1 -1 -2 -1 0 1 -1 -1 1 1 1 0 -1 -1 -1 -1 -1
0 0 0 0 0 1 1 1 2 0 -1 1 2 -1 1 0 1 1 -1 0 1 0
1 0 1 0 -1 -1 -1 2 1 0 -2 1 1 -2 -1 -1 1 1 2 0 0 2
0 0 0 0 1 0 0 -1 -1 0 1 -1 -1 1 1 1 -1 -1 -1 0 0 -1
0 0 0 0 -1 0 0 0 0 1 0 0 0 0 0 -1 1 1 1 0 0 0
0 -1 0 1 0 0 0 0 0 1 1 0 -1 0 -1 0 0 0 0 0 0 -1
0 1 0 -1 -1 0 0 0 0 0 -1 0 1 0 1 0 1 1 1 0 0 1
0 -1 0 0 -1 1 1 1 1 0 0 1 1 -1 0 -1 0 1 0 1 1 0
0 1 0 0 0 1 0 -1 0 0 0 -1 0 1 1 1 0 0 -1 0 0 0
-1 0 0 0 0 1 1 0 1 0 0 1 1 0 0 -1 0 0 0 0 0 0
0 0 0 0 -1 1 1 1 1 0 0 1 1 -1 1 -1 1 1 0 0 0 1
0 0 0 1 2 -1 -1 -1 -1 0 0 -1 -1 0 -1 1 -1 -2 -1 -1 0 -1
-1 0 0 0 0 0 1 0 0 0 1 1 0 0 1 -1 0 0 0 0 -1 0
0 0 0 0 1 -1 -1 -1 -1 0 0 -1 -1 0 0 0 -1 -1 0 0 0 0
0 0 0 1 1 0 0 -1 -1 0 1 -1 -1 1 0 1 -1 -1 -1 0 0 -1
0 0 0 0 -1 1 1 0 0 0 0 0 0 0 0 0 0 0 0 0 0 0
1 0 0 0 0 -1 -1 1 0 0 -1 0 0 -1 -1 0 1 0 1 0 0 1
0 0 0 -1 -1 0 0 0 0 0 0 0 0 0 0 -1 0 1 1 0 0 0
0 0 0 1 0 1 1 -1 -1 1 1 -1 -1 1 1 1 0 0 -1 0 0 -1
0 0 0 0 0 0 0 1 1 0 -1 0 1 0 0 0 1 0 0 0 0 0
1 0 0 0 0 0 0 1 0 0 -1 0 0 -1 0 0 0 0 0 0 1 1
0 0 0 -1 -1 0 0 0 0 0 0 0 0 0 0 -1 0 0 1 0 0 1
5 0
1 0 0 0 0 0 0 0 0 0 0 0 0 0 0 0 0 0 0 0 0 0
0 1 0 0 0 0 0 0 0 0 0 0 0 0 0 0 0 0 0 0 0 0
0 0 1 0 0 0 0 0 0 0 0 0 0 0 0 0 0 0 0 0 0 0
0 0 0 1 0 0 0 0 0 0 0 0 0 0 0 0 0 0 0 0 0 0
0 0 0 0 1 0 0 0 0 0 0 0 0 0 0 0 0 0 0 0 0 0
0 0 0 0 0 1 0 0 0 0 0 0 0 0 0 0 0 0 0 0 0 0
0 0 0 0 0 0 1 0 0 0 0 0 0 0 0 0 0 0 0 0 0 0
0 0 0 0 0 0 0 1 0 0 0 0 0 0 0 0 0 0 0 0 0 0
0 0 0 0 0 0 0 0 1 0 0 0 0 0 0 0 0 0 0 0 0 0
0 0 0 0 0 0 0 0 0 1 0 0 0 0 0 0 0 0 0 0 0 0
0 0 0 0 0 0 0 0 0 0 1 0 0 0 0 0 0 0 0 0 0 0
0 0 0 0 0 0 0 0 0 0 0 1 0 0 0 0 0 0 0 0 0 0
0 0 0 0 0 0 0 0 0 0 0 0 1 0 0 0 0 0 0 0 0 0
0 0 0 0 0 0 0 0 0 0 0 0 0 1 0 0 0 0 0 0 0 0
0 0 0 0 0 0 0 0 0 0 0 0 0 0 1 0 0 0 0 0 0 0
0 0 0 0 0 0 0 0 0 0 0 0 0 0 0 1 0 0 0 0 0 0
0 0 0 0 0 0 0 0 0 0 0 0 0 0 0 0 1 0 0 0 0 0
0 0 0 0 0 0 0 0 0 0 0 0 0 0 0 0 0 1 0 0 0 0
0 0 0 0 0 0 0 0 0 0 0 0 0 0 0 0 0 0 1 0 0 0
0 0 0 0 0 0 0 0 0 0 0 0 0 0 0 0 0 0 0 1 0 0
0 0 0 0 0 0 0 0 0 0 0 0 0 0 0 0 0 0 0 0 1 0
0 0 0 0 0 0 0 0 0 0 0 0 0 0 0 0 0 0 0 0 0 1
5 1497
0 1 1 1 -1 2 2 0 -1 1 -2 -1 1 0 1 1 1 0 0 0 0 0
0 -1 1 1 1 0 0 0 2 2 0 0 -1 -1 0 -2 -1 0 0 -1 1 0
0 -1 -2 -2 2 -2 -2 0 1 -2 1 2 -1 -2 -2 -2 -2 0 -1 0 1 0
0 1 1 1 -1 1 1 0 -1 1 -1 -1 1 1 1 2 2 0 1 0 -1 0
1 -1 -1 -1 0 -1 -1 1 0 -1 0 0 -1 -1 -1 0 0 0 0 0 1 0
0 0 -1 -1 -1 0 0 0 -1 -1 0 0 1 1 -1 1 0 0 0 1 0 0
0 0 0 0 1 0 -1 0 1 0 0 0 -1 -1 0 -1 0 0 0 -1 1 0
0 -1 0 0 0 -1 -1 0 1 0 1 0 -1 0 -1 -1 -1 0 0 0 0 0
0 0 1 1 0 1 1 0 0 1 0 0 0 0 1 0 0 0 0 0 0 0
0 -1 0 0 0 -1 0 0 0 0 1 0 -1 0 0 -1 -1 0 0 0 0 0
0 -1 0 0 1 -1 -1 0 1 0 1 0 -2 -1 -1 -2 -2 -1 0 -1 1 0
0 1 0 0 -1 1 1 0 -1 0 -1 0 2 1 0 1 1 1 0 1 -1 0
0 0 0 0 0 0 0 0 0 0 0 -1 -1 0 0 0 0 -1 0 -1 0 0
0 1 0 0 0 0 0 0 -1 -1 -1 0 1 0 0 1 1 0 0 0 -1 0
0 1 1 1 -1 1 1 0 -1 1 -1 -1 1 1 1 1 1 0 0 0 -1 0
0 0 0 0 0 0 0 0 0 0 1 0 -1 1 0 0 -1 0 0 0 0 0
0 0 -1 -1 1 -1 -1 0 0 -1 0 1 0 -1 -1 -1 0 0 0 0 0 0
1 0 0 0 0 0 -1 0 0 0 0 -1 -1 0 0 1 0 0 0 0 1 0
0 0 0 1 -1 1 1 0 -1 1 0 -1 0 1 0 1 1 0 0 0 0 -1
0 -1 0 0 1 -1 0 1 1 0 0 1 0 -1 0 -1 0 0 0 0 0 0
0 0 0 0 1 -1 -1 0 1 0 0 1 0 -1 -1 -1 0 0 0 -1 0 0
0 0 0 -1 0 -1 -1 0 0 -1 0 0 0 0 0 0 0 0 1 0 0 0
5 2589
-1 0 0 0 0 0 0 0 0 0 0 0 0 0 0 0 0 0 0 0 0 0
0 -1 0 0 0 0 0 0 0 0 0 0 0 0 0 0 0 0 0 0 0 0
0 0 -1 0 0 0 0 0 0 0 0 0 0 0 0 0 0 0 0 0 0 0
0 0 0 -1 0 0 0 0 0 0 0 0 0 0 0 0 0 0 0 0 0 0
0 0 0 0 -1 0 0 0 0 0 0 0 0 0 0 0 0 0 0 0 0 0
0 0 0 0 0 -1 0 0 0 0 0 0 0 0 0 0 0 0 0 0 0 0
0 0 0 0 0 0 -1 0 0 0 0 0 0 0 0 0 0 0 0 0 0 0
0 0 0 0 0 0 0 -1 0 0 0 0 0 0 0 0 0 0 0 0 0 0
0 0 0 0 0 0 0 0 -1 0 0 0 0 0 0 0 0 0 0 0 0 0
0 0 0 0 0 0 0 0 0 -1 0 0 0 0 0 0 0 0 0 0 0 0
0 0 0 0 0 0 0 0 0 0 -1 0 0 0 0 0 0 0 0 0 0 0
0 0 0 0 0 0 0 0 0 0 0 -1 0 0 0 0 0 0 0 0 0 0
0 0 0 0 0 0 0 0 0 0 0 0 -1 0 0 0 0 0 0 0 0 0
0 0 0 0 0 0 0 0 0 0 0 0 0 -1 0 0 0 0 0 0 0 0
0 0 0 0 0 0 0 0 0 0 0 0 0 0 -1 0 0 0 0 0 0 0
0 0 0 0 0 0 0 0 0 0 0 0 0 0 0 -1 0 0 0 0 0 0
0 0 0 0 0 0 0 0 0 0 0 0 0 0 0 0 -1 0 0 0 0 0
0 0 0 0 0 0 0 0 0 0 0 0 0 0 0 0 0 -1 0 0 0 0
0 0 0 0 0 0 0 0 0 0 0 0 0 0 0 0 0 0 -1 0 0 0
0 0 0 0 0 0 0 0 0 0 0 0 0 0 0 0 0 0 0 -1 0 0
0 0 0 0 0 0 0 0 0 0 0 0 0 0 0 0 0 0 0 0 -1 0
0 0 0 0 0 0 0 0 0 0 0 0 0 0 0 0 0 0 0 0 0 -1
5 3275
-1 0 1 1 0 2 2 -1 1 1 1 1 1 0 2 0 -1 0 -1 1 0 -1
-1 0 -1 1 1 0 0 -1 0 1 1 0 -1 1 -1 -1 0 0 -1 -1 -1 -1
0 0 -1 -2 0 -1 -2 0 -1 -2 0 -2 -1 2 -1 0 0 0 1 0 -1 0
0 0 1 1 -1 1 1 0 1 1 0 1 1 -1 1 0 0 1 0 1 1 0
0 0 -1 -1 0 -1 -1 0 -1 -1 1 0 -1 1 -1 0 0 0 0 0 -1 0
0 0 1 -1 0 -1 0 1 1 -1 -1 1 1 -1 1 0 0 0 1 0 0 1
0 0 -1 0 0 0 -1 -1 -1 0 1 -1 -1 1 -1 0 0 0 -1 0 -1 -1
0 0 -1 0 1 -1 -1 0 0 0 0 0 -1 0 -1 0 1 0 0 -1 0 0
0 0 0 1 0 1 1 0 0 1 0 0 0 0 0 0 0 0 -1 0 0 -1
0 0 -1 0 1 -1 0 0 -1 0 0 0 -1 0 -1 0 0 -1 0 -1 0 0
0 0 -2 0 1 -1 -1 -1 -2 0 1 -1 -2 1 -1 0 1 0 -1 -1 -1 -1
0 0 2 0 0 1 1 1 2 0 -1 1 2 -1 2 0 -1 0 1 1 1 1
0 0 -1 0 0 0 0 -1 -1 0 1 0 -1 0 0 0 0 0 -1 0 0 0
0 0 1 0 0 1 0 0 1 0 0 0 1 0 1 0 -1 0 0 1 1 0
0 0 1 1 0 1 1 0 1 1 0 1 1 -1 1 0 0 0 0 0 1 0
1 -1 -1 0 0 -1 0 1 -1 0 0 0 -1 -1 -1 0 1 0 0 0 0 0
0 0 0 -1 0 0 -1 0 0 -1 0 -1 0 1 0 0 -1 0 0 0 0 0
0 0 -1 0 0 -1 -1 0 -1 -1 1 0 -1 0 -1 0 1 0 0 0 -1 0
0 0 1 1 0 0 1 0 0 1 0 1 0 -1 1 0 0 0 0 0 0 0
0 0 0 0 0 0 0 0 0 0 0 0 0 1 -1 0 -1 0 0 0 0 0
0 0 0 0 0 0 -1 0 0 0 0 -1 0 1 0 0 0 0 0 0 0 0
0 0 -1 -1 0 -1 -1 0 -1 -1 0 0 0 0 -1 0 0 0 0 0 0 0
5 3458
0 -1 0 -2 -1 -2 -2 0 1 -2 0 0 0 -1 -1 -1 -1 0 1 0 0 1
-1 2 0 0 0 0 0 0 -1 0 -1 -1 0 2 0 1 1 -1 1 -1 -1 -1
-1 2 1 1 0 2 2 1 1 1 -1 1 2 2 1 1 1 0 0 0 -2 1
1 -2 -1 -1 0 -2 -1 0 -1 -1 1 0 -2 -2 -1 -1 -1 0 0 0 1 0
0 0 1 1 0 1 1 1 1 1 -1 0 1 0 1 1 1 0 0 0 0 0
1 -1 0 0 0 0 0 0 0 0 0 0 0 -1 0 0 -1 0 -1 1 1 1
-1 1 1 0 0 0 0 1 1 0 -1 0 1 1 1 0 1 0 1 -1 -1 0
0 1 0 1 0 1 1 0 -1 1 -1 -1 0 1 0 1 1 0 0 0 0 -1
0 0 0 -1 0 -1 -1 0 0 -1 0 0 0 0 0 0 0 0 1 0 0 0
0 1 0 1 0 1 0 -1 -1 1 0 -1 0 1 0 1 1 0 0 0 0 -1
-1 2 1 1 0 1 1 0 0 2 -2 -1 1 2 1 1 2 0 1 -1 -1 -1
0 -1 -1 -1 0 -1 -1 -1 0 -2 2 1 -1 -1 -1 -1 -2 0 -1 1 0 1
0 0 0 0 0 0 0 0 0 1 -1 -1 0 0 0 0 1 0 0 -1 0 -1
0 -1 0 -1 -1 0 0 0 1 -1 1 1 0 -1 0 -1 -1 1 0 1 0 1
0 -1 -1 -1 0 -1 -1 -1 0 -1 1 0 -1 -1 -1 -1 -1 0 0 0 1 0
0 0 0 1 1 0 0 0 0 1 0 0 0 0 0 0 1 0 0 0 0 -1
-1 1 1 0 0 1 1 0 1 0 0 1 1 1 1 0 -1 0 0 0 -1 1
0 -1 0 1 0 0 1 1 0 1 0 0 0 0 0 0 1 0 0 0 0 -1
1 -1 0 0 0 -1 -1 0 0 0 0 -1 -1 -1 0 0 0 0 0 0 1 0
0 1 0 0 0 1 0 0 0 0 0 0 0 1 0 1 0 0 0 0 0 0
-1 1 0 0 0 1 1 0 0 0 0 0 0 1 1 0 0 0 0 0 -1 0
0 0 1 1 0 1 1 0 0 1 0 0 0 0 1 0 0 0 0 0 0 0
5 3701
1 0 -1 -1 0 -2 -2 1 -1 -1 -1 -1 -1 0 -2 0 1 0 1 -1 0 1
1 0 1 -1 -1 0 0 1 0 -1 -1 0 1 -1 1 1 0 0 1 1 1 1
0 0 1 2 0 1 2 0 1 2 0 2 1 -2 1 0 0 0 -1 0 1 0
0 0 -1 -1 1 -1 -1 0 -1 -1 0 -1 -1 1 -1 0 0 -1 0 -1 -1 0
0 0 1 1 0 1 1 0 1 1 -1 0 1 -1 1 0 0 0 0 0 1 0
0 0 -1 1 0 1 0 -1 -1 1 1 -1 -1 1 -1 0 0 0 -1 0 0 -1
0 0 1 0 0 0 1 1 1 0 -1 1 1 -1 1 0 0 0 1 0 1 1
0 0 1 0 -1 1 1 0 0 0 0 0 1 0 1 0 -1 0 0 1 0 0
0 0 0 -1 0 -1 -1 0 0 -1 0 0 0 0 0 0 0 0 1 0 0 1
0 0 1 0 -1 1 0 0 1 0 0 0 1 0 1 0 0 1 0 1 0 0
0 0 2 0 -1 1 1 1 2 0 -1 1 2 -1 1 0 -1 0 1 1 1 1
0 0 -2 0 0 -1 -1 -1 -2 0 1 -1 -2 1 -2 0 1 0 -1 -1 -1 -1
0 0 1 0 0 0 0 1 1 0 -1 0 1 0 0 0 0 0 1 0 0 0
0 0 -1 0 0 -1 0 0 -1 0 0 0 -1 0 -1 0 1 0 0 -1 -1 0
0 0 -1 -1 0 -1 -1 0 -1 -1 0 -1 -1 1 -1 0 0 0 0 0 -1 0
-1 1 1 0 0 1 0 -1 1 0 0 0 1 1 1 0 -1 0 0 0 0 0
0 0 0 1 0 0 1 0 0 1 0 1 0 -1 0 0 1 0 0 0 0 0
0 0 1 0 0 1 1 0 1 1 -1 0 1 0 1 0 -1 0 0 0 1 0
0 0 -1 -1 0 0 -1 0 0 -1 0 -1 0 1 -1 0 0 0 0 0 0 0
0 0 0 0 0 0 0 0 0 0 0 0 0 -1 1 0 1 0 0 0 0 0
0 0 0 0 0 0 1 0 0 0 0 1 0 -1 0 0 0 0 0 0 0 0
0 0 1 1 0 1 1 0 1 1 0 0 0 0 1 0 0 0 0 0 0 0
5 5082
0 1 0 2 1 2 2 0 -1 2 0 0 0 1 1 1 1 0 -1 0 0 -1
1 -2 0 0 0 0 0 0 1 0 1 1 0 -2 0 -1 -1 1 -1 1 1 1
1 -2 -1 -1 0 -2 -2 -1 -1 -1 1 -1 -2 -2 -1 -1 -1 0 0 0 2 -1
-1 2 1 1 0 2 1 0 1 1 -1 0 2 2 1 1 1 0 0 0 -1 0
0 0 -1 -1 0 -1 -1 -1 -1 -1 1 0 -1 0 -1 -1 -1 0 0 0 0 0
-1 1 0 0 0 0 0 0 0 0 0 0 0 1 0 0 1 0 1 -1 -1 -1
1 -1 -1 0 0 0 0 -1 -1 0 1 0 -1 -1 -1 0 -1 0 -1 1 1 0
0 -1 0 -1 0 -1 -1 0 1 -1 1 1 0 -1 0 -1 -1 0 0 0 0 1
0 0 0 1 0 1 1 0 0 1 0 0 0 0 0 0 0 0 -1 0 0 0
0 -1 0 -1 0 -1 0 1 1 -1 0 1 0 -1 0 -1 -1 0 0 0 0 1
1 -2 -1 -1 0 -1 -1 0 0 -2 2 1 -1 -2 -1 -1 -2 0 -1 1 1 1
0 1 1 1 0 1 1 1 0 2 -2 -1 1 1 1 1 2 0 1 -1 0 -1
0 0 0 0 0 0 0 0 0 -1 1 1 0 0 0 0 -1 0 0 1 0 1
0 1 0 1 1 0 0 0 -1 1 -1 -1 0 1 0 1 1 -1 0 -1 0 -1
0 1 1 1 0 1 1 1 0 1 -1 0 1 1 1 1 1 0 0 0 -1 0
0 0 0 -1 -1 0 0 0 0 -1 0 0 0 0 0 0 -1 0 0 0 0 1
1 -1 -1 0 0 -1 -1 0 -1 0 0 -1 -1 -1 -1 0 1 0 0 0 1 -1
0 1 0 -1 0 0 -1 -1 0 -1 0 0 0 0 0 0 -1 0 0 0 0 1
-1 1 0 0 0 1 1 0 0 0 0 1 1 1 0 0 0 0 0 0 -1 0
0 -1 0 0 0 -1 0 0 0 0 0 0 0 -1 0 -1 0 0 0 0 0 0
1 -1 0 0 0 -1 -1 0 0 0 0 0 0 -1 -1 0 0 0 0 0 1 0
0 0 -1 -1 0 -1 -1 0 0 -1 0 0 0 0 -1 0 0 0 0 0 0 0
5 5470
1 -1 2 2 -1 1 2 1 0 1 0 0 0 -1 1 0 -1 0 0 1 0 0
-1 2 0 0 1 1 0 0 1 0 -1 -1 0 2 0 0 0 -1 0 -1 -1 0
-2 2 -2 -1 2 -2 -2 -2 -3 -2 1 -1 -2 2 -1 0 0 -2 0 -2 -2 -1
1 -1 2 1 -1 1 1 1 2 1 -1 1 2 -2 1 0 0 1 0 1 1 1
0 0 -1 -1 1 -1 -1 0 -1 -1 0 -1 -1 0 0 0 0 -1 0 -1 0 0
1 -1 0 0 -1 0 0 0 -1 1 0 0 0 -1 0 0 0 1 0 1 1 0
-1 1 0 0 1 0 0 0 0 -1 0 -1 -1 1 1 0 0 -1 0 -1 -1 0
0 1 -1 -1 0 0 -1 0 0 0 -1 -1 0 1 -1 0 1 0 0 -1 0 0
0 0 1 1 0 1 1 0 1 1 0 0 0 0 1 0 0 0 0 0 0 0
0 0 -1 -1 0 0 0 0 0 0 0 0 0 1 -1 0 0 0 0 0 0 0
0 2 -1 -1 1 0 -1 0 -1 -1 -1 -2 -1 2 0 1 1 -1 0 -1 -1 0
0 -1 1 1 -1 0 1 0 0 1 1 2 1 -1 0 -1 -1 1 0 1 0 0
1 0 0 0 0 0 0 1 0 0 -1 -1 0 0 0 1 1 0 0 0 0 0
0 -1 1 1 0 -1 0 0 0 0 1 1 0 -1 0 -1 -1 0 0 0 0 0
1 -1 1 1 -1 1 1 1 1 1 0 1 1 -1 0 0 0 1 0 1 1 0
0 0 -1 -1 0 0 0 0 0 0 0 0 0 0 0 0 1 0 0 0 0 0
-1 1 0 0 1 -1 -1 -1 -1 -1 1 0 -1 1 0 0 -1 -1 0 -1 -1 0
0 0 -1 -1 0 0 -1 0 0 -1 0 -1 0 0 0 0 1 0 0 0 0 0
1 -1 1 0 -1 1 1 1 1 1 -1 0 1 -1 1 0 0 1 0 1 1 0
-1 1 0 0 1 0 0 -1 0 0 0 0 0 1 0 0 -1 -1 0 -1 0 0
-1 1 0 0 1 -1 -1 0 0 -1 0 0 0 1 0 0 0 -1 0 -1 -1 0
0 0 0 -1 0 -1 -1 0 0 -1 0 0 0 0 0 0 0 0 1 0 0 1
5 7182
0 0 0 0 -1 0 0 -1 0 0 0 0 0 0 0 1 1 1 1 1 0 -1
-1 0 0 0 1 0 0 0 2 1 0 1 0 0 -1 -2 -1 0 -1 -1 0 -1
0 0 1 0 0 0 0 0 1 2 0 0 0 0 0 -2 0 1 1 -1 0 1
0 0 -1 -1 -1 0 0 0 -1 -2 0 0 0 0 0 1 0 0 0 1 0 0
0 0 0 0 0 0 0 0 0 1 0 0 0 0 0 0 1 0 0 -1 0 0
0 0 0 0 0 -1 0 0 -1 -1 0 0 0 0 0 1 0 -1 1 0 0 1
0 0 0 0 0 0 -1 0 1 1 0 0 0 0 -1 -1 1 1 0 -1 0 -1
-1 0 0 0 1 0 0 0 1 0 0 0 0 0 0 -1 -1 -1 -1 -1 0 0
0 0 0 0 0 0 0 0 0 0 0 0 0 0 0 0 0 0 0 0 0 -1
0 0 0 0 1 0 0 0 0 0 0 0 0 0 0 0 -1 -1 -1 0 0 0
-1 -1 0 0 1 0 0 0 2 1 1 1 0 0 -1 -2 -1 0 -1 -1 0 -1
0 1 0 0 0 0 0 -1 -1 -1 0 0 0 0 1 1 0 0 1 1 0 1
0 -1 -1 0 0 0 0 0 0 0 1 0 -1 0 -1 0 0 0 -1 0 0 -1
0 1 0 0 -1 1 0 -1 -1 0 0 -1 0 1 1 1 1 1 1 1 0 0
0 0 0 0 0 0 0 0 0 -1 0 0 0 0 1 1 0 0 0 1 0 0
0 0 0 0 1 0 0 0 0 0 0 0 0 0 0 0 -1 -1 -1 -1 0 0
0 0 0 0 0 0 0 0 0 1 0 0 0 0 0 -1 1 1 1 0 0 0
0 0 0 0 0 0 0 0 0 0 0 0 0 0 0 0 0 0 -1 -1 0 0
0 0 0 0 0 0 0 0 0 -1 0 0 0 0 0 1 0 -1 0 0 0 0
0 0 0 0 0 0 0 0 0 1 0 0 0 0 0 -1 0 0 0 0 0 0
0 0 0 0 0 1 0 0 1 1 0 0 0 0 0 -1 0 1 0 0 1 0
0 0 0 0 0 0 0 0 -1 0 0 0 0 0 0 0 0 0 0 0 0 0
5 7660
0 0 0 0 1 0 0 1 0 0 0 0 0 0 0 -1 -1 -1 -1 -1 0 1
1 0 0 0 -1 0 0 0 -2 -1 0 -1 0 0 1 2 1 0 1 1 0 1
0 0 -1 0 0 0 0 0 -1 -2 0 0 0 0 0 2 0 -1 -1 1 0 -1
0 0 1 1 1 0 0 0 1 2 0 0 0 0 0 -1 0 0 0 -1 0 0
0 0 0 0 0 0 0 0 0 -1 0 0 0 0 0 0 -1 0 0 1 0 0
0 0 0 0 0 1 0 0 1 1 0 0 0 0 0 -1 0 1 -1 0 0 -1
0 0 0 0 0 0 1 0 -1 -1 0 0 0 0 1 1 -1 -1 0 1 0 1
1 0 0 0 -1 0 0 0 -1 0 0 0 0 0 0 1 1 1 1 1 0 0
0 0 0 0 0 0 0 0 0 0 0 0 0 0 0 0 0 0 0 0 0 1
0 0 0 0 -1 0 0 0 0 0 0 0 0 0 0 0 1 1 1 0 0 0
1 1 0 0 -1 0 0 0 -2 -1 -1 -1 0 0 1 2 1 0 1 1 0 1
0 -1 0 0 0 0 0 1 1 1 0 0 0 0 -1 -1 0 0 -1 -1 0 -1
0 1 1 0 0 0 0 0 0 0 -1 0 1 0 1 0 0 0 1 0 0 1
0 -1 0 0 1 -1 0 1 1 0 0 1 0 -1 -1 -1 -1 -1 -1 -1 0 0
0 0 0 0 0 0 0 0 0 1 0 0 0 0 -1 -1 0 0 0 -1 0 0
0 0 0 0 -1 0 0 0 0 0 0 0 0 0 0 0 1 1 1 1 0 0
0 0 0 0 0 0 0 0 0 -1 0 0 0 0 0 1 -1 -1 -1 0 0 0
0 0 0 0 0 0 0 0 0 0 0 0 0 0 0 0 0 0 1 1 0 0
0 0 0 0 0 0 0 0 0 1 0 0 0 0 0 -1 0 1 0 0 0 0
0 0 0 0 0 0 0 0 0 -1 0 0 0 0 0 1 0 0 0 0 0 0
0 0 0 0 0 -1 0 0 -1 -1 0 0 0 0 0 1 0 -1 0 0 -1 0
0 0 0 0 0 0 0 0 1 0 0 0 0 0 0 0 0 0 0 0 0 0
5 7770
0 -1 -1 -1 1 -2 -2 0 1 -1 2 1 -1 0 -1 -1 -1 0 0 0 0 0
0 1 -1 -1 -1 0 0 0 -2 -2 0 0 1 1 0 2 1 0 0 1 -1 0
0 1 2 2 -2 2 2 0 -1 2 -1 -2 1 2 2 2 2 0 1 0 -1 0
0 -1 -1 -1 1 -1 -1 0 1 -1 1 1 -1 -1 -1 -2 -2 0 -1 0 1 0
-1 1 1 1 0 1 1 -1 0 1 0 0 1 1 1 0 0 0 0 0 -1 0
0 0 1 1 1 0 0 0 1 1 0 0 -1 -1 1 -1 0 0 0 -1 0 0
0 0 0 0 -1 0 1 0 -1 0 0 0 1 1 0 1 0 0 0 1 -1 0
0 1 0 0 0 1 1 0 -1 0 -1 0 1 0 1 1 1 0 0 0 0 0
0 0 -1 -1 0 -1 -1 0 0 -1 0 0 0 0 -1 0 0 0 0 0 0 0
0 1 0 0 0 1 0 0 0 0 -1 0 1 0 0 1 1 0 0 0 0 0
0 1 0 0 -1 1 1 0 -1 0 -1 0 2 1 1 2 2 1 0 1 -1 0
0 -1 0 0 1 -1 -1 0 1 0 1 0 -2 -1 0 -1 -1 -1 0 -1 1 0
0 0 0 0 0 0 0 0 0 0 0 1 1 0 0 0 0 1 0 1 0 0
0 -1 0 0 0 0 0 0 1 1 1 0 -1 0 0 -1 -1 0 0 0 1 0
0 -1 -1 -1 1 -1 -1 0 1 -1 1 1 -1 -1 -1 -1 -1 0 0 0 1 0
0 0 0 0 0 0 0 0 0 0 -1 0 1 -1 0 0 1 0 0 0 0 0
0 0 1 1 -1 1 1 0 0 1 0 -1 0 1 1 1 0 0 0 0 0 0
-1 0 0 0 0 0 1 0 0 0 0 1 1 0 0 -1 0 0 0 0 -1 0
0 0 0 -1 1 -1 -1 0 1 -1 0 1 0 -1 0 -1 -1 0 0 0 0 1
0 1 0 0 -1 1 0 -1 -1 0 0 -1 0 1 0 1 0 0 0 0 0 0
0 0 0 0 -1 1 1 0 -1 0 0 -1 0 1 1 1 0 0 0 1 0 0
0 0 0 1 0 1 1 0 0 1 0 0 0 0 0 0 0 0 -1 0 0 0
5 8859
-1 1 -2 -2 1 -1 -2 -1 0 -1 0 0 0 1 -1 0 1 0 0 -1 0 0
1 -2 0 0 -1 -1 0 0 -1 0 1 1 0 -2 0 0 0 1 0 1 1 0
2 -2 2 1 -2 2 2 2 3 2 -1 1 2 -2 1 0 0 2 0 2 2 1
-1 1 -2 -1 1 -1 -1 -1 -2 -1 1 -1 -2 2 -1 0 0 -1 0 -1 -1 -1
0 0 1 1 -1 1 1 0 1 1 0 1 1 0 0 0 0 1 0 1 0 0
-1 1 0 0 1 0 0 0 1 -1 0 0 0 1 0 0 0 -1 0 -1 -1 0
1 -1 0 0 -1 0 0 0 0 1 0 1 1 -1 -1 0 0 1 0 1 1 0
0 -1 1 1 0 0 1 0 0 0 1 1 0 -1 1 0 -1 0 0 1 0 0
0 0 -1 -1 0 -1 -1 0 -1 -1 0 0 0 0 -1 0 0 0 0 0 0 0
0 0 1 1 0 0 0 0 0 0 0 0 0 -1 1 0 0 0 0 0 0 0
0 -2 1 1 -1 0 1 0 1 1 1 2 1 -2 0 -1 -1 1 0 1 1 0
0 1 -1 -1 1 0 -1 0 0 -1 -1 -2 -1 1 0 1 1 -1 0 -1 0 0
-1 0 0 0 0 0 0 -1 0 0 1 1 0 0 0 -1 -1 0 0 0 0 0
0 1 -1 -1 0 1 0 0 0 0 -1 -1 0 1 0 1 1 0 0 0 0 0
-1 1 -1 -1 1 -1 -1 -1 -1 -1 0 -1 -1 1 0 0 0 -1 0 -1 -1 0
0 0 1 1 0 0 0 0 0 0 0 0 0 0 0 0 -1 0 0 0 0 0
1 -1 0 0 -1 1 1 1 1 1 -1 0 1 -1 0 0 1 1 0 1 1 0
0 0 1 1 0 0 1 0 0 1 0 1 0 0 0 0 -1 0 0 0 0 0
-1 1 -1 0 1 -1 -1 -1 -1 -1 1 0 -1 1 -1 0 0 -1 0 -1 -1 0
1 -1 0 0 -1 0 0 1 0 0 0 0 0 -1 0 0 1 1 0 1 0 0
1 -1 0 0 -1 1 1 0 0 1 0 0 0 -1 0 0 0 1 0 1 1 0
0 0 0 1 0 1 1 0 0 1 0 0 0 0 0 0 0 0 -1 0 0 -1
6 0
1 0 0 0 0 0 0 0 0 0 0 0 0 0 0 0 0 0 0 0 0 0
0 1 0 0 0 0 0 0 0 0 0 0 0 0 0 0 0 0 0 0 0 0
0 0 1 0 0 0 0 0 0 0 0 0 0 0 0 0 0 0 0 0 0 0
0 0 0 1 0 0 0 0 0 0 0 0 0 0 0 0 0 0 0 0 0 0
0 0 0 0 1 0 0 0 0 0 0 0 0 0 0 0 0 0 0 0 0 0
0 0 0 0 0 1 0 0 0 0 0 0 0 0 0 0 0 0 0 0 0 0
0 0 0 0 0 0 1 0 0 0 0 0 0 0 0 0 0 0 0 0 0 0
0 0 0 0 0 0 0 1 0 0 0 0 0 0 0 0 0 0 0 0 0 0
0 0 0 0 0 0 0 0 1 0 0 0 0 0 0 0 0 0 0 0 0 0
0 0 0 0 0 0 0 0 0 1 0 0 0 0 0 0 0 0 0 0 0 0
0 0 0 0 0 0 0 0 0 0 1 0 0 0 0 0 0 0 0 0 0 0
0 0 0 0 0 0 0 0 0 0 0 1 0 0 0 0 0 0 0 0 0 0
0 0 0 0 0 0 0 0 0 0 0 0 1 0 0 0 0 0 0 0 0 0
0 0 0 0 0 0 0 0 0 0 0 0 0 1 0 0 0 0 0 0 0 0
0 0 0 0 0 0 0 0 0 0 0 0 0 0 1 0 0 0 0 0 0 0
0 0 0 0 0 0 0 0 0 0 0 0 0 0 0 1 0 0 0 0 0 0
0 0 0 0 0 0 0 0 0 0 0 0 0 0 0 0 1 0 0 0 0 0
0 0 0 0 0 0 0 0 0 0 0 0 0 0 0 0 0 1 0 0 0 0
0 0 0 0 0 0 0 0 0 0 0 0 0 0 0 0 0 0 1 0 0 0
0 0 0 0 0 0 0 0 0 0 0 0 0 0 0 0 0 0 0 1 0 0
0 0 0 0 0 0 0 0 0 0 0 0 0 0 0 0 0 0 0 0 1 0
0 0 0 0 0 0 0 0 0 0 0 0 0 0 0 0 0 0 0 0 0 1
6 1741
-1 1 0 0 0 1 0 -1 0 0 0 0 0 1 1 -1 -1 2 0 1 1 0
-1 1 0 0 2 -2 -1 0 -1 -2 0 1 0 0 -1 0 -1 -3 0 -1 -2 0
0 0 -1 0 1 -2 -1 0 -2 -1 1 0 0 0 0 2 2 -2 0 -1 -2 0
0 0 1 0 -1 2 1 0 2 1 -1 0 1 0 1 -1 -1 2 0 1 2 0
0 0 0 0 1 -1 0 0 -1 0 0 0 0 0 0 0 0 -1 0 -1 -1 0
1 0 0 0 -1 1 -1 0 1 1 0 -1 0 0 0 0 1 2 0 0 1 0
-1 0 0 0 2 -2 0 0 -1 -1 0 1 0 0 0 0 -1 -2 0 -1 -1 0
0 0 0 0 1 -1 -1 0 0 -1 0 0 0 -1 -1 0 0 -2 0 -1 -1 0
-1 0 0 0 0 0 1 0 0 0 0 1 0 0 0 -1 -1 0 0 0 0 0
0 0 0 0 0 0 0 0 0 0 0 0 0 0 -1 0 0 -1 0 0 -1 0
-1 0 0 0 2 -2 -1 0 -1 -2 1 1 0 0 -1 0 -1 -3 0 -1 -2 0
0 1 0 0 -2 2 0 -1 1 1 0 -1 0 1 1 0 1 3 0 1 1 0
0 0 1 1 1 0 0 0 0 0 0 0 0 0 0 0 -1 -1 0 0 0 0
0 0 0 0 -1 1 1 -1 0 1 0 0 0 0 1 0 0 2 0 1 1 0
0 0 0 0 -1 1 0 0 1 0 0 0 0 0 0 -1 0 2 0 1 1 0
0 0 0 0 0 0 0 0 0 0 0 0 0 0 -1 0 0 -1 0 -1 0 0
0 0 0 0 0 -1 0 0 -1 0 0 0 0 0 1 1 1 0 0 0 -1 0
0 0 0 0 1 0 0 0 0 0 0 0 0 0 0 0 0 -1 0 -1 0 0
0 0 0 0 0 1 0 0 1 0 0 0 0 0 0 -1 -1 1 -1 0 1 0
0 0 0 0 0 -1 0 0 -1 0 0 0 0 0 0 0 0 -1 0 0 -1 0
0 0 0 0 0 -1 0 0 -1 -1 0 0 0 0 0 1 0 -1 0 0 -1 0
0 -1 0 0 0 0 1 0 0 1 0 0 0 0 0 0 0 0 0 0 0 -1
6 2589
-1 0 0 0 0 0 0 0 0 0 0 0 0 0 0 0 0 0 0 0 0 0
0 -1 0 0 0 0 0 0 0 0 0 0 0 0 0 0 0 0 0 0 0 0
0 0 -1 0 0 0 0 0 0 0 0 0 0 0 0 0 0 0 0 0 0 0
0 0 0 -1 0 0 0 0 0 0 0 0 0 0 0 0 0 0 0 0 0 0
0 0 0 0 -1 0 0 0 0 0 0 0 0 0 0 0 0 0 0 0 0 0
0 0 0 0 0 -1 0 0 0 0 0 0 0 0 0 0 0 0 0 0 0 0
0 0 0 0 0 0 -1 0 0 0 0 0 0 0 0 0 0 0 0 0 0 0
0 0 0 0 0 0 0 -1 0 0 0 0 0 0 0 0 0 0 0 0 0 0
0 0 0 0 0 0 0 0 -1 0 0 0 0 0 0 0 0 0 0 0 0 0
0 0 0 0 0 0 0 0 0 -1 0 0 0 0 0 0 0 0 0 0 0 0
0 0 0 0 0 0 0 0 0 0 -1 0 0 0 0 0 0 0 0 0 0 0
0 0 0 0 0 0 0 0 0 0 0 -1 0 0 0 0 0 0 0 0 0 0
0 0 0 0 0 0 0 0 0 0 0 0 -1 0 0 0 0 0 0 0 0 0
0 0 0 0 0 0 0 0 0 0 0 0 0 -1 0 0 0 0 0 0 0 0
0 0 0 0 0 0 0 0 0 0 0 0 0 0 -1 0 0 0 0 0 0 0
0 0 0 0 0 0 0 0 0 0 0 0 0 0 0 -1 0 0 0 0 0 0
0 0 0 0 0 0 0 0 0 0 0 0 0 0 0 0 -1 0 0 0 0 0
0 0 0 0 0 0 0 0 0 0 0 0 0 0 0 0 0 -1 0 0 0 0
0 0 0 0 0 0 0 0 0 0 0 0 0 0 0 0 0 0 -1 0 0 0
0 0 0 0 0 0 0 0 0 0 0 0 0 0 0 0 0 0 0 -1 0 0
0 0 0 0 0 0 0 0 0 0 0 0 0 0 0 0 0 0 0 0 -1 0
0 0 0 0 0 0 0 0 0 0 0 0 0 0 0 0 0 0 0 0 0 -1
6 10860
1 -1 0 0 0 -1 0 1 0 0 0 0 0 -1 -1 1 1 -2 0 -1 -1 0
1 -1 0 0 -2 2 1 0 1 2 0 -1 0 0 1 0 1 3 0 1 2 0
0 0 1 0 -1 2 1 0 2 1 -1 0 0 0 0 -2 -2 2 0 1 2 0
0 0 -1 0 1 -2 -1 0 -2 -1 1 0 -1 0 -1 1 1 -2 0 -1 -2 0
0 0 0 0 -1 1 0 0 1 0 0 0 0 0 0 0 0 1 0 1 1 0
-1 0 0 0 1 -1 1 0 -1 -1 0 1 0 0 0 0 -1 -2 0 0 -1 0
1 0 0 0 -2 2 0 0 1 1 0 -1 0 0 0 0 1 2 0 1 1 0
0 0 0 0 -1 1 1 0 0 1 0 0 0 1 1 0 0 2 0 1 1 0
1 0 0 0 0 0 -1 0 0 0 0 -1 0 0 0 1 1 0 0 0 0 0
0 0 0 0 0 0 0 0 0 0 0 0 0 0 1 0 0 1 0 0 1 0
1 0 0 0 -2 2 1 0 1 2 -1 -1 0 0 1 0 1 3 0 1 2 0
0 -1 0 0 2 -2 0 1 -1 -1 0 1 0 -1 -1 0 -1 -3 0 -1 -1 0
0 0 -1 -1 -1 0 0 0 0 0 0 0 0 0 0 0 1 1 0 0 0 0
0 0 0 0 1 -1 -1 1 0 -1 0 0 0 0 -1 0 0 -2 0 -1 -1 0
0 0 0 0 1 -1 0 0 -1 0 0 0 0 0 0 1 0 -2 0 -1 -1 0
0 0 0 0 0 0 0 0 0 0 0 0 0 0 1 0 0 1 0 1 0 0
0 0 0 0 0 1 0 0 1 0 0 0 0 0 -1 -1 -1 0 0 0 1 0
0 0 0 0 -1 0 0 0 0 0 0 0 0 0 0 0 0 1 0 1 0 0
0 0 0 0 0 -1 0 0 -1 0 0 0 0 0 0 1 1 -1 1 0 -1 0
0 0 0 0 0 1 0 0 1 0 0 0 0 0 0 0 0 1 0 0 1 0
0 0 0 0 0 1 0 0 1 1 0 0 0 0 0 -1 0 1 0 0 1 0
0 1 0 0 0 0 -1 0 0 -1 0 0 0 0 0 0 0 0 0 0 0 1
7 0
1 0 0 0 0 0 0 0 0 0 0 0 0 0 0 0 0 0 0 0 0 0
0 1 0 0 0 0 0 0 0 0 0 0 0 0 0 0 0 0 0 0 0 0
0 0 1 0 0 0 0 0 0 0 0 0 0 0 0 0 0 0 0 0 0 0
0 0 0 1 0 0 0 0 0 0 0 0 0 0 0 0 0 0 0 0 0 0
0 0 0 0 1 0 0 0 0 0 0 0 0 0 0 0 0 0 0 0 0 0
0 0 0 0 0 1 0 0 0 0 0 0 0 0 0 0 0 0 0 0 0 0
0 0 0 0 0 0 1 0 0 0 0 0 0 0 0 0 0 0 0 0 0 0
0 0 0 0 0 0 0 1 0 0 0 0 0 0 0 0 0 0 0 0 0 0
0 0 0 0 0 0 0 0 1 0 0 0 0 0 0 0 0 0 0 0 0 0
0 0 0 0 0 0 0 0 0 1 0 0 0 0 0 0 0 0 0 0 0 0
0 0 0 0 0 0 0 0 0 0 1 0 0 0 0 0 0 0 0 0 0 0
0 0 0 0 0 0 0 0 0 0 0 1 0 0 0 0 0 0 0 0 0 0
0 0 0 0 0 0 0 0 0 0 0 0 1 0 0 0 0 0 0 0 0 0
0 0 0 0 0 0 0 0 0 0 0 0 0 1 0 0 0 0 0 0 0 0
0 0 0 0 0 0 0 0 0 0 0 0 0 0 1 0 0 0 0 0 0 0
0 0 0 0 0 0 0 0 0 0 0 0 0 0 0 1 0 0 0 0 0 0
0 0 0 0 0 0 0 0 0 0 0 0 0 0 0 0 1 0 0 0 0 0
0 0 0 0 0 0 0 0 0 0 0 0 0 0 0 0 0 1 0 0 0 0
0 0 0 0 0 0 0 0 0 0 0 0 0 0 0 0 0 0 1 0 0 0
0 0 0 0 0 0 0 0 0 0 0 0 0 0 0 0 0 0 0 1 0 0
0 0 0 0 0 0 0 0 0 0 0 0 0 0 0 0 0 0 0 0 1 0
0 0 0 0 0 0 0 0 0 0 0 0 0 0 0 0 0 0 0 0 0 1
7 2589
-1 0 0 0 0 0 0 0 0 0 0 0 0 0 0 0 0 0 0 0 0 0
0 -1 0 0 0 0 0 0 0 0 0 0 0 0 0 0 0 0 0 0 0 0
0 0 -1 0 0 0 0 0 0 0 0 0 0 0 0 0 0 0 0 0 0 0
0 0 0 -1 0 0 0 0 0 0 0 0 0 0 0 0 0 0 0 0 0 0
0 0 0 0 -1 0 0 0 0 0 0 0 0 0 0 0 0 0 0 0 0 0
0 0 0 0 0 -1 0 0 0 0 0 0 0 0 0 0 0 0 0 0 0 0
0 0 0 0 0 0 -1 0 0 0 0 0 0 0 0 0 0 0 0 0 0 0
0 0 0 0 0 0 0 -1 0 0 0 0 0 0 0 0 0 0 0 0 0 0
0 0 0 0 0 0 0 0 -1 0 0 0 0 0 0 0 0 0 0 0 0 0
0 0 0 0 0 0 0 0 0 -1 0 0 0 0 0 0 0 0 0 0 0 0
0 0 0 0 0 0 0 0 0 0 -1 0 0 0 0 0 0 0 0 0 0 0
0 0 0 0 0 0 0 0 0 0 0 -1 0 0 0 0 0 0 0 0 0 0
0 0 0 0 0 0 0 0 0 0 0 0 -1 0 0 0 0 0 0 0 0 0
0 0 0 0 0 0 0 0 0 0 0 0 0 -1 0 0 0 0 0 0 0 0
0 0 0 0 0 0 0 0 0 0 0 0 0 0 -1 0 0 0 0 0 0 0
0 0 0 0 0 0 0 0 0 0 0 0 0 0 0 -1 0 0 0 0 0 0
0 0 0 0 0 0 0 0 0 0 0 0 0 0 0 0 -1 0 0 0 0 0
0 0 0 0 0 0 0 0 0 0 0 0 0 0 0 0 0 -1 0 0 0 0
0 0 0 0 0 0 0 0 0 0 0 0 0 0 0 0 0 0 -1 0 0 0
0 0 0 0 0 0 0 0 0 0 0 0 0 0 0 0 0 0 0 -1 0 0
0 0 0 0 0 0 0 0 0 0 0 0 0 0 0 0 0 0 0 0 -1 0
0 0 0 0 0 0 0 0 0 0 0 0 0 0 0 0 0 0 0 0 0 -1
7 4374
0 -1 0 0 0 -1 1 1 -1 -1 0 1 0 -1 -1 -1 -2 -2 0 0 0 0
-1 1 0 0 2 0 -1 0 1 -1 0 1 0 0 1 0 0 1 0 0 0 0
1 0 0 1 1 1 -1 0 1 1 0 -1 -1 0 -1 1 2 1 0 0 0 -1
0 0 0 -1 -1 -1 0 0 -1 -1 0 0 0 0 0 -1 -2 -1 0 0 0 1
0 0 0 0 1 0 0 0 0 0 0 0 0 0 0 0 0 0 0 0 0 0
1 0 0 0 -1 0 0 0 -1 0 0 -1 0 0 0 1 1 -1 0 0 0 0
-1 0 0 0 2 0 0 0 1 0 0 1 0 0 0 -1 -1 0 0 0 0 0
0 1 0 0 1 0 -1 -1 0 0 0 0 0 0 1 1 1 1 0 0 0 0
-1 0 0 0 0 0 1 0 0 0 0 1 0 0 0 -1 -1 0 0 0 0 0
0 0 0 0 0 0 0 0 0 0 0 0 0 0 1 1 1 1 0 0 0 0
0 1 0 0 2 0 -1 0 0 0 -1 0 0 0 1 1 1 1 0 0 0 0
1 -1 0 0 -2 0 1 1 0 0 0 0 0 -1 -1 0 0 -1 0 0 0 0
0 0 -1 -1 1 -1 -1 0 -1 -1 0 0 0 0 0 0 0 0 0 0 0 0
0 -1 0 0 -1 0 1 0 0 0 0 0 0 -1 -1 -1 -1 -1 0 0 0 0
0 0 0 0 -1 0 1 0 -1 0 0 0 0 0 0 0 -1 -1 0 0 0 0
0 0 0 0 0 0 0 0 0 1 0 0 0 0 1 0 1 1 0 0 0 0
0 0 0 0 0 1 0 0 1 0 0 0 0 0 -1 0 0 0 0 0 0 0
0 0 0 0 1 -1 -1 0 0 0 0 0 0 0 0 0 0 0 0 0 0 0
0 0 0 0 0 0 1 0 -1 0 0 0 0 0 1 0 -1 -1 -1 0 0 0
0 0 0 0 0 1 0 0 1 0 0 0 0 0 0 0 0 1 0 0 1 0
0 0 0 0 0 1 0 0 1 0 0 0 0 0 0 0 0 1 0 1 0 0
0 0 0 0 0 0 0 0 0 0 0 0 0 0 0 0 0 0 0 0 0 1
7 9196
0 1 0 0 0 1 -1 -1 1 1 0 -1 0 1 1 1 2 2 0 0 0 0
1 -1 0 0 -2 0 1 0 -1 1 0 -1 0 0 -1 0 0 -1 0 0 0 0
-1 0 0 -1 -1 -1 1 0 -1 -1 0 1 1 0 1 -1 -2 -1 0 0 0 1
0 0 0 1 1 1 0 0 1 1 0 0 0 0 0 1 2 1 0 0 0 -1
0 0 0 0 -1 0 0 0 0 0 0 0 0 0 0 0 0 0 0 0 0 0
-1 0 0 0 1 0 0 0 1 0 0 1 0 0 0 -1 -1 1 0 0 0 0
1 0 0 0 -2 0 0 0 -1 0 0 -1 0 0 0 1 1 0 0 0 0 0
0 -1 0 0 -1 0 1 1 0 0 0 0 0 0 -1 -1 -1 -1 0 0 0 0
1 0 0 0 0 0 -1 0 0 0 0 -1 0 0 0 1 1 0 0 0 0 0
0 0 0 0 0 0 0 0 0 0 0 0 0 0 -1 -1 -1 -1 0 0 0 0
0 -1 0 0 -2 0 1 0 0 0 1 0 0 0 -1 -1 -1 -1 0 0 0 0
-1 1 0 0 2 0 -1 -1 0 0 0 0 0 1 1 0 0 1 0 0 0 0
0 0 1 1 -1 1 1 0 1 1 0 0 0 0 0 0 0 0 0 0 0 0
0 1 0 0 1 0 -1 0 0 0 0 0 0 1 1 1 1 1 0 0 0 0
0 0 0 0 1 0 -1 0 1 0 0 0 0 0 0 0 1 1 0 0 0 0
0 0 0 0 0 0 0 0 0 -1 0 0 0 0 -1 0 -1 -1 0 0 0 0
0 0 0 0 0 -1 0 0 -1 0 0 0 0 0 1 0 0 0 0 0 0 0
0 0 0 0 -1 1 1 0 0 0 0 0 0 0 0 0 0 0 0 0 0 0
0 0 0 0 0 0 -1 0 1 0 0 0 0 0 -1 0 1 1 1 0 0 0
0 0 0 0 0 -1 0 0 -1 0 0 0 0 0 0 0 0 -1 0 0 -1 0
0 0 0 0 0 -1 0 0 -1 0 0 0 0 0 0 0 0 -1 0 -1 0 0
0 0 0 0 0 0 0 0 0 0 0 0 0 0 0 0 0 0 0 0 0 -1
8 0
1 0 0 0 0 0 0 0 0 0 0 0 0 0 0 0 0 0 0 0 0 0
0 1 0 0 0 0 0 0 0 0 0 0 0 0 0 0 0 0 0 0 0 0
0 0 1 0 0 0 0 0 0 0 0 0 0 0 0 0 0 0 0 0 0 0
0 0 0 1 0 0 0 0 0 0 0 0 0 0 0 0 0 0 0 0 0 0
0 0 0 0 1 0 0 0 0 0 0 0 0 0 0 0 0 0 0 0 0 0
0 0 0 0 0 1 0 0 0 0 0 0 0 0 0 0 0 0 0 0 0 0
0 0 0 0 0 0 1 0 0 0 0 0 0 0 0 0 0 0 0 0 0 0
0 0 0 0 0 0 0 1 0 0 0 0 0 0 0 0 0 0 0 0 0 0
0 0 0 0 0 0 0 0 1 0 0 0 0 0 0 0 0 0 0 0 0 0
0 0 0 0 0 0 0 0 0 1 0 0 0 0 0 0 0 0 0 0 0 0
0 0 0 0 0 0 0 0 0 0 1 0 0 0 0 0 0 0 0 0 0 0
0 0 0 0 0 0 0 0 0 0 0 1 0 0 0 0 0 0 0 0 0 0
0 0 0 0 0 0 0 0 0 0 0 0 1 0 0 0 0 0 0 0 0 0
0 0 0 0 0 0 0 0 0 0 0 0 0 1 0 0 0 0 0 0 0 0
0 0 0 0 0 0 0 0 0 0 0 0 0 0 1 0 0 0 0 0 0 0
0 0 0 0 0 0 0 0 0 0 0 0 0 0 0 1 0 0 0 0 0 0
0 0 0 0 0 0 0 0 0 0 0 0 0 0 0 0 1 0 0 0 0 0
0 0 0 0 0 0 0 0 0 0 0 0 0 0 0 0 0 1 0 0 0 0
0 0 0 0 0 0 0 0 0 0 0 0 0 0 0 0 0 0 1 0 0 0
0 0 0 0 0 0 0 0 0 0 0 0 0 0 0 0 0 0 0 1 0 0
0 0 0 0 0 0 0 0 0 0 0 0 0 0 0 0 0 0 0 0 1 0
0 0 0 0 0 0 0 0 0 0 0 0 0 0 0 0 0 0 0 0 0 1
8 367
-1 0 -1 1 1 1 2 -1 0 2 1 1 -1 0 -1 -1 1 0 0 -1 0 -1
1 -1 0 0 0 0 0 1 0 0 1 0 0 1 1 2 0 0 0 2 0 0
1 0 2 -1 -2 -1 -1 1 0 -1 -2 0 3 0 1 1 0 2 2 2 0 1
-1 0 -1 1 1 1 1 -1 0 1 1 0 -2 0 -1 -1 0 -1 -1 -1 0 -1
0 1 1 -1 0 -1 -1 0 0 -1 -1 0 1 0 1 0 0 0 1 0 -1 1
-2 0 0 0 0 0 0 -1 1 0 0 0 1 0 0 -2 0 0 0 -1 0 -1
1 0 0 -1 0 -1 0 1 -1 -1 0 1 0 0 0 1 0 0 1 1 -1 1
0 0 0 -1 -1 0 -1 0 0 -1 0 -1 1 1 1 1 0 0 0 1 0 0
0 0 -1 0 1 0 0 0 0 0 1 1 -1 0 -1 0 0 0 0 0 0 0
1 0 0 0 0 0 -1 0 0 0 0 -1 0 0 1 1 0 0 -1 0 1 0
1 -1 0 -2 -1 -1 -1 1 0 -1 0 0 1 0 1 1 0 1 1 2 0 0
-1 0 0 2 0 2 2 -1 1 2 0 0 0 0 -1 -1 0 0 -1 -1 1 -1
0 0 0 -1 0 0 0 0 0 0 0 0 0 0 1 0 0 0 0 0 0 0
0 1 0 1 0 1 1 0 0 1 -1 0 0 0 -1 0 1 0 0 -1 0 0
-1 0 -1 1 1 1 1 -1 0 1 1 0 -1 0 -1 -1 0 -1 -1 -1 0 -1
0 0 0 -1 0 -1 -1 0 0 -1 0 0 0 0 0 0 -1 0 0 0 0 0
1 0 1 0 -1 0 0 1 0 0 -1 0 1 0 0 0 0 1 1 1 0 1
0 0 0 -1 0 -1 -1 0 0 -1 0 0 0 0 0 0 0 0 0 0 -1 0
-1 0 -1 0 1 0 0 -1 0 0 1 0 -1 0 -1 -1 0 -1 0 -1 0 -1
1 0 1 1 0 0 0 1 0 0 0 0 0 0 1 1 0 0 0 1 0 1
1 0 1 0 -1 0 0 1 0 0 -1 0 1 0 0 1 0 0 1 1 0 1
1 0 0 -1 0 -1 -1 1 0 -1 -1 0 0 -1 0 0 0 0 0 0 0 1
8 2589
-1 0 0 0 0 0 0 0 0 0 0 0 0 0 0 0 0 0 0 0 0 0
0 -1 0 0 0 0 0 0 0 0 0 0 0 0 0 0 0 0 0 0 0 0
0 0 -1 0 0 0 0 0 0 0 0 0 0 0 0 0 0 0 0 0 0 0
0 0 0 -1 0 0 0 0 0 0 0 0 0 0 0 0 0 0 0 0 0 0
0 0 0 0 -1 0 0 0 0 0 0 0 0 0 0 0 0 0 0 0 0 0
0 0 0 0 0 -1 0 0 0 0 0 0 0 0 0 0 0 0 0 0 0 0
0 0 0 0 0 0 -1 0 0 0 0 0 0 0 0 0 0 0 0 0 0 0
0 0 0 0 0 0 0 -1 0 0 0 0 0 0 0 0 0 0 0 0 0 0
0 0 0 0 0 0 0 0 -1 0 0 0 0 0 0 0 0 0 0 0 0 0
0 0 0 0 0 0 0 0 0 -1 0 0 0 0 0 0 0 0 0 0 0 0
0 0 0 0 0 0 0 0 0 0 -1 0 0 0 0 0 0 0 0 0 0 0
0 0 0 0 0 0 0 0 0 0 0 -1 0 0 0 0 0 0 0 0 0 0
0 0 0 0 0 0 0 0 0 0 0 0 -1 0 0 0 0 0 0 0 0 0
0 0 0 0 0 0 0 0 0 0 0 0 0 -1 0 0 0 0 0 0 0 0
0 0 0 0 0 0 0 0 0 0 0 0 0 0 -1 0 0 0 0 0 0 0
0 0 0 0 0 0 0 0 0 0 0 0 0 0 0 -1 0 0 0 0 0 0
0 0 0 0 0 0 0 0 0 0 0 0 0 0 0 0 -1 0 0 0 0 0
0 0 0 0 0 0 0 0 0 0 0 0 0 0 0 0 0 -1 0 0 0 0
0 0 0 0 0 0 0 0 0 0 0 0 0 0 0 0 0 0 -1 0 0 0
0 0 0 0 0 0 0 0 0 0 0 0 0 0 0 0 0 0 0 -1 0 0
0 0 0 0 0 0 0 0 0 0 0 0 0 0 0 0 0 0 0 0 -1 0
0 0 0 0 0 0 0 0 0 0 0 0 0 0 0 0 0 0 0 0 0 -1
8 3244
1 0 1 -1 -1 -1 -2 1 0 -2 -1 -1 1 0 1 1 -1 0 0 1 0 1
-1 1 0 0 0 0 0 -1 0 0 -1 0 0 -1 -1 -2 0 0 0 -2 0 0
-1 0 -2 1 2 1 1 -1 0 1 2 0 -3 0 -1 -1 0 -2 -2 -2 0 -1
1 0 1 -1 -1 -1 -1 1 0 -1 -1 0 2 0 1 1 0 1 1 1 0 1
0 -1 -1 1 0 1 1 0 0 1 1 0 -1 0 -1 0 0 0 -1 0 1 -1
2 0 0 0 0 0 0 1 -1 0 0 0 -1 0 0 2 0 0 0 1 0 1
-1 0 0 1 0 1 0 -1 1 1 0 -1 0 0 0 -1 0 0 -1 -1 1 -1
0 0 0 1 1 0 1 0 0 1 0 1 -1 -1 -1 -1 0 0 0 -1 0 0
0 0 1 0 -1 0 0 0 0 0 -1 -1 1 0 1 0 0 0 0 0 0 0
-1 0 0 0 0 0 1 0 0 0 0 1 0 0 -1 -1 0 0 1 0 -1 0
-1 1 0 2 1 1 1 -1 0 1 0 0 -1 0 -1 -1 0 -1 -1 -2 0 0
1 0 0 -2 0 -2 -2 1 -1 -2 0 0 0 0 1 1 0 0 1 1 -1 1
0 0 0 1 0 0 0 0 0 0 0 0 0 0 -1 0 0 0 0 0 0 0
0 -1 0 -1 0 -1 -1 0 0 -1 1 0 0 0 1 0 -1 0 0 1 0 0
1 0 1 -1 -1 -1 -1 1 0 -1 -1 0 1 0 1 1 0 1 1 1 0 1
0 0 0 1 0 1 1 0 0 1 0 0 0 0 0 0 1 0 0 0 0 0
-1 0 -1 0 1 0 0 -1 0 0 1 0 -1 0 0 0 0 -1 -1 -1 0 -1
0 0 0 1 0 1 1 0 0 1 0 0 0 0 0 0 0 0 0 0 1 0
1 0 1 0 -1 0 0 1 0 0 -1 0 1 0 1 1 0 1 0 1 0 1
-1 0 -1 -1 0 0 0 -1 0 0 0 0 0 0 -1 -1 0 0 0 -1 0 -1
-1 0 -1 0 1 0 0 -1 0 0 1 0 -1 0 0 -1 0 0 -1 -1 0 -1
-1 0 0 1 0 1 1 -1 0 1 1 0 0 1 0 0 0 0 0 0 0 -1
9 0
1 0 0 0 0 0 0 0 0 0 0 0 0 0 0 0 0 0 0 0 0 0
0 1 0 0 0 0 0 0 0 0 0 0 0 0 0 0 0 0 0 0 0 0
0 0 1 0 0 0 0 0 0 0 0 0 0 0 0 0 0 0 0 0 0 0
0 0 0 1 0 0 0 0 0 0 0 0 0 0 0 0 0 0 0 0 0 0
0 0 0 0 1 0 0 0 0 0 0 0 0 0 0 0 0 0 0 0 0 0
0 0 0 0 0 1 0 0 0 0 0 0 0 0 0 0 0 0 0 0 0 0
0 0 0 0 0 0 1 0 0 0 0 0 0 0 0 0 0 0 0 0 0 0
0 0 0 0 0 0 0 1 0 0 0 0 0 0 0 0 0 0 0 0 0 0
0 0 0 0 0 0 0 0 1 0 0 0 0 0 0 0 0 0 0 0 0 0
0 0 0 0 0 0 0 0 0 1 0 0 0 0 0 0 0 0 0 0 0 0
0 0 0 0 0 0 0 0 0 0 1 0 0 0 0 0 0 0 0 0 0 0
0 0 0 0 0 0 0 0 0 0 0 1 0 0 0 0 0 0 0 0 0 0
0 0 0 0 0 0 0 0 0 0 0 0 1 0 0 0 0 0 0 0 0 0
0 0 0 0 0 0 0 0 0 0 0 0 0 1 0 0 0 0 0 0 0 0
0 0 0 0 0 0 0 0 0 0 0 0 0 0 1 0 0 0 0 0 0 0
0 0 0 0 0 0 0 0 0 0 0 0 0 0 0 1 0 0 0 0 0 0
0 0 0 0 0 0 0 0 0 0 0 0 0 0 0 0 1 0 0 0 0 0
0 0 0 0 0 0 0 0 0 0 0 0 0 0 0 0 0 1 0 0 0 0
0 0 0 0 0 0 0 0 0 0 0 0 0 0 0 0 0 0 1 0 0 0
0 0 0 0 0 0 0 0 0 0 0 0 0 0 0 0 0 0 0 1 0 0
0 0 0 0 0 0 0 0 0 0 0 0 0 0 0 0 0 0 0 0 1 0
0 0 0 0 0 0 0 0 0 0 0 0 0 0 0 0 0 0 0 0 0 1
9 2589
-1 0 0 0 0 0 0 0 0 0 0 0 0 0 0 0 0 0 0 0 0 0
0 -1 0 0 0 0 0 0 0 0 0 0 0 0 0 0 0 0 0 0 0 0
0 0 -1 0 0 0 0 0 0 0 0 0 0 0 0 0 0 0 0 0 0 0
0 0 0 -1 0 0 0 0 0 0 0 0 0 0 0 0 0 0 0 0 0 0
0 0 0 0 -1 0 0 0 0 0 0 0 0 0 0 0 0 0 0 0 0 0
0 0 0 0 0 -1 0 0 0 0 0 0 0 0 0 0 0 0 0 0 0 0
0 0 0 0 0 0 -1 0 0 0 0 0 0 0 0 0 0 0 0 0 0 0
0 0 0 0 0 0 0 -1 0 0 0 0 0 0 0 0 0 0 0 0 0 0
0 0 0 0 0 0 0 0 -1 0 0 0 0 0 0 0 0 0 0 0 0 0
0 0 0 0 0 0 0 0 0 -1 0 0 0 0 0 0 0 0 0 0 0 0
0 0 0 0 0 0 0 0 0 0 -1 0 0 0 0 0 0 0 0 0 0 0
0 0 0 0 0 0 0 0 0 0 0 -1 0 0 0 0 0 0 0 0 0 0
0 0 0 0 0 0 0 0 0 0 0 0 -1 0 0 0 0 0 0 0 0 0
0 0 0 0 0 0 0 0 0 0 0 0 0 -1 0 0 0 0 0 0 0 0
0 0 0 0 0 0 0 0 0 0 0 0 0 0 -1 0 0 0 0 0 0 0
0 0 0 0 0 0 0 0 0 0 0 0 0 0 0 -1 0 0 0 0 0 0
0 0 0 0 0 0 0 0 0 0 0 0 0 0 0 0 -1 0 0 0 0 0
0 0 0 0 0 0 0 0 0 0 0 0 0 0 0 0 0 -1 0 0 0 0
0 0 0 0 0 0 0 0 0 0 0 0 0 0 0 0 0 0 -1 0 0 0
0 0 0 0 0 0 0 0 0 0 0 0 0 0 0 0 0 0 0 -1 0 0
0 0 0 0 0 0 0 0 0 0 0 0 0 0 0 0 0 0 0 0 -1 0
0 0 0 0 0 0 0 0 0 0 0 0 0 0 0 0 0 0 0 0 0 -1
9 7986
-1 -1 0 0 -1 0 1 0 0 1 1 -1 0 2 1 0 0 0 0 0 -1 -2
-1 1 1 1 -1 1 1 -1 0 0 -1 0 1 0 0 0 -1 0 0 1 0 0
0 1 0 0 2 -1 -2 -1 -1 -1 -1 0 -1 -2 0 -1 -1 0 0 -1 1 1
0 -1 0 0 -1 0 1 1 1 1 1 0 0 1 0 0 1 0 0 0 -1 -1
0 0 0 0 1 0 0 0 0 0 -1 0 0 -1 0 0 0 0 0 0 0 0
0 -1 -1 -1 1 -1 -1 0 0 -1 2 1 -1 0 -1 -1 -1 0 0 0 0 0
0 1 1 1 0 1 1 0 0 1 -2 -1 0 0 1 1 0 0 0 0 0 0
0 0 0 0 0 0 0 0 0 -1 0 1 0 -1 -1 -1 -1 0 0 1 0 1
0 0 0 1 -1 1 1 0 0 1 0 -1 0 1 0 1 1 0 0 0 0 -1
0 0 0 0 0 0 0 0 0 -1 0 1 1 -1 0 0 0 0 0 1 0 1
0 1 1 1 0 1 0 -1 0 0 -1 0 0 -1 0 0 -1 0 0 1 0 1
-1 -1 -1 -1 0 -1 0 0 0 0 2 1 0 1 0 -1 0 0 0 -1 0 -1
0 0 0 0 0 0 0 0 0 0 0 0 0 0 0 0 0 0 0 1 -1 0
0 -1 -1 -1 0 -1 0 1 0 0 0 0 0 0 0 0 1 0 0 -1 0 -1
0 -1 0 0 -1 0 1 0 0 1 1 0 0 1 0 0 0 0 0 0 0 -1
0 1 0 0 0 1 0 -1 0 0 0 0 0 0 0 0 0 0 0 0 0 1
0 0 0 0 1 -1 -1 0 0 0 -1 0 0 -1 0 0 0 0 0 -1 1 0
0 1 1 0 0 0 0 0 0 0 -1 0 0 0 0 0 0 0 1 0 -1 1
0 -1 0 0 -1 1 1 0 1 1 1 0 0 1 0 0 0 1 0 1 0 -1
0 0 0 0 0 0 0 0 0 0 -1 0 1 -1 0 0 0 0 0 0 1 0
0 0 0 0 0 0 0 0 0 0 -1 0 0 -1 0 0 0 0 0 0 1 0
1 0 0 0 0 0 0 1 0 0 -1 0 0 -1 0 1 1 0 0 0 0 1
9 10824
1 1 0 0 1 0 -1 0 0 -1 -1 1 0 -2 -1 0 0 0 0 0 1 2
1 -1 -1 -1 1 -1 -1 1 0 0 1 0 -1 0 0 0 1 0 0 -1 0 0
0 -1 0 0 -2 1 2 1 1 1 1 0 1 2 0 1 1 0 0 1 -1 -1
0 1 0 0 1 0 -1 -1 -1 -1 -1 0 0 -1 0 0 -1 0 0 0 1 1
0 0 0 0 -1 0 0 0 0 0 1 0 0 1 0 0 0 0 0 0 0 0
0 1 1 1 -1 1 1 0 0 1 -2 -1 1 0 1 1 1 0 0 0 0 0
0 -1 -1 -1 0 -1 -1 0 0 -1 2 1 0 0 -1 -1 0 0 0 0 0 0
0 0 0 0 0 0 0 0 0 1 0 -1 0 1 1 1 1 0 0 -1 0 -1
0 0 0 -1 1 -1 -1 0 0 -1 0 1 0 -1 0 -1 -1 0 0 0 0 1
0 0 0 0 0 0 0 0 0 1 0 -1 -1 1 0 0 0 0 0 -1 0 -1
0 -1 -1 -1 0 -1 0 1 0 0 1 0 0 1 0 0 1 0 0 -1 0 -1
1 1 1 1 0 1 0 0 0 0 -2 -1 0 -1 0 1 0 0 0 1 0 1
0 0 0 0 0 0 0 0 0 0 0 0 0 0 0 0 0 0 0 -1 1 0
0 1 1 1 0 1 0 -1 0 0 0 0 0 0 0 0 -1 0 0 1 0 1
0 1 0 0 1 0 -1 0 0 -1 -1 0 0 -1 0 0 0 0 0 0 0 1
0 -1 0 0 0 -1 0 1 0 0 0 0 0 0 0 0 0 0 0 0 0 -1
0 0 0 0 -1 1 1 0 0 0 1 0 0 1 0 0 0 0 0 1 -1 0
0 -1 -1 0 0 0 0 0 0 0 1 0 0 0 0 0 0 0 -1 0 1 -1
0 1 0 0 1 -1 -1 0 -1 -1 -1 0 0 -1 0 0 0 -1 0 -1 0 1
0 0 0 0 0 0 0 0 0 0 1 0 -1 1 0 0 0 0 0 0 -1 0
0 0 0 0 0 0 0 0 0 0 1 0 0 1 0 0 0 0 0 0 -1 0
-1 0 0 0 0 0 0 -1 0 0 1 0 0 1 0 -1 -1 0 0 0 0 -1
10 0
1 0 0 0 0 0 0 0 0 0 0 0 0 0 0 0 0 0 0 0 0 0
0 1 0 0 0 0 0 0 0 0 0 0 0 0 0 0 0 0 0 0 0 0
0 0 1 0 0 0 0 0 0 0 0 0 0 0 0 0 0 0 0 0 0 0
0 0 0 1 0 0 0 0 0 0 0 0 0 0 0 0 0 0 0 0 0 0
0 0 0 0 1 0 0 0 0 0 0 0 0 0 0 0 0 0 0 0 0 0
0 0 0 0 0 1 0 0 0 0 0 0 0 0 0 0 0 0 0 0 0 0
0 0 0 0 0 0 1 0 0 0 0 0 0 0 0 0 0 0 0 0 0 0
0 0 0 0 0 0 0 1 0 0 0 0 0 0 0 0 0 0 0 0 0 0
0 0 0 0 0 0 0 0 1 0 0 0 0 0 0 0 0 0 0 0 0 0
0 0 0 0 0 0 0 0 0 1 0 0 0 0 0 0 0 0 0 0 0 0
0 0 0 0 0 0 0 0 0 0 1 0 0 0 0 0 0 0 0 0 0 0
0 0 0 0 0 0 0 0 0 0 0 1 0 0 0 0 0 0 0 0 0 0
0 0 0 0 0 0 0 0 0 0 0 0 1 0 0 0 0 0 0 0 0 0
0 0 0 0 0 0 0 0 0 0 0 0 0 1 0 0 0 0 0 0 0 0
0 0 0 0 0 0 0 0 0 0 0 0 0 0 1 0 0 0 0 0 0 0
0 0 0 0 0 0 0 0 0 0 0 0 0 0 0 1 0 0 0 0 0 0
0 0 0 0 0 0 0 0 0 0 0 0 0 0 0 0 1 0 0 0 0 0
0 0 0 0 0 0 0 0 0 0 0 0 0 0 0 0 0 1 0 0 0 0
0 0 0 0 0 0 0 0 0 0 0 0 0 0 0 0 0 0 1 0 0 0
0 0 0 0 0 0 0 0 0 0 0 0 0 0 0 0 0 0 0 1 0 0
0 0 0 0 0 0 0 0 0 0 0 0 0 0 0 0 0 0 0 0 1 0
0 0 0 0 0 0 0 0 0 0 0 0 0 0 0 0 0 0 0 0 0 1
10 2589
-1 0 0 0 0 0 0 0 0 0 0 0 0 0 0 0 0 0 0 0 0 0
0 -1 0 0 0 0 0 0 0 0 0 0 0 0 0 0 0 0 0 0 0 0
0 0 -1 0 0 0 0 0 0 0 0 0 0 0 0 0 0 0 0 0 0 0
0 0 0 -1 0 0 0 0 0 0 0 0 0 0 0 0 0 0 0 0 0 0
0 0 0 0 -1 0 0 0 0 0 0 0 0 0 0 0 0 0 0 0 0 0
0 0 0 0 0 -1 0 0 0 0 0 0 0 0 0 0 0 0 0 0 0 0
0 0 0 0 0 0 -1 0 0 0 0 0 0 0 0 0 0 0 0 0 0 0
0 0 0 0 0 0 0 -1 0 0 0 0 0 0 0 0 0 0 0 0 0 0
0 0 0 0 0 0 0 0 -1 0 0 0 0 0 0 0 0 0 0 0 0 0
0 0 0 0 0 0 0 0 0 -1 0 0 0 0 0 0 0 0 0 0 0 0
0 0 0 0 0 0 0 0 0 0 -1 0 0 0 0 0 0 0 0 0 0 0
0 0 0 0 0 0 0 0 0 0 0 -1 0 0 0 0 0 0 0 0 0 0
0 0 0 0 0 0 0 0 0 0 0 0 -1 0 0 0 0 0 0 0 0 0
0 0 0 0 0 0 0 0 0 0 0 0 0 -1 0 0 0 0 0 0 0 0
0 0 0 0 0 0 0 0 0 0 0 0 0 0 -1 0 0 0 0 0 0 0
0 0 0 0 0 0 0 0 0 0 0 0 0 0 0 -1 0 0 0 0 0 0
0 0 0 0 0 0 0 0 0 0 0 0 0 0 0 0 -1 0 0 0 0 0
0 0 0 0 0 0 0 0 0 0 0 0 0 0 0 0 0 -1 0 0 0 0
0 0 0 0 0 0 0 0 0 0 0 0 0 0 0 0 0 0 -1 0 0 0
0 0 0 0 0 0 0 0 0 0 0 0 0 0 0 0 0 0 0 -1 0 0
0 0 0 0 0 0 0 0 0 0 0 0 0 0 0 0 0 0 0 0 -1 0
0 0 0 0 0 0 0 0 0 0 0 0 0 0 0 0 0 0 0 0 0 -1
10 4816
-1 0 -1 -1 1 -1 0 -1 0 0 0 1 0 -1 -1 -2 -1 -1 0 -2 1 -1
0 1 1 2 0 1 0 0 0 0 0 -1 0 2 1 2 1 1 0 1 0 -1
0 0 1 2 1 -1 0 2 0 -1 0 1 0 -1 1 1 1 -1 0 1 -2 2
0 0 -1 -2 0 0 0 -1 0 0 0 0 0 0 -1 -1 -1 0 0 -1 1 -1
0 0 1 1 0 0 0 0 0 0 0 0 0 -1 1 0 0 0 0 0 0 1
0 0 -1 -1 0 0 0 0 0 0 -1 0 1 -1 -1 0 1 -1 0 -1 0 0
0 0 1 2 1 0 0 0 0 0 1 0 -1 0 1 0 -1 0 -1 0 0 0
1 0 0 1 -1 1 0 1 0 0 0 -1 0 1 0 2 2 1 0 1 0 0
-1 0 0 0 0 0 0 -1 0 0 1 0 0 1 0 -1 -1 0 0 0 0 -1
0 0 0 0 -1 1 0 0 0 0 0 -1 0 1 1 1 1 1 0 1 0 0
0 0 1 2 0 1 0 1 1 0 0 -1 0 1 1 1 1 1 0 1 0 0
0 0 -1 -2 0 -1 0 0 0 0 -1 1 1 -1 -1 -1 0 -1 0 -1 0 0
0 0 0 0 0 1 0 0 1 0 0 0 0 0 0 0 0 1 0 0 1 0
0 0 0 -1 0 -1 0 0 0 0 0 1 0 -1 0 -1 -1 -1 0 -1 0 1
0 0 -1 -1 0 0 0 -1 0 1 0 0 0 0 -1 -1 0 0 0 -1 1 -1
0 0 0 0 -1 1 0 0 0 0 0 -1 0 1 0 0 0 1 0 1 0 0
0 0 1 1 1 -1 0 1 0 0 0 1 0 -1 1 0 0 -1 0 0 -1 1
0 0 0 0 0 0 0 0 0 0 0 0 0 0 0 0 0 1 0 0 0 0
0 0 -1 -1 0 0 -1 -1 0 0 0 -1 0 0 -1 -1 0 0 0 -1 1 -1
0 0 1 1 0 0 0 0 0 0 0 0 0 0 1 1 0 0 0 1 0 0
1 0 1 1 0 0 0 1 0 0 0 0 0 0 1 1 0 0 0 1 0 1
0 0 1 0 0 0 0 0 0 0 0 0 0 0 1 0 -1 0 0 0 0 1
10 9577
1 0 1 1 -1 1 0 1 0 0 0 -1 0 1 1 2 1 1 0 2 -1 1
0 -1 -1 -2 0 -1 0 0 0 0 0 1 0 -2 -1 -2 -1 -1 0 -1 0 1
0 0 -1 -2 -1 1 0 -2 0 1 0 -1 0 1 -1 -1 -1 1 0 -1 2 -2
0 0 1 2 0 0 0 1 0 0 0 0 0 0 1 1 1 0 0 1 -1 1
0 0 -1 -1 0 0 0 0 0 0 0 0 0 1 -1 0 0 0 0 0 0 -1
0 0 1 1 0 0 0 0 0 0 1 0 -1 1 1 0 -1 1 0 1 0 0
0 0 -1 -2 -1 0 0 0 0 0 -1 0 1 0 -1 0 1 0 1 0 0 0
-1 0 0 -1 1 -1 0 -1 0 0 0 1 0 -1 0 -2 -2 -1 0 -1 0 0
1 0 0 0 0 0 0 1 0 0 -1 0 0 -1 0 1 1 0 0 0 0 1
0 0 0 0 1 -1 0 0 0 0 0 1 0 -1 -1 -1 -1 -1 0 -1 0 0
0 0 -1 -2 0 -1 0 -1 -1 0 0 1 0 -1 -1 -1 -1 -1 0 -1 0 0
0 0 1 2 0 1 0 0 0 0 1 -1 -1 1 1 1 0 1 0 1 0 0
0 0 0 0 0 -1 0 0 -1 0 0 0 0 0 0 0 0 -1 0 0 -1 0
0 0 0 1 0 1 0 0 0 0 0 -1 0 1 0 1 1 1 0 1 0 -1
0 0 1 1 0 0 0 1 0 -1 0 0 0 0 1 1 0 0 0 1 -1 1
0 0 0 0 1 -1 0 0 0 0 0 1 0 -1 0 0 0 -1 0 -1 0 0
0 0 -1 -1 -1 1 0 -1 0 0 0 -1 0 1 -1 0 0 1 0 0 1 -1
0 0 0 0 0 0 0 0 0 0 0 0 0 0 0 0 0 -1 0 0 0 0
0 0 1 1 0 0 1 1 0 0 0 1 0 0 1 1 0 0 0 1 -1 1
0 0 -1 -1 0 0 0 0 0 0 0 0 0 0 -1 -1 0 0 0 -1 0 0
-1 0 -1 -1 0 0 0 -1 0 0 0 0 0 0 -1 -1 0 0 0 -1 0 -1
0 0 -1 0 0 0 0 0 0 0 0 0 0 0 -1 0 1 0 0 0 0 -1
11 0
1 0 0 0 0 0 0 0 0 0 0 0 0 0 0 0 0 0 0 0 0 0
0 1 0 0 0 0 0 0 0 0 0 0 0 0 0 0 0 0 0 0 0 0
0 0 1 0 0 0 0 0 0 0 0 0 0 0 0 0 0 0 0 0 0 0
0 0 0 1 0 0 0 0 0 0 0 0 0 0 0 0 0 0 0 0 0 0
0 0 0 0 1 0 0 0 0 0 0 0 0 0 0 0 0 0 0 0 0 0
0 0 0 0 0 1 0 0 0 0 0 0 0 0 0 0 0 0 0 0 0 0
0 0 0 0 0 0 1 0 0 0 0 0 0 0 0 0 0 0 0 0 0 0
0 0 0 0 0 0 0 1 0 0 0 0 0 0 0 0 0 0 0 0 0 0
0 0 0 0 0 0 0 0 1 0 0 0 0 0 0 0 0 0 0 0 0 0
0 0 0 0 0 0 0 0 0 1 0 0 0 0 0 0 0 0 0 0 0 0
0 0 0 0 0 0 0 0 0 0 1 0 0 0 0 0 0 0 0 0 0 0
0 0 0 0 0 0 0 0 0 0 0 1 0 0 0 0 0 0 0 0 0 0
0 0 0 0 0 0 0 0 0 0 0 0 1 0 0 0 0 0 0 0 0 0
0 0 0 0 0 0 0 0 0 0 0 0 0 1 0 0 0 0 0 0 0 0
0 0 0 0 0 0 0 0 0 0 0 0 0 0 1 0 0 0 0 0 0 0
0 0 0 0 0 0 0 0 0 0 0 0 0 0 0 1 0 0 0 0 0 0
0 0 0 0 0 0 0 0 0 0 0 0 0 0 0 0 1 0 0 0 0 0
0 0 0 0 0 0 0 0 0 0 0 0 0 0 0 0 0 1 0 0 0 0
0 0 0 0 0 0 0 0 0 0 0 0 0 0 0 0 0 0 1 0 0 0
0 0 0 0 0 0 0 0 0 0 0 0 0 0 0 0 0 0 0 1 0 0
0 0 0 0 0 0 0 0 0 0 0 0 0 0 0 0 0 0 0 0 1 0
0 0 0 0 0 0 0 0 0 0 0 0 0 0 0 0 0 0 0 0 0 1
11 1127
0 1 0 0 0 1 1 -2 -1 0 0 0 0 -1 1 0 -1 -1 -1 -1 0 1
0 1 2 2 0 1 1 0 0 1 0 0 0 1 1 1 0 -1 1 1 0 1
-1 -1 1 1 0 0 0 0 2 2 0 0 0 0 1 -1 0 2 0 1 1 -2
1 0 -1 -1 0 0 0 0 -1 -1 0 0 0 -1 -1 0 0 -1 0 -1 0 1
0 -1 0 1 -1 0 1 1 0 1 0 0 0 0 0 0 1 1 0 1 0 -1
0 0 -1 -1 0 0 -1 0 0 -1 0 0 0 0 -1 0 0 1 0 0 0 -1
0 0 1 2 0 0 1 0 0 2 0 0 0 0 1 0 1 0 0 0 0 0
0 0 1 1 0 0 0 1 0 0 0 0 0 1 0 1 0 0 1 1 0 0
0 1 0 0 0 0 0 -1 -1 0 0 0 0 0 0 0 0 -1 0 -1 0 1
0 0 0 0 0 0 0 1 0 -1 0 0 0 1 0 1 0 0 0 1 0 0
-1 0 2 2 0 0 1 1 1 1 0 1 1 1 1 0 0 0 1 1 0 0
0 1 -1 -2 0 1 -1 -2 0 -1 0 -1 0 0 0 0 -1 0 -1 -1 0 0
0 -1 0 1 0 0 1 1 0 0 1 1 0 0 0 0 0 0 0 1 0 0
0 0 -1 -1 0 0 0 -1 0 0 0 0 0 -1 0 0 0 0 -1 -1 0 0
0 1 0 -1 0 0 0 -1 -1 -1 0 0 0 0 0 0 -1 -1 0 -1 -1 1
0 0 0 0 0 0 0 1 0 0 0 0 0 1 0 0 0 0 0 0 0 0
-1 0 0 0 0 0 0 -1 1 1 0 0 0 0 0 -1 0 1 0 0 0 -1
0 -1 0 1 0 0 1 1 0 1 0 0 0 0 0 0 1 0 0 0 0 -1
0 1 0 0 0 0 0 0 -1 -1 0 0 0 0 0 0 0 -1 0 -1 -1 1
0 0 0 0 0 0 0 0 0 0 0 0 0 0 0 0 0 0 0 1 0 0
0 0 1 1 0 0 0 0 1 1 0 0 0 0 0 0 0 0 0 0 0 0
0 -1 -1 0 0 -1 0 1 0 0 0 0 0 0 -1 0 1 0 0 0 0 -1
11 2589
-1 0 0 0 0 0 0 0 0 0 0 0 0 0 0 0 0 0 0 0 0 0
0 -1 0 0 0 0 0 0 0 0 0 0 0 0 0 0 0 0 0 0 0 0
0 0 -1 0 0 0 0 0 0 0 0 0 0 0 0 0 0 0 0 0 0 0
0 0 0 -1 0 0 0 0 0 0 0 0 0 0 0 0 0 0 0 0 0 0
0 0 0 0 -1 0 0 0 0 0 0 0 0 0 0 0 0 0 0 0 0 0
0 0 0 0 0 -1 0 0 0 0 0 0 0 0 0 0 0 0 0 0 0 0
0 0 0 0 0 0 -1 0 0 0 0 0 0 0 0 0 0 0 0 0 0 0
0 0 0 0 0 0 0 -1 0 0 0 0 0 0 0 0 0 0 0 0 0 0
0 0 0 0 0 0 0 0 -1 0 0 0 0 0 0 0 0 0 0 0 0 0
0 0 0 0 0 0 0 0 0 -1 0 0 0 0 0 0 0 0 0 0 0 0
0 0 0 0 0 0 0 0 0 0 -1 0 0 0 0 0 0 0 0 0 0 0
0 0 0 0 0 0 0 0 0 0 0 -1 0 0 0 0 0 0 0 0 0 0
0 0 0 0 0 0 0 0 0 0 0 0 -1 0 0 0 0 0 0 0 0 0
0 0 0 0 0 0 0 0 0 0 0 0 0 -1 0 0 0 0 0 0 0 0
0 0 0 0 0 0 0 0 0 0 0 0 0 0 -1 0 0 0 0 0 0 0
0 0 0 0 0 0 0 0 0 0 0 0 0 0 0 -1 0 0 0 0 0 0
0 0 0 0 0 0 0 0 0 0 0 0 0 0 0 0 -1 0 0 0 0 0
0 0 0 0 0 0 0 0 0 0 0 0 0 0 0 0 0 -1 0 0 0 0
0 0 0 0 0 0 0 0 0 0 0 0 0 0 0 0 0 0 -1 0 0 0
0 0 0 0 0 0 0 0 0 0 0 0 0 0 0 0 0 0 0 -1 0 0
0 0 0 0 0 0 0 0 0 0 0 0 0 0 0 0 0 0 0 0 -1 0
0 0 0 0 0 0 0 0 0 0 0 0 0 0 0 0 0 0 0 0 0 -1
11 7152
0 -1 0 0 0 -1 -1 2 1 0 0 0 0 1 -1 0 1 1 1 1 0 -1
0 -1 -2 -2 0 -1 -1 0 0 -1 0 0 0 -1 -1 -1 0 1 -1 -1 0 -1
1 1 -1 -1 0 0 0 0 -2 -2 0 0 0 0 -1 1 0 -2 0 -1 -1 2
-1 0 1 1 0 0 0 0 1 1 0 0 0 1 1 0 0 1 0 1 0 -1
0 1 0 -1 1 0 -1 -1 0 -1 0 0 0 0 0 0 -1 -1 0 -1 0 1
0 0 1 1 0 0 1 0 0 1 0 0 0 0 1 0 0 -1 0 0 0 1
0 0 -1 -2 0 0 -1 0 0 -2 0 0 0 0 -1 0 -1 0 0 0 0 0
0 0 -1 -1 0 0 0 -1 0 0 0 0 0 -1 0 -1 0 0 -1 -1 0 0
0 -1 0 0 0 0 0 1 1 0 0 0 0 0 0 0 0 1 0 1 0 -1
0 0 0 0 0 0 0 -1 0 1 0 0 0 -1 0 -1 0 0 0 -1 0 0
1 0 -2 -2 0 0 -1 -1 -1 -1 0 -1 -1 -1 -1 0 0 0 -1 -1 0 0
0 -1 1 2 0 -1 1 2 0 1 0 1 0 0 0 0 1 0 1 1 0 0
0 1 0 -1 0 0 -1 -1 0 0 -1 -1 0 0 0 0 0 0 0 -1 0 0
0 0 1 1 0 0 0 1 0 0 0 0 0 1 0 0 0 0 1 1 0 0
0 -1 0 1 0 0 0 1 1 1 0 0 0 0 0 0 1 1 0 1 1 -1
0 0 0 0 0 0 0 -1 0 0 0 0 0 -1 0 0 0 0 0 0 0 0
1 0 0 0 0 0 0 1 -1 -1 0 0 0 0 0 1 0 -1 0 0 0 1
0 1 0 -1 0 0 -1 -1 0 -1 0 0 0 0 0 0 -1 0 0 0 0 1
0 -1 0 0 0 0 0 0 1 1 0 0 0 0 0 0 0 1 0 1 1 -1
0 0 0 0 0 0 0 0 0 0 0 0 0 0 0 0 0 0 0 -1 0 0
0 0 -1 -1 0 0 0 0 -1 -1 0 0 0 0 0 0 0 0 0 0 0 0
0 1 1 0 0 1 0 -1 0 0 0 0 0 0 1 0 -1 0 0 0 0 1
12 0
1 0 0 0 0 0 0 0 0 0 0 0 0 0 0 0 0 0 0 0 0 0
0 1 0 0 0 0 0 0 0 0 0 0 0 0 0 0 0 0 0 0 0 0
0 0 1 0 0 0 0 0 0 0 0 0 0 0 0 0 0 0 0 0 0 0
0 0 0 1 0 0 0 0 0 0 0 0 0 0 0 0 0 0 0 0 0 0
0 0 0 0 1 0 0 0 0 0 0 0 0 0 0 0 0 0 0 0 0 0
0 0 0 0 0 1 0 0 0 0 0 0 0 0 0 0 0 0 0 0 0 0
0 0 0 0 0 0 1 0 0 0 0 0 0 0 0 0 0 0 0 0 0 0
0 0 0 0 0 0 0 1 0 0 0 0 0 0 0 0 0 0 0 0 0 0
0 0 0 0 0 0 0 0 1 0 0 0 0 0 0 0 0 0 0 0 0 0
0 0 0 0 0 0 0 0 0 1 0 0 0 0 0 0 0 0 0 0 0 0
0 0 0 0 0 0 0 0 0 0 1 0 0 0 0 0 0 0 0 0 0 0
0 0 0 0 0 0 0 0 0 0 0 1 0 0 0 0 0 0 0 0 0 0
0 0 0 0 0 0 0 0 0 0 0 0 1 0 0 0 0 0 0 0 0 0
0 0 0 0 0 0 0 0 0 0 0 0 0 1 0 0 0 0 0 0 0 0
0 0 0 0 0 0 0 0 0 0 0 0 0 0 1 0 0 0 0 0 0 0
0 0 0 0 0 0 0 0 0 0 0 0 0 0 0 1 0 0 0 0 0 0
0 0 0 0 0 0 0 0 0 0 0 0 0 0 0 0 1 0 0 0 0 0
0 0 0 0 0 0 0 0 0 0 0 0 0 0 0 0 0 1 0 0 0 0
0 0 0 0 0 0 0 0 0 0 0 0 0 0 0 0 0 0 1 0 0 0
0 0 0 0 0 0 0 0 0 0 0 0 0 0 0 0 0 0 0 1 0 0
0 0 0 0 0 0 0 0 0 0 0 0 0 0 0 0 0 0 0 0 1 0
0 0 0 0 0 0 0 0 0 0 0 0 0 0 0 0 0 0 0 0 0 1
12 734
0 1 1 -1 1 -2 -3 0 1 -1 -1 0 1 0 -1 0 0 -1 1 -2 -1 1
1 -1 0 0 -2 0 0 1 -1 0 1 0 -1 0 0 0 0 1 1 3 0 1
1 -1 1 1 -3 2 3 1 0 1 0 0 0 0 2 1 0 2 -1 2 1 0
-1 1 0 -1 2 -1 -2 -1 1 0 -1 0 1 0 -1 -1 0 -1 1 -2 0 0
0 -1 0 0 -1 0 1 1 0 0 0 0 0 0 1 0 0 1 0 1 0 0
0 0 -1 0 1 0 0 0 0 0 0 0 0 0 -1 0 0 -1 -1 -2 1 -1
0 -1 1 0 -2 0 1 1 0 0 0 0 0 0 1 0 0 1 1 2 -1 1
1 -1 -1 0 -1 1 1 1 -1 0 1 0 -1 0 0 0 0 1 0 2 1 0
0 0 0 0 0 -1 -1 0 0 0 0 0 0 0 -1 0 1 0 1 0 -1 0
0 0 -1 0 0 0 0 0 -1 -1 1 0 -1 0 0 0 0 0 0 1 0 0
1 -2 0 0 -2 0 2 2 -1 0 1 1 -1 -1 1 0 0 1 1 3 0 1
-1 2 0 0 2 0 -2 -2 1 0 0 0 1 1 -1 0 0 -1 -1 -3 0 -1
0 -1 0 -1 0 -1 0 1 0 -1 0 1 0 -1 0 -1 -1 0 1 1 0 1
-1 2 1 0 1 0 -1 -1 1 0 -1 0 1 1 0 0 0 0 0 -2 -1 0
0 1 0 0 2 -1 -2 -1 0 0 0 0 0 0 -1 0 0 -1 0 -2 0 0
0 -1 -1 0 0 0 1 0 -1 0 1 0 -1 0 0 0 0 0 0 1 0 -1
0 0 1 1 -1 1 1 0 1 1 0 0 0 0 1 0 0 1 -1 0 0 0
0 -1 0 0 0 0 1 1 0 0 0 0 0 0 1 0 0 0 0 1 0 0
0 0 0 0 1 -1 -1 0 0 0 0 0 0 0 -1 0 0 -1 1 -1 0 0
0 0 0 0 -1 0 0 0 0 0 0 0 0 0 0 0 0 1 0 1 0 0
0 0 1 1 -1 1 1 0 0 1 0 0 0 0 1 0 0 1 0 1 0 0
-1 0 0 0 0 0 1 0 0 0 0 0 0 0 1 -1 0 0 0 0 -1 0
12 1701
0 -1 1 0 -1 0 1 1 1 0 0 0 1 0 2 0 0 0 1 1 0 1
1 0 0 0 2 -2 -1 2 -1 -1 -1 0 -1 -1 0 1 1 -1 0 -1 -1 0
1 0 -1 0 -1 1 0 1 0 1 0 0 0 0 -2 1 2 1 0 0 0 -1
-1 0 1 0 0 0 1 -1 0 0 0 0 0 0 2 -1 -2 -1 0 0 0 1
0 0 -1 -1 0 0 -1 0 1 0 0 0 0 0 -1 0 1 1 0 0 0 -1
-1 0 1 1 -1 1 1 -1 1 1 1 0 0 1 0 -1 -1 0 0 0 0 0
1 0 -1 -1 0 0 -1 1 0 0 -1 -1 0 0 0 1 2 1 0 0 0 -1
0 1 0 0 1 -1 -1 0 -1 -1 0 0 -1 0 -1 0 0 -1 0 -1 -1 0
0 0 0 0 1 0 0 0 0 0 0 0 0 0 1 0 0 0 0 0 0 0
0 0 0 0 1 -1 -1 0 0 -1 0 1 0 -1 -1 0 0 0 0 0 0 0
1 1 0 -1 1 -1 -2 1 0 -1 -1 0 0 0 -1 1 1 0 0 -1 -1 0
0 -1 1 2 -1 1 2 0 0 1 1 0 0 0 1 0 -1 -1 0 1 1 1
0 0 0 -1 0 -1 -1 0 0 -1 0 0 0 0 0 0 0 0 0 0 -1 0
0 -1 -1 0 -1 1 1 0 0 0 1 0 0 0 0 0 0 0 0 1 1 0
0 0 1 1 0 0 1 0 0 0 0 0 0 0 1 0 -1 -1 0 0 0 1
0 1 0 0 1 0 -1 -1 0 0 0 0 0 0 0 0 0 0 -1 -1 0 0
1 -1 -1 0 -1 1 1 1 0 1 0 0 0 0 -1 1 1 1 0 1 1 -1
0 1 0 -1 0 0 -1 -1 0 0 -1 -1 0 0 0 0 0 0 0 -1 0 0
0 0 1 0 0 0 0 0 1 0 0 0 0 0 1 -1 -1 0 0 0 0 1
0 -1 -1 0 1 -1 0 1 0 0 0 1 0 -1 -1 0 1 0 0 0 0 -1
1 0 -1 0 0 0 0 1 -1 0 0 0 -1 0 -1 1 1 0 0 0 0 0
0 0 -1 -1 0 0 -1 -1 0 0 0 0 0 0 -1 0 0 1 0 0 1 -1
12 2589
-1 0 0 0 0 0 0 0 0 0 0 0 0 0 0 0 0 0 0 0 0 0
0 -1 0 0 0 0 0 0 0 0 0 0 0 0 0 0 0 0 0 0 0 0
0 0 -1 0 0 0 0 0 0 0 0 0 0 0 0 0 0 0 0 0 0 0
0 0 0 -1 0 0 0 0 0 0 0 0 0 0 0 0 0 0 0 0 0 0
0 0 0 0 -1 0 0 0 0 0 0 0 0 0 0 0 0 0 0 0 0 0
0 0 0 0 0 -1 0 0 0 0 0 0 0 0 0 0 0 0 0 0 0 0
0 0 0 0 0 0 -1 0 0 0 0 0 0 0 0 0 0 0 0 0 0 0
0 0 0 0 0 0 0 -1 0 0 0 0 0 0 0 0 0 0 0 0 0 0
0 0 0 0 0 0 0 0 -1 0 0 0 0 0 0 0 0 0 0 0 0 0
0 0 0 0 0 0 0 0 0 -1 0 0 0 0 0 0 0 0 0 0 0 0
0 0 0 0 0 0 0 0 0 0 -1 0 0 0 0 0 0 0 0 0 0 0
0 0 0 0 0 0 0 0 0 0 0 -1 0 0 0 0 0 0 0 0 0 0
0 0 0 0 0 0 0 0 0 0 0 0 -1 0 0 0 0 0 0 0 0 0
0 0 0 0 0 0 0 0 0 0 0 0 0 -1 0 0 0 0 0 0 0 0
0 0 0 0 0 0 0 0 0 0 0 0 0 0 -1 0 0 0 0 0 0 0
0 0 0 0 0 0 0 0 0 0 0 0 0 0 0 -1 0 0 0 0 0 0
0 0 0 0 0 0 0 0 0 0 0 0 0 0 0 0 -1 0 0 0 0 0
0 0 0 0 0 0 0 0 0 0 0 0 0 0 0 0 0 -1 0 0 0 0
0 0 0 0 0 0 0 0 0 0 0 0 0 0 0 0 0 0 -1 0 0 0
0 0 0 0 0 0 0 0 0 0 0 0 0 0 0 0 0 0 0 -1 0 0
0 0 0 0 0 0 0 0 0 0 0 0 0 0 0 0 0 0 0 0 -1 0
0 0 0 0 0 0 0 0 0 0 0 0 0 0 0 0 0 0 0 0 0 -1
12 3361
1 0 1 -2 -1 0 -2 0 2 0 -1 0 1 -1 0 -1 -1 2 1 1 1 1
-1 2 0 -1 0 0 0 -1 0 -1 -1 0 1 1 0 1 1 -1 1 -2 -1 1
-1 1 0 1 1 0 1 1 -1 0 0 0 0 2 0 0 1 -2 1 -1 -1 0
1 -1 0 -1 -1 0 -1 0 1 0 0 0 0 -1 0 0 -1 2 -1 1 1 0
-1 0 0 0 1 0 1 0 0 0 0 1 1 0 1 0 0 -1 0 0 0 0
2 -2 0 1 -1 1 1 1 0 2 0 -1 -1 -1 0 0 0 1 -1 1 2 -1
-2 2 0 -1 1 0 0 -1 0 -1 0 1 1 1 1 0 0 -1 1 -1 -1 1
0 0 0 1 0 0 1 0 -1 0 0 0 0 0 0 1 1 -1 0 -1 0 0
0 1 0 -1 0 0 -1 -1 0 -1 0 0 0 0 0 0 -1 0 0 0 0 1
0 0 0 1 0 0 1 0 -1 0 0 0 0 0 0 1 1 -1 0 0 -1 0
-1 1 0 0 0 0 1 0 -1 -1 0 0 1 1 1 1 1 -2 1 -1 -1 1
2 -1 1 0 -1 0 -1 1 1 1 -1 -1 -1 -1 -1 -1 -1 2 0 1 1 0
0 0 0 0 0 0 0 0 0 0 0 0 1 0 1 1 1 0 0 0 0 0
0 0 1 0 0 0 -1 0 1 0 0 0 0 0 0 -1 -1 1 0 1 0 0
1 -1 0 -1 -1 0 -1 0 1 0 0 0 0 -1 -1 -1 -1 2 0 1 1 0
0 0 0 1 0 0 1 0 -1 0 0 0 0 0 0 1 0 -1 0 0 0 0
-1 1 0 0 1 0 0 0 0 0 0 0 0 1 0 -1 0 -1 0 -1 -1 0
-1 0 0 0 0 0 1 0 0 0 0 1 1 0 1 0 0 0 0 0 0 0
1 -1 0 -1 -1 0 0 0 0 0 0 0 0 -1 0 0 -1 1 0 1 1 0
-1 1 0 0 1 0 0 -1 0 0 0 0 0 1 0 0 0 -1 0 -1 -1 0
-1 1 0 0 1 0 0 0 0 -1 0 0 0 1 0 0 0 -1 0 -1 -1 0
-1 0 0 1 1 0 1 0 0 0 1 1 0 0 1 0 0 -1 -1 0 -1 0
12 4520
0 0 0 -1 0 0 -1 -1 0 -1 2 1 0 0 0 -1 -2 1 0 1 0 1
0 -1 0 0 1 -2 0 1 0 0 -1 2 1 -2 -2 -1 0 -1 1 -1 1 0
1 1 1 2 -1 1 2 0 -2 2 -2 -2 0 0 1 2 2 -2 0 -2 0 0
0 -1 -1 -1 0 0 -1 0 1 -1 2 1 -1 0 -1 -1 -1 2 0 2 0 0
0 1 0 0 0 0 0 -1 -1 0 -1 -1 0 0 0 0 0 -1 0 -1 0 0
0 1 0 0 -1 1 0 0 -1 -1 1 -1 -1 2 1 1 0 0 0 1 -1 1
0 0 0 0 0 0 0 -1 0 1 -1 0 1 -1 -1 -1 0 0 0 -1 1 -1
0 0 0 0 0 -1 0 1 0 0 -1 0 0 0 -1 0 1 -1 1 -1 0 0
0 -1 0 -1 0 0 0 0 1 0 0 1 1 -1 0 -1 -1 1 0 1 1 0
0 0 0 0 1 -1 0 1 0 0 -1 0 0 0 0 0 0 -1 0 -1 0 0
1 0 1 1 0 -1 0 1 0 1 -2 0 1 -1 -1 0 1 -1 1 -1 1 0
0 0 0 0 0 1 0 0 0 -1 2 0 -1 1 1 1 -1 0 -1 1 -1 1
0 0 0 0 0 -1 -1 0 0 0 0 0 0 0 -1 -1 0 0 1 0 0 0
0 0 0 0 0 1 0 -1 0 0 1 -1 -1 0 1 0 -1 0 -1 0 0 0
0 0 0 -1 0 0 -1 0 1 -1 1 1 0 0 0 0 -1 1 0 1 0 1
0 0 0 0 0 0 0 1 1 0 -1 0 1 0 0 0 1 0 0 0 0 0
0 1 1 1 0 1 1 -1 -1 1 -1 -1 0 0 1 1 0 -1 0 -1 0 0
0 0 -1 0 0 0 0 0 0 0 0 0 0 0 -1 0 1 0 0 0 0 -1
0 0 0 -1 0 0 -1 0 1 -1 1 1 0 0 0 -1 -1 1 0 1 0 1
0 0 0 0 1 -1 0 0 -1 0 -1 0 0 -1 0 0 0 -1 0 -1 0 0
0 0 1 1 0 0 1 0 0 1 -1 0 0 -1 0 0 0 -1 0 -1 0 0
0 0 0 0 0 0 0 0 0 0 -1 -1 0 0 0 0 0 0 0 0 0 -1
12 4579
0 1 -1 0 1 0 -1 -1 -1 0 0 0 -1 0 -2 0 0 0 -1 -1 0 -1
-1 0 0 0 -2 2 1 -2 1 1 1 0 1 1 0 -1 -1 1 0 1 1 0
-1 0 1 0 1 -1 0 -1 0 -1 0 0 0 0 2 -1 -2 -1 0 0 0 1
1 0 -1 0 0 0 -1 1 0 0 0 0 0 0 -2 1 2 1 0 0 0 -1
0 0 1 1 0 0 1 0 -1 0 0 0 0 0 1 0 -1 -1 0 0 0 1
1 0 -1 -1 1 -1 -1 1 -1 -1 -1 0 0 -1 0 1 1 0 0 0 0 0
-1 0 1 1 0 0 1 -1 0 0 1 1 0 0 0 -1 -2 -1 0 0 0 1
0 -1 0 0 -1 1 1 0 1 1 0 0 1 0 1 0 0 1 0 1 1 0
0 0 0 0 -1 0 0 0 0 0 0 0 0 0 -1 0 0 0 0 0 0 0
0 0 0 0 -1 1 1 0 0 1 0 -1 0 1 1 0 0 0 0 0 0 0
-1 -1 0 1 -1 1 2 -1 0 1 1 0 0 0 1 -1 -1 0 0 1 1 0
0 1 -1 -2 1 -1 -2 0 0 -1 -1 0 0 0 -1 0 1 1 0 -1 -1 -1
0 0 0 1 0 1 1 0 0 1 0 0 0 0 0 0 0 0 0 0 1 0
0 1 1 0 1 -1 -1 0 0 0 -1 0 0 0 0 0 0 0 0 -1 -1 0
0 0 -1 -1 0 0 -1 0 0 0 0 0 0 0 -1 0 1 1 0 0 0 -1
0 -1 0 0 -1 0 1 1 0 0 0 0 0 0 0 0 0 0 1 1 0 0
-1 1 1 0 1 -1 -1 -1 0 -1 0 0 0 0 1 -1 -1 -1 0 -1 -1 1
0 -1 0 1 0 0 1 1 0 0 1 1 0 0 0 0 0 0 0 1 0 0
0 0 -1 0 0 0 0 0 -1 0 0 0 0 0 -1 1 1 0 0 0 0 -1
0 1 1 0 -1 1 0 -1 0 0 0 -1 0 1 1 0 -1 0 0 0 0 1
-1 0 1 0 0 0 0 -1 1 0 0 0 1 0 1 -1 -1 0 0 0 0 0
0 0 1 1 0 0 1 1 0 0 0 0 0 0 1 0 0 -1 0 0 -1 1
12 4741
0 -1 0 -1 0 -2 1 2 -1 -1 0 2 1 -1 1 0 0 -1 1 1 -1 1
-1 0 1 0 -1 2 0 -1 2 0 0 0 2 0 1 -1 -1 1 0 1 1 0
0 1 1 0 0 1 -1 -2 0 0 0 -2 -2 0 0 -1 -2 -1 0 -2 1 1
0 -1 -1 0 0 -1 1 2 0 0 0 1 1 0 0 1 2 0 0 1 -1 -1
0 1 1 0 0 0 -1 -1 0 0 -1 -1 0 0 0 0 -1 -1 0 -1 0 1
0 1 0 0 0 0 1 0 -1 1 0 0 -1 1 0 0 0 0 0 -1 -1 0
0 0 1 0 0 0 -1 0 1 -1 -1 0 1 -1 0 0 -1 -1 0 0 1 1
0 1 1 1 -1 2 0 -1 1 1 0 -1 0 1 0 0 0 1 0 0 0 0
0 -1 0 0 0 -1 0 1 0 -1 0 1 1 -1 0 0 0 0 0 1 0 0
0 1 0 0 0 1 -1 -1 0 0 0 -1 0 1 0 0 0 1 0 0 0 0
0 1 2 0 -1 1 -2 -1 2 0 -1 -1 1 0 0 -1 -1 1 1 0 1 1
0 -1 -2 -1 0 -1 2 1 -2 0 1 1 -1 0 0 0 1 0 0 0 -1 -1
0 1 1 0 0 0 -1 0 1 0 -1 0 1 0 0 0 0 0 1 0 0 1
1 -1 -1 0 0 -1 1 1 -2 0 0 0 -1 -1 0 1 1 -1 0 0 0 0
0 -1 -1 0 0 -1 1 1 -1 0 1 1 0 0 0 0 1 0 0 1 -1 -1
0 0 0 0 0 0 -1 0 1 0 0 0 0 0 -1 -1 0 1 0 0 0 0
0 0 0 0 0 0 0 -1 -1 0 0 -1 -1 0 0 0 -1 -1 0 -1 1 0
0 0 0 0 0 0 -1 0 1 0 0 0 0 0 -1 0 0 0 0 0 0 0
0 0 0 0 0 -1 0 1 0 0 0 1 1 0 0 0 1 0 0 0 -1 0
0 0 0 0 0 1 0 -1 0 0 0 -1 0 0 1 0 -1 0 -1 0 1 0
0 0 0 0 -1 1 0 -1 0 0 0 -1 0 0 0 0 0 0 0 0 1 0
1 0 0 0 0 0 -1 0 0 0 -1 -1 0 0 -1 1 0 0 0 0 1 0
12 4876
0 0 0 1 0 0 1 1 0 1 -2 -1 0 0 0 1 2 -1 0 -1 0 -1
0 1 0 0 -1 2 0 -1 0 0 1 -2 -1 2 2 1 0 1 -1 1 -1 0
-1 -1 -1 -2 1 -1 -2 0 2 -2 2 2 0 0 -1 -2 -2 2 0 2 0 0
0 1 1 1 0 0 1 0 -1 1 -2 -1 1 0 1 1 1 -2 0 -2 0 0
0 -1 0 0 0 0 0 1 1 0 1 1 0 0 0 0 0 1 0 1 0 0
0 -1 0 0 1 -1 0 0 1 1 -1 1 1 -2 -1 -1 0 0 0 -1 1 -1
0 0 0 0 0 0 0 1 0 -1 1 0 -1 1 1 1 0 0 0 1 -1 1
0 0 0 0 0 1 0 -1 0 0 1 0 0 0 1 0 -1 1 -1 1 0 0
0 1 0 1 0 0 0 0 -1 0 0 -1 -1 1 0 1 1 -1 0 -1 -1 0
0 0 0 0 -1 1 0 -1 0 0 1 0 0 0 0 0 0 1 0 1 0 0
-1 0 -1 -1 0 1 0 -1 0 -1 2 0 -1 1 1 0 -1 1 -1 1 -1 0
0 0 0 0 0 -1 0 0 0 1 -2 0 1 -1 -1 -1 1 0 1 -1 1 -1
0 0 0 0 0 1 1 0 0 0 0 0 0 0 1 1 0 0 -1 0 0 0
0 0 0 0 0 -1 0 1 0 0 -1 1 1 0 -1 0 1 0 1 0 0 0
0 0 0 1 0 0 1 0 -1 1 -1 -1 0 0 0 0 1 -1 0 -1 0 -1
0 0 0 0 0 0 0 -1 -1 0 1 0 -1 0 0 0 -1 0 0 0 0 0
0 -1 -1 -1 0 -1 -1 1 1 -1 1 1 0 0 -1 -1 0 1 0 1 0 0
0 0 1 0 0 0 0 0 0 0 0 0 0 0 1 0 -1 0 0 0 0 1
0 0 0 1 0 0 1 0 -1 1 -1 -1 0 0 0 1 1 -1 0 -1 0 -1
0 0 0 0 -1 1 0 0 1 0 1 0 0 1 0 0 0 1 0 1 0 0
0 0 -1 -1 0 0 -1 0 0 -1 1 0 0 1 0 0 0 1 0 1 0 0
0 0 0 0 0 0 0 0 0 0 1 1 0 0 0 0 0 0 0 0 0 1
12 4994
-2 1 0 -1 0 2 1 -2 1 1 0 0 0 1 1 -1 -1 1 0 -1 0 0
1 0 -1 -1 0 0 -1 1 0 -1 -1 0 1 -1 0 1 1 1 0 1 2 0
1 -2 -1 0 1 -2 0 1 -1 -1 0 0 0 -2 0 1 1 -2 -1 1 0 -1
-1 1 1 0 -1 1 0 -1 1 1 0 0 0 1 0 -1 -1 1 1 -1 0 1
1 0 0 0 0 0 0 1 0 0 -1 -1 0 0 0 1 1 -1 0 0 0 0
-1 0 0 0 0 0 1 -1 0 1 1 1 0 1 0 -1 -1 0 0 0 -1 0
1 0 0 -1 0 0 -1 1 1 -1 -2 -1 1 -1 0 1 1 0 0 0 1 0
1 0 -1 0 0 -1 -1 1 -1 -1 0 0 0 0 -1 1 1 0 0 1 0 0
0 0 0 0 0 1 0 0 1 0 0 0 0 0 0 0 0 1 0 0 1 0
1 0 0 1 0 0 0 1 -1 0 0 0 0 0 0 1 1 0 0 1 0 0
1 0 -1 0 0 0 -1 1 0 -1 -1 -1 1 0 0 2 2 0 -1 1 1 -1
-2 0 0 0 1 0 1 -2 0 1 2 2 -1 0 0 -2 -2 0 0 -1 -1 0
0 1 0 0 -1 1 0 0 0 0 -1 -1 1 1 0 1 1 0 0 0 0 0
-1 0 0 0 1 0 0 -1 0 0 1 0 -1 0 0 -1 -1 -1 0 -1 -1 0
-1 1 0 0 0 1 0 -2 0 1 1 0 -1 1 0 -1 -1 1 0 -1 0 0
1 0 0 1 0 0 0 1 0 0 0 0 0 0 0 1 1 0 -1 0 0 0
0 -1 0 0 1 -1 0 0 0 0 0 0 0 -1 0 0 0 -1 0 0 0 -1
1 0 0 0 -1 0 0 1 0 0 -1 -1 0 0 0 1 1 0 0 0 0 0
-1 1 0 0 0 1 0 -1 1 1 0 0 0 1 0 -1 0 1 0 -1 0 0
1 -1 0 0 0 0 0 1 0 0 0 0 0 -1 0 0 0 0 0 1 1 0
0 0 0 0 1 -1 -1 0 0 -1 0 0 0 -1 0 0 0 -1 0 0 0 0
1 0 1 1 0 0 0 1 0 0 -1 -1 0 0 0 1 0 -1 0 0 0 0
12 6247
0 1 0 1 0 2 -1 -2 1 1 0 -2 -1 1 -1 0 0 1 -1 -1 1 -1
1 0 -1 0 1 -2 0 1 -2 0 0 0 -2 0 -1 1 1 -1 0 -1 -1 0
0 -1 -1 0 0 -1 1 2 0 0 0 2 2 0 0 1 2 1 0 2 -1 -1
0 1 1 0 0 1 -1 -2 0 0 0 -1 -1 0 0 -1 -2 0 0 -1 1 1
0 -1 -1 0 0 0 1 1 0 0 1 1 0 0 0 0 1 1 0 1 0 -1
0 -1 0 0 0 0 -1 0 1 -1 0 0 1 -1 0 0 0 0 0 1 1 0
0 0 -1 0 0 0 1 0 -1 1 1 0 -1 1 0 0 1 1 0 0 -1 -1
0 -1 -1 -1 1 -2 0 1 -1 -1 0 1 0 -1 0 0 0 -1 0 0 0 0
0 1 0 0 0 1 0 -1 0 1 0 -1 -1 1 0 0 0 0 0 -1 0 0
0 -1 0 0 0 -1 1 1 0 0 0 1 0 -1 0 0 0 -1 0 0 0 0
0 -1 -2 0 1 -1 2 1 -2 0 1 1 -1 0 0 1 1 -1 -1 0 -1 -1
0 1 2 1 0 1 -2 -1 2 0 -1 -1 1 0 0 0 -1 0 0 0 1 1
0 -1 -1 0 0 0 1 0 -1 0 1 0 -1 0 0 0 0 0 -1 0 0 -1
-1 1 1 0 0 1 -1 -1 2 0 0 0 1 1 0 -1 -1 1 0 0 0 0
0 1 1 0 0 1 -1 -1 1 0 -1 -1 0 0 0 0 -1 0 0 -1 1 1
0 0 0 0 0 0 1 0 -1 0 0 0 0 0 1 1 0 -1 0 0 0 0
0 0 0 0 0 0 0 1 1 0 0 1 1 0 0 0 1 1 0 1 -1 0
0 0 0 0 0 0 1 0 -1 0 0 0 0 0 1 0 0 0 0 0 0 0
0 0 0 0 0 1 0 -1 0 0 0 -1 -1 0 0 0 -1 0 0 0 1 0
0 0 0 0 0 -1 0 1 0 0 0 1 0 0 -1 0 1 0 1 0 -1 0
0 0 0 0 1 -1 0 1 0 0 0 1 0 0 0 0 0 0 0 0 -1 0
-1 0 0 0 0 0 1 0 0 0 1 1 0 0 1 -1 0 0 0 0 -1 0
12 8893
-1 0 -1 2 1 0 2 0 -2 0 1 0 -1 1 0 1 1 -2 -1 -1 -1 -1
1 -2 0 1 0 0 0 1 0 1 1 0 -1 -1 0 -1 -1 1 -1 2 1 -1
1 -1 0 -1 -1 0 -1 -1 1 0 0 0 0 -2 0 0 -1 2 -1 1 1 0
-1 1 0 1 1 0 1 0 -1 0 0 0 0 1 0 0 1 -2 1 -1 -1 0
1 0 0 0 -1 0 -1 0 0 0 0 -1 -1 0 -1 0 0 1 0 0 0 0
-2 2 0 -1 1 -1 -1 -1 0 -2 0 1 1 1 0 0 0 -1 1 -1 -2 1
2 -2 0 1 -1 0 0 1 0 1 0 -1 -1 -1 -1 0 0 1 -1 1 1 -1
0 0 0 -1 0 0 -1 0 1 0 0 0 0 0 0 -1 -1 1 0 1 0 0
0 -1 0 1 0 0 1 1 0 1 0 0 0 0 0 0 1 0 0 0 0 -1
0 0 0 -1 0 0 -1 0 1 0 0 0 0 0 0 -1 -1 1 0 0 1 0
1 -1 0 0 0 0 -1 0 1 1 0 0 -1 -1 -1 -1 -1 2 -1 1 1 -1
-2 1 -1 0 1 0 1 -1 -1 -1 1 1 1 1 1 1 1 -2 0 -1 -1 0
0 0 0 0 0 0 0 0 0 0 0 0 -1 0 -1 -1 -1 0 0 0 0 0
0 0 -1 0 0 0 1 0 -1 0 0 0 0 0 0 1 1 -1 0 -1 0 0
-1 1 0 1 1 0 1 0 -1 0 0 0 0 1 1 1 1 -2 0 -1 -1 0
0 0 0 -1 0 0 -1 0 1 0 0 0 0 0 0 -1 0 1 0 0 0 0
1 -1 0 0 -1 0 0 0 0 0 0 0 0 -1 0 1 0 1 0 1 1 0
1 0 0 0 0 0 -1 0 0 0 0 -1 -1 0 -1 0 0 0 0 0 0 0
-1 1 0 1 1 0 0 0 0 0 0 0 0 1 0 0 1 -1 0 -1 -1 0
1 -1 0 0 -1 0 0 1 0 0 0 0 0 -1 0 0 0 1 0 1 1 0
1 -1 0 0 -1 0 0 0 0 1 0 0 0 -1 0 0 0 1 0 1 1 0
1 0 0 -1 -1 0 -1 0 0 0 -1 -1 0 0 -1 0 0 1 1 0 1 0
12 9598
0 -1 -1 1 -1 2 3 0 -1 1 1 0 -1 0 1 0 0 1 -1 2 1 -1
-1 1 0 0 2 0 0 -1 1 0 -1 0 1 0 0 0 0 -1 -1 -3 0 -1
-1 1 -1 -1 3 -2 -3 -1 0 -1 0 0 0 0 -2 -1 0 -2 1 -2 -1 0
1 -1 0 1 -2 1 2 1 -1 0 1 0 -1 0 1 1 0 1 -1 2 0 0
0 1 0 0 1 0 -1 -1 0 0 0 0 0 0 -1 0 0 -1 0 -1 0 0
0 0 1 0 -1 0 0 0 0 0 0 0 0 0 1 0 0 1 1 2 -1 1
0 1 -1 0 2 0 -1 -1 0 0 0 0 0 0 -1 0 0 -1 -1 -2 1 -1
-1 1 1 0 1 -1 -1 -1 1 0 -1 0 1 0 0 0 0 -1 0 -2 -1 0
0 0 0 0 0 1 1 0 0 0 0 0 0 0 1 0 -1 0 -1 0 1 0
0 0 1 0 0 0 0 0 1 1 -1 0 1 0 0 0 0 0 0 -1 0 0
-1 2 0 0 2 0 -2 -2 1 0 -1 -1 1 1 -1 0 0 -1 -1 -3 0 -1
1 -2 0 0 -2 0 2 2 -1 0 0 0 -1 -1 1 0 0 1 1 3 0 1
0 1 0 1 0 1 0 -1 0 1 0 -1 0 1 0 1 1 0 -1 -1 0 -1
1 -2 -1 0 -1 0 1 1 -1 0 1 0 -1 -1 0 0 0 0 0 2 1 0
0 -1 0 0 -2 1 2 1 0 0 0 0 0 0 1 0 0 1 0 2 0 0
0 1 1 0 0 0 -1 0 1 0 -1 0 1 0 0 0 0 0 0 -1 0 1
0 0 -1 -1 1 -1 -1 0 -1 -1 0 0 0 0 -1 0 0 -1 1 0 0 0
0 1 0 0 0 0 -1 -1 0 0 0 0 0 0 -1 0 0 0 0 -1 0 0
0 0 0 0 -1 1 1 0 0 0 0 0 0 0 1 0 0 1 -1 1 0 0
0 0 0 0 1 0 0 0 0 0 0 0 0 0 0 0 0 -1 0 -1 0 0
0 0 -1 -1 1 -1 -1 0 0 -1 0 0 0 0 -1 0 0 -1 0 -1 0 0
1 0 0 0 0 0 -1 0 0 0 0 0 0 0 -1 1 0 0 0 0 1 0
12 9879
2 -1 0 1 0 -2 -1 2 -1 -1 0 0 0 -1 -1 1 1 -1 0 1 0 0
-1 0 1 1 0 0 1 -1 0 1 1 0 -1 1 0 -1 -1 -1 0 -1 -2 0
-1 2 1 0 -1 2 0 -1 1 1 0 0 0 2 0 -1 -1 2 1 -1 0 1
1 -1 -1 0 1 -1 0 1 -1 -1 0 0 0 -1 0 1 1 -1 -1 1 0 -1
-1 0 0 0 0 0 0 -1 0 0 1 1 0 0 0 -1 -1 1 0 0 0 0
1 0 0 0 0 0 -1 1 0 -1 -1 -1 0 -1 0 1 1 0 0 0 1 0
-1 0 0 1 0 0 1 -1 -1 1 2 1 -1 1 0 -1 -1 0 0 0 -1 0
-1 0 1 0 0 1 1 -1 1 1 0 0 0 0 1 -1 -1 0 0 -1 0 0
0 0 0 0 0 -1 0 0 -1 0 0 0 0 0 0 0 0 -1 0 0 -1 0
-1 0 0 -1 0 0 0 -1 1 0 0 0 0 0 0 -1 -1 0 0 -1 0 0
-1 0 1 0 0 0 1 -1 0 1 1 1 -1 0 0 -2 -2 0 1 -1 -1 1
2 0 0 0 -1 0 -1 2 0 -1 -2 -2 1 0 0 2 2 0 0 1 1 0
0 -1 0 0 1 -1 0 0 0 0 1 1 -1 -1 0 -1 -1 0 0 0 0 0
1 0 0 0 -1 0 0 1 0 0 -1 0 1 0 0 1 1 1 0 1 1 0
1 -1 0 0 0 -1 0 2 0 -1 -1 0 1 -1 0 1 1 -1 0 1 0 0
-1 0 0 -1 0 0 0 -1 0 0 0 0 0 0 0 -1 -1 0 1 0 0 0
0 1 0 0 -1 1 0 0 0 0 0 0 0 1 0 0 0 1 0 0 0 1
-1 0 0 0 1 0 0 -1 0 0 1 1 0 0 0 -1 -1 0 0 0 0 0
1 -1 0 0 0 -1 0 1 -1 -1 0 0 0 -1 0 1 0 -1 0 1 0 0
-1 1 0 0 0 0 0 -1 0 0 0 0 0 1 0 0 0 0 0 -1 -1 0
0 0 0 0 -1 1 1 0 0 1 0 0 0 1 0 0 0 1 0 0 0 0
-1 0 -1 -1 0 0 0 -1 0 0 1 1 0 0 0 -1 0 1 0 0 0 0
12 11259
0 0 1 0 1 -2 -1 0 0 0 0 1 0 -1 -1 -1 0 0 2 -1 -1 1
2 -1 -1 0 -1 2 0 0 0 1 1 -2 -1 1 1 1 0 2 -2 1 2 -1
1 -2 -2 0 -1 1 1 2 0 -1 2 0 -2 0 -1 0 0 0 -1 2 1 -1
-1 2 1 0 1 -1 -1 -2 -1 0 -1 0 1 0 0 0 0 -1 1 -2 -1 1
1 -1 -1 1 0 0 0 1 0 0 1 0 -1 0 -1 1 1 0 -1 1 0 -1
-1 1 1 0 -1 0 1 0 0 0 -1 1 1 0 0 0 1 0 2 0 -1 1
2 -1 -1 1 1 0 -1 1 0 0 1 -1 -2 0 -1 1 0 0 -2 0 1 -1
1 0 0 0 -2 2 1 0 0 1 0 -1 0 1 1 1 0 1 -1 1 1 0
0 0 0 0 1 -1 -1 0 0 0 0 0 0 0 0 0 0 0 0 -1 0 0
0 -1 0 0 -1 1 1 0 1 1 0 0 1 0 1 0 0 1 -1 1 1 -1
2 -1 -1 0 -1 1 0 1 0 0 1 -1 -1 1 0 1 0 1 -2 1 1 -1
-2 1 1 -1 0 -1 0 -1 0 0 -1 1 1 -1 0 -2 0 0 3 -1 -1 1
1 0 0 0 0 0 0 0 0 0 0 0 0 0 0 1 0 0 -1 0 0 0
-1 0 0 0 1 -1 0 0 0 0 0 1 0 -1 -1 -1 0 -1 1 -1 -1 0
-1 1 1 -1 0 -1 -1 -1 0 0 -1 0 1 0 0 -1 0 0 2 -1 -1 1
0 0 0 0 0 0 0 0 0 0 0 0 0 0 1 0 0 0 -1 0 0 0
0 -1 -1 0 0 0 0 1 0 -1 1 0 -1 0 -1 0 0 0 0 1 0 -1
1 0 0 1 0 0 0 0 -1 0 0 -1 -1 0 0 1 0 -1 -1 0 0 0
0 1 1 0 0 -1 -1 0 0 0 -1 0 1 0 0 0 1 0 1 -1 -1 1
0 -1 -1 0 0 1 0 0 1 0 1 0 0 0 0 0 0 1 -1 1 1 -1
0 0 -1 0 0 1 0 0 0 0 1 -1 -1 1 0 0 0 0 -1 0 0 -1
0 0 0 1 1 0 0 0 0 0 0 0 0 0 0 1 0 -1 -1 0 0 -1
12 11313
0 0 -1 0 -1 2 1 0 0 0 0 -1 0 1 1 1 0 0 -2 1 1 -1
-2 1 1 0 1 -2 0 0 0 -1 -1 2 1 -1 -1 -1 0 -2 2 -1 -2 1
-1 2 2 0 1 -1 -1 -2 0 1 -2 0 2 0 1 0 0 0 1 -2 -1 1
1 -2 -1 0 -1 1 1 2 1 0 1 0 -1 0 0 0 0 1 -1 2 1 -1
-1 1 1 -1 0 0 0 -1 0 0 -1 0 1 0 1 -1 -1 0 1 -1 0 1
1 -1 -1 0 1 0 -1 0 0 0 1 -1 -1 0 0 0 -1 0 -2 0 1 -1
-2 1 1 -1 -1 0 1 -1 0 0 -1 1 2 0 1 -1 0 0 2 0 -1 1
-1 0 0 0 2 -2 -1 0 0 -1 0 1 0 -1 -1 -1 0 -1 1 -1 -1 0
0 0 0 0 -1 1 1 0 0 0 0 0 0 0 0 0 0 0 0 1 0 0
0 1 0 0 1 -1 -1 0 -1 -1 0 0 -1 0 -1 0 0 -1 1 -1 -1 1
-2 1 1 0 1 -1 0 -1 0 0 -1 1 1 -1 0 -1 0 -1 2 -1 -1 1
2 -1 -1 1 0 1 0 1 0 0 1 -1 -1 1 0 2 0 0 -3 1 1 -1
-1 0 0 0 0 0 0 0 0 0 0 0 0 0 0 -1 0 0 1 0 0 0
1 0 0 0 -1 1 0 0 0 0 0 -1 0 1 1 1 0 1 -1 1 1 0
1 -1 -1 1 0 1 1 1 0 0 1 0 -1 0 0 1 0 0 -2 1 1 -1
0 0 0 0 0 0 0 0 0 0 0 0 0 0 -1 0 0 0 1 0 0 0
0 1 1 0 0 0 0 -1 0 1 -1 0 1 0 1 0 0 0 0 -1 0 1
-1 0 0 -1 0 0 0 0 1 0 0 1 1 0 0 -1 0 1 1 0 0 0
0 -1 -1 0 0 1 1 0 0 0 1 0 -1 0 0 0 -1 0 -1 1 1 -1
0 1 1 0 0 -1 0 0 -1 0 -1 0 0 0 0 0 0 -1 1 -1 -1 1
0 0 1 0 0 -1 0 0 0 0 -1 1 1 -1 0 0 0 0 1 0 0 1
0 0 0 -1 -1 0 0 0 0 0 0 0 0 0 0 -1 0 1 1 0 0 1
13 0
1 0 0 0 0 0 0 0 0 0 0 0 0 0 0 0 0 0 0 0 0 0
0 1 0 0 0 0 0 0 0 0 0 0 0 0 0 0 0 0 0 0 0 0
0 0 1 0 0 0 0 0 0 0 0 0 0 0 0 0 0 0 0 0 0 0
0 0 0 1 0 0 0 0 0 0 0 0 0 0 0 0 0 0 0 0 0 0
0 0 0 0 1 0 0 0 0 0 0 0 0 0 0 0 0 0 0 0 0 0
0 0 0 0 0 1 0 0 0 0 0 0 0 0 0 0 0 0 0 0 0 0
0 0 0 0 0 0 1 0 0 0 0 0 0 0 0 0 0 0 0 0 0 0
0 0 0 0 0 0 0 1 0 0 0 0 0 0 0 0 0 0 0 0 0 0
0 0 0 0 0 0 0 0 1 0 0 0 0 0 0 0 0 0 0 0 0 0
0 0 0 0 0 0 0 0 0 1 0 0 0 0 0 0 0 0 0 0 0 0
0 0 0 0 0 0 0 0 0 0 1 0 0 0 0 0 0 0 0 0 0 0
0 0 0 0 0 0 0 0 0 0 0 1 0 0 0 0 0 0 0 0 0 0
0 0 0 0 0 0 0 0 0 0 0 0 1 0 0 0 0 0 0 0 0 0
0 0 0 0 0 0 0 0 0 0 0 0 0 1 0 0 0 0 0 0 0 0
0 0 0 0 0 0 0 0 0 0 0 0 0 0 1 0 0 0 0 0 0 0
0 0 0 0 0 0 0 0 0 0 0 0 0 0 0 1 0 0 0 0 0 0
0 0 0 0 0 0 0 0 0 0 0 0 0 0 0 0 1 0 0 0 0 0
0 0 0 0 0 0 0 0 0 0 0 0 0 0 0 0 0 1 0 0 0 0
0 0 0 0 0 0 0 0 0 0 0 0 0 0 0 0 0 0 1 0 0 0
0 0 0 0 0 0 0 0 0 0 0 0 0 0 0 0 0 0 0 1 0 0
0 0 0 0 0 0 0 0 0 0 0 0 0 0 0 0 0 0 0 0 1 0
0 0 0 0 0 0 0 0 0 0 0 0 0 0 0 0 0 0 0 0 0 1
13 2589
-1 0 0 0 0 0 0 0 0 0 0 0 0 0 0 0 0 0 0 0 0 0
0 -1 0 0 0 0 0 0 0 0 0 0 0 0 0 0 0 0 0 0 0 0
0 0 -1 0 0 0 0 0 0 0 0 0 0 0 0 0 0 0 0 0 0 0
0 0 0 -1 0 0 0 0 0 0 0 0 0 0 0 0 0 0 0 0 0 0
0 0 0 0 -1 0 0 0 0 0 0 0 0 0 0 0 0 0 0 0 0 0
0 0 0 0 0 -1 0 0 0 0 0 0 0 0 0 0 0 0 0 0 0 0
0 0 0 0 0 0 -1 0 0 0 0 0 0 0 0 0 0 0 0 0 0 0
0 0 0 0 0 0 0 -1 0 0 0 0 0 0 0 0 0 0 0 0 0 0
0 0 0 0 0 0 0 0 -1 0 0 0 0 0 0 0 0 0 0 0 0 0
0 0 0 0 0 0 0 0 0 -1 0 0 0 0 0 0 0 0 0 0 0 0
0 0 0 0 0 0 0 0 0 0 -1 0 0 0 0 0 0 0 0 0 0 0
0 0 0 0 0 0 0 0 0 0 0 -1 0 0 0 0 0 0 0 0 0 0
0 0 0 0 0 0 0 0 0 0 0 0 -1 0 0 0 0 0 0 0 0 0
0 0 0 0 0 0 0 0 0 0 0 0 0 -1 0 0 0 0 0 0 0 0
0 0 0 0 0 0 0 0 0 0 0 0 0 0 -1 0 0 0 0 0 0 0
0 0 0 0 0 0 0 0 0 0 0 0 0 0 0 -1 0 0 0 0 0 0
0 0 0 0 0 0 0 0 0 0 0 0 0 0 0 0 -1 0 0 0 0 0
0 0 0 0 0 0 0 0 0 0 0 0 0 0 0 0 0 -1 0 0 0 0
0 0 0 0 0 0 0 0 0 0 0 0 0 0 0 0 0 0 -1 0 0 0
0 0 0 0 0 0 0 0 0 0 0 0 0 0 0 0 0 0 0 -1 0 0
0 0 0 0 0 0 0 0 0 0 0 0 0 0 0 0 0 0 0 0 -1 0
0 0 0 0 0 0 0 0 0 0 0 0 0 0 0 0 0 0 0 0 0 -1
13 10838
-1 1 -1 -1 -1 0 0 -1 -2 -1 1 0 0 2 -1 0 0 0 1 -1 0 0
0 -2 -2 0 2 -1 0 1 0 -1 1 1 -1 -1 -1 0 0 0 -1 1 0 -1
0 -1 2 0 1 -1 0 2 3 0 -2 2 3 -2 2 0 0 0 0 1 0 1
0 1 -1 0 -1 1 0 -1 -2 0 1 -2 -2 2 -1 0 0 0 0 -1 0 -1
0 -1 0 0 0 0 1 1 1 0 0 1 1 -1 1 0 0 0 -1 1 0 0
0 1 1 0 -1 0 -1 -1 0 0 -1 -1 1 0 0 0 0 0 0 -1 0 0
0 -1 -1 0 1 0 1 1 0 0 1 1 0 0 1 0 0 0 -1 1 0 0
0 -1 0 1 1 0 0 0 1 0 0 0 0 -1 0 0 0 0 -1 1 0 -1
0 0 -1 0 0 0 0 0 -1 0 1 0 -1 1 -1 0 0 0 0 0 0 0
0 -1 0 0 0 0 0 0 1 0 0 0 0 -1 0 0 0 0 0 1 0 0
0 -2 -1 0 1 0 1 1 1 0 0 1 1 -1 0 0 0 0 -1 2 0 -1
0 2 1 -1 -1 -1 -2 -1 -1 -1 -1 -1 0 1 -1 0 0 0 2 -2 0 1
0 -1 -1 0 0 1 1 0 0 0 1 0 0 0 0 0 0 0 -1 1 0 -1
0 1 1 0 -1 0 0 0 0 0 0 0 0 1 0 0 0 0 1 -1 0 1
0 1 0 0 -1 0 0 -1 -2 0 0 -1 -1 1 -1 0 0 0 1 -1 0 0
0 0 0 0 0 0 0 0 0 0 0 0 0 0 0 0 0 0 0 1 -1 0
0 0 1 0 1 -1 0 1 1 0 -1 1 1 -1 1 0 0 -1 0 -1 0 1
0 0 0 0 0 1 1 0 0 0 0 0 0 0 1 0 -1 0 -1 1 0 0
0 0 -1 0 -1 0 0 -1 -2 0 1 -1 -1 1 -1 0 0 0 0 0 0 -1
0 -1 0 0 1 -1 0 1 1 0 0 1 0 -1 0 0 0 0 0 0 0 0
0 -1 0 0 1 -1 0 1 1 0 0 1 0 -1 0 -1 0 0 0 0 0 0
0 0 0 0 0 1 1 0 1 1 0 0 0 0 1 0 0 0 -1 0 0 0
13 11546
1 -1 1 1 1 0 0 1 2 1 -1 0 0 -2 1 0 0 0 -1 1 0 0
0 2 2 0 -2 1 0 -1 0 1 -1 -1 1 1 1 0 0 0 1 -1 0 1
0 1 -2 0 -1 1 0 -2 -3 0 2 -2 -3 2 -2 0 0 0 0 -1 0 -1
0 -1 1 0 1 -1 0 1 2 0 -1 2 2 -2 1 0 0 0 0 1 0 1
0 1 0 0 0 0 -1 -1 -1 0 0 -1 -1 1 -1 0 0 0 1 -1 0 0
0 -1 -1 0 1 0 1 1 0 0 1 1 -1 0 0 0 0 0 0 1 0 0
0 1 1 0 -1 0 -1 -1 0 0 -1 -1 0 0 -1 0 0 0 1 -1 0 0
0 1 0 -1 -1 0 0 0 -1 0 0 0 0 1 0 0 0 0 1 -1 0 1
0 0 1 0 0 0 0 0 1 0 -1 0 1 -1 1 0 0 0 0 0 0 0
0 1 0 0 0 0 0 0 -1 0 0 0 0 1 0 0 0 0 0 -1 0 0
0 2 1 0 -1 0 -1 -1 -1 0 0 -1 -1 1 0 0 0 0 1 -2 0 1
0 -2 -1 1 1 1 2 1 1 1 1 1 0 -1 1 0 0 0 -2 2 0 -1
0 1 1 0 0 -1 -1 0 0 0 -1 0 0 0 0 0 0 0 1 -1 0 1
0 -1 -1 0 1 0 0 0 0 0 0 0 0 -1 0 0 0 0 -1 1 0 -1
0 -1 0 0 1 0 0 1 2 0 0 1 1 -1 1 0 0 0 -1 1 0 0
0 0 0 0 0 0 0 0 0 0 0 0 0 0 0 0 0 0 0 -1 1 0
0 0 -1 0 -1 1 0 -1 -1 0 1 -1 -1 1 -1 0 0 1 0 1 0 -1
0 0 0 0 0 -1 -1 0 0 0 0 0 0 0 -1 0 1 0 1 -1 0 0
0 0 1 0 1 0 0 1 2 0 -1 1 1 -1 1 0 0 0 0 0 0 1
0 1 0 0 -1 1 0 -1 -1 0 0 -1 0 1 0 0 0 0 0 0 0 0
0 1 0 0 -1 1 0 -1 -1 0 0 -1 0 1 0 1 0 0 0 0 0 0
0 0 0 0 0 -1 -1 0 -1 -1 0 0 0 0 -1 0 0 0 1 0 0 0
14 0
1 0 0 0 0 0 0 0 0 0 0 0 0 0 0 0 0 0 0 0 0 0
0 1 0 0 0 0 0 0 0 0 0 0 0 0 0 0 0 0 0 0 0 0
0 0 1 0 0 0 0 0 0 0 0 0 0 0 0 0 0 0 0 0 0 0
0 0 0 1 0 0 0 0 0 0 0 0 0 0 0 0 0 0 0 0 0 0
0 0 0 0 1 0 0 0 0 0 0 0 0 0 0 0 0 0 0 0 0 0
0 0 0 0 0 1 0 0 0 0 0 0 0 0 0 0 0 0 0 0 0 0
0 0 0 0 0 0 1 0 0 0 0 0 0 0 0 0 0 0 0 0 0 0
0 0 0 0 0 0 0 1 0 0 0 0 0 0 0 0 0 0 0 0 0 0
0 0 0 0 0 0 0 0 1 0 0 0 0 0 0 0 0 0 0 0 0 0
0 0 0 0 0 0 0 0 0 1 0 0 0 0 0 0 0 0 0 0 0 0
0 0 0 0 0 0 0 0 0 0 1 0 0 0 0 0 0 0 0 0 0 0
0 0 0 0 0 0 0 0 0 0 0 1 0 0 0 0 0 0 0 0 0 0
0 0 0 0 0 0 0 0 0 0 0 0 1 0 0 0 0 0 0 0 0 0
0 0 0 0 0 0 0 0 0 0 0 0 0 1 0 0 0 0 0 0 0 0
0 0 0 0 0 0 0 0 0 0 0 0 0 0 1 0 0 0 0 0 0 0
0 0 0 0 0 0 0 0 0 0 0 0 0 0 0 1 0 0 0 0 0 0
0 0 0 0 0 0 0 0 0 0 0 0 0 0 0 0 1 0 0 0 0 0
0 0 0 0 0 0 0 0 0 0 0 0 0 0 0 0 0 1 0 0 0 0
0 0 0 0 0 0 0 0 0 0 0 0 0 0 0 0 0 0 1 0 0 0
0 0 0 0 0 0 0 0 0 0 0 0 0 0 0 0 0 0 0 1 0 0
0 0 0 0 0 0 0 0 0 0 0 0 0 0 0 0 0 0 0 0 1 0
0 0 0 0 0 0 0 0 0 0 0 0 0 0 0 0 0 0 0 0 0 1
14 2589
-1 0 0 0 0 0 0 0 0 0 0 0 0 0 0 0 0 0 0 0 0 0
0 -1 0 0 0 0 0 0 0 0 0 0 0 0 0 0 0 0 0 0 0 0
0 0 -1 0 0 0 0 0 0 0 0 0 0 0 0 0 0 0 0 0 0 0
0 0 0 -1 0 0 0 0 0 0 0 0 0 0 0 0 0 0 0 0 0 0
0 0 0 0 -1 0 0 0 0 0 0 0 0 0 0 0 0 0 0 0 0 0
0 0 0 0 0 -1 0 0 0 0 0 0 0 0 0 0 0 0 0 0 0 0
0 0 0 0 0 0 -1 0 0 0 0 0 0 0 0 0 0 0 0 0 0 0
0 0 0 0 0 0 0 -1 0 0 0 0 0 0 0 0 0 0 0 0 0 0
0 0 0 0 0 0 0 0 -1 0 0 0 0 0 0 0 0 0 0 0 0 0
0 0 0 0 0 0 0 0 0 -1 0 0 0 0 0 0 0 0 0 0 0 0
0 0 0 0 0 0 0 0 0 0 -1 0 0 0 0 0 0 0 0 0 0 0
0 0 0 0 0 0 0 0 0 0 0 -1 0 0 0 0 0 0 0 0 0 0
0 0 0 0 0 0 0 0 0 0 0 0 -1 0 0 0 0 0 0 0 0 0
0 0 0 0 0 0 0 0 0 0 0 0 0 -1 0 0 0 0 0 0 0 0
0 0 0 0 0 0 0 0 0 0 0 0 0 0 -1 0 0 0 0 0 0 0
0 0 0 0 0 0 0 0 0 0 0 0 0 0 0 -1 0 0 0 0 0 0
0 0 0 0 0 0 0 0 0 0 0 0 0 0 0 0 -1 0 0 0 0 0
0 0 0 0 0 0 0 0 0 0 0 0 0 0 0 0 0 -1 0 0 0 0
0 0 0 0 0 0 0 0 0 0 0 0 0 0 0 0 0 0 -1 0 0 0
0 0 0 0 0 0 0 0 0 0 0 0 0 0 0 0 0 0 0 -1 0 0
0 0 0 0 0 0 0 0 0 0 0 0 0 0 0 0 0 0 0 0 -1 0
0 0 0 0 0 0 0 0 0 0 0 0 0 0 0 0 0 0 0 0 0 -1
14 10838
-1 1 -1 -1 -1 0 0 -1 -2 -1 1 0 0 2 -1 0 0 0 1 -1 0 0
0 -2 -2 0 2 -1 0 1 0 -1 1 1 -1 -1 -1 0 0 0 -1 1 0 -1
0 -1 2 0 1 -1 0 2 3 0 -2 2 3 -2 2 0 0 0 0 1 0 1
0 1 -1 0 -1 1 0 -1 -2 0 1 -2 -2 2 -1 0 0 0 0 -1 0 -1
0 -1 0 0 0 0 1 1 1 0 0 1 1 -1 1 0 0 0 -1 1 0 0
0 1 1 0 -1 0 -1 -1 0 0 -1 -1 1 0 0 0 0 0 0 -1 0 0
0 -1 -1 0 1 0 1 1 0 0 1 1 0 0 1 0 0 0 -1 1 0 0
0 -1 0 1 1 0 0 0 1 0 0 0 0 -1 0 0 0 0 -1 1 0 -1
0 0 -1 0 0 0 0 0 -1 0 1 0 -1 1 -1 0 0 0 0 0 0 0
0 -1 0 0 0 0 0 0 1 0 0 0 0 -1 0 0 0 0 0 1 0 0
0 -2 -1 0 1 0 1 1 1 0 0 1 1 -1 0 0 0 0 -1 2 0 -1
0 2 1 -1 -1 -1 -2 -1 -1 -1 -1 -1 0 1 -1 0 0 0 2 -2 0 1
0 -1 -1 0 0 1 1 0 0 0 1 0 0 0 0 0 0 0 -1 1 0 -1
0 1 1 0 -1 0 0 0 0 0 0 0 0 1 0 0 0 0 1 -1 0 1
0 1 0 0 -1 0 0 -1 -2 0 0 -1 -1 1 -1 0 0 0 1 -1 0 0
0 0 0 0 0 0 0 0 0 0 0 0 0 0 0 0 0 0 0 1 -1 0
0 0 1 0 1 -1 0 1 1 0 -1 1 1 -1 1 0 0 -1 0 -1 0 1
0 0 0 0 0 1 1 0 0 0 0 0 0 0 1 0 -1 0 -1 1 0 0
0 0 -1 0 -1 0 0 -1 -2 0 1 -1 -1 1 -1 0 0 0 0 0 0 -1
0 -1 0 0 1 -1 0 1 1 0 0 1 0 -1 0 0 0 0 0 0 0 0
0 -1 0 0 1 -1 0 1 1 0 0 1 0 -1 0 -1 0 0 0 0 0 0
0 0 0 0 0 1 1 0 1 1 0 0 0 0 1 0 0 0 -1 0 0 0
14 11546
1 -1 1 1 1 0 0 1 2 1 -1 0 0 -2 1 0 0 0 -1 1 0 0
0 2 2 0 -2 1 0 -1 0 1 -1 -1 1 1 1 0 0 0 1 -1 0 1
0 1 -2 0 -1 1 0 -2 -3 0 2 -2 -3 2 -2 0 0 0 0 -1 0 -1
0 -1 1 0 1 -1 0 1 2 0 -1 2 2 -2 1 0 0 0 0 1 0 1
0 1 0 0 0 0 -1 -1 -1 0 0 -1 -1 1 -1 0 0 0 1 -1 0 0
0 -1 -1 0 1 0 1 1 0 0 1 1 -1 0 0 0 0 0 0 1 0 0
0 1 1 0 -1 0 -1 -1 0 0 -1 -1 0 0 -1 0 0 0 1 -1 0 0
0 1 0 -1 -1 0 0 0 -1 0 0 0 0 1 0 0 0 0 1 -1 0 1
0 0 1 0 0 0 0 0 1 0 -1 0 1 -1 1 0 0 0 0 0 0 0
0 1 0 0 0 0 0 0 -1 0 0 0 0 1 0 0 0 0 0 -1 0 0
0 2 1 0 -1 0 -1 -1 -1 0 0 -1 -1 1 0 0 0 0 1 -2 0 1
0 -2 -1 1 1 1 2 1 1 1 1 1 0 -1 1 0 0 0 -2 2 0 -1
0 1 1 0 0 -1 -1 0 0 0 -1 0 0 0 0 0 0 0 1 -1 0 1
0 -1 -1 0 1 0 0 0 0 0 0 0 0 -1 0 0 0 0 -1 1 0 -1
0 -1 0 0 1 0 0 1 2 0 0 1 1 -1 1 0 0 0 -1 1 0 0
0 0 0 0 0 0 0 0 0 0 0 0 0 0 0 0 0 0 0 -1 1 0
0 0 -1 0 -1 1 0 -1 -1 0 1 -1 -1 1 -1 0 0 1 0 1 0 -1
0 0 0 0 0 -1 -1 0 0 0 0 0 0 0 -1 0 1 0 1 -1 0 0
0 0 1 0 1 0 0 1 2 0 -1 1 1 -1 1 0 0 0 0 0 0 1
0 1 0 0 -1 1 0 -1 -1 0 0 -1 0 1 0 0 0 0 0 0 0 0
0 1 0 0 -1 1 0 -1 -1 0 0 -1 0 1 0 1 0 0 0 0 0 0
0 0 0 0 0 -1 -1 0 -1 -1 0 0 0 0 -1 0 0 0 1 0 0 0
15 0
1 0 0 0 0 0 0 0 0 0 0 0 0 0 0 0 0 0 0 0 0 0
0 1 0 0 0 0 0 0 0 0 0 0 0 0 0 0 0 0 0 0 0 0
0 0 1 0 0 0 0 0 0 0 0 0 0 0 0 0 0 0 0 0 0 0
0 0 0 1 0 0 0 0 0 0 0 0 0 0 0 0 0 0 0 0 0 0
0 0 0 0 1 0 0 0 0 0 0 0 0 0 0 0 0 0 0 0 0 0
0 0 0 0 0 1 0 0 0 0 0 0 0 0 0 0 0 0 0 0 0 0
0 0 0 0 0 0 1 0 0 0 0 0 0 0 0 0 0 0 0 0 0 0
0 0 0 0 0 0 0 1 0 0 0 0 0 0 0 0 0 0 0 0 0 0
0 0 0 0 0 0 0 0 1 0 0 0 0 0 0 0 0 0 0 0 0 0
0 0 0 0 0 0 0 0 0 1 0 0 0 0 0 0 0 0 0 0 0 0
0 0 0 0 0 0 0 0 0 0 1 0 0 0 0 0 0 0 0 0 0 0
0 0 0 0 0 0 0 0 0 0 0 1 0 0 0 0 0 0 0 0 0 0
0 0 0 0 0 0 0 0 0 0 0 0 1 0 0 0 0 0 0 0 0 0
0 0 0 0 0 0 0 0 0 0 0 0 0 1 0 0 0 0 0 0 0 0
0 0 0 0 0 0 0 0 0 0 0 0 0 0 1 0 0 0 0 0 0 0
0 0 0 0 0 0 0 0 0 0 0 0 0 0 0 1 0 0 0 0 0 0
0 0 0 0 0 0 0 0 0 0 0 0 0 0 0 0 1 0 0 0 0 0
0 0 0 0 0 0 0 0 0 0 0 0 0 0 0 0 0 1 0 0 0 0
0 0 0 0 0 0 0 0 0 0 0 0 0 0 0 0 0 0 1 0 0 0
0 0 0 0 0 0 0 0 0 0 0 0 0 0 0 0 0 0 0 1 0 0
0 0 0 0 0 0 0 0 0 0 0 0 0 0 0 0 0 0 0 0 1 0
0 0 0 0 0 0 0 0 0 0 0 0 0 0 0 0 0 0 0 0 0 1
15 8
0 1 -2 -2 -1 0 -1 -1 -2 -2 0 -1 0 1 -1 0 0 1 0 1 0 0
0 -1 0 0 1 -2 0 2 1 -1 1 2 0 0 0 0 0 0 0 0 -1 0
0 -1 1 2 2 0 1 2 2 1 0 3 1 -2 0 0 1 0 0 0 0 0
0 1 -1 -2 -1 0 -1 -2 -2 -1 0 -2 -1 1 0 0 -1 0 0 0 0 0
0 0 1 1 1 0 0 0 1 1 0 1 1 0 0 0 0 0 0 0 0 0
0 0 0 0 -1 1 0 -1 -1 0 0 -1 0 0 0 0 0 0 0 0 1 0
0 0 0 0 1 -1 0 1 1 0 0 2 1 0 -1 0 0 0 0 0 -1 0
0 -1 1 1 0 0 1 1 1 1 1 1 0 0 1 0 0 0 0 0 0 0
0 0 -1 -1 0 -1 -1 0 0 -1 0 0 0 0 -1 0 0 0 0 0 0 0
0 -1 1 1 0 0 1 1 1 1 0 0 0 0 1 0 0 0 0 0 0 0
0 -1 1 1 1 -1 0 2 2 0 1 2 1 0 0 0 0 0 0 0 -1 0
0 1 -1 -1 -1 1 0 -1 -2 -1 -1 -2 -1 0 0 0 0 0 0 0 1 0
0 0 0 0 0 0 0 0 0 0 1 0 0 1 0 0 0 0 0 0 -1 0
0 1 -1 -1 0 1 0 -1 -1 0 -1 -1 0 0 0 0 0 0 0 0 1 0
0 1 -1 -1 -1 0 -1 -1 -2 -1 0 -2 -1 1 0 0 0 0 0 0 0 0
0 0 1 1 0 0 0 0 1 1 0 0 0 0 0 0 0 0 0 -1 0 0
0 0 0 0 1 0 0 1 1 0 -1 1 1 -1 0 0 1 0 0 0 0 0
1 0 1 1 0 0 0 0 0 1 0 0 0 0 0 1 0 0 0 0 0 0
0 1 0 -1 -1 0 -1 -1 -1 -1 0 -1 0 1 0 0 -1 0 0 0 0 1
0 -1 0 0 1 -1 0 1 1 0 0 1 0 -1 0 -1 0 0 0 0 0 0
0 0 0 0 1 0 0 1 1 0 0 1 0 0 0 0 0 0 0 0 0 0
0 0 1 0 0 0 0 0 1 1 -1 0 1 0 0 0 0 0 1 0 0 0
15 1221
0 -1 2 2 1 0 1 1 2 2 0 1 0 -1 1 0 0 -1 0 -1 0 0
0 1 0 0 -1 2 0 -2 -1 1 -1 -2 0 0 0 0 0 0 0 0 1 0
0 1 -1 -2 -2 0 -1 -2 -2 -1 0 -3 -1 2 0 0 -1 0 0 0 0 0
0 -1 1 2 1 0 1 2 2 1 0 2 1 -1 0 0 1 0 0 0 0 0
0 0 -1 -1 -1 0 0 0 -1 -1 0 -1 -1 0 0 0 0 0 0 0 0 0
0 0 0 0 1 -1 0 1 1 0 0 1 0 0 0 0 0 0 0 0 -1 0
0 0 0 0 -1 1 0 -1 -1 0 0 -2 -1 0 1 0 0 0 0 0 1 0
0 1 -1 -1 0 0 -1 -1 -1 -1 -1 -1 0 0 -1 0 0 0 0 0 0 0
0 0 1 1 0 1 1 0 0 1 0 0 0 0 1 0 0 0 0 0 0 0
0 1 -1 -1 0 0 -1 -1 -1 -1 0 0 0 0 -1 0 0 0 0 0 0 0
0 1 -1 -1 -1 1 0 -2 -2 0 -1 -2 -1 0 0 0 0 0 0 0 1 0
0 -1 1 1 1 -1 0 1 2 1 1 2 1 0 0 0 0 0 0 0 -1 0
0 0 0 0 0 0 0 0 0 0 -1 0 0 -1 0 0 0 0 0 0 1 0
0 -1 1 1 0 -1 0 1 1 0 1 1 0 0 0 0 0 0 0 0 -1 0
0 -1 1 1 1 0 1 1 2 1 0 2 1 -1 0 0 0 0 0 0 0 0
0 0 -1 -1 0 0 0 0 -1 -1 0 0 0 0 0 0 0 0 0 1 0 0
0 0 0 0 -1 0 0 -1 -1 0 1 -1 -1 1 0 0 -1 0 0 0 0 0
-1 0 -1 -1 0 0 0 0 0 -1 0 0 0 0 0 -1 0 0 0 0 0 0
0 -1 0 1 1 0 1 1 1 1 0 1 0 -1 0 0 1 0 0 0 0 -1
0 1 0 0 -1 1 0 -1 -1 0 0 -1 0 1 0 1 0 0 0 0 0 0
0 0 0 0 -1 0 0 -1 -1 0 0 -1 0 0 0 0 0 0 0 0 0 0
0 0 -1 0 0 0 0 0 -1 -1 1 0 -1 0 0 0 0 0 -1 0 0 0
15 2589
-1 0 0 0 0 0 0 0 0 0 0 0 0 0 0 0 0 0 0 0 0 0
0 -1 0 0 0 0 0 0 0 0 0 0 0 0 0 0 0 0 0 0 0 0
0 0 -1 0 0 0 0 0 0 0 0 0 0 0 0 0 0 0 0 0 0 0
0 0 0 -1 0 0 0 0 0 0 0 0 0 0 0 0 0 0 0 0 0 0
0 0 0 0 -1 0 0 0 0 0 0 0 0 0 0 0 0 0 0 0 0 0
0 0 0 0 0 -1 0 0 0 0 0 0 0 0 0 0 0 0 0 0 0 0
0 0 0 0 0 0 -1 0 0 0 0 0 0 0 0 0 0 0 0 0 0 0
0 0 0 0 0 0 0 -1 0 0 0 0 0 0 0 0 0 0 0 0 0 0
0 0 0 0 0 0 0 0 -1 0 0 0 0 0 0 0 0 0 0 0 0 0
0 0 0 0 0 0 0 0 0 -1 0 0 0 0 0 0 0 0 0 0 0 0
0 0 0 0 0 0 0 0 0 0 -1 0 0 0 0 0 0 0 0 0 0 0
0 0 0 0 0 0 0 0 0 0 0 -1 0 0 0 0 0 0 0 0 0 0
0 0 0 0 0 0 0 0 0 0 0 0 -1 0 0 0 0 0 0 0 0 0
0 0 0 0 0 0 0 0 0 0 0 0 0 -1 0 0 0 0 0 0 0 0
0 0 0 0 0 0 0 0 0 0 0 0 0 0 -1 0 0 0 0 0 0 0
0 0 0 0 0 0 0 0 0 0 0 0 0 0 0 -1 0 0 0 0 0 0
0 0 0 0 0 0 0 0 0 0 0 0 0 0 0 0 -1 0 0 0 0 0
0 0 0 0 0 0 0 0 0 0 0 0 0 0 0 0 0 -1 0 0 0 0
0 0 0 0 0 0 0 0 0 0 0 0 0 0 0 0 0 0 -1 0 0 0
0 0 0 0 0 0 0 0 0 0 0 0 0 0 0 0 0 0 0 -1 0 0
0 0 0 0 0 0 0 0 0 0 0 0 0 0 0 0 0 0 0 0 -1 0
0 0 0 0 0 0 0 0 0 0 0 0 0 0 0 0 0 0 0 0 0 -1
16 0
1 0 0 0 0 0 0 0 0 0 0 0 0 0 0 0 0 0 0 0 0 0
0 1 0 0 0 0 0 0 0 0 0 0 0 0 0 0 0 0 0 0 0 0
0 0 1 0 0 0 0 0 0 0 0 0 0 0 0 0 0 0 0 0 0 0
0 0 0 1 0 0 0 0 0 0 0 0 0 0 0 0 0 0 0 0 0 0
0 0 0 0 1 0 0 0 0 0 0 0 0 0 0 0 0 0 0 0 0 0
0 0 0 0 0 1 0 0 0 0 0 0 0 0 0 0 0 0 0 0 0 0
0 0 0 0 0 0 1 0 0 0 0 0 0 0 0 0 0 0 0 0 0 0
0 0 0 0 0 0 0 1 0 0 0 0 0 0 0 0 0 0 0 0 0 0
0 0 0 0 0 0 0 0 1 0 0 0 0 0 0 0 0 0 0 0 0 0
0 0 0 0 0 0 0 0 0 1 0 0 0 0 0 0 0 0 0 0 0 0
0 0 0 0 0 0 0 0 0 0 1 0 0 0 0 0 0 0 0 0 0 0
0 0 0 0 0 0 0 0 0 0 0 1 0 0 0 0 0 0 0 0 0 0
0 0 0 0 0 0 0 0 0 0 0 0 1 0 0 0 0 0 0 0 0 0
0 0 0 0 0 0 0 0 0 0 0 0 0 1 0 0 0 0 0 0 0 0
0 0 0 0 0 0 0 0 0 0 0 0 0 0 1 0 0 0 0 0 0 0
0 0 0 0 0 0 0 0 0 0 0 0 0 0 0 1 0 0 0 0 0 0
0 0 0 0 0 0 0 0 0 0 0 0 0 0 0 0 1 0 0 0 0 0
0 0 0 0 0 0 0 0 0 0 0 0 0 0 0 0 0 1 0 0 0 0
0 0 0 0 0 0 0 0 0 0 0 0 0 0 0 0 0 0 1 0 0 0
0 0 0 0 0 0 0 0 0 0 0 0 0 0 0 0 0 0 0 1 0 0
0 0 0 0 0 0 0 0 0 0 0 0 0 0 0 0 0 0 0 0 1 0
0 0 0 0 0 0 0 0 0 0 0 0 0 0 0 0 0 0 0 0 0 1
16 1815
-2 -1 -1 -1 1 -1 0 -1 1 0 0 1 1 -2 0 -2 1 0 0 -1 0 -1
0 1 0 0 1 -1 -1 -1 -1 1 0 0 -1 1 -1 0 -1 -1 0 -2 0 0
1 -1 0 2 -1 0 1 1 -1 1 2 1 -1 1 0 1 0 1 0 2 0 0
-1 0 0 -1 1 0 0 0 1 -1 -1 0 1 -1 0 -1 0 -1 0 -1 0 0
0 1 0 1 0 0 0 0 -1 0 0 0 0 1 0 1 1 0 0 0 -1 0
1 -1 0 1 0 1 0 1 1 0 0 -1 0 -1 1 1 1 0 -1 1 1 0
-1 1 0 0 0 -1 0 -1 -1 0 0 1 0 1 -1 0 0 0 1 -1 -1 0
1 1 1 1 0 0 -1 0 -1 0 0 -1 -1 1 0 1 -1 -1 0 0 0 1
-1 0 -1 -1 0 0 0 -1 0 0 0 0 0 0 -1 -1 0 0 0 -1 0 -1
1 1 0 0 0 0 -1 0 -1 0 0 -1 -1 1 0 1 0 0 0 0 0 0
1 1 0 1 0 -1 -1 0 -2 0 1 0 -2 1 -1 1 0 -1 0 -1 -1 1
0 -2 0 0 0 1 1 0 2 1 0 0 1 -2 1 -1 0 1 -1 1 2 -1
0 1 0 0 1 -1 -1 0 -1 -1 0 0 -1 0 0 0 0 -1 0 -1 -1 1
-1 -1 0 0 0 0 1 0 1 0 0 1 1 -1 0 -1 0 1 0 1 0 -1
0 -1 0 -1 0 0 0 0 1 0 -1 0 1 -2 0 -1 0 0 0 0 1 0
1 1 0 0 -1 1 0 0 -1 0 0 -1 -1 1 0 1 0 0 0 0 0 1
0 -1 0 1 0 0 1 0 0 1 1 1 0 0 0 0 0 1 0 1 0 -1
0 1 0 0 0 0 0 0 -1 -1 0 0 0 1 0 1 0 -1 0 0 -1 1
0 0 0 0 0 0 0 0 0 0 -1 -1 0 -1 0 0 1 -1 0 -1 0 0
0 0 0 0 0 0 0 0 0 1 0 0 0 1 0 0 0 1 0 0 0 -1
0 0 1 1 0 0 1 0 0 1 0 1 0 0 0 0 -1 0 0 0 0 0
0 1 0 0 0 0 0 0 -1 -1 0 0 0 1 0 1 0 0 0 0 -1 0
16 1928
2 1 1 1 -1 1 0 1 -1 0 0 -1 -1 2 0 2 -1 0 0 1 0 1
0 -1 0 0 -1 1 1 1 1 -1 0 0 1 -1 1 0 1 1 0 2 0 0
-1 1 0 -2 1 0 -1 -1 1 -1 -2 -1 1 -1 0 -1 0 -1 0 -2 0 0
1 0 0 1 -1 0 0 0 -1 1 1 0 -1 1 0 1 0 1 0 1 0 0
0 -1 0 -1 0 0 0 0 1 0 0 0 0 -1 0 -1 -1 0 0 0 1 0
-1 1 0 -1 0 -1 0 -1 -1 0 0 1 0 1 -1 -1 -1 0 1 -1 -1 0
1 -1 0 0 0 1 0 1 1 0 0 -1 0 -1 1 0 0 0 -1 1 1 0
-1 -1 -1 -1 0 0 1 0 1 0 0 1 1 -1 0 -1 1 1 0 0 0 -1
1 0 1 1 0 0 0 1 0 0 0 0 0 0 1 1 0 0 0 1 0 1
-1 -1 0 0 0 0 1 0 1 0 0 1 1 -1 0 -1 0 0 0 0 0 0
-1 -1 0 -1 0 1 1 0 2 0 -1 0 2 -1 1 -1 0 1 0 1 1 -1
0 2 0 0 0 -1 -1 0 -2 -1 0 0 -1 2 -1 1 0 -1 1 -1 -2 1
0 -1 0 0 -1 1 1 0 1 1 0 0 1 0 0 0 0 1 0 1 1 -1
1 1 0 0 0 0 -1 0 -1 0 0 -1 -1 1 0 1 0 -1 0 -1 0 1
0 1 0 1 0 0 0 0 -1 0 1 0 -1 2 0 1 0 0 0 0 -1 0
-1 -1 0 0 1 -1 0 0 1 0 0 1 1 -1 0 -1 0 0 0 0 0 -1
0 1 0 -1 0 0 -1 0 0 -1 -1 -1 0 0 0 0 0 -1 0 -1 0 1
0 -1 0 0 0 0 0 0 1 1 0 0 0 -1 0 -1 0 1 0 0 1 -1
0 0 0 0 0 0 0 0 0 0 1 1 0 1 0 0 -1 1 0 1 0 0
0 0 0 0 0 0 0 0 0 -1 0 0 0 -1 0 0 0 -1 0 0 0 1
0 0 -1 -1 0 0 -1 0 0 -1 0 -1 0 0 0 0 1 0 0 0 0 0
0 -1 0 0 0 0 0 0 1 1 0 0 0 -1 0 -1 0 0 0 0 1 0
16 1993
-2 0 -1 -2 1 -2 -1 0 0 -3 1 2 1 0 0 -1 0 -1 1 1 -2 1
1 1 1 0 0 1 1 0 0 1 -1 0 1 0 1 1 -1 0 0 0 1 1
2 -1 0 2 -1 1 2 2 0 3 -1 -1 0 0 0 2 3 1 -1 -1 1 -2
-2 0 0 -1 1 -1 -1 -1 0 -2 1 1 0 0 0 -2 -2 -1 1 1 -1 1
1 -1 0 1 0 0 0 1 1 1 0 0 0 -1 0 0 1 1 -1 0 1 -1
-1 0 -1 0 0 0 -1 0 0 -1 1 0 0 1 -1 0 1 0 0 0 -1 -1
1 -1 1 0 -1 0 1 1 1 1 -1 0 1 -1 1 0 0 1 0 1 1 0
1 1 1 1 0 1 0 0 0 1 -1 -1 0 0 0 1 0 0 0 -1 1 0
0 0 0 -1 0 0 0 0 0 -1 0 0 0 0 1 0 -1 0 0 1 0 1
1 1 0 1 0 1 0 -1 -1 1 0 -1 -1 0 0 1 0 0 -1 -1 1 0
2 0 1 1 -1 1 1 1 0 2 -1 -1 0 -1 1 1 1 1 0 0 1 0
-2 1 -1 -1 1 -1 -1 -1 -1 -2 1 1 0 2 -1 0 0 -1 1 0 -2 0
0 0 0 0 0 0 0 0 0 0 0 0 0 -1 0 -1 0 0 0 0 0 0
-1 0 0 0 1 -1 0 0 0 -1 0 1 0 0 0 0 0 -1 0 0 -1 0
-2 1 0 -1 1 -1 -1 -1 0 -2 1 1 0 1 0 -1 -1 -1 1 0 -2 1
1 0 0 0 -1 1 0 0 0 1 0 -1 -1 0 0 0 0 1 0 0 1 0
1 -1 0 1 0 0 1 1 0 1 0 0 0 0 0 1 1 0 -1 0 0 -1
0 -1 0 0 0 0 0 0 1 1 0 0 0 -1 0 -1 0 1 0 0 1 -1
-1 0 0 -1 0 -1 -1 0 0 -2 1 1 0 0 0 -1 -1 0 1 1 -1 1
1 0 0 1 0 1 1 0 0 1 0 0 0 0 0 1 0 0 -1 0 1 0
1 0 1 1 0 0 1 1 0 1 -1 0 0 0 0 1 0 0 0 0 0 0
1 -1 0 1 0 0 0 0 0 1 0 -1 -1 -1 0 0 0 0 -1 0 1 -1
16 2589
-1 0 0 0 0 0 0 0 0 0 0 0 0 0 0 0 0 0 0 0 0 0
0 -1 0 0 0 0 0 0 0 0 0 0 0 0 0 0 0 0 0 0 0 0
0 0 -1 0 0 0 0 0 0 0 0 0 0 0 0 0 0 0 0 0 0 0
0 0 0 -1 0 0 0 0 0 0 0 0 0 0 0 0 0 0 0 0 0 0
0 0 0 0 -1 0 0 0 0 0 0 0 0 0 0 0 0 0 0 0 0 0
0 0 0 0 0 -1 0 0 0 0 0 0 0 0 0 0 0 0 0 0 0 0
0 0 0 0 0 0 -1 0 0 0 0 0 0 0 0 0 0 0 0 0 0 0
0 0 0 0 0 0 0 -1 0 0 0 0 0 0 0 0 0 0 0 0 0 0
0 0 0 0 0 0 0 0 -1 0 0 0 0 0 0 0 0 0 0 0 0 0
0 0 0 0 0 0 0 0 0 -1 0 0 0 0 0 0 0 0 0 0 0 0
0 0 0 0 0 0 0 0 0 0 -1 0 0 0 0 0 0 0 0 0 0 0
0 0 0 0 0 0 0 0 0 0 0 -1 0 0 0 0 0 0 0 0 0 0
0 0 0 0 0 0 0 0 0 0 0 0 -1 0 0 0 0 0 0 0 0 0
0 0 0 0 0 0 0 0 0 0 0 0 0 -1 0 0 0 0 0 0 0 0
0 0 0 0 0 0 0 0 0 0 0 0 0 0 -1 0 0 0 0 0 0 0
0 0 0 0 0 0 0 0 0 0 0 0 0 0 0 -1 0 0 0 0 0 0
0 0 0 0 0 0 0 0 0 0 0 0 0 0 0 0 -1 0 0 0 0 0
0 0 0 0 0 0 0 0 0 0 0 0 0 0 0 0 0 -1 0 0 0 0
0 0 0 0 0 0 0 0 0 0 0 0 0 0 0 0 0 0 -1 0 0 0
0 0 0 0 0 0 0 0 0 0 0 0 0 0 0 0 0 0 0 -1 0 0
0 0 0 0 0 0 0 0 0 0 0 0 0 0 0 0 0 0 0 0 -1 0
0 0 0 0 0 0 0 0 0 0 0 0 0 0 0 0 0 0 0 0 0 -1
16 3997
1 -1 0 0 -1 0 0 0 0 1 0 -1 0 0 0 -1 0 2 -1 0 0 -1
0 2 0 0 1 -1 -1 -1 -2 0 -1 0 -1 0 0 1 0 -1 0 -2 0 1
-1 1 1 1 1 0 0 -2 -1 0 1 1 -1 0 0 0 -1 -1 2 1 0 1
1 -1 0 0 -1 0 0 2 1 0 -1 -1 1 0 0 0 1 1 -1 0 0 -1
-1 0 0 0 1 0 0 -1 0 0 1 1 0 0 0 -1 -1 -1 0 0 0 0
1 -1 0 1 0 1 0 1 1 0 1 -1 -1 0 0 0 0 0 -1 1 0 0
-1 0 0 -1 0 -1 0 -1 -1 0 0 1 0 0 0 -1 -1 0 1 0 0 0
0 1 0 1 1 0 0 0 -1 0 0 0 -1 0 0 1 0 -2 0 -1 0 1
0 0 0 -1 -1 0 0 0 0 0 -1 0 1 0 0 0 0 1 0 0 0 0
0 1 0 0 1 0 0 0 0 0 0 1 0 0 0 1 0 -1 0 -1 0 1
0 1 0 0 1 -1 -1 -1 -2 0 0 0 -1 0 0 1 0 -2 1 -1 0 1
1 -1 0 1 -1 1 1 1 1 1 0 -1 0 0 0 0 1 2 -1 1 0 -1
0 0 0 0 1 -1 -1 0 0 0 0 0 0 0 0 0 0 -1 0 -1 0 0
0 -1 0 0 -1 1 1 0 1 1 0 0 1 0 0 -1 0 2 0 1 1 -1
1 -1 -1 0 -1 0 0 1 0 0 0 -1 0 0 -1 0 1 1 -1 0 0 -1
0 0 0 0 0 0 0 0 0 0 0 0 0 0 0 1 0 -1 0 0 0 0
-1 0 0 0 0 0 0 -1 0 0 1 1 0 0 0 -1 0 1 1 1 0 0
0 0 0 0 0 0 0 0 0 0 0 0 0 0 0 0 0 -1 0 0 0 0
1 -1 0 0 -1 0 0 1 0 0 0 -1 0 0 0 0 0 0 -1 0 0 0
-1 1 0 0 1 0 0 -1 0 0 0 1 0 0 0 0 0 0 0 -1 0 0
-1 1 0 0 0 0 0 -1 -1 0 0 0 0 1 0 0 0 0 1 0 0 0
-1 0 0 -1 0 0 0 0 1 0 0 1 1 0 0 -1 0 0 1 0 0 0
16 5302
2 0 1 2 -1 2 1 0 0 3 -1 -2 -1 0 0 1 0 1 -1 -1 2 -1
-1 -1 -1 0 0 -1 -1 0 0 -1 1 0 -1 0 -1 -1 1 0 0 0 -1 -1
-2 1 0 -2 1 -1 -2 -2 0 -3 1 1 0 0 0 -2 -3 -1 1 1 -1 2
2 0 0 1 -1 1 1 1 0 2 -1 -1 0 0 0 2 2 1 -1 -1 1 -1
-1 1 0 -1 0 0 0 -1 -1 -1 0 0 0 1 0 0 -1 -1 1 0 -1 1
1 0 1 0 0 0 1 0 0 1 -1 0 0 -1 1 0 -1 0 0 0 1 1
-1 1 -1 0 1 0 -1 -1 -1 -1 1 0 -1 1 -1 0 0 -1 0 -1 -1 0
-1 -1 -1 -1 0 -1 0 0 0 -1 1 1 0 0 0 -1 0 0 0 1 -1 0
0 0 0 1 0 0 0 0 0 1 0 0 0 0 -1 0 1 0 0 -1 0 -1
-1 -1 0 -1 0 -1 0 1 1 -1 0 1 1 0 0 -1 0 0 1 1 -1 0
-2 0 -1 -1 1 -1 -1 -1 0 -2 1 1 0 1 -1 -1 -1 -1 0 0 -1 0
2 -1 1 1 -1 1 1 1 1 2 -1 -1 0 -2 1 0 0 1 -1 0 2 0
0 0 0 0 0 0 0 0 0 0 0 0 0 1 0 1 0 0 0 0 0 0
1 0 0 0 -1 1 0 0 0 1 0 -1 0 0 0 0 0 1 0 0 1 0
2 -1 0 1 -1 1 1 1 0 2 -1 -1 0 -1 0 1 1 1 -1 0 2 -1
-1 0 0 0 1 -1 0 0 0 -1 0 1 1 0 0 0 0 -1 0 0 -1 0
-1 1 0 -1 0 0 -1 -1 0 -1 0 0 0 0 0 -1 -1 0 1 0 0 1
0 1 0 0 0 0 0 0 -1 -1 0 0 0 1 0 1 0 -1 0 0 -1 1
1 0 0 1 0 1 1 0 0 2 -1 -1 0 0 0 1 1 0 -1 -1 1 -1
-1 0 0 -1 0 -1 -1 0 0 -1 0 0 0 0 0 -1 0 0 1 0 -1 0
-1 0 -1 -1 0 0 -1 -1 0 -1 1 0 0 0 0 -1 0 0 0 0 0 0
-1 1 0 -1 0 0 0 0 0 -1 0 1 1 1 0 0 0 0 1 0 -1 1
16 7465
-1 1 0 0 1 0 0 0 0 -1 0 1 0 0 0 1 0 -2 1 0 0 1
0 -2 0 0 -1 1 1 1 2 0 1 0 1 0 0 -1 0 1 0 2 0 -1
1 -1 -1 -1 -1 0 0 2 1 0 -1 -1 1 0 0 0 1 1 -2 -1 0 -1
-1 1 0 0 1 0 0 -2 -1 0 1 1 -1 0 0 0 -1 -1 1 0 0 1
1 0 0 0 -1 0 0 1 0 0 -1 -1 0 0 0 1 1 1 0 0 0 0
-1 1 0 -1 0 -1 0 -1 -1 0 -1 1 1 0 0 0 0 0 1 -1 0 0
1 0 0 1 0 1 0 1 1 0 0 -1 0 0 0 1 1 0 -1 0 0 0
0 -1 0 -1 -1 0 0 0 1 0 0 0 1 0 0 -1 0 2 0 1 0 -1
0 0 0 1 1 0 0 0 0 0 1 0 -1 0 0 0 0 -1 0 0 0 0
0 -1 0 0 -1 0 0 0 0 0 0 -1 0 0 0 -1 0 1 0 1 0 -1
0 -1 0 0 -1 1 1 1 2 0 0 0 1 0 0 -1 0 2 -1 1 0 -1
-1 1 0 -1 1 -1 -1 -1 -1 -1 0 1 0 0 0 0 -1 -2 1 -1 0 1
0 0 0 0 -1 1 1 0 0 0 0 0 0 0 0 0 0 1 0 1 0 0
0 1 0 0 1 -1 -1 0 -1 -1 0 0 -1 0 0 1 0 -2 0 -1 -1 1
-1 1 1 0 1 0 0 -1 0 0 0 1 0 0 1 0 -1 -1 1 0 0 1
0 0 0 0 0 0 0 0 0 0 0 0 0 0 0 -1 0 1 0 0 0 0
1 0 0 0 0 0 0 1 0 0 -1 -1 0 0 0 1 0 -1 -1 -1 0 0
0 0 0 0 0 0 0 0 0 0 0 0 0 0 0 0 0 1 0 0 0 0
-1 1 0 0 1 0 0 -1 0 0 0 1 0 0 0 0 0 0 1 0 0 0
1 -1 0 0 -1 0 0 1 0 0 0 -1 0 0 0 0 0 0 0 1 0 0
1 -1 0 0 0 0 0 1 1 0 0 0 0 -1 0 0 0 0 -1 0 0 0
1 0 0 1 0 0 0 0 -1 0 0 -1 -1 0 0 1 0 0 -1 0 0 0
17 0
1 0 0 0 0 0 0 0 0 0 0 0 0 0 0 0 0 0 0 0 0 0
0 1 0 0 0 0 0 0 0 0 0 0 0 0 0 0 0 0 0 0 0 0
0 0 1 0 0 0 0 0 0 0 0 0 0 0 0 0 0 0 0 0 0 0
0 0 0 1 0 0 0 0 0 0 0 0 0 0 0 0 0 0 0 0 0 0
0 0 0 0 1 0 0 0 0 0 0 0 0 0 0 0 0 0 0 0 0 0
0 0 0 0 0 1 0 0 0 0 0 0 0 0 0 0 0 0 0 0 0 0
0 0 0 0 0 0 1 0 0 0 0 0 0 0 0 0 0 0 0 0 0 0
0 0 0 0 0 0 0 1 0 0 0 0 0 0 0 0 0 0 0 0 0 0
0 0 0 0 0 0 0 0 1 0 0 0 0 0 0 0 0 0 0 0 0 0
0 0 0 0 0 0 0 0 0 1 0 0 0 0 0 0 0 0 0 0 0 0
0 0 0 0 0 0 0 0 0 0 1 0 0 0 0 0 0 0 0 0 0 0
0 0 0 0 0 0 0 0 0 0 0 1 0 0 0 0 0 0 0 0 0 0
0 0 0 0 0 0 0 0 0 0 0 0 1 0 0 0 0 0 0 0 0 0
0 0 0 0 0 0 0 0 0 0 0 0 0 1 0 0 0 0 0 0 0 0
0 0 0 0 0 0 0 0 0 0 0 0 0 0 1 0 0 0 0 0 0 0
0 0 0 0 0 0 0 0 0 0 0 0 0 0 0 1 0 0 0 0 0 0
0 0 0 0 0 0 0 0 0 0 0 0 0 0 0 0 1 0 0 0 0 0
0 0 0 0 0 0 0 0 0 0 0 0 0 0 0 0 0 1 0 0 0 0
0 0 0 0 0 0 0 0 0 0 0 0 0 0 0 0 0 0 1 0 0 0
0 0 0 0 0 0 0 0 0 0 0 0 0 0 0 0 0 0 0 1 0 0
0 0 0 0 0 0 0 0 0 0 0 0 0 0 0 0 0 0 0 0 1 0
0 0 0 0 0 0 0 0 0 0 0 0 0 0 0 0 0 0 0 0 0 1
17 2589
-1 0 0 0 0 0 0 0 0 0 0 0 0 0 0 0 0 0 0 0 0 0
0 -1 0 0 0 0 0 0 0 0 0 0 0 0 0 0 0 0 0 0 0 0
0 0 -1 0 0 0 0 0 0 0 0 0 0 0 0 0 0 0 0 0 0 0
0 0 0 -1 0 0 0 0 0 0 0 0 0 0 0 0 0 0 0 0 0 0
0 0 0 0 -1 0 0 0 0 0 0 0 0 0 0 0 0 0 0 0 0 0
0 0 0 0 0 -1 0 0 0 0 0 0 0 0 0 0 0 0 0 0 0 0
0 0 0 0 0 0 -1 0 0 0 0 0 0 0 0 0 0 0 0 0 0 0
0 0 0 0 0 0 0 -1 0 0 0 0 0 0 0 0 0 0 0 0 0 0
0 0 0 0 0 0 0 0 -1 0 0 0 0 0 0 0 0 0 0 0 0 0
0 0 0 0 0 0 0 0 0 -1 0 0 0 0 0 0 0 0 0 0 0 0
0 0 0 0 0 0 0 0 0 0 -1 0 0 0 0 0 0 0 0 0 0 0
0 0 0 0 0 0 0 0 0 0 0 -1 0 0 0 0 0 0 0 0 0 0
0 0 0 0 0 0 0 0 0 0 0 0 -1 0 0 0 0 0 0 0 0 0
0 0 0 0 0 0 0 0 0 0 0 0 0 -1 0 0 0 0 0 0 0 0
0 0 0 0 0 0 0 0 0 0 0 0 0 0 -1 0 0 0 0 0 0 0
0 0 0 0 0 0 0 0 0 0 0 0 0 0 0 -1 0 0 0 0 0 0
0 0 0 0 0 0 0 0 0 0 0 0 0 0 0 0 -1 0 0 0 0 0
0 0 0 0 0 0 0 0 0 0 0 0 0 0 0 0 0 -1 0 0 0 0
0 0 0 0 0 0 0 0 0 0 0 0 0 0 0 0 0 0 -1 0 0 0
0 0 0 0 0 0 0 0 0 0 0 0 0 0 0 0 0 0 0 -1 0 0
0 0 0 0 0 0 0 0 0 0 0 0 0 0 0 0 0 0 0 0 -1 0
0 0 0 0 0 0 0 0 0 0 0 0 0 0 0 0 0 0 0 0 0 -1
17 5168
0 -1 -1 0 0 1 1 0 0 1 -1 -1 -1 -1 0 0 0 1 -1 0 2 -2
0 2 -1 0 1 0 -1 -2 -2 0 1 -1 -1 1 0 0 0 -1 -1 -1 -1 0
0 1 1 -1 0 -2 -1 -1 -1 -2 0 2 1 -1 -1 0 -1 -1 2 0 -1 3
0 -1 0 1 0 1 1 1 1 2 -1 -1 0 0 1 0 1 1 -1 0 1 -2
1 0 1 1 0 0 0 0 0 0 0 0 0 -1 0 1 0 -1 0 0 0 1
0 -2 0 -1 -1 0 0 1 2 0 0 1 1 -1 0 -1 0 2 1 2 1 0
1 1 0 1 1 0 0 -1 -2 0 0 -1 -1 0 0 2 0 -2 -1 -1 0 0
0 1 0 0 0 0 -1 -1 0 0 1 0 0 1 0 0 0 0 0 0 -1 1
0 0 -1 0 1 0 0 0 -1 0 0 -1 -1 0 0 0 0 -1 -1 -1 0 -1
0 1 0 0 0 0 -1 0 0 -1 1 0 0 1 0 0 0 0 0 0 -1 1
0 2 0 0 1 0 -1 -2 -1 0 1 0 0 1 0 1 0 -1 0 -1 -1 1
-1 -2 -1 -1 -1 0 1 1 1 0 0 1 0 -1 0 -2 0 2 0 1 1 -1
0 1 1 1 0 1 0 -1 0 1 0 -1 0 1 1 1 0 0 0 0 0 0
0 -1 0 0 -1 0 1 1 0 0 -1 0 0 -1 0 0 0 0 0 0 1 0
-1 -1 -1 0 0 1 1 0 1 1 0 0 0 0 0 -1 0 1 -1 0 1 -2
0 0 0 0 0 0 0 0 0 0 1 0 0 1 0 0 0 0 0 0 -1 0
0 0 0 0 0 -1 0 0 -1 -1 0 1 0 -1 -1 0 0 -1 1 0 0 1
1 0 1 1 0 0 0 0 0 1 0 0 0 0 0 1 0 0 0 0 0 0
0 -1 -1 0 0 1 0 0 1 1 0 -1 0 0 0 0 1 1 -1 0 1 -2
0 1 0 0 0 0 0 0 -1 -1 0 0 0 0 0 0 0 -1 0 0 -1 1
0 1 0 0 0 0 0 -1 -1 0 0 0 0 0 0 0 0 -1 0 -1 0 1
1 0 1 1 0 0 0 1 0 0 0 0 0 0 0 1 0 -1 0 0 0 1
17 8175
0 1 1 0 0 -1 -1 0 0 -1 1 1 1 1 0 0 0 -1 1 0 -2 2
0 -2 1 0 -1 0 1 2 2 0 -1 1 1 -1 0 0 0 1 1 1 1 0
0 -1 -1 1 0 2 1 1 1 2 0 -2 -1 1 1 0 1 1 -2 0 1 -3
0 1 0 -1 0 -1 -1 -1 -1 -2 1 1 0 0 -1 0 -1 -1 1 0 -1 2
-1 0 -1 -1 0 0 0 0 0 0 0 0 0 1 0 -1 0 1 0 0 0 -1
0 2 0 1 1 0 0 -1 -2 0 0 -1 -1 1 0 1 0 -2 -1 -2 -1 0
-1 -1 0 -1 -1 0 0 1 2 0 0 1 1 0 0 -2 0 2 1 1 0 0
0 -1 0 0 0 0 1 1 0 0 -1 0 0 -1 0 0 0 0 0 0 1 -1
0 0 1 0 -1 0 0 0 1 0 0 1 1 0 0 0 0 1 1 1 0 1
0 -1 0 0 0 0 1 0 0 1 -1 0 0 -1 0 0 0 0 0 0 1 -1
0 -2 0 0 -1 0 1 2 1 0 -1 0 0 -1 0 -1 0 1 0 1 1 -1
1 2 1 1 1 0 -1 -1 -1 0 0 -1 0 1 0 2 0 -2 0 -1 -1 1
0 -1 -1 -1 0 -1 0 1 0 -1 0 1 0 -1 -1 -1 0 0 0 0 0 0
0 1 0 0 1 0 -1 -1 0 0 1 0 0 1 0 0 0 0 0 0 -1 0
1 1 1 0 0 -1 -1 0 -1 -1 0 0 0 0 0 1 0 -1 1 0 -1 2
0 0 0 0 0 0 0 0 0 0 -1 0 0 -1 0 0 0 0 0 0 1 0
0 0 0 0 0 1 0 0 1 1 0 -1 0 1 1 0 0 1 -1 0 0 -1
-1 0 -1 -1 0 0 0 0 0 -1 0 0 0 0 0 -1 0 0 0 0 0 0
0 1 1 0 0 -1 0 0 -1 -1 0 1 0 0 0 0 -1 -1 1 0 -1 2
0 -1 0 0 0 0 0 0 1 1 0 0 0 0 0 0 0 1 0 0 1 -1
0 -1 0 0 0 0 0 1 1 0 0 0 0 0 0 0 0 1 0 1 0 -1
-1 0 -1 -1 0 0 0 -1 0 0 0 0 0 0 0 -1 0 1 0 0 0 -1
18 0
1 0 0 0 0 0 0 0 0 0 0 0 0 0 0 0 0 0 0 0 0 0
0 1 0 0 0 0 0 0 0 0 0 0 0 0 0 0 0 0 0 0 0 0
0 0 1 0 0 0 0 0 0 0 0 0 0 0 0 0 0 0 0 0 0 0
0 0 0 1 0 0 0 0 0 0 0 0 0 0 0 0 0 0 0 0 0 0
0 0 0 0 1 0 0 0 0 0 0 0 0 0 0 0 0 0 0 0 0 0
0 0 0 0 0 1 0 0 0 0 0 0 0 0 0 0 0 0 0 0 0 0
0 0 0 0 0 0 1 0 0 0 0 0 0 0 0 0 0 0 0 0 0 0
0 0 0 0 0 0 0 1 0 0 0 0 0 0 0 0 0 0 0 0 0 0
0 0 0 0 0 0 0 0 1 0 0 0 0 0 0 0 0 0 0 0 0 0
0 0 0 0 0 0 0 0 0 1 0 0 0 0 0 0 0 0 0 0 0 0
0 0 0 0 0 0 0 0 0 0 1 0 0 0 0 0 0 0 0 0 0 0
0 0 0 0 0 0 0 0 0 0 0 1 0 0 0 0 0 0 0 0 0 0
0 0 0 0 0 0 0 0 0 0 0 0 1 0 0 0 0 0 0 0 0 0
0 0 0 0 0 0 0 0 0 0 0 0 0 1 0 0 0 0 0 0 0 0
0 0 0 0 0 0 0 0 0 0 0 0 0 0 1 0 0 0 0 0 0 0
0 0 0 0 0 0 0 0 0 0 0 0 0 0 0 1 0 0 0 0 0 0
0 0 0 0 0 0 0 0 0 0 0 0 0 0 0 0 1 0 0 0 0 0
0 0 0 0 0 0 0 0 0 0 0 0 0 0 0 0 0 1 0 0 0 0
0 0 0 0 0 0 0 0 0 0 0 0 0 0 0 0 0 0 1 0 0 0
0 0 0 0 0 0 0 0 0 0 0 0 0 0 0 0 0 0 0 1 0 0
0 0 0 0 0 0 0 0 0 0 0 0 0 0 0 0 0 0 0 0 1 0
0 0 0 0 0 0 0 0 0 0 0 0 0 0 0 0 0 0 0 0 0 1
18 2589
-1 0 0 0 0 0 0 0 0 0 0 0 0 0 0 0 0 0 0 0 0 0
0 -1 0 0 0 0 0 0 0 0 0 0 0 0 0 0 0 0 0 0 0 0
0 0 -1 0 0 0 0 0 0 0 0 0 0 0 0 0 0 0 0 0 0 0
0 0 0 -1 0 0 0 0 0 0 0 0 0 0 0 0 0 0 0 0 0 0
0 0 0 0 -1 0 0 0 0 0 0 0 0 0 0 0 0 0 0 0 0 0
0 0 0 0 0 -1 0 0 0 0 0 0 0 0 0 0 0 0 0 0 0 0
0 0 0 0 0 0 -1 0 0 0 0 0 0 0 0 0 0 0 0 0 0 0
0 0 0 0 0 0 0 -1 0 0 0 0 0 0 0 0 0 0 0 0 0 0
0 0 0 0 0 0 0 0 -1 0 0 0 0 0 0 0 0 0 0 0 0 0
0 0 0 0 0 0 0 0 0 -1 0 0 0 0 0 0 0 0 0 0 0 0
0 0 0 0 0 0 0 0 0 0 -1 0 0 0 0 0 0 0 0 0 0 0
0 0 0 0 0 0 0 0 0 0 0 -1 0 0 0 0 0 0 0 0 0 0
0 0 0 0 0 0 0 0 0 0 0 0 -1 0 0 0 0 0 0 0 0 0
0 0 0 0 0 0 0 0 0 0 0 0 0 -1 0 0 0 0 0 0 0 0
0 0 0 0 0 0 0 0 0 0 0 0 0 0 -1 0 0 0 0 0 0 0
0 0 0 0 0 0 0 0 0 0 0 0 0 0 0 -1 0 0 0 0 0 0
0 0 0 0 0 0 0 0 0 0 0 0 0 0 0 0 -1 0 0 0 0 0
0 0 0 0 0 0 0 0 0 0 0 0 0 0 0 0 0 -1 0 0 0 0
0 0 0 0 0 0 0 0 0 0 0 0 0 0 0 0 0 0 -1 0 0 0
0 0 0 0 0 0 0 0 0 0 0 0 0 0 0 0 0 0 0 -1 0 0
0 0 0 0 0 0 0 0 0 0 0 0 0 0 0 0 0 0 0 0 -1 0
0 0 0 0 0 0 0 0 0 0 0 0 0 0 0 0 0 0 0 0 0 -1
18 3798
-1 -1 -1 1 1 1 0 0 2 0 2 1 0 -1 1 -1 1 1 -2 1 0 -1
0 0 0 0 1 -2 -1 1 0 -1 0 1 0 0 -1 0 0 -1 0 -2 -1 1
0 0 1 0 -1 1 3 0 -1 1 -1 0 0 1 0 1 -2 -1 1 0 0 1
0 0 -1 0 1 0 -2 -1 1 0 1 0 0 -1 0 -1 1 1 -1 0 1 -1
0 1 1 0 -1 1 1 0 0 0 -1 0 1 1 0 1 0 0 1 0 0 1
1 -1 -1 0 -1 1 1 0 -1 1 0 -1 -1 -1 0 0 1 1 0 1 1 -1
-1 1 1 0 1 0 0 0 1 -1 0 1 1 1 0 0 -1 -1 0 -1 -1 1
1 0 0 -1 -1 -1 0 1 -1 0 -1 0 0 0 -1 0 0 0 1 -1 0 1
-1 0 0 0 1 -1 -1 0 1 -1 1 1 0 0 0 -1 0 0 0 0 -1 0
1 0 1 0 -1 -1 0 1 -1 0 -1 0 0 0 0 1 0 0 1 0 0 1
0 1 2 0 0 -1 1 1 0 0 -2 1 1 0 0 0 -1 -1 1 -2 -1 2
1 -2 -2 1 0 1 0 0 0 1 2 -1 -2 -1 0 0 1 1 -2 2 1 -2
0 1 1 0 0 0 0 0 0 0 -1 0 1 0 1 0 0 0 0 -1 0 1
0 -1 -1 0 0 1 0 0 1 0 1 0 0 0 0 0 0 1 -1 2 1 -1
0 -1 -1 0 0 0 -1 0 1 0 1 0 0 -1 0 -1 1 1 -1 1 0 -1
0 1 1 0 0 -1 0 0 -1 0 -1 0 0 0 0 0 0 -1 1 -1 -1 1
0 0 0 0 0 1 1 0 0 0 0 0 0 1 0 1 -1 0 0 1 0 0
0 1 1 0 0 0 0 0 0 0 -1 0 1 0 0 0 0 -1 1 -1 0 1
0 0 0 0 0 0 -1 0 1 0 0 0 0 -1 0 -1 1 1 0 0 0 0
0 0 0 0 0 0 0 0 0 0 0 0 0 1 0 1 0 0 0 0 0 0
0 0 0 0 0 0 0 0 0 0 0 0 0 1 -1 0 -1 0 0 0 0 0
0 1 1 0 0 0 0 0 0 0 -1 0 1 1 0 1 0 0 1 0 0 0
18 9278
1 1 1 -1 -1 -1 0 0 -2 0 -2 -1 0 1 -1 1 -1 -1 2 -1 0 1
0 0 0 0 -1 2 1 -1 0 1 0 -1 0 0 1 0 0 1 0 2 1 -1
0 0 -1 0 1 -1 -3 0 1 -1 1 0 0 -1 0 -1 2 1 -1 0 0 -1
0 0 1 0 -1 0 2 1 -1 0 -1 0 0 1 0 1 -1 -1 1 0 -1 1
0 -1 -1 0 1 -1 -1 0 0 0 1 0 -1 -1 0 -1 0 0 -1 0 0 -1
-1 1 1 0 1 -1 -1 0 1 -1 0 1 1 1 0 0 -1 -1 0 -1 -1 1
1 -1 -1 0 -1 0 0 0 -1 1 0 -1 -1 -1 0 0 1 1 0 1 1 -1
-1 0 0 1 1 1 0 -1 1 0 1 0 0 0 1 0 0 0 -1 1 0 -1
1 0 0 0 -1 1 1 0 -1 1 -1 -1 0 0 0 1 0 0 0 0 1 0
-1 0 -1 0 1 1 0 -1 1 0 1 0 0 0 0 -1 0 0 -1 0 0 -1
0 -1 -2 0 0 1 -1 -1 0 0 2 -1 -1 0 0 0 1 1 -1 2 1 -2
-1 2 2 -1 0 -1 0 0 0 -1 -2 1 2 1 0 0 -1 -1 2 -2 -1 2
0 -1 -1 0 0 0 0 0 0 0 1 0 -1 0 -1 0 0 0 0 1 0 -1
0 1 1 0 0 -1 0 0 -1 0 -1 0 0 0 0 0 0 -1 1 -2 -1 1
0 1 1 0 0 0 1 0 -1 0 -1 0 0 1 0 1 -1 -1 1 -1 0 1
0 -1 -1 0 0 1 0 0 1 0 1 0 0 0 0 0 0 1 -1 1 1 -1
0 0 0 0 0 -1 -1 0 0 0 0 0 0 -1 0 -1 1 0 0 -1 0 0
0 -1 -1 0 0 0 0 0 0 0 1 0 -1 0 0 0 0 1 -1 1 0 -1
0 0 0 0 0 0 1 0 -1 0 0 0 0 1 0 1 -1 -1 0 0 0 0
0 0 0 0 0 0 0 0 0 0 0 0 0 -1 0 -1 0 0 0 0 0 0
0 0 0 0 0 0 0 0 0 0 0 0 0 -1 1 0 1 0 0 0 0 0
0 -1 -1 0 0 0 0 0 0 0 1 0 -1 -1 0 -1 0 0 -1 0 0 0
19 0
1 0 0 0 0 0 0 0 0 0 0 0 0 0 0 0 0 0 0 0 0 0
0 1 0 0 0 0 0 0 0 0 0 0 0 0 0 0 0 0 0 0 0 0
0 0 1 0 0 0 0 0 0 0 0 0 0 0 0 0 0 0 0 0 0 0
0 0 0 1 0 0 0 0 0 0 0 0 0 0 0 0 0 0 0 0 0 0
0 0 0 0 1 0 0 0 0 0 0 0 0 0 0 0 0 0 0 0 0 0
0 0 0 0 0 1 0 0 0 0 0 0 0 0 0 0 0 0 0 0 0 0
0 0 0 0 0 0 1 0 0 0 0 0 0 0 0 0 0 0 0 0 0 0
0 0 0 0 0 0 0 1 0 0 0 0 0 0 0 0 0 0 0 0 0 0
0 0 0 0 0 0 0 0 1 0 0 0 0 0 0 0 0 0 0 0 0 0
0 0 0 0 0 0 0 0 0 1 0 0 0 0 0 0 0 0 0 0 0 0
0 0 0 0 0 0 0 0 0 0 1 0 0 0 0 0 0 0 0 0 0 0
0 0 0 0 0 0 0 0 0 0 0 1 0 0 0 0 0 0 0 0 0 0
0 0 0 0 0 0 0 0 0 0 0 0 1 0 0 0 0 0 0 0 0 0
0 0 0 0 0 0 0 0 0 0 0 0 0 1 0 0 0 0 0 0 0 0
0 0 0 0 0 0 0 0 0 0 0 0 0 0 1 0 0 0 0 0 0 0
0 0 0 0 0 0 0 0 0 0 0 0 0 0 0 1 0 0 0 0 0 0
0 0 0 0 0 0 0 0 0 0 0 0 0 0 0 0 1 0 0 0 0 0
0 0 0 0 0 0 0 0 0 0 0 0 0 0 0 0 0 1 0 0 0 0
0 0 0 0 0 0 0 0 0 0 0 0 0 0 0 0 0 0 1 0 0 0
0 0 0 0 0 0 0 0 0 0 0 0 0 0 0 0 0 0 0 1 0 0
0 0 0 0 0 0 0 0 0 0 0 0 0 0 0 0 0 0 0 0 1 0
0 0 0 0 0 0 0 0 0 0 0 0 0 0 0 0 0 0 0 0 0 1
19 2589
-1 0 0 0 0 0 0 0 0 0 0 0 0 0 0 0 0 0 0 0 0 0
0 -1 0 0 0 0 0 0 0 0 0 0 0 0 0 0 0 0 0 0 0 0
0 0 -1 0 0 0 0 0 0 0 0 0 0 0 0 0 0 0 0 0 0 0
0 0 0 -1 0 0 0 0 0 0 0 0 0 0 0 0 0 0 0 0 0 0
0 0 0 0 -1 0 0 0 0 0 0 0 0 0 0 0 0 0 0 0 0 0
0 0 0 0 0 -1 0 0 0 0 0 0 0 0 0 0 0 0 0 0 0 0
0 0 0 0 0 0 -1 0 0 0 0 0 0 0 0 0 0 0 0 0 0 0
0 0 0 0 0 0 0 -1 0 0 0 0 0 0 0 0 0 0 0 0 0 0
0 0 0 0 0 0 0 0 -1 0 0 0 0 0 0 0 0 0 0 0 0 0
0 0 0 0 0 0 0 0 0 -1 0 0 0 0 0 0 0 0 0 0 0 0
0 0 0 0 0 0 0 0 0 0 -1 0 0 0 0 0 0 0 0 0 0 0
0 0 0 0 0 0 0 0 0 0 0 -1 0 0 0 0 0 0 0 0 0 0
0 0 0 0 0 0 0 0 0 0 0 0 -1 0 0 0 0 0 0 0 0 0
0 0 0 0 0 0 0 0 0 0 0 0 0 -1 0 0 0 0 0 0 0 0
0 0 0 0 0 0 0 0 0 0 0 0 0 0 -1 0 0 0 0 0 0 0
0 0 0 0 0 0 0 0 0 0 0 0 0 0 0 -1 0 0 0 0 0 0
0 0 0 0 0 0 0 0 0 0 0 0 0 0 0 0 -1 0 0 0 0 0
0 0 0 0 0 0 0 0 0 0 0 0 0 0 0 0 0 -1 0 0 0 0
0 0 0 0 0 0 0 0 0 0 0 0 0 0 0 0 0 0 -1 0 0 0
0 0 0 0 0 0 0 0 0 0 0 0 0 0 0 0 0 0 0 -1 0 0
0 0 0 0 0 0 0 0 0 0 0 0 0 0 0 0 0 0 0 0 -1 0
0 0 0 0 0 0 0 0 0 0 0 0 0 0 0 0 0 0 0 0 0 -1
20 0
1 0 0 0 0 0 0 0 0 0 0 0 0 0 0 0 0 0 0 0 0 0
0 1 0 0 0 0 0 0 0 0 0 0 0 0 0 0 0 0 0 0 0 0
0 0 1 0 0 0 0 0 0 0 0 0 0 0 0 0 0 0 0 0 0 0
0 0 0 1 0 0 0 0 0 0 0 0 0 0 0 0 0 0 0 0 0 0
0 0 0 0 1 0 0 0 0 0 0 0 0 0 0 0 0 0 0 0 0 0
0 0 0 0 0 1 0 0 0 0 0 0 0 0 0 0 0 0 0 0 0 0
0 0 0 0 0 0 1 0 0 0 0 0 0 0 0 0 0 0 0 0 0 0
0 0 0 0 0 0 0 1 0 0 0 0 0 0 0 0 0 0 0 0 0 0
0 0 0 0 0 0 0 0 1 0 0 0 0 0 0 0 0 0 0 0 0 0
0 0 0 0 0 0 0 0 0 1 0 0 0 0 0 0 0 0 0 0 0 0
0 0 0 0 0 0 0 0 0 0 1 0 0 0 0 0 0 0 0 0 0 0
0 0 0 0 0 0 0 0 0 0 0 1 0 0 0 0 0 0 0 0 0 0
0 0 0 0 0 0 0 0 0 0 0 0 1 0 0 0 0 0 0 0 0 0
0 0 0 0 0 0 0 0 0 0 0 0 0 1 0 0 0 0 0 0 0 0
0 0 0 0 0 0 0 0 0 0 0 0 0 0 1 0 0 0 0 0 0 0
0 0 0 0 0 0 0 0 0 0 0 0 0 0 0 1 0 0 0 0 0 0
0 0 0 0 0 0 0 0 0 0 0 0 0 0 0 0 1 0 0 0 0 0
0 0 0 0 0 0 0 0 0 0 0 0 0 0 0 0 0 1 0 0 0 0
0 0 0 0 0 0 0 0 0 0 0 0 0 0 0 0 0 0 1 0 0 0
0 0 0 0 0 0 0 0 0 0 0 0 0 0 0 0 0 0 0 1 0 0
0 0 0 0 0 0 0 0 0 0 0 0 0 0 0 0 0 0 0 0 1 0
0 0 0 0 0 0 0 0 0 0 0 0 0 0 0 0 0 0 0 0 0 1
20 2589
-1 0 0 0 0 0 0 0 0 0 0 0 0 0 0 0 0 0 0 0 0 0
0 -1 0 0 0 0 0 0 0 0 0 0 0 0 0 0 0 0 0 0 0 0
0 0 -1 0 0 0 0 0 0 0 0 0 0 0 0 0 0 0 0 0 0 0
0 0 0 -1 0 0 0 0 0 0 0 0 0 0 0 0 0 0 0 0 0 0
0 0 0 0 -1 0 0 0 0 0 0 0 0 0 0 0 0 0 0 0 0 0
0 0 0 0 0 -1 0 0 0 0 0 0 0 0 0 0 0 0 0 0 0 0
0 0 0 0 0 0 -1 0 0 0 0 0 0 0 0 0 0 0 0 0 0 0
0 0 0 0 0 0 0 -1 0 0 0 0 0 0 0 0 0 0 0 0 0 0
0 0 0 0 0 0 0 0 -1 0 0 0 0 0 0 0 0 0 0 0 0 0
0 0 0 0 0 0 0 0 0 -1 0 0 0 0 0 0 0 0 0 0 0 0
0 0 0 0 0 0 0 0 0 0 -1 0 0 0 0 0 0 0 0 0 0 0
0 0 0 0 0 0 0 0 0 0 0 -1 0 0 0 0 0 0 0 0 0 0
0 0 0 0 0 0 0 0 0 0 0 0 -1 0 0 0 0 0 0 0 0 0
0 0 0 0 0 0 0 0 0 0 0 0 0 -1 0 0 0 0 0 0 0 0
0 0 0 0 0 0 0 0 0 0 0 0 0 0 -1 0 0 0 0 0 0 0
0 0 0 0 0 0 0 0 0 0 0 0 0 0 0 -1 0 0 0 0 0 0
0 0 0 0 0 0 0 0 0 0 0 0 0 0 0 0 -1 0 0 0 0 0
0 0 0 0 0 0 0 0 0 0 0 0 0 0 0 0 0 -1 0 0 0 0
0 0 0 0 0 0 0 0 0 0 0 0 0 0 0 0 0 0 -1 0 0 0
0 0 0 0 0 0 0 0 0 0 0 0 0 0 0 0 0 0 0 -1 0 0
0 0 0 0 0 0 0 0 0 0 0 0 0 0 0 0 0 0 0 0 -1 0
0 0 0 0 0 0 0 0 0 0 0 0 0 0 0 0 0 0 0 0 0 -1
20 9983
0 1 2 1 0 0 1 -1 0 2 -1 0 1 0 2 1 1 0 1 -1 0 1
0 0 0 0 0 0 0 1 0 0 -1 1 1 -1 0 -1 0 0 0 0 1 1
0 -2 -2 0 0 0 0 1 0 0 2 -1 -2 1 -1 -2 -1 0 -2 0 0 -2
0 1 1 0 0 0 0 -1 0 0 -1 0 1 -1 1 1 1 0 1 0 0 1
-1 0 0 0 0 0 0 0 0 -1 1 0 0 1 0 -1 -1 -1 0 0 -1 0
0 0 -1 0 0 0 0 0 -1 0 1 -1 -1 1 0 1 1 0 0 0 -1 -1
0 0 1 1 0 0 0 0 0 0 0 0 0 0 0 -1 -1 -1 0 0 0 1
0 0 -1 -1 0 0 -1 1 0 -1 0 0 0 0 -1 -1 0 0 0 0 0 0
0 0 1 0 0 -1 0 0 0 0 -1 1 1 -1 0 0 0 0 1 0 0 1
0 0 -1 -1 0 0 0 1 0 -1 0 1 0 0 -1 0 0 0 0 0 0 0
0 0 -1 0 1 0 -1 1 0 -1 0 0 0 0 -1 -1 0 -1 -1 -1 0 0
0 0 0 0 0 0 1 -1 0 2 0 0 0 0 1 1 1 1 0 0 0 -1
0 1 0 0 1 0 -1 0 0 -1 0 0 0 0 0 0 0 -1 0 -1 0 1
0 0 1 0 0 0 1 -1 0 1 0 0 0 0 1 0 -1 0 0 0 0 0
0 1 1 0 0 0 0 -1 0 1 -1 0 1 0 1 1 1 1 1 0 0 0
0 0 -1 -1 0 0 -1 0 0 -1 0 0 0 0 -1 0 0 0 0 0 0 0
0 -1 0 1 0 0 1 0 0 1 1 0 -1 0 0 -1 -1 0 -1 0 0 -1
0 0 0 0 0 0 -1 0 0 -1 0 -1 0 0 0 0 0 -1 0 0 0 0
0 1 1 0 0 0 0 0 0 0 -1 0 1 0 1 1 1 0 1 0 -1 1
-1 0 0 0 0 0 1 0 0 0 0 1 0 0 0 -1 -1 0 0 0 0 0
0 0 0 0 0 0 0 0 0 0 0 0 0 0 0 -1 -1 0 -1 0 0 0
0 0 0 0 0 0 0 0 0 -1 0 0 0 0 -1 0 -1 -1 0 0 0 0
20 11966
0 -1 -2 -1 0 0 -1 1 0 -2 1 0 -1 0 -2 -1 -1 0 -1 1 0 -1
0 0 0 0 0 0 0 -1 0 0 1 -1 -1 1 0 1 0 0 0 0 -1 -1
0 2 2 0 0 0 0 -1 0 0 -2 1 2 -1 1 2 1 0 2 0 0 2
0 -1 -1 0 0 0 0 1 0 0 1 0 -1 1 -1 -1 -1 0 -1 0 0 -1
1 0 0 0 0 0 0 0 0 1 -1 0 0 -1 0 1 1 1 0 0 1 0
0 0 1 0 0 0 0 0 1 0 -1 1 1 -1 0 -1 -1 0 0 0 1 1
0 0 -1 -1 0 0 0 0 0 0 0 0 0 0 0 1 1 1 0 0 0 -1
0 0 1 1 0 0 1 -1 0 1 0 0 0 0 1 1 0 0 0 0 0 0
0 0 -1 0 0 1 0 0 0 0 1 -1 -1 1 0 0 0 0 -1 0 0 -1
0 0 1 1 0 0 0 -1 0 1 0 -1 0 0 1 0 0 0 0 0 0 0
0 0 1 0 -1 0 1 -1 0 1 0 0 0 0 1 1 0 1 1 1 0 0
0 0 0 0 0 0 -1 1 0 -2 0 0 0 0 -1 -1 -1 -1 0 0 0 1
0 -1 0 0 -1 0 1 0 0 1 0 0 0 0 0 0 0 1 0 1 0 -1
0 0 -1 0 0 0 -1 1 0 -1 0 0 0 0 -1 0 1 0 0 0 0 0
0 -1 -1 0 0 0 0 1 0 -1 1 0 -1 0 -1 -1 -1 -1 -1 0 0 0
0 0 1 1 0 0 1 0 0 1 0 0 0 0 1 0 0 0 0 0 0 0
0 1 0 -1 0 0 -1 0 0 -1 -1 0 1 0 0 1 1 0 1 0 0 1
0 0 0 0 0 0 1 0 0 1 0 1 0 0 0 0 0 1 0 0 0 0
0 -1 -1 0 0 0 0 0 0 0 1 0 -1 0 -1 -1 -1 0 -1 0 1 -1
1 0 0 0 0 0 -1 0 0 0 0 -1 0 0 0 1 1 0 0 0 0 0
0 0 0 0 0 0 0 0 0 0 0 0 0 0 0 1 1 0 1 0 0 0
0 0 0 0 0 0 0 0 0 1 0 0 0 0 1 0 1 1 0 0 0 0
21 0
1 0 0 0 0 0 0 0 0 0 0 0 0 0 0 0 0 0 0 0 0 0
0 1 0 0 0 0 0 0 0 0 0 0 0 0 0 0 0 0 0 0 0 0
0 0 1 0 0 0 0 0 0 0 0 0 0 0 0 0 0 0 0 0 0 0
0 0 0 1 0 0 0 0 0 0 0 0 0 0 0 0 0 0 0 0 0 0
0 0 0 0 1 0 0 0 0 0 0 0 0 0 0 0 0 0 0 0 0 0
0 0 0 0 0 1 0 0 0 0 0 0 0 0 0 0 0 0 0 0 0 0
0 0 0 0 0 0 1 0 0 0 0 0 0 0 0 0 0 0 0 0 0 0
0 0 0 0 0 0 0 1 0 0 0 0 0 0 0 0 0 0 0 0 0 0
0 0 0 0 0 0 0 0 1 0 0 0 0 0 0 0 0 0 0 0 0 0
0 0 0 0 0 0 0 0 0 1 0 0 0 0 0 0 0 0 0 0 0 0
0 0 0 0 0 0 0 0 0 0 1 0 0 0 0 0 0 0 0 0 0 0
0 0 0 0 0 0 0 0 0 0 0 1 0 0 0 0 0 0 0 0 0 0
0 0 0 0 0 0 0 0 0 0 0 0 1 0 0 0 0 0 0 0 0 0
0 0 0 0 0 0 0 0 0 0 0 0 0 1 0 0 0 0 0 0 0 0
0 0 0 0 0 0 0 0 0 0 0 0 0 0 1 0 0 0 0 0 0 0
0 0 0 0 0 0 0 0 0 0 0 0 0 0 0 1 0 0 0 0 0 0
0 0 0 0 0 0 0 0 0 0 0 0 0 0 0 0 1 0 0 0 0 0
0 0 0 0 0 0 0 0 0 0 0 0 0 0 0 0 0 1 0 0 0 0
0 0 0 0 0 0 0 0 0 0 0 0 0 0 0 0 0 0 1 0 0 0
0 0 0 0 0 0 0 0 0 0 0 0 0 0 0 0 0 0 0 1 0 0
0 0 0 0 0 0 0 0 0 0 0 0 0 0 0 0 0 0 0 0 1 0
0 0 0 0 0 0 0 0 0 0 0 0 0 0 0 0 0 0 0 0 0 1
21 2589
-1 0 0 0 0 0 0 0 0 0 0 0 0 0 0 0 0 0 0 0 0 0
0 -1 0 0 0 0 0 0 0 0 0 0 0 0 0 0 0 0 0 0 0 0
0 0 -1 0 0 0 0 0 0 0 0 0 0 0 0 0 0 0 0 0 0 0
0 0 0 -1 0 0 0 0 0 0 0 0 0 0 0 0 0 0 0 0 0 0
0 0 0 0 -1 0 0 0 0 0 0 0 0 0 0 0 0 0 0 0 0 0
0 0 0 0 0 -1 0 0 0 0 0 0 0 0 0 0 0 0 0 0 0 0
0 0 0 0 0 0 -1 0 0 0 0 0 0 0 0 0 0 0 0 0 0 0
0 0 0 0 0 0 0 -1 0 0 0 0 0 0 0 0 0 0 0 0 0 0
0 0 0 0 0 0 0 0 -1 0 0 0 0 0 0 0 0 0 0 0 0 0
0 0 0 0 0 0 0 0 0 -1 0 0 0 0 0 0 0 0 0 0 0 0
0 0 0 0 0 0 0 0 0 0 -1 0 0 0 0 0 0 0 0 0 0 0
0 0 0 0 0 0 0 0 0 0 0 -1 0 0 0 0 0 0 0 0 0 0
0 0 0 0 0 0 0 0 0 0 0 0 -1 0 0 0 0 0 0 0 0 0
0 0 0 0 0 0 0 0 0 0 0 0 0 -1 0 0 0 0 0 0 0 0
0 0 0 0 0 0 0 0 0 0 0 0 0 0 -1 0 0 0 0 0 0 0
0 0 0 0 0 0 0 0 0 0 0 0 0 0 0 -1 0 0 0 0 0 0
0 0 0 0 0 0 0 0 0 0 0 0 0 0 0 0 -1 0 0 0 0 0
0 0 0 0 0 0 0 0 0 0 0 0 0 0 0 0 0 -1 0 0 0 0
0 0 0 0 0 0 0 0 0 0 0 0 0 0 0 0 0 0 -1 0 0 0
0 0 0 0 0 0 0 0 0 0 0 0 0 0 0 0 0 0 0 -1 0 0
0 0 0 0 0 0 0 0 0 0 0 0 0 0 0 0 0 0 0 0 -1 0
0 0 0 0 0 0 0 0 0 0 0 0 0 0 0 0 0 0 0 0 0 -1
22 0
1 0 0 0 0 0 0 0 0 0 0 0 0 0 0 0 0 0 0 0 0 0
0 1 0 0 0 0 0 0 0 0 0 0 0 0 0 0 0 0 0 0 0 0
0 0 1 0 0 0 0 0 0 0 0 0 0 0 0 0 0 0 0 0 0 0
0 0 0 1 0 0 0 0 0 0 0 0 0 0 0 0 0 0 0 0 0 0
0 0 0 0 1 0 0 0 0 0 0 0 0 0 0 0 0 0 0 0 0 0
0 0 0 0 0 1 0 0 0 0 0 0 0 0 0 0 0 0 0 0 0 0
0 0 0 0 0 0 1 0 0 0 0 0 0 0 0 0 0 0 0 0 0 0
0 0 0 0 0 0 0 1 0 0 0 0 0 0 0 0 0 0 0 0 0 0
0 0 0 0 0 0 0 0 1 0 0 0 0 0 0 0 0 0 0 0 0 0
0 0 0 0 0 0 0 0 0 1 0 0 0 0 0 0 0 0 0 0 0 0
0 0 0 0 0 0 0 0 0 0 1 0 0 0 0 0 0 0 0 0 0 0
0 0 0 0 0 0 0 0 0 0 0 1 0 0 0 0 0 0 0 0 0 0
0 0 0 0 0 0 0 0 0 0 0 0 1 0 0 0 0 0 0 0 0 0
0 0 0 0 0 0 0 0 0 0 0 0 0 1 0 0 0 0 0 0 0 0
0 0 0 0 0 0 0 0 0 0 0 0 0 0 1 0 0 0 0 0 0 0
0 0 0 0 0 0 0 0 0 0 0 0 0 0 0 1 0 0 0 0 0 0
0 0 0 0 0 0 0 0 0 0 0 0 0 0 0 0 1 0 0 0 0 0
0 0 0 0 0 0 0 0 0 0 0 0 0 0 0 0 0 1 0 0 0 0
0 0 0 0 0 0 0 0 0 0 0 0 0 0 0 0 0 0 1 0 0 0
0 0 0 0 0 0 0 0 0 0 0 0 0 0 0 0 0 0 0 1 0 0
0 0 0 0 0 0 0 0 0 0 0 0 0 0 0 0 0 0 0 0 1 0
0 0 0 0 0 0 0 0 0 0 0 0 0 0 0 0 0 0 0 0 0 1
22 2589
-1 0 0 0 0 0 0 0 0 0 0 0 0 0 0 0 0 0 0 0 0 0
0 -1 0 0 0 0 0 0 0 0 0 0 0 0 0 0 0 0 0 0 0 0
0 0 -1 0 0 0 0 0 0 0 0 0 0 0 0 0 0 0 0 0 0 0
0 0 0 -1 0 0 0 0 0 0 0 0 0 0 0 0 0 0 0 0 0 0
0 0 0 0 -1 0 0 0 0 0 0 0 0 0 0 0 0 0 0 0 0 0
0 0 0 0 0 -1 0 0 0 0 0 0 0 0 0 0 0 0 0 0 0 0
0 0 0 0 0 0 -1 0 0 0 0 0 0 0 0 0 0 0 0 0 0 0
0 0 0 0 0 0 0 -1 0 0 0 0 0 0 0 0 0 0 0 0 0 0
0 0 0 0 0 0 0 0 -1 0 0 0 0 0 0 0 0 0 0 0 0 0
0 0 0 0 0 0 0 0 0 -1 0 0 0 0 0 0 0 0 0 0 0 0
0 0 0 0 0 0 0 0 0 0 -1 0 0 0 0 0 0 0 0 0 0 0
0 0 0 0 0 0 0 0 0 0 0 -1 0 0 0 0 0 0 0 0 0 0
0 0 0 0 0 0 0 0 0 0 0 0 -1 0 0 0 0 0 0 0 0 0
0 0 0 0 0 0 0 0 0 0 0 0 0 -1 0 0 0 0 0 0 0 0
0 0 0 0 0 0 0 0 0 0 0 0 0 0 -1 0 0 0 0 0 0 0
0 0 0 0 0 0 0 0 0 0 0 0 0 0 0 -1 0 0 0 0 0 0
0 0 0 0 0 0 0 0 0 0 0 0 0 0 0 0 -1 0 0 0 0 0
0 0 0 0 0 0 0 0 0 0 0 0 0 0 0 0 0 -1 0 0 0 0
0 0 0 0 0 0 0 0 0 0 0 0 0 0 0 0 0 0 -1 0 0 0
0 0 0 0 0 0 0 0 0 0 0 0 0 0 0 0 0 0 0 -1 0 0
0 0 0 0 0 0 0 0 0 0 0 0 0 0 0 0 0 0 0 0 -1 0
0 0 0 0 0 0 0 0 0 0 0 0 0 0 0 0 0 0 0 0 0 -1
23 0
1 0 0 0 0 0 0 0 0 0 0 0 0 0 0 0 0 0 0 0 0 0
0 1 0 0 0 0 0 0 0 0 0 0 0 0 0 0 0 0 0 0 0 0
0 0 1 0 0 0 0 0 0 0 0 0 0 0 0 0 0 0 0 0 0 0
0 0 0 1 0 0 0 0 0 0 0 0 0 0 0 0 0 0 0 0 0 0
0 0 0 0 1 0 0 0 0 0 0 0 0 0 0 0 0 0 0 0 0 0
0 0 0 0 0 1 0 0 0 0 0 0 0 0 0 0 0 0 0 0 0 0
0 0 0 0 0 0 1 0 0 0 0 0 0 0 0 0 0 0 0 0 0 0
0 0 0 0 0 0 0 1 0 0 0 0 0 0 0 0 0 0 0 0 0 0
0 0 0 0 0 0 0 0 1 0 0 0 0 0 0 0 0 0 0 0 0 0
0 0 0 0 0 0 0 0 0 1 0 0 0 0 0 0 0 0 0 0 0 0
0 0 0 0 0 0 0 0 0 0 1 0 0 0 0 0 0 0 0 0 0 0
0 0 0 0 0 0 0 0 0 0 0 1 0 0 0 0 0 0 0 0 0 0
0 0 0 0 0 0 0 0 0 0 0 0 1 0 0 0 0 0 0 0 0 0
0 0 0 0 0 0 0 0 0 0 0 0 0 1 0 0 0 0 0 0 0 0
0 0 0 0 0 0 0 0 0 0 0 0 0 0 1 0 0 0 0 0 0 0
0 0 0 0 0 0 0 0 0 0 0 0 0 0 0 1 0 0 0 0 0 0
0 0 0 0 0 0 0 0 0 0 0 0 0 0 0 0 1 0 0 0 0 0
0 0 0 0 0 0 0 0 0 0 0 0 0 0 0 0 0 1 0 0 0 0
0 0 0 0 0 0 0 0 0 0 0 0 0 0 0 0 0 0 1 0 0 0
0 0 0 0 0 0 0 0 0 0 0 0 0 0 0 0 0 0 0 1 0 0
0 0 0 0 0 0 0 0 0 0 0 0 0 0 0 0 0 0 0 0 1 0
0 0 0 0 0 0 0 0 0 0 0 0 0 0 0 0 0 0 0 0 0 1
23 2589
-1 0 0 0 0 0 0 0 0 0 0 0 0 0 0 0 0 0 0 0 0 0
0 -1 0 0 0 0 0 0 0 0 0 0 0 0 0 0 0 0 0 0 0 0
0 0 -1 0 0 0 0 0 0 0 0 0 0 0 0 0 0 0 0 0 0 0
0 0 0 -1 0 0 0 0 0 0 0 0 0 0 0 0 0 0 0 0 0 0
0 0 0 0 -1 0 0 0 0 0 0 0 0 0 0 0 0 0 0 0 0 0
0 0 0 0 0 -1 0 0 0 0 0 0 0 0 0 0 0 0 0 0 0 0
0 0 0 0 0 0 -1 0 0 0 0 0 0 0 0 0 0 0 0 0 0 0
0 0 0 0 0 0 0 -1 0 0 0 0 0 0 0 0 0 0 0 0 0 0
0 0 0 0 0 0 0 0 -1 0 0 0 0 0 0 0 0 0 0 0 0 0
0 0 0 0 0 0 0 0 0 -1 0 0 0 0 0 0 0 0 0 0 0 0
0 0 0 0 0 0 0 0 0 0 -1 0 0 0 0 0 0 0 0 0 0 0
0 0 0 0 0 0 0 0 0 0 0 -1 0 0 0 0 0 0 0 0 0 0
0 0 0 0 0 0 0 0 0 0 0 0 -1 0 0 0 0 0 0 0 0 0
0 0 0 0 0 0 0 0 0 0 0 0 0 -1 0 0 0 0 0 0 0 0
0 0 0 0 0 0 0 0 0 0 0 0 0 0 -1 0 0 0 0 0 0 0
0 0 0 0 0 0 0 0 0 0 0 0 0 0 0 -1 0 0 0 0 0 0
0 0 0 0 0 0 0 0 0 0 0 0 0 0 0 0 -1 0 0 0 0 0
0 0 0 0 0 0 0 0 0 0 0 0 0 0 0 0 0 -1 0 0 0 0
0 0 0 0 0 0 0 0 0 0 0 0 0 0 0 0 0 0 -1 0 0 0
0 0 0 0 0 0 0 0 0 0 0 0 0 0 0 0 0 0 0 -1 0 0
0 0 0 0 0 0 0 0 0 0 0 0 0 0 0 0 0 0 0 0 -1 0
0 0 0 0 0 0 0 0 0 0 0 0 0 0 0 0 0 0 0 0 0 -1
24 0
1 0 0 0 0 0 0 0 0 0 0 0 0 0 0 0 0 0 0 0 0 0
0 1 0 0 0 0 0 0 0 0 0 0 0 0 0 0 0 0 0 0 0 0
0 0 1 0 0 0 0 0 0 0 0 0 0 0 0 0 0 0 0 0 0 0
0 0 0 1 0 0 0 0 0 0 0 0 0 0 0 0 0 0 0 0 0 0
0 0 0 0 1 0 0 0 0 0 0 0 0 0 0 0 0 0 0 0 0 0
0 0 0 0 0 1 0 0 0 0 0 0 0 0 0 0 0 0 0 0 0 0
0 0 0 0 0 0 1 0 0 0 0 0 0 0 0 0 0 0 0 0 0 0
0 0 0 0 0 0 0 1 0 0 0 0 0 0 0 0 0 0 0 0 0 0
0 0 0 0 0 0 0 0 1 0 0 0 0 0 0 0 0 0 0 0 0 0
0 0 0 0 0 0 0 0 0 1 0 0 0 0 0 0 0 0 0 0 0 0
0 0 0 0 0 0 0 0 0 0 1 0 0 0 0 0 0 0 0 0 0 0
0 0 0 0 0 0 0 0 0 0 0 1 0 0 0 0 0 0 0 0 0 0
0 0 0 0 0 0 0 0 0 0 0 0 1 0 0 0 0 0 0 0 0 0
0 0 0 0 0 0 0 0 0 0 0 0 0 1 0 0 0 0 0 0 0 0
0 0 0 0 0 0 0 0 0 0 0 0 0 0 1 0 0 0 0 0 0 0
0 0 0 0 0 0 0 0 0 0 0 0 0 0 0 1 0 0 0 0 0 0
0 0 0 0 0 0 0 0 0 0 0 0 0 0 0 0 1 0 0 0 0 0
0 0 0 0 0 0 0 0 0 0 0 0 0 0 0 0 0 1 0 0 0 0
0 0 0 0 0 0 0 0 0 0 0 0 0 0 0 0 0 0 1 0 0 0
0 0 0 0 0 0 0 0 0 0 0 0 0 0 0 0 0 0 0 1 0 0
0 0 0 0 0 0 0 0 0 0 0 0 0 0 0 0 0 0 0 0 1 0
0 0 0 0 0 0 0 0 0 0 0 0 0 0 0 0 0 0 0 0 0 1
24 2589
-1 0 0 0 0 0 0 0 0 0 0 0 0 0 0 0 0 0 0 0 0 0
0 -1 0 0 0 0 0 0 0 0 0 0 0 0 0 0 0 0 0 0 0 0
0 0 -1 0 0 0 0 0 0 0 0 0 0 0 0 0 0 0 0 0 0 0
0 0 0 -1 0 0 0 0 0 0 0 0 0 0 0 0 0 0 0 0 0 0
0 0 0 0 -1 0 0 0 0 0 0 0 0 0 0 0 0 0 0 0 0 0
0 0 0 0 0 -1 0 0 0 0 0 0 0 0 0 0 0 0 0 0 0 0
0 0 0 0 0 0 -1 0 0 0 0 0 0 0 0 0 0 0 0 0 0 0
0 0 0 0 0 0 0 -1 0 0 0 0 0 0 0 0 0 0 0 0 0 0
0 0 0 0 0 0 0 0 -1 0 0 0 0 0 0 0 0 0 0 0 0 0
0 0 0 0 0 0 0 0 0 -1 0 0 0 0 0 0 0 0 0 0 0 0
0 0 0 0 0 0 0 0 0 0 -1 0 0 0 0 0 0 0 0 0 0 0
0 0 0 0 0 0 0 0 0 0 0 -1 0 0 0 0 0 0 0 0 0 0
0 0 0 0 0 0 0 0 0 0 0 0 -1 0 0 0 0 0 0 0 0 0
0 0 0 0 0 0 0 0 0 0 0 0 0 -1 0 0 0 0 0 0 0 0
0 0 0 0 0 0 0 0 0 0 0 0 0 0 -1 0 0 0 0 0 0 0
0 0 0 0 0 0 0 0 0 0 0 0 0 0 0 -1 0 0 0 0 0 0
0 0 0 0 0 0 0 0 0 0 0 0 0 0 0 0 -1 0 0 0 0 0
0 0 0 0 0 0 0 0 0 0 0 0 0 0 0 0 0 -1 0 0 0 0
0 0 0 0 0 0 0 0 0 0 0 0 0 0 0 0 0 0 -1 0 0 0
0 0 0 0 0 0 0 0 0 0 0 0 0 0 0 0 0 0 0 -1 0 0
0 0 0 0 0 0 0 0 0 0 0 0 0 0 0 0 0 0 0 0 -1 0
0 0 0 0 0 0 0 0 0 0 0 0 0 0 0 0 0 0 0 0 0 -1
25 0
1 0 0 0 0 0 0 0 0 0 0 0 0 0 0 0 0 0 0 0 0 0
0 1 0 0 0 0 0 0 0 0 0 0 0 0 0 0 0 0 0 0 0 0
0 0 1 0 0 0 0 0 0 0 0 0 0 0 0 0 0 0 0 0 0 0
0 0 0 1 0 0 0 0 0 0 0 0 0 0 0 0 0 0 0 0 0 0
0 0 0 0 1 0 0 0 0 0 0 0 0 0 0 0 0 0 0 0 0 0
0 0 0 0 0 1 0 0 0 0 0 0 0 0 0 0 0 0 0 0 0 0
0 0 0 0 0 0 1 0 0 0 0 0 0 0 0 0 0 0 0 0 0 0
0 0 0 0 0 0 0 1 0 0 0 0 0 0 0 0 0 0 0 0 0 0
0 0 0 0 0 0 0 0 1 0 0 0 0 0 0 0 0 0 0 0 0 0
0 0 0 0 0 0 0 0 0 1 0 0 0 0 0 0 0 0 0 0 0 0
0 0 0 0 0 0 0 0 0 0 1 0 0 0 0 0 0 0 0 0 0 0
0 0 0 0 0 0 0 0 0 0 0 1 0 0 0 0 0 0 0 0 0 0
0 0 0 0 0 0 0 0 0 0 0 0 1 0 0 0 0 0 0 0 0 0
0 0 0 0 0 0 0 0 0 0 0 0 0 1 0 0 0 0 0 0 0 0
0 0 0 0 0 0 0 0 0 0 0 0 0 0 1 0 0 0 0 0 0 0
0 0 0 0 0 0 0 0 0 0 0 0 0 0 0 1 0 0 0 0 0 0
0 0 0 0 0 0 0 0 0 0 0 0 0 0 0 0 1 0 0 0 0 0
0 0 0 0 0 0 0 0 0 0 0 0 0 0 0 0 0 1 0 0 0 0
0 0 0 0 0 0 0 0 0 0 0 0 0 0 0 0 0 0 1 0 0 0
0 0 0 0 0 0 0 0 0 0 0 0 0 0 0 0 0 0 0 1 0 0
0 0 0 0 0 0 0 0 0 0 0 0 0 0 0 0 0 0 0 0 1 0
0 0 0 0 0 0 0 0 0 0 0 0 0 0 0 0 0 0 0 0 0 1
25 2589
-1 0 0 0 0 0 0 0 0 0 0 0 0 0 0 0 0 0 0 0 0 0
0 -1 0 0 0 0 0 0 0 0 0 0 0 0 0 0 0 0 0 0 0 0
0 0 -1 0 0 0 0 0 0 0 0 0 0 0 0 0 0 0 0 0 0 0
0 0 0 -1 0 0 0 0 0 0 0 0 0 0 0 0 0 0 0 0 0 0
0 0 0 0 -1 0 0 0 0 0 0 0 0 0 0 0 0 0 0 0 0 0
0 0 0 0 0 -1 0 0 0 0 0 0 0 0 0 0 0 0 0 0 0 0
0 0 0 0 0 0 -1 0 0 0 0 0 0 0 0 0 0 0 0 0 0 0
0 0 0 0 0 0 0 -1 0 0 0 0 0 0 0 0 0 0 0 0 0 0
0 0 0 0 0 0 0 0 -1 0 0 0 0 0 0 0 0 0 0 0 0 0
0 0 0 0 0 0 0 0 0 -1 0 0 0 0 0 0 0 0 0 0 0 0
0 0 0 0 0 0 0 0 0 0 -1 0 0 0 0 0 0 0 0 0 0 0
0 0 0 0 0 0 0 0 0 0 0 -1 0 0 0 0 0 0 0 0 0 0
0 0 0 0 0 0 0 0 0 0 0 0 -1 0 0 0 0 0 0 0 0 0
0 0 0 0 0 0 0 0 0 0 0 0 0 -1 0 0 0 0 0 0 0 0
0 0 0 0 0 0 0 0 0 0 0 0 0 0 -1 0 0 0 0 0 0 0
0 0 0 0 0 0 0 0 0 0 0 0 0 0 0 -1 0 0 0 0 0 0
0 0 0 0 0 0 0 0 0 0 0 0 0 0 0 0 -1 0 0 0 0 0
0 0 0 0 0 0 0 0 0 0 0 0 0 0 0 0 0 -1 0 0 0 0
0 0 0 0 0 0 0 0 0 0 0 0 0 0 0 0 0 0 -1 0 0 0
0 0 0 0 0 0 0 0 0 0 0 0 0 0 0 0 0 0 0 -1 0 0
0 0 0 0 0 0 0 0 0 0 0 0 0 0 0 0 0 0 0 0 -1 0
0 0 0 0 0 0 0 0 0 0 0 0 0 0 0 0 0 0 0 0 0 -1
26 0
1 0 0 0 0 0 0 0 0 0 0 0 0 0 0 0 0 0 0 0 0 0
0 1 0 0 0 0 0 0 0 0 0 0 0 0 0 0 0 0 0 0 0 0
0 0 1 0 0 0 0 0 0 0 0 0 0 0 0 0 0 0 0 0 0 0
0 0 0 1 0 0 0 0 0 0 0 0 0 0 0 0 0 0 0 0 0 0
0 0 0 0 1 0 0 0 0 0 0 0 0 0 0 0 0 0 0 0 0 0
0 0 0 0 0 1 0 0 0 0 0 0 0 0 0 0 0 0 0 0 0 0
0 0 0 0 0 0 1 0 0 0 0 0 0 0 0 0 0 0 0 0 0 0
0 0 0 0 0 0 0 1 0 0 0 0 0 0 0 0 0 0 0 0 0 0
0 0 0 0 0 0 0 0 1 0 0 0 0 0 0 0 0 0 0 0 0 0
0 0 0 0 0 0 0 0 0 1 0 0 0 0 0 0 0 0 0 0 0 0
0 0 0 0 0 0 0 0 0 0 1 0 0 0 0 0 0 0 0 0 0 0
0 0 0 0 0 0 0 0 0 0 0 1 0 0 0 0 0 0 0 0 0 0
0 0 0 0 0 0 0 0 0 0 0 0 1 0 0 0 0 0 0 0 0 0
0 0 0 0 0 0 0 0 0 0 0 0 0 1 0 0 0 0 0 0 0 0
0 0 0 0 0 0 0 0 0 0 0 0 0 0 1 0 0 0 0 0 0 0
0 0 0 0 0 0 0 0 0 0 0 0 0 0 0 1 0 0 0 0 0 0
0 0 0 0 0 0 0 0 0 0 0 0 0 0 0 0 1 0 0 0 0 0
0 0 0 0 0 0 0 0 0 0 0 0 0 0 0 0 0 1 0 0 0 0
0 0 0 0 0 0 0 0 0 0 0 0 0 0 0 0 0 0 1 0 0 0
0 0 0 0 0 0 0 0 0 0 0 0 0 0 0 0 0 0 0 1 0 0
0 0 0 0 0 0 0 0 0 0 0 0 0 0 0 0 0 0 0 0 1 0
0 0 0 0 0 0 0 0 0 0 0 0 0 0 0 0 0 0 0 0 0 1
26 2589
-1 0 0 0 0 0 0 0 0 0 0 0 0 0 0 0 0 0 0 0 0 0
0 -1 0 0 0 0 0 0 0 0 0 0 0 0 0 0 0 0 0 0 0 0
0 0 -1 0 0 0 0 0 0 0 0 0 0 0 0 0 0 0 0 0 0 0
0 0 0 -1 0 0 0 0 0 0 0 0 0 0 0 0 0 0 0 0 0 0
0 0 0 0 -1 0 0 0 0 0 0 0 0 0 0 0 0 0 0 0 0 0
0 0 0 0 0 -1 0 0 0 0 0 0 0 0 0 0 0 0 0 0 0 0
0 0 0 0 0 0 -1 0 0 0 0 0 0 0 0 0 0 0 0 0 0 0
0 0 0 0 0 0 0 -1 0 0 0 0 0 0 0 0 0 0 0 0 0 0
0 0 0 0 0 0 0 0 -1 0 0 0 0 0 0 0 0 0 0 0 0 0
0 0 0 0 0 0 0 0 0 -1 0 0 0 0 0 0 0 0 0 0 0 0
0 0 0 0 0 0 0 0 0 0 -1 0 0 0 0 0 0 0 0 0 0 0
0 0 0 0 0 0 0 0 0 0 0 -1 0 0 0 0 0 0 0 0 0 0
0 0 0 0 0 0 0 0 0 0 0 0 -1 0 0 0 0 0 0 0 0 0
0 0 0 0 0 0 0 0 0 0 0 0 0 -1 0 0 0 0 0 0 0 0
0 0 0 0 0 0 0 0 0 0 0 0 0 0 -1 0 0 0 0 0 0 0
0 0 0 0 0 0 0 0 0 0 0 0 0 0 0 -1 0 0 0 0 0 0
0 0 0 0 0 0 0 0 0 0 0 0 0 0 0 0 -1 0 0 0 0 0
0 0 0 0 0 0 0 0 0 0 0 0 0 0 0 0 0 -1 0 0 0 0
0 0 0 0 0 0 0 0 0 0 0 0 0 0 0 0 0 0 -1 0 0 0
0 0 0 0 0 0 0 0 0 0 0 0 0 0 0 0 0 0 0 -1 0 0
0 0 0 0 0 0 0 0 0 0 0 0 0 0 0 0 0 0 0 0 -1 0
0 0 0 0 0 0 0 0 0 0 0 0 0 0 0 0 0 0 0 0 0 -1
27 0
1 0 0 0 0 0 0 0 0 0 0 0 0 0 0 0 0 0 0 0 0 0
0 1 0 0 0 0 0 0 0 0 0 0 0 0 0 0 0 0 0 0 0 0
0 0 1 0 0 0 0 0 0 0 0 0 0 0 0 0 0 0 0 0 0 0
0 0 0 1 0 0 0 0 0 0 0 0 0 0 0 0 0 0 0 0 0 0
0 0 0 0 1 0 0 0 0 0 0 0 0 0 0 0 0 0 0 0 0 0
0 0 0 0 0 1 0 0 0 0 0 0 0 0 0 0 0 0 0 0 0 0
0 0 0 0 0 0 1 0 0 0 0 0 0 0 0 0 0 0 0 0 0 0
0 0 0 0 0 0 0 1 0 0 0 0 0 0 0 0 0 0 0 0 0 0
0 0 0 0 0 0 0 0 1 0 0 0 0 0 0 0 0 0 0 0 0 0
0 0 0 0 0 0 0 0 0 1 0 0 0 0 0 0 0 0 0 0 0 0
0 0 0 0 0 0 0 0 0 0 1 0 0 0 0 0 0 0 0 0 0 0
0 0 0 0 0 0 0 0 0 0 0 1 0 0 0 0 0 0 0 0 0 0
0 0 0 0 0 0 0 0 0 0 0 0 1 0 0 0 0 0 0 0 0 0
0 0 0 0 0 0 0 0 0 0 0 0 0 1 0 0 0 0 0 0 0 0
0 0 0 0 0 0 0 0 0 0 0 0 0 0 1 0 0 0 0 0 0 0
0 0 0 0 0 0 0 0 0 0 0 0 0 0 0 1 0 0 0 0 0 0
0 0 0 0 0 0 0 0 0 0 0 0 0 0 0 0 1 0 0 0 0 0
0 0 0 0 0 0 0 0 0 0 0 0 0 0 0 0 0 1 0 0 0 0
0 0 0 0 0 0 0 0 0 0 0 0 0 0 0 0 0 0 1 0 0 0
0 0 0 0 0 0 0 0 0 0 0 0 0 0 0 0 0 0 0 1 0 0
0 0 0 0 0 0 0 0 0 0 0 0 0 0 0 0 0 0 0 0 1 0
0 0 0 0 0 0 0 0 0 0 0 0 0 0 0 0 0 0 0 0 0 1
27 2589
-1 0 0 0 0 0 0 0 0 0 0 0 0 0 0 0 0 0 0 0 0 0
0 -1 0 0 0 0 0 0 0 0 0 0 0 0 0 0 0 0 0 0 0 0
0 0 -1 0 0 0 0 0 0 0 0 0 0 0 0 0 0 0 0 0 0 0
0 0 0 -1 0 0 0 0 0 0 0 0 0 0 0 0 0 0 0 0 0 0
0 0 0 0 -1 0 0 0 0 0 0 0 0 0 0 0 0 0 0 0 0 0
0 0 0 0 0 -1 0 0 0 0 0 0 0 0 0 0 0 0 0 0 0 0
0 0 0 0 0 0 -1 0 0 0 0 0 0 0 0 0 0 0 0 0 0 0
0 0 0 0 0 0 0 -1 0 0 0 0 0 0 0 0 0 0 0 0 0 0
0 0 0 0 0 0 0 0 -1 0 0 0 0 0 0 0 0 0 0 0 0 0
0 0 0 0 0 0 0 0 0 -1 0 0 0 0 0 0 0 0 0 0 0 0
0 0 0 0 0 0 0 0 0 0 -1 0 0 0 0 0 0 0 0 0 0 0
0 0 0 0 0 0 0 0 0 0 0 -1 0 0 0 0 0 0 0 0 0 0
0 0 0 0 0 0 0 0 0 0 0 0 -1 0 0 0 0 0 0 0 0 0
0 0 0 0 0 0 0 0 0 0 0 0 0 -1 0 0 0 0 0 0 0 0
0 0 0 0 0 0 0 0 0 0 0 0 0 0 -1 0 0 0 0 0 0 0
0 0 0 0 0 0 0 0 0 0 0 0 0 0 0 -1 0 0 0 0 0 0
0 0 0 0 0 0 0 0 0 0 0 0 0 0 0 0 -1 0 0 0 0 0
0 0 0 0 0 0 0 0 0 0 0 0 0 0 0 0 0 -1 0 0 0 0
0 0 0 0 0 0 0 0 0 0 0 0 0 0 0 0 0 0 -1 0 0 0
0 0 0 0 0 0 0 0 0 0 0 0 0 0 0 0 0 0 0 -1 0 0
0 0 0 0 0 0 0 0 0 0 0 0 0 0 0 0 0 0 0 0 -1 0
0 0 0 0 0 0 0 0 0 0 0 0 0 0 0 0 0 0 0 0 0 -1
28 0
1 0 0 0 0 0 0 0 0 0 0 0 0 0 0 0 0 0 0 0 0 0
0 1 0 0 0 0 0 0 0 0 0 0 0 0 0 0 0 0 0 0 0 0
0 0 1 0 0 0 0 0 0 0 0 0 0 0 0 0 0 0 0 0 0 0
0 0 0 1 0 0 0 0 0 0 0 0 0 0 0 0 0 0 0 0 0 0
0 0 0 0 1 0 0 0 0 0 0 0 0 0 0 0 0 0 0 0 0 0
0 0 0 0 0 1 0 0 0 0 0 0 0 0 0 0 0 0 0 0 0 0
0 0 0 0 0 0 1 0 0 0 0 0 0 0 0 0 0 0 0 0 0 0
0 0 0 0 0 0 0 1 0 0 0 0 0 0 0 0 0 0 0 0 0 0
0 0 0 0 0 0 0 0 1 0 0 0 0 0 0 0 0 0 0 0 0 0
0 0 0 0 0 0 0 0 0 1 0 0 0 0 0 0 0 0 0 0 0 0
0 0 0 0 0 0 0 0 0 0 1 0 0 0 0 0 0 0 0 0 0 0
0 0 0 0 0 0 0 0 0 0 0 1 0 0 0 0 0 0 0 0 0 0
0 0 0 0 0 0 0 0 0 0 0 0 1 0 0 0 0 0 0 0 0 0
0 0 0 0 0 0 0 0 0 0 0 0 0 1 0 0 0 0 0 0 0 0
0 0 0 0 0 0 0 0 0 0 0 0 0 0 1 0 0 0 0 0 0 0
0 0 0 0 0 0 0 0 0 0 0 0 0 0 0 1 0 0 0 0 0 0
0 0 0 0 0 0 0 0 0 0 0 0 0 0 0 0 1 0 0 0 0 0
0 0 0 0 0 0 0 0 0 0 0 0 0 0 0 0 0 1 0 0 0 0
0 0 0 0 0 0 0 0 0 0 0 0 0 0 0 0 0 0 1 0 0 0
0 0 0 0 0 0 0 0 0 0 0 0 0 0 0 0 0 0 0 1 0 0
0 0 0 0 0 0 0 0 0 0 0 0 0 0 0 0 0 0 0 0 1 0
0 0 0 0 0 0 0 0 0 0 0 0 0 0 0 0 0 0 0 0 0 1
28 2589
-1 0 0 0 0 0 0 0 0 0 0 0 0 0 0 0 0 0 0 0 0 0
0 -1 0 0 0 0 0 0 0 0 0 0 0 0 0 0 0 0 0 0 0 0
0 0 -1 0 0 0 0 0 0 0 0 0 0 0 0 0 0 0 0 0 0 0
0 0 0 -1 0 0 0 0 0 0 0 0 0 0 0 0 0 0 0 0 0 0
0 0 0 0 -1 0 0 0 0 0 0 0 0 0 0 0 0 0 0 0 0 0
0 0 0 0 0 -1 0 0 0 0 0 0 0 0 0 0 0 0 0 0 0 0
0 0 0 0 0 0 -1 0 0 0 0 0 0 0 0 0 0 0 0 0 0 0
0 0 0 0 0 0 0 -1 0 0 0 0 0 0 0 0 0 0 0 0 0 0
0 0 0 0 0 0 0 0 -1 0 0 0 0 0 0 0 0 0 0 0 0 0
0 0 0 0 0 0 0 0 0 -1 0 0 0 0 0 0 0 0 0 0 0 0
0 0 0 0 0 0 0 0 0 0 -1 0 0 0 0 0 0 0 0 0 0 0
0 0 0 0 0 0 0 0 0 0 0 -1 0 0 0 0 0 0 0 0 0 0
0 0 0 0 0 0 0 0 0 0 0 0 -1 0 0 0 0 0 0 0 0 0
0 0 0 0 0 0 0 0 0 0 0 0 0 -1 0 0 0 0 0 0 0 0
0 0 0 0 0 0 0 0 0 0 0 0 0 0 -1 0 0 0 0 0 0 0
0 0 0 0 0 0 0 0 0 0 0 0 0 0 0 -1 0 0 0 0 0 0
0 0 0 0 0 0 0 0 0 0 0 0 0 0 0 0 -1 0 0 0 0 0
0 0 0 0 0 0 0 0 0 0 0 0 0 0 0 0 0 -1 0 0 0 0
0 0 0 0 0 0 0 0 0 0 0 0 0 0 0 0 0 0 -1 0 0 0
0 0 0 0 0 0 0 0 0 0 0 0 0 0 0 0 0 0 0 -1 0 0
0 0 0 0 0 0 0 0 0 0 0 0 0 0 0 0 0 0 0 0 -1 0
0 0 0 0 0 0 0 0 0 0 0 0 0 0 0 0 0 0 0 0 0 -1
29 0
1 0 0 0 0 0 0 0 0 0 0 0 0 0 0 0 0 0 0 0 0 0
0 1 0 0 0 0 0 0 0 0 0 0 0 0 0 0 0 0 0 0 0 0
0 0 1 0 0 0 0 0 0 0 0 0 0 0 0 0 0 0 0 0 0 0
0 0 0 1 0 0 0 0 0 0 0 0 0 0 0 0 0 0 0 0 0 0
0 0 0 0 1 0 0 0 0 0 0 0 0 0 0 0 0 0 0 0 0 0
0 0 0 0 0 1 0 0 0 0 0 0 0 0 0 0 0 0 0 0 0 0
0 0 0 0 0 0 1 0 0 0 0 0 0 0 0 0 0 0 0 0 0 0
0 0 0 0 0 0 0 1 0 0 0 0 0 0 0 0 0 0 0 0 0 0
0 0 0 0 0 0 0 0 1 0 0 0 0 0 0 0 0 0 0 0 0 0
0 0 0 0 0 0 0 0 0 1 0 0 0 0 0 0 0 0 0 0 0 0
0 0 0 0 0 0 0 0 0 0 1 0 0 0 0 0 0 0 0 0 0 0
0 0 0 0 0 0 0 0 0 0 0 1 0 0 0 0 0 0 0 0 0 0
0 0 0 0 0 0 0 0 0 0 0 0 1 0 0 0 0 0 0 0 0 0
0 0 0 0 0 0 0 0 0 0 0 0 0 1 0 0 0 0 0 0 0 0
0 0 0 0 0 0 0 0 0 0 0 0 0 0 1 0 0 0 0 0 0 0
0 0 0 0 0 0 0 0 0 0 0 0 0 0 0 1 0 0 0 0 0 0
0 0 0 0 0 0 0 0 0 0 0 0 0 0 0 0 1 0 0 0 0 0
0 0 0 0 0 0 0 0 0 0 0 0 0 0 0 0 0 1 0 0 0 0
0 0 0 0 0 0 0 0 0 0 0 0 0 0 0 0 0 0 1 0 0 0
0 0 0 0 0 0 0 0 0 0 0 0 0 0 0 0 0 0 0 1 0 0
0 0 0 0 0 0 0 0 0 0 0 0 0 0 0 0 0 0 0 0 1 0
0 0 0 0 0 0 0 0 0 0 0 0 0 0 0 0 0 0 0 0 0 1
29 1184
-2 0 1 -1 -1 -2 0 0 1 -1 -1 2 2 0 -1 -1 0 1 3 1 -1 0
2 0 0 1 0 1 0 1 0 0 0 0 0 0 0 1 0 1 -2 1 1 1
1 0 -1 -1 2 0 -2 0 0 0 0 -1 0 -1 1 -1 0 -1 -2 -1 1 0
-1 0 1 1 -1 -1 1 0 0 0 0 1 0 0 -1 0 0 0 2 0 -1 0
0 0 -1 -1 1 0 -1 0 0 -1 1 0 -1 0 0 -1 -1 0 -1 0 0 0
-1 0 0 0 1 -1 0 0 0 0 0 1 0 -1 0 0 1 -1 1 -1 -1 0
0 0 -1 -1 0 0 -1 0 0 -1 1 0 0 1 0 -1 -1 1 -1 1 0 0
1 1 0 1 1 1 0 0 -1 0 0 -1 -1 0 1 1 0 -1 -2 -1 0 1
0 0 0 0 -1 0 0 0 0 0 0 0 0 1 -1 0 0 1 1 1 0 0
1 0 0 1 0 2 1 0 0 1 0 -1 -1 0 1 1 0 0 -2 0 1 0
1 0 -2 0 1 1 -1 0 -1 -1 1 -1 -1 0 0 0 0 0 -3 0 1 0
-1 0 2 0 -1 -1 1 0 1 1 -2 1 2 -1 0 0 1 0 3 0 -1 0
0 0 -1 0 0 0 0 0 -1 -1 1 0 -1 0 0 0 0 0 -1 0 0 0
-1 0 1 -1 -1 -1 0 0 1 0 -1 0 1 0 0 -1 0 0 2 0 -1 0
-1 0 1 0 -1 -1 1 0 0 0 -1 1 1 0 -1 0 0 0 2 0 -1 0
1 0 -1 0 0 1 0 0 -1 0 0 -1 -1 0 0 1 0 0 -1 0 1 0
0 0 0 -1 0 0 -1 0 1 0 0 0 1 0 0 -1 0 0 0 0 0 0
0 0 -1 0 1 0 0 0 -1 -1 1 0 -1 0 0 0 -1 -1 -1 0 0 0
-1 0 0 0 0 -1 0 0 0 -1 0 1 0 0 -1 0 0 0 1 0 -1 0
1 0 0 0 0 1 0 0 1 1 0 0 0 0 0 0 0 1 -1 0 1 0
1 0 0 0 0 0 -1 0 0 0 0 -1 0 0 0 0 0 0 -1 0 0 0
0 0 -1 0 0 1 0 0 0 0 1 -1 -1 1 0 0 0 0 -1 0 0 -1
29 2589
-1 0 0 0 0 0 0 0 0 0 0 0 0 0 0 0 0 0 0 0 0 0
0 -1 0 0 0 0 0 0 0 0 0 0 0 0 0 0 0 0 0 0 0 0
0 0 -1 0 0 0 0 0 0 0 0 0 0 0 0 0 0 0 0 0 0 0
0 0 0 -1 0 0 0 0 0 0 0 0 0 0 0 0 0 0 0 0 0 0
0 0 0 0 -1 0 0 0 0 0 0 0 0 0 0 0 0 0 0 0 0 0
0 0 0 0 0 -1 0 0 0 0 0 0 0 0 0 0 0 0 0 0 0 0
0 0 0 0 0 0 -1 0 0 0 0 0 0 0 0 0 0 0 0 0 0 0
0 0 0 0 0 0 0 -1 0 0 0 0 0 0 0 0 0 0 0 0 0 0
0 0 0 0 0 0 0 0 -1 0 0 0 0 0 0 0 0 0 0 0 0 0
0 0 0 0 0 0 0 0 0 -1 0 0 0 0 0 0 0 0 0 0 0 0
0 0 0 0 0 0 0 0 0 0 -1 0 0 0 0 0 0 0 0 0 0 0
0 0 0 0 0 0 0 0 0 0 0 -1 0 0 0 0 0 0 0 0 0 0
0 0 0 0 0 0 0 0 0 0 0 0 -1 0 0 0 0 0 0 0 0 0
0 0 0 0 0 0 0 0 0 0 0 0 0 -1 0 0 0 0 0 0 0 0
0 0 0 0 0 0 0 0 0 0 0 0 0 0 -1 0 0 0 0 0 0 0
0 0 0 0 0 0 0 0 0 0 0 0 0 0 0 -1 0 0 0 0 0 0
0 0 0 0 0 0 0 0 0 0 0 0 0 0 0 0 -1 0 0 0 0 0
0 0 0 0 0 0 0 0 0 0 0 0 0 0 0 0 0 -1 0 0 0 0
0 0 0 0 0 0 0 0 0 0 0 0 0 0 0 0 0 0 -1 0 0 0
0 0 0 0 0 0 0 0 0 0 0 0 0 0 0 0 0 0 0 -1 0 0
0 0 0 0 0 0 0 0 0 0 0 0 0 0 0 0 0 0 0 0 -1 0
0 0 0 0 0 0 0 0 0 0 0 0 0 0 0 0 0 0 0 0 0 -1
29 4166
2 0 -1 1 1 2 0 0 -1 1 1 -2 -2 0 1 1 0 -1 -3 -1 1 0
-2 0 0 -1 0 -1 0 -1 0 0 0 0 0 0 0 -1 0 -1 2 -1 -1 -1
-1 0 1 1 -2 0 2 0 0 0 0 1 0 1 -1 1 0 1 2 1 -1 0
1 0 -1 -1 1 1 -1 0 0 0 0 -1 0 0 1 0 0 0 -2 0 1 0
0 0 1 1 -1 0 1 0 0 1 -1 0 1 0 0 1 1 0 1 0 0 0
1 0 0 0 -1 1 0 0 0 0 0 -1 0 1 0 0 -1 1 -1 1 1 0
0 0 1 1 0 0 1 0 0 1 -1 0 0 -1 0 1 1 -1 1 -1 0 0
-1 -1 0 -1 -1 -1 0 0 1 0 0 1 1 0 -1 -1 0 1 2 1 0 -1
0 0 0 0 1 0 0 0 0 0 0 0 0 -1 1 0 0 -1 -1 -1 0 0
-1 0 0 -1 0 -2 -1 0 0 -1 0 1 1 0 -1 -1 0 0 2 0 -1 0
-1 0 2 0 -1 -1 1 0 1 1 -1 1 1 0 0 0 0 0 3 0 -1 0
1 0 -2 0 1 1 -1 0 -1 -1 2 -1 -2 1 0 0 -1 0 -3 0 1 0
0 0 1 0 0 0 0 0 1 1 -1 0 1 0 0 0 0 0 1 0 0 0
1 0 -1 1 1 1 0 0 -1 0 1 0 -1 0 0 1 0 0 -2 0 1 0
1 0 -1 0 1 1 -1 0 0 0 1 -1 -1 0 1 0 0 0 -2 0 1 0
-1 0 1 0 0 -1 0 0 1 0 0 1 1 0 0 -1 0 0 1 0 -1 0
0 0 0 1 0 0 1 0 -1 0 0 0 -1 0 0 1 0 0 0 0 0 0
0 0 1 0 -1 0 0 0 1 1 -1 0 1 0 0 0 1 1 1 0 0 0
1 0 0 0 0 1 0 0 0 1 0 -1 0 0 1 0 0 0 -1 0 1 0
-1 0 0 0 0 -1 0 0 -1 -1 0 0 0 0 0 0 0 -1 1 0 -1 0
-1 0 0 0 0 0 1 0 0 0 0 1 0 0 0 0 0 0 1 0 0 0
0 0 1 0 0 -1 0 0 0 0 -1 1 1 -1 0 0 0 0 1 0 0 1
30 0
1 0 0 0 0 0 0 0 0 0 0 0 0 0 0 0 0 0 0 0 0 0
0 1 0 0 0 0 0 0 0 0 0 0 0 0 0 0 0 0 0 0 0 0
0 0 1 0 0 0 0 0 0 0 0 0 0 0 0 0 0 0 0 0 0 0
0 0 0 1 0 0 0 0 0 0 0 0 0 0 0 0 0 0 0 0 0 0
0 0 0 0 1 0 0 0 0 0 0 0 0 0 0 0 0 0 0 0 0 0
0 0 0 0 0 1 0 0 0 0 0 0 0 0 0 0 0 0 0 0 0 0
0 0 0 0 0 0 1 0 0 0 0 0 0 0 0 0 0 0 0 0 0 0
0 0 0 0 0 0 0 1 0 0 0 0 0 0 0 0 0 0 0 0 0 0
0 0 0 0 0 0 0 0 1 0 0 0 0 0 0 0 0 0 0 0 0 0
0 0 0 0 0 0 0 0 0 1 0 0 0 0 0 0 0 0 0 0 0 0
0 0 0 0 0 0 0 0 0 0 1 0 0 0 0 0 0 0 0 0 0 0
0 0 0 0 0 0 0 0 0 0 0 1 0 0 0 0 0 0 0 0 0 0
0 0 0 0 0 0 0 0 0 0 0 0 1 0 0 0 0 0 0 0 0 0
0 0 0 0 0 0 0 0 0 0 0 0 0 1 0 0 0 0 0 0 0 0
0 0 0 0 0 0 0 0 0 0 0 0 0 0 1 0 0 0 0 0 0 0
0 0 0 0 0 0 0 0 0 0 0 0 0 0 0 1 0 0 0 0 0 0
0 0 0 0 0 0 0 0 0 0 0 0 0 0 0 0 1 0 0 0 0 0
0 0 0 0 0 0 0 0 0 0 0 0 0 0 0 0 0 1 0 0 0 0
0 0 0 0 0 0 0 0 0 0 0 0 0 0 0 0 0 0 1 0 0 0
0 0 0 0 0 0 0 0 0 0 0 0 0 0 0 0 0 0 0 1 0 0
0 0 0 0 0 0 0 0 0 0 0 0 0 0 0 0 0 0 0 0 1 0
0 0 0 0 0 0 0 0 0 0 0 0 0 0 0 0 0 0 0 0 0 1
30 2589
-1 0 0 0 0 0 0 0 0 0 0 0 0 0 0 0 0 0 0 0 0 0
0 -1 0 0 0 0 0 0 0 0 0 0 0 0 0 0 0 0 0 0 0 0
0 0 -1 0 0 0 0 0 0 0 0 0 0 0 0 0 0 0 0 0 0 0
0 0 0 -1 0 0 0 0 0 0 0 0 0 0 0 0 0 0 0 0 0 0
0 0 0 0 -1 0 0 0 0 0 0 0 0 0 0 0 0 0 0 0 0 0
0 0 0 0 0 -1 0 0 0 0 0 0 0 0 0 0 0 0 0 0 0 0
0 0 0 0 0 0 -1 0 0 0 0 0 0 0 0 0 0 0 0 0 0 0
0 0 0 0 0 0 0 -1 0 0 0 0 0 0 0 0 0 0 0 0 0 0
0 0 0 0 0 0 0 0 -1 0 0 0 0 0 0 0 0 0 0 0 0 0
0 0 0 0 0 0 0 0 0 -1 0 0 0 0 0 0 0 0 0 0 0 0
0 0 0 0 0 0 0 0 0 0 -1 0 0 0 0 0 0 0 0 0 0 0
0 0 0 0 0 0 0 0 0 0 0 -1 0 0 0 0 0 0 0 0 0 0
0 0 0 0 0 0 0 0 0 0 0 0 -1 0 0 0 0 0 0 0 0 0
0 0 0 0 0 0 0 0 0 0 0 0 0 -1 0 0 0 0 0 0 0 0
0 0 0 0 0 0 0 0 0 0 0 0 0 0 -1 0 0 0 0 0 0 0
0 0 0 0 0 0 0 0 0 0 0 0 0 0 0 -1 0 0 0 0 0 0
0 0 0 0 0 0 0 0 0 0 0 0 0 0 0 0 -1 0 0 0 0 0
0 0 0 0 0 0 0 0 0 0 0 0 0 0 0 0 0 -1 0 0 0 0
0 0 0 0 0 0 0 0 0 0 0 0 0 0 0 0 0 0 -1 0 0 0
0 0 0 0 0 0 0 0 0 0 0 0 0 0 0 0 0 0 0 -1 0 0
0 0 0 0 0 0 0 0 0 0 0 0 0 0 0 0 0 0 0 0 -1 0
0 0 0 0 0 0 0 0 0 0 0 0 0 0 0 0 0 0 0 0 0 -1
31 0
1 0 0 0 0 0 0 0 0 0 0 0 0 0 0 0 0 0 0 0 0 0
0 1 0 0 0 0 0 0 0 0 0 0 0 0 0 0 0 0 0 0 0 0
0 0 1 0 0 0 0 0 0 0 0 0 0 0 0 0 0 0 0 0 0 0
0 0 0 1 0 0 0 0 0 0 0 0 0 0 0 0 0 0 0 0 0 0
0 0 0 0 1 0 0 0 0 0 0 0 0 0 0 0 0 0 0 0 0 0
0 0 0 0 0 1 0 0 0 0 0 0 0 0 0 0 0 0 0 0 0 0
0 0 0 0 0 0 1 0 0 0 0 0 0 0 0 0 0 0 0 0 0 0
0 0 0 0 0 0 0 1 0 0 0 0 0 0 0 0 0 0 0 0 0 0
0 0 0 0 0 0 0 0 1 0 0 0 0 0 0 0 0 0 0 0 0 0
0 0 0 0 0 0 0 0 0 1 0 0 0 0 0 0 0 0 0 0 0 0
0 0 0 0 0 0 0 0 0 0 1 0 0 0 0 0 0 0 0 0 0 0
0 0 0 0 0 0 0 0 0 0 0 1 0 0 0 0 0 0 0 0 0 0
0 0 0 0 0 0 0 0 0 0 0 0 1 0 0 0 0 0 0 0 0 0
0 0 0 0 0 0 0 0 0 0 0 0 0 1 0 0 0 0 0 0 0 0
0 0 0 0 0 0 0 0 0 0 0 0 0 0 1 0 0 0 0 0 0 0
0 0 0 0 0 0 0 0 0 0 0 0 0 0 0 1 0 0 0 0 0 0
0 0 0 0 0 0 0 0 0 0 0 0 0 0 0 0 1 0 0 0 0 0
0 0 0 0 0 0 0 0 0 0 0 0 0 0 0 0 0 1 0 0 0 0
0 0 0 0 0 0 0 0 0 0 0 0 0 0 0 0 0 0 1 0 0 0
0 0 0 0 0 0 0 0 0 0 0 0 0 0 0 0 0 0 0 1 0 0
0 0 0 0 0 0 0 0 0 0 0 0 0 0 0 0 0 0 0 0 1 0
0 0 0 0 0 0 0 0 0 0 0 0 0 0 0 0 0 0 0 0 0 1
31 2589
-1 0 0 0 0 0 0 0 0 0 0 0 0 0 0 0 0 0 0 0 0 0
0 -1 0 0 0 0 0 0 0 0 0 0 0 0 0 0 0 0 0 0 0 0
0 0 -1 0 0 0 0 0 0 0 0 0 0 0 0 0 0 0 0 0 0 0
0 0 0 -1 0 0 0 0 0 0 0 0 0 0 0 0 0 0 0 0 0 0
0 0 0 0 -1 0 0 0 0 0 0 0 0 0 0 0 0 0 0 0 0 0
0 0 0 0 0 -1 0 0 0 0 0 0 0 0 0 0 0 0 0 0 0 0
0 0 0 0 0 0 -1 0 0 0 0 0 0 0 0 0 0 0 0 0 0 0
0 0 0 0 0 0 0 -1 0 0 0 0 0 0 0 0 0 0 0 0 0 0
0 0 0 0 0 0 0 0 -1 0 0 0 0 0 0 0 0 0 0 0 0 0
0 0 0 0 0 0 0 0 0 -1 0 0 0 0 0 0 0 0 0 0 0 0
0 0 0 0 0 0 0 0 0 0 -1 0 0 0 0 0 0 0 0 0 0 0
0 0 0 0 0 0 0 0 0 0 0 -1 0 0 0 0 0 0 0 0 0 0
0 0 0 0 0 0 0 0 0 0 0 0 -1 0 0 0 0 0 0 0 0 0
0 0 0 0 0 0 0 0 0 0 0 0 0 -1 0 0 0 0 0 0 0 0
0 0 0 0 0 0 0 0 0 0 0 0 0 0 -1 0 0 0 0 0 0 0
0 0 0 0 0 0 0 0 0 0 0 0 0 0 0 -1 0 0 0 0 0 0
0 0 0 0 0 0 0 0 0 0 0 0 0 0 0 0 -1 0 0 0 0 0
0 0 0 0 0 0 0 0 0 0 0 0 0 0 0 0 0 -1 0 0 0 0
0 0 0 0 0 0 0 0 0 0 0 0 0 0 0 0 0 0 -1 0 0 0
0 0 0 0 0 0 0 0 0 0 0 0 0 0 0 0 0 0 0 -1 0 0
0 0 0 0 0 0 0 0 0 0 0 0 0 0 0 0 0 0 0 0 -1 0
0 0 0 0 0 0 0 0 0 0 0 0 0 0 0 0 0 0 0 0 0 -1
31 6912
0 2 1 -1 0 -1 -2 -1 0 -1 -1 1 0 0 -1 0 -1 1 1 -1 0 2
0 -1 0 1 0 0 0 0 1 0 1 0 1 -1 1 0 1 -1 -2 0 0 0
0 -1 0 0 0 0 1 0 0 0 0 -1 0 -1 1 0 0 -2 1 0 1 0
0 1 0 0 0 0 -1 0 0 0 0 1 0 1 -1 0 0 2 0 0 0 0
0 -1 -1 0 0 0 0 0 0 0 1 -1 -1 0 0 0 1 0 0 0 0 -1
0 0 0 0 0 0 1 1 0 0 -1 1 0 0 -1 1 0 0 1 0 0 0
0 0 0 0 0 0 -1 -1 0 0 1 -1 0 0 1 0 1 0 0 0 0 0
0 -2 -1 1 0 0 1 1 0 0 1 0 0 -1 0 0 1 -1 -1 1 0 -1
0 1 0 0 1 0 -1 -1 0 0 0 0 0 0 0 0 0 0 -1 -1 0 0
-1 -1 -1 0 0 0 1 0 0 0 1 0 0 0 0 -1 0 -1 -1 0 -1 -1
0 -2 -1 1 0 0 1 0 0 0 2 0 0 -1 0 0 1 -1 -1 1 0 -1
0 2 2 0 0 0 0 0 0 0 -2 1 0 0 0 0 -2 0 1 -1 0 2
0 -1 -1 0 -1 0 0 0 0 0 1 0 0 0 -1 0 1 1 0 1 0 -1
0 2 1 0 0 0 -1 -1 -1 0 -1 -1 -1 1 0 0 -1 0 1 -1 0 1
0 1 1 0 0 0 0 0 0 0 -1 1 0 0 0 0 -1 1 0 0 0 1
0 -1 -1 0 0 1 1 0 0 0 1 0 0 0 0 0 0 0 -1 1 0 -1
0 1 1 0 0 0 0 0 0 0 -1 -1 0 0 1 0 0 -1 1 -1 0 1
0 -1 -1 0 0 0 0 0 0 0 1 0 0 0 0 0 1 1 0 1 0 -1
0 0 0 0 0 0 0 0 0 0 0 1 0 0 -1 0 0 1 0 0 0 0
0 0 0 0 0 0 0 0 0 0 0 -1 0 0 1 0 0 -1 -1 -1 0 0
0 0 1 1 0 0 0 0 0 0 0 -1 0 0 1 0 0 -1 0 0 0 0
0 0 -1 0 0 0 0 0 -1 0 1 -1 -1 1 0 0 1 0 0 0 -1 -1
31 9670
0 -2 -1 1 0 1 2 1 0 1 1 -1 0 0 1 0 1 -1 -1 1 0 -2
0 1 0 -1 0 0 0 0 -1 0 -1 0 -1 1 -1 0 -1 1 2 0 0 0
0 1 0 0 0 0 -1 0 0 0 0 1 0 1 -1 0 0 2 -1 0 -1 0
0 -1 0 0 0 0 1 0 0 0 0 -1 0 -1 1 0 0 -2 0 0 0 0
0 1 1 0 0 0 0 0 0 0 -1 1 1 0 0 0 -1 0 0 0 0 1
0 0 0 0 0 0 -1 -1 0 0 1 -1 0 0 1 -1 0 0 -1 0 0 0
0 0 0 0 0 0 1 1 0 0 -1 1 0 0 -1 0 -1 0 0 0 0 0
0 2 1 -1 0 0 -1 -1 0 0 -1 0 0 1 0 0 -1 1 1 -1 0 1
0 -1 0 0 -1 0 1 1 0 0 0 0 0 0 0 0 0 0 1 1 0 0
1 1 1 0 0 0 -1 0 0 0 -1 0 0 0 0 1 0 1 1 0 1 1
0 2 1 -1 0 0 -1 0 0 0 -2 0 0 1 0 0 -1 1 1 -1 0 1
0 -2 -2 0 0 0 0 0 0 0 2 -1 0 0 0 0 2 0 -1 1 0 -2
0 1 1 0 1 0 0 0 0 0 -1 0 0 0 1 0 -1 -1 0 -1 0 1
0 -2 -1 0 0 0 1 1 1 0 1 1 1 -1 0 0 1 0 -1 1 0 -1
0 -1 -1 0 0 0 0 0 0 0 1 -1 0 0 0 0 1 -1 0 0 0 -1
0 1 1 0 0 -1 -1 0 0 0 -1 0 0 0 0 0 0 0 1 -1 0 1
0 -1 -1 0 0 0 0 0 0 0 1 1 0 0 -1 0 0 1 -1 1 0 -1
0 1 1 0 0 0 0 0 0 0 -1 0 0 0 0 0 -1 -1 0 -1 0 1
0 0 0 0 0 0 0 0 0 0 0 -1 0 0 1 0 0 -1 0 0 0 0
0 0 0 0 0 0 0 0 0 0 0 1 0 0 -1 0 0 1 1 1 0 0
0 0 -1 -1 0 0 0 0 0 0 0 1 0 0 -1 0 0 1 0 0 0 0
0 0 1 0 0 0 0 0 1 0 -1 1 1 -1 0 0 -1 0 0 0 1 1
32 0
1 0 0 0 0 0 0 0 0 0 0 0 0 0 0 0 0 0 0 0 0 0
0 1 0 0 0 0 0 0 0 0 0 0 0 0 0 0 0 0 0 0 0 0
0 0 1 0 0 0 0 0 0 0 0 0 0 0 0 0 0 0 0 0 0 0
0 0 0 1 0 0 0 0 0 0 0 0 0 0 0 0 0 0 0 0 0 0
0 0 0 0 1 0 0 0 0 0 0 0 0 0 0 0 0 0 0 0 0 0
0 0 0 0 0 1 0 0 0 0 0 0 0 0 0 0 0 0 0 0 0 0
0 0 0 0 0 0 1 0 0 0 0 0 0 0 0 0 0 0 0 0 0 0
0 0 0 0 0 0 0 1 0 0 0 0 0 0 0 0 0 0 0 0 0 0
0 0 0 0 0 0 0 0 1 0 0 0 0 0 0 0 0 0 0 0 0 0
0 0 0 0 0 0 0 0 0 1 0 0 0 0 0 0 0 0 0 0 0 0
0 0 0 0 0 0 0 0 0 0 1 0 0 0 0 0 0 0 0 0 0 0
0 0 0 0 0 0 0 0 0 0 0 1 0 0 0 0 0 0 0 0 0 0
0 0 0 0 0 0 0 0 0 0 0 0 1 0 0 0 0 0 0 0 0 0
0 0 0 0 0 0 0 0 0 0 0 0 0 1 0 0 0 0 0 0 0 0
0 0 0 0 0 0 0 0 0 0 0 0 0 0 1 0 0 0 0 0 0 0
0 0 0 0 0 0 0 0 0 0 0 0 0 0 0 1 0 0 0 0 0 0
0 0 0 0 0 0 0 0 0 0 0 0 0 0 0 0 1 0 0 0 0 0
0 0 0 0 0 0 0 0 0 0 0 0 0 0 0 0 0 1 0 0 0 0
0 0 0 0 0 0 0 0 0 0 0 0 0 0 0 0 0 0 1 0 0 0
0 0 0 0 0 0 0 0 0 0 0 0 0 0 0 0 0 0 0 1 0 0
0 0 0 0 0 0 0 0 0 0 0 0 0 0 0 0 0 0 0 0 1 0
0 0 0 0 0 0 0 0 0 0 0 0 0 0 0 0 0 0 0 0 0 1
32 2589
-1 0 0 0 0 0 0 0 0 0 0 0 0 0 0 0 0 0 0 0 0 0
0 -1 0 0 0 0 0 0 0 0 0 0 0 0 0 0 0 0 0 0 0 0
0 0 -1 0 0 0 0 0 0 0 0 0 0 0 0 0 0 0 0 0 0 0
0 0 0 -1 0 0 0 0 0 0 0 0 0 0 0 0 0 0 0 0 0 0
0 0 0 0 -1 0 0 0 0 0 0 0 0 0 0 0 0 0 0 0 0 0
0 0 0 0 0 -1 0 0 0 0 0 0 0 0 0 0 0 0 0 0 0 0
0 0 0 0 0 0 -1 0 0 0 0 0 0 0 0 0 0 0 0 0 0 0
0 0 0 0 0 0 0 -1 0 0 0 0 0 0 0 0 0 0 0 0 0 0
0 0 0 0 0 0 0 0 -1 0 0 0 0 0 0 0 0 0 0 0 0 0
0 0 0 0 0 0 0 0 0 -1 0 0 0 0 0 0 0 0 0 0 0 0
0 0 0 0 0 0 0 0 0 0 -1 0 0 0 0 0 0 0 0 0 0 0
0 0 0 0 0 0 0 0 0 0 0 -1 0 0 0 0 0 0 0 0 0 0
0 0 0 0 0 0 0 0 0 0 0 0 -1 0 0 0 0 0 0 0 0 0
0 0 0 0 0 0 0 0 0 0 0 0 0 -1 0 0 0 0 0 0 0 0
0 0 0 0 0 0 0 0 0 0 0 0 0 0 -1 0 0 0 0 0 0 0
0 0 0 0 0 0 0 0 0 0 0 0 0 0 0 -1 0 0 0 0 0 0
0 0 0 0 0 0 0 0 0 0 0 0 0 0 0 0 -1 0 0 0 0 0
0 0 0 0 0 0 0 0 0 0 0 0 0 0 0 0 0 -1 0 0 0 0
0 0 0 0 0 0 0 0 0 0 0 0 0 0 0 0 0 0 -1 0 0 0
0 0 0 0 0 0 0 0 0 0 0 0 0 0 0 0 0 0 0 -1 0 0
0 0 0 0 0 0 0 0 0 0 0 0 0 0 0 0 0 0 0 0 -1 0
0 0 0 0 0 0 0 0 0 0 0 0 0 0 0 0 0 0 0 0 0 -1
32 10557
0 -1 1 3 1 1 1 0 1 1 1 0 -1 -1 1 1 0 -1 -1 0 1 -1
0 2 1 0 0 0 -2 -1 0 0 -1 -1 0 1 0 0 0 1 0 -1 -1 1
1 -1 0 -3 -3 0 0 2 1 -1 -2 0 2 0 0 0 0 3 1 3 0 1
0 0 0 2 2 0 0 -1 0 1 1 0 -1 -1 0 0 0 -2 -1 -2 1 -1
0 -1 0 -1 -1 -1 0 1 0 0 0 0 0 0 0 -1 0 1 1 1 -1 0
1 -1 -1 0 -1 1 1 1 0 0 1 0 -1 0 -1 0 0 0 0 1 1 0
-1 0 1 -1 0 -1 -1 0 1 0 -1 0 1 0 1 -1 0 1 1 0 -1 0
1 1 0 -1 -1 0 -1 0 -1 0 -1 -1 0 1 -1 0 0 1 1 0 0 1
-1 1 1 1 1 0 0 -1 0 0 0 0 0 0 1 0 0 -1 0 -1 -1 0
0 1 0 0 0 0 0 0 -1 0 0 0 0 1 0 0 0 0 0 0 -1 1
0 1 1 -2 -1 -1 -2 0 0 -1 -1 0 1 1 0 -1 -1 2 2 1 -1 2
1 -1 -1 2 0 2 2 0 0 1 1 0 -1 -1 0 2 1 -1 -2 0 2 -1
0 0 1 0 0 -1 -1 0 0 0 0 0 0 0 0 -1 -1 0 1 0 0 1
0 -1 0 1 0 1 2 0 0 1 0 0 0 -1 1 1 0 -1 -1 0 1 -1
0 0 0 2 1 1 1 -1 0 1 1 0 -1 0 0 1 0 -1 -1 -1 1 -1
0 1 0 -1 0 -1 -1 0 -1 -1 0 0 0 1 0 0 0 0 1 0 -1 1
0 -1 0 -1 -1 0 1 1 1 0 -1 1 1 -1 0 0 0 1 0 1 0 0
0 0 0 -1 0 -1 -1 0 0 0 0 0 0 0 0 -1 0 1 1 0 0 0
0 0 0 1 1 0 0 0 0 0 1 0 -1 0 0 0 0 -1 0 -1 0 0
0 0 0 0 0 0 0 0 0 0 0 0 0 0 0 0 0 0 -1 0 -1 0
0 0 0 -1 -1 0 0 0 0 0 -1 0 1 0 0 0 0 1 0 0 0 0
-1 0 0 -1 0 -1 0 0 0 0 0 1 1 0 0 -1 0 0 1 0 -1 0
32 11984
0 1 -1 -3 -1 -1 -1 0 -1 -1 -1 0 1 1 -1 -1 0 1 1 0 -1 1
0 -2 -1 0 0 0 2 1 0 0 1 1 0 -1 0 0 0 -1 0 1 1 -1
-1 1 0 3 3 0 0 -2 -1 1 2 0 -2 0 0 0 0 -3 -1 -3 0 -1
0 0 0 -2 -2 0 0 1 0 -1 -1 0 1 1 0 0 0 2 1 2 -1 1
0 1 0 1 1 1 0 -1 0 0 0 0 0 0 0 1 0 -1 -1 -1 1 0
-1 1 1 0 1 -1 -1 -1 0 0 -1 0 1 0 1 0 0 0 0 -1 -1 0
1 0 -1 1 0 1 1 0 -1 0 1 0 -1 0 -1 1 0 -1 -1 0 1 0
-1 -1 0 1 1 0 1 0 1 0 1 1 0 -1 1 0 0 -1 -1 0 0 -1
1 -1 -1 -1 -1 0 0 1 0 0 0 0 0 0 -1 0 0 1 0 1 1 0
0 -1 0 0 0 0 0 0 1 0 0 0 0 -1 0 0 0 0 0 0 1 -1
0 -1 -1 2 1 1 2 0 0 1 1 0 -1 -1 0 1 1 -2 -2 -1 1 -2
-1 1 1 -2 0 -2 -2 0 0 -1 -1 0 1 1 0 -2 -1 1 2 0 -2 1
0 0 -1 0 0 1 1 0 0 0 0 0 0 0 0 1 1 0 -1 0 0 -1
0 1 0 -1 0 -1 -2 0 0 -1 0 0 0 1 -1 -1 0 1 1 0 -1 1
0 0 0 -2 -1 -1 -1 1 0 -1 -1 0 1 0 0 -1 0 1 1 1 -1 1
0 -1 0 1 0 1 1 0 1 1 0 0 0 -1 0 0 0 0 -1 0 1 -1
0 1 0 1 1 0 -1 -1 -1 0 1 -1 -1 1 0 0 0 -1 0 -1 0 0
0 0 0 1 0 1 1 0 0 0 0 0 0 0 0 1 0 -1 -1 0 0 0
0 0 0 -1 -1 0 0 0 0 0 -1 0 1 0 0 0 0 1 0 1 0 0
0 0 0 0 0 0 0 0 0 0 0 0 0 0 0 0 0 0 1 0 1 0
0 0 0 1 1 0 0 0 0 0 1 0 -1 0 0 0 0 -1 0 0 0 0
1 0 0 1 0 1 0 0 0 0 0 -1 -1 0 0 1 0 0 -1 0 1 0
33 0
1 0 0 0 0 0 0 0 0 0 0 0 0 0 0 0 0 0 0 0 0 0
0 1 0 0 0 0 0 0 0 0 0 0 0 0 0 0 0 0 0 0 0 0
0 0 1 0 0 0 0 0 0 0 0 0 0 0 0 0 0 0 0 0 0 0
0 0 0 1 0 0 0 0 0 0 0 0 0 0 0 0 0 0 0 0 0 0
0 0 0 0 1 0 0 0 0 0 0 0 0 0 0 0 0 0 0 0 0 0
0 0 0 0 0 1 0 0 0 0 0 0 0 0 0 0 0 0 0 0 0 0
0 0 0 0 0 0 1 0 0 0 0 0 0 0 0 0 0 0 0 0 0 0
0 0 0 0 0 0 0 1 0 0 0 0 0 0 0 0 0 0 0 0 0 0
0 0 0 0 0 0 0 0 1 0 0 0 0 0 0 0 0 0 0 0 0 0
0 0 0 0 0 0 0 0 0 1 0 0 0 0 0 0 0 0 0 0 0 0
0 0 0 0 0 0 0 0 0 0 1 0 0 0 0 0 0 0 0 0 0 0
0 0 0 0 0 0 0 0 0 0 0 1 0 0 0 0 0 0 0 0 0 0
0 0 0 0 0 0 0 0 0 0 0 0 1 0 0 0 0 0 0 0 0 0
0 0 0 0 0 0 0 0 0 0 0 0 0 1 0 0 0 0 0 0 0 0
0 0 0 0 0 0 0 0 0 0 0 0 0 0 1 0 0 0 0 0 0 0
0 0 0 0 0 0 0 0 0 0 0 0 0 0 0 1 0 0 0 0 0 0
0 0 0 0 0 0 0 0 0 0 0 0 0 0 0 0 1 0 0 0 0 0
0 0 0 0 0 0 0 0 0 0 0 0 0 0 0 0 0 1 0 0 0 0
0 0 0 0 0 0 0 0 0 0 0 0 0 0 0 0 0 0 1 0 0 0
0 0 0 0 0 0 0 0 0 0 0 0 0 0 0 0 0 0 0 1 0 0
0 0 0 0 0 0 0 0 0 0 0 0 0 0 0 0 0 0 0 0 1 0
0 0 0 0 0 0 0 0 0 0 0 0 0 0 0 0 0 0 0 0 0 1
33 2589
-1 0 0 0 0 0 0 0 0 0 0 0 0 0 0 0 0 0 0 0 0 0
0 -1 0 0 0 0 0 0 0 0 0 0 0 0 0 0 0 0 0 0 0 0
0 0 -1 0 0 0 0 0 0 0 0 0 0 0 0 0 0 0 0 0 0 0
0 0 0 -1 0 0 0 0 0 0 0 0 0 0 0 0 0 0 0 0 0 0
0 0 0 0 -1 0 0 0 0 0 0 0 0 0 0 0 0 0 0 0 0 0
0 0 0 0 0 -1 0 0 0 0 0 0 0 0 0 0 0 0 0 0 0 0
0 0 0 0 0 0 -1 0 0 0 0 0 0 0 0 0 0 0 0 0 0 0
0 0 0 0 0 0 0 -1 0 0 0 0 0 0 0 0 0 0 0 0 0 0
0 0 0 0 0 0 0 0 -1 0 0 0 0 0 0 0 0 0 0 0 0 0
0 0 0 0 0 0 0 0 0 -1 0 0 0 0 0 0 0 0 0 0 0 0
0 0 0 0 0 0 0 0 0 0 -1 0 0 0 0 0 0 0 0 0 0 0
0 0 0 0 0 0 0 0 0 0 0 -1 0 0 0 0 0 0 0 0 0 0
0 0 0 0 0 0 0 0 0 0 0 0 -1 0 0 0 0 0 0 0 0 0
0 0 0 0 0 0 0 0 0 0 0 0 0 -1 0 0 0 0 0 0 0 0
0 0 0 0 0 0 0 0 0 0 0 0 0 0 -1 0 0 0 0 0 0 0
0 0 0 0 0 0 0 0 0 0 0 0 0 0 0 -1 0 0 0 0 0 0
0 0 0 0 0 0 0 0 0 0 0 0 0 0 0 0 -1 0 0 0 0 0
0 0 0 0 0 0 0 0 0 0 0 0 0 0 0 0 0 -1 0 0 0 0
0 0 0 0 0 0 0 0 0 0 0 0 0 0 0 0 0 0 -1 0 0 0
0 0 0 0 0 0 0 0 0 0 0 0 0 0 0 0 0 0 0 -1 0 0
0 0 0 0 0 0 0 0 0 0 0 0 0 0 0 0 0 0 0 0 -1 0
0 0 0 0 0 0 0 0 0 0 0 0 0 0 0 0 0 0 0 0 0 -1
33 11490
0 -1 -1 -2 1 -3 -2 1 -1 -3 0 1 0 -1 -2 -1 -1 0 1 0 0 0
2 -1 1 2 0 1 2 1 0 2 -1 0 -1 -2 0 2 0 -1 -1 0 1 0
1 2 1 1 -2 3 1 -2 -1 2 0 -2 0 2 1 2 1 0 0 0 0 0
-1 -1 -1 -1 1 -2 -1 1 0 -2 0 1 0 -1 -1 -2 -1 0 0 0 0 0
0 1 0 0 0 1 1 -1 -1 1 0 0 0 1 1 1 0 0 0 0 0 0
-1 1 0 0 1 -1 -2 -1 0 -1 1 0 0 1 0 -1 0 0 0 0 -1 0
1 0 0 0 -1 1 2 0 -1 1 -1 0 0 0 0 2 0 0 0 0 1 0
1 0 1 2 0 1 1 0 0 2 0 -1 -1 0 1 1 0 -1 -1 0 0 0
0 -1 -1 -1 0 -1 0 1 0 -1 0 1 0 -1 -1 0 0 0 0 0 0 0
0 0 1 1 0 1 1 0 1 2 0 0 0 0 1 0 0 0 0 0 0 0
2 0 1 1 -1 2 2 0 0 3 -1 -1 -1 0 1 2 0 0 -1 0 1 0
-1 0 -1 -1 1 -2 -3 0 0 -3 1 0 0 0 -2 -2 0 0 1 0 -1 0
0 0 1 0 0 0 1 0 0 1 -1 0 0 0 1 0 -1 0 0 0 0 0
-1 0 -1 -1 0 -1 -1 0 -1 -2 1 0 0 1 -1 -1 0 0 1 0 -1 0
0 -1 -1 -1 1 -2 -2 1 0 -2 0 0 0 -1 -1 -1 0 0 0 0 0 0
0 0 0 0 0 1 1 0 1 1 0 0 0 0 1 0 0 0 -1 0 0 0
0 1 0 0 -1 1 0 -1 -1 0 0 -1 0 1 0 1 1 0 1 0 0 0
0 0 0 0 0 1 1 -1 0 1 0 0 0 0 1 0 -1 0 -1 0 1 0
0 -1 -1 -1 1 -2 -1 1 0 -1 0 1 0 -1 -1 -1 0 0 0 0 0 0
0 0 0 1 0 1 1 0 0 1 0 0 0 0 0 1 1 0 0 0 0 -1
1 0 0 1 -1 1 1 0 -1 1 0 -1 -1 0 0 1 1 0 0 0 0 0
-1 1 0 0 0 1 1 -1 0 1 0 0 0 1 1 0 0 0 0 -1 0 0
33 11604
0 1 1 2 -1 3 2 -1 1 3 0 -1 0 1 2 1 1 0 -1 0 0 0
-2 1 -1 -2 0 -1 -2 -1 0 -2 1 0 1 2 0 -2 0 1 1 0 -1 0
-1 -2 -1 -1 2 -3 -1 2 1 -2 0 2 0 -2 -1 -2 -1 0 0 0 0 0
1 1 1 1 -1 2 1 -1 0 2 0 -1 0 1 1 2 1 0 0 0 0 0
0 -1 0 0 0 -1 -1 1 1 -1 0 0 0 -1 -1 -1 0 0 0 0 0 0
1 -1 0 0 -1 1 2 1 0 1 -1 0 0 -1 0 1 0 0 0 0 1 0
-1 0 0 0 1 -1 -2 0 1 -1 1 0 0 0 0 -2 0 0 0 0 -1 0
-1 0 -1 -2 0 -1 -1 0 0 -2 0 1 1 0 -1 -1 0 1 1 0 0 0
0 1 1 1 0 1 0 -1 0 1 0 -1 0 1 1 0 0 0 0 0 0 0
0 0 -1 -1 0 -1 -1 0 -1 -2 0 0 0 0 -1 0 0 0 0 0 0 0
-2 0 -1 -1 1 -2 -2 0 0 -3 1 1 1 0 -1 -2 0 0 1 0 -1 0
1 0 1 1 -1 2 3 0 0 3 -1 0 0 0 2 2 0 0 -1 0 1 0
0 0 -1 0 0 0 -1 0 0 -1 1 0 0 0 -1 0 1 0 0 0 0 0
1 0 1 1 0 1 1 0 1 2 -1 0 0 -1 1 1 0 0 -1 0 1 0
0 1 1 1 -1 2 2 -1 0 2 0 0 0 1 1 1 0 0 0 0 0 0
0 0 0 0 0 -1 -1 0 -1 -1 0 0 0 0 -1 0 0 0 1 0 0 0
0 -1 0 0 1 -1 0 1 1 0 0 1 0 -1 0 -1 -1 0 -1 0 0 0
0 0 0 0 0 -1 -1 1 0 -1 0 0 0 0 -1 0 1 0 1 0 -1 0
0 1 1 1 -1 2 1 -1 0 1 0 -1 0 1 1 1 0 0 0 0 0 0
0 0 0 -1 0 -1 -1 0 0 -1 0 0 0 0 0 -1 -1 0 0 0 0 1
-1 0 0 -1 1 -1 -1 0 1 -1 0 1 1 0 0 -1 -1 0 0 0 0 0
1 -1 0 0 0 -1 -1 1 0 -1 0 0 0 -1 -1 0 0 0 0 1 0 0
34 0
1 0 0 0 0 0 0 0 0 0 0 0 0 0 0 0 0 0 0 0 0 0
0 1 0 0 0 0 0 0 0 0 0 0 0 0 0 0 0 0 0 0 0 0
0 0 1 0 0 0 0 0 0 0 0 0 0 0 0 0 0 0 0 0 0 0
0 0 0 1 0 0 0 0 0 0 0 0 0 0 0 0 0 0 0 0 0 0
0 0 0 0 1 0 0 0 0 0 0 0 0 0 0 0 0 0 0 0 0 0
0 0 0 0 0 1 0 0 0 0 0 0 0 0 0 0 0 0 0 0 0 0
0 0 0 0 0 0 1 0 0 0 0 0 0 0 0 0 0 0 0 0 0 0
0 0 0 0 0 0 0 1 0 0 0 0 0 0 0 0 0 0 0 0 0 0
0 0 0 0 0 0 0 0 1 0 0 0 0 0 0 0 0 0 0 0 0 0
0 0 0 0 0 0 0 0 0 1 0 0 0 0 0 0 0 0 0 0 0 0
0 0 0 0 0 0 0 0 0 0 1 0 0 0 0 0 0 0 0 0 0 0
0 0 0 0 0 0 0 0 0 0 0 1 0 0 0 0 0 0 0 0 0 0
0 0 0 0 0 0 0 0 0 0 0 0 1 0 0 0 0 0 0 0 0 0
0 0 0 0 0 0 0 0 0 0 0 0 0 1 0 0 0 0 0 0 0 0
0 0 0 0 0 0 0 0 0 0 0 0 0 0 1 0 0 0 0 0 0 0
0 0 0 0 0 0 0 0 0 0 0 0 0 0 0 1 0 0 0 0 0 0
0 0 0 0 0 0 0 0 0 0 0 0 0 0 0 0 1 0 0 0 0 0
0 0 0 0 0 0 0 0 0 0 0 0 0 0 0 0 0 1 0 0 0 0
0 0 0 0 0 0 0 0 0 0 0 0 0 0 0 0 0 0 1 0 0 0
0 0 0 0 0 0 0 0 0 0 0 0 0 0 0 0 0 0 0 1 0 0
0 0 0 0 0 0 0 0 0 0 0 0 0 0 0 0 0 0 0 0 1 0
0 0 0 0 0 0 0 0 0 0 0 0 0 0 0 0 0 0 0 0 0 1
34 11
-2 0 1 1 1 -1 0 1 2 0 0 2 2 0 0 -1 1 0 1 0 -1 0
1 -2 0 1 0 1 2 0 0 1 1 0 0 -1 1 1 -1 -1 -2 1 1 -1
1 1 0 0 -1 3 1 -2 0 2 0 -1 -1 1 0 0 -2 1 -2 0 1 0
-1 0 0 0 1 -2 -1 1 0 -1 0 1 1 0 0 0 2 0 2 0 -1 0
1 0 0 1 -1 1 1 0 -1 1 0 -1 -1 0 0 0 0 0 -1 0 0 0
-1 1 0 -1 0 0 -1 0 0 -1 0 0 0 1 0 -1 0 1 1 0 -1 0
1 -1 0 1 -1 1 2 0 0 2 0 0 0 -1 0 0 0 0 -1 0 1 0
1 0 0 0 0 1 1 0 -1 0 0 -1 -1 0 1 1 -1 -1 -1 0 0 0
0 -1 0 0 0 -1 0 1 1 0 0 1 1 -1 0 0 1 0 0 0 0 0
1 0 0 0 0 0 0 0 -1 -1 0 -1 -1 0 0 1 -1 -1 -1 0 0 0
1 0 0 1 -1 2 2 -1 -1 1 1 -1 -1 0 1 1 -1 -1 -2 0 0 0
-2 1 1 -1 1 -1 -2 0 2 -1 -1 1 2 1 0 -1 0 1 2 0 0 0
0 0 0 1 0 0 1 0 -1 0 1 0 -1 0 0 0 0 -1 0 0 -1 0
-1 1 1 0 1 -1 -1 0 1 0 -1 1 1 0 0 -1 0 0 1 -1 0 1
-1 0 0 0 1 -1 -1 1 1 -1 0 1 1 0 0 0 1 0 1 0 0 0
1 0 0 0 -1 0 0 0 -1 0 0 -1 -1 0 0 1 0 0 0 0 0 0
0 0 0 0 0 1 0 -1 1 1 0 0 0 0 0 -1 -1 1 -1 0 1 0
1 0 0 1 -1 1 1 0 -1 1 0 -1 -1 0 0 1 1 0 0 0 0 0
-1 0 0 0 0 -1 0 1 0 -1 0 1 1 0 0 0 1 0 1 0 -1 0
1 -1 0 0 0 0 0 0 0 0 0 0 0 -1 0 0 -1 0 -1 1 1 0
0 0 0 0 0 1 1 -1 0 1 0 0 0 0 1 0 -1 0 -1 0 1 0
1 0 0 0 -1 0 0 0 -1 0 0 -1 -1 0 0 0 0 0 0 0 0 1
34 1356
2 0 -1 -1 -1 1 0 -1 -2 0 0 -2 -2 0 0 1 -1 0 -1 0 1 0
-1 2 0 -1 0 -1 -2 0 0 -1 -1 0 0 1 -1 -1 1 1 2 -1 -1 1
-1 -1 0 0 1 -3 -1 2 0 -2 0 1 1 -1 0 0 2 -1 2 0 -1 0
1 0 0 0 -1 2 1 -1 0 1 0 -1 -1 0 0 0 -2 0 -2 0 1 0
-1 0 0 -1 1 -1 -1 0 1 -1 0 1 1 0 0 0 0 0 1 0 0 0
1 -1 0 1 0 0 1 0 0 1 0 0 0 -1 0 1 0 -1 -1 0 1 0
-1 1 0 -1 1 -1 -2 0 0 -2 0 0 0 1 0 0 0 0 1 0 -1 0
-1 0 0 0 0 -1 -1 0 1 0 0 1 1 0 -1 -1 1 1 1 0 0 0
0 1 0 0 0 1 0 -1 -1 0 0 -1 -1 1 0 0 -1 0 0 0 0 0
-1 0 0 0 0 0 0 0 1 1 0 1 1 0 0 -1 1 1 1 0 0 0
-1 0 0 -1 1 -2 -2 1 1 -1 -1 1 1 0 -1 -1 1 1 2 0 0 0
2 -1 -1 1 -1 1 2 0 -2 1 1 -1 -2 -1 0 1 0 -1 -2 0 0 0
0 0 0 -1 0 0 -1 0 1 0 -1 0 1 0 0 0 0 1 0 0 1 0
1 -1 -1 0 -1 1 1 0 -1 0 1 -1 -1 0 0 1 0 0 -1 1 0 -1
1 0 0 0 -1 1 1 -1 -1 1 0 -1 -1 0 0 0 -1 0 -1 0 0 0
-1 0 0 0 1 0 0 0 1 0 0 1 1 0 0 -1 0 0 0 0 0 0
0 0 0 0 0 -1 0 1 -1 -1 0 0 0 0 0 1 1 -1 1 0 -1 0
-1 0 0 -1 1 -1 -1 0 1 -1 0 1 1 0 0 -1 -1 0 0 0 0 0
1 0 0 0 0 1 0 -1 0 1 0 -1 -1 0 0 0 -1 0 -1 0 1 0
-1 1 0 0 0 0 0 0 0 0 0 0 0 1 0 0 1 0 1 -1 -1 0
0 0 0 0 0 -1 -1 1 0 -1 0 0 0 0 -1 0 1 0 1 0 -1 0
-1 0 0 0 1 0 0 0 1 0 0 1 1 0 0 0 0 0 0 0 0 -1
34 2589
-1 0 0 0 0 0 0 0 0 0 0 0 0 0 0 0 0 0 0 0 0 0
0 -1 0 0 0 0 0 0 0 0 0 0 0 0 0 0 0 0 0 0 0 0
0 0 -1 0 0 0 0 0 0 0 0 0 0 0 0 0 0 0 0 0 0 0
0 0 0 -1 0 0 0 0 0 0 0 0 0 0 0 0 0 0 0 0 0 0
0 0 0 0 -1 0 0 0 0 0 0 0 0 0 0 0 0 0 0 0 0 0
0 0 0 0 0 -1 0 0 0 0 0 0 0 0 0 0 0 0 0 0 0 0
0 0 0 0 0 0 -1 0 0 0 0 0 0 0 0 0 0 0 0 0 0 0
0 0 0 0 0 0 0 -1 0 0 0 0 0 0 0 0 0 0 0 0 0 0
0 0 0 0 0 0 0 0 -1 0 0 0 0 0 0 0 0 0 0 0 0 0
0 0 0 0 0 0 0 0 0 -1 0 0 0 0 0 0 0 0 0 0 0 0
0 0 0 0 0 0 0 0 0 0 -1 0 0 0 0 0 0 0 0 0 0 0
0 0 0 0 0 0 0 0 0 0 0 -1 0 0 0 0 0 0 0 0 0 0
0 0 0 0 0 0 0 0 0 0 0 0 -1 0 0 0 0 0 0 0 0 0
0 0 0 0 0 0 0 0 0 0 0 0 0 -1 0 0 0 0 0 0 0 0
0 0 0 0 0 0 0 0 0 0 0 0 0 0 -1 0 0 0 0 0 0 0
0 0 0 0 0 0 0 0 0 0 0 0 0 0 0 -1 0 0 0 0 0 0
0 0 0 0 0 0 0 0 0 0 0 0 0 0 0 0 -1 0 0 0 0 0
0 0 0 0 0 0 0 0 0 0 0 0 0 0 0 0 0 -1 0 0 0 0
0 0 0 0 0 0 0 0 0 0 0 0 0 0 0 0 0 0 -1 0 0 0
0 0 0 0 0 0 0 0 0 0 0 0 0 0 0 0 0 0 0 -1 0 0
0 0 0 0 0 0 0 0 0 0 0 0 0 0 0 0 0 0 0 0 -1 0
0 0 0 0 0 0 0 0 0 0 0 0 0 0 0 0 0 0 0 0 0 -1
34 9337
-1 1 0 0 -1 1 1 -1 -1 1 -1 -1 0 1 0 0 0 -1 1 0 -1 0
1 0 0 -1 -1 0 0 1 0 0 -1 -1 0 1 0 1 0 2 0 1 0 -1
-1 0 1 1 1 0 0 -1 1 0 2 2 0 0 0 -1 -2 1 -1 0 0 0
0 0 -1 -1 0 0 0 0 -1 0 -1 -1 0 0 0 0 1 -1 1 0 0 0
0 0 1 1 0 0 0 0 0 0 0 0 0 0 0 0 -1 0 0 0 1 0
0 0 0 1 1 0 -1 -1 0 0 1 0 0 0 0 0 0 -1 -1 0 0 0
0 0 1 0 -1 0 1 0 0 1 -1 0 0 0 0 0 -1 1 1 0 1 0
1 0 0 0 1 -1 -1 1 0 -1 0 0 0 0 0 1 0 0 -1 0 0 0
0 0 0 -1 -1 0 0 0 0 0 -1 -1 0 0 0 0 0 0 1 0 0 0
1 0 0 0 0 0 0 1 0 -1 0 0 0 0 0 1 0 0 -1 0 0 0
1 0 1 0 0 0 0 1 1 0 -1 0 0 0 0 1 -1 1 -1 0 1 0
-1 0 -1 0 0 0 0 -1 -1 0 1 0 0 0 0 -1 1 -1 0 0 -2 0
1 0 0 0 0 0 0 1 0 0 -1 0 0 0 -1 1 0 0 0 0 1 0
-1 1 0 0 0 0 0 -1 -1 0 0 0 0 0 0 -1 0 -1 1 -1 -1 1
0 0 -1 0 0 0 0 0 -1 0 0 -1 -1 0 0 0 1 -1 0 0 -1 0
1 -1 0 0 0 0 0 1 1 0 0 0 0 -1 0 0 0 0 -1 0 1 0
-1 0 0 0 0 0 0 -1 0 0 1 1 0 0 0 -1 -1 1 0 0 0 0
0 0 0 0 0 0 0 0 0 0 0 0 0 0 0 0 0 0 0 0 1 0
0 0 0 0 0 0 0 0 0 0 -1 -1 0 0 0 0 0 -1 0 0 0 0
0 0 0 0 0 0 0 0 0 0 0 0 0 0 0 0 0 1 0 0 0 -1
0 0 0 0 0 0 0 0 0 0 0 0 0 0 0 0 0 1 0 0 0 0
0 0 0 0 0 0 0 0 0 0 0 0 0 0 0 0 0 0 0 -1 1 0
34 11368
1 -1 0 0 1 -1 -1 1 1 -1 1 1 0 -1 0 0 0 1 -1 0 1 0
-1 0 0 1 1 0 0 -1 0 0 1 1 0 -1 0 -1 0 -2 0 -1 0 1
1 0 -1 -1 -1 0 0 1 -1 0 -2 -2 0 0 0 1 2 -1 1 0 0 0
0 0 1 1 0 0 0 0 1 0 1 1 0 0 0 0 -1 1 -1 0 0 0
0 0 -1 -1 0 0 0 0 0 0 0 0 0 0 0 0 1 0 0 0 -1 0
0 0 0 -1 -1 0 1 1 0 0 -1 0 0 0 0 0 0 1 1 0 0 0
0 0 -1 0 1 0 -1 0 0 -1 1 0 0 0 0 0 1 -1 -1 0 -1 0
-1 0 0 0 -1 1 1 -1 0 1 0 0 0 0 0 -1 0 0 1 0 0 0
0 0 0 1 1 0 0 0 0 0 1 1 0 0 0 0 0 0 -1 0 0 0
-1 0 0 0 0 0 0 -1 0 1 0 0 0 0 0 -1 0 0 1 0 0 0
-1 0 -1 0 0 0 0 -1 -1 0 1 0 0 0 0 -1 1 -1 1 0 -1 0
1 0 1 0 0 0 0 1 1 0 -1 0 0 0 0 1 -1 1 0 0 2 0
-1 0 0 0 0 0 0 -1 0 0 1 0 0 0 1 -1 0 0 0 0 -1 0
1 -1 0 0 0 0 0 1 1 0 0 0 0 0 0 1 0 1 -1 1 1 -1
0 0 1 0 0 0 0 0 1 0 0 1 1 0 0 0 -1 1 0 0 1 0
-1 1 0 0 0 0 0 -1 -1 0 0 0 0 1 0 0 0 0 1 0 -1 0
1 0 0 0 0 0 0 1 0 0 -1 -1 0 0 0 1 1 -1 0 0 0 0
0 0 0 0 0 0 0 0 0 0 0 0 0 0 0 0 0 0 0 0 -1 0
0 0 0 0 0 0 0 0 0 0 1 1 0 0 0 0 0 1 0 0 0 0
0 0 0 0 0 0 0 0 0 0 0 0 0 0 0 0 0 -1 0 0 0 1
0 0 0 0 0 0 0 0 0 0 0 0 0 0 0 0 0 -1 0 0 0 0
0 0 0 0 0 0 0 0 0 0 0 0 0 0 0 0 0 0 0 1 -1 0
34 11490
0 -1 -1 -2 1 -3 -2 1 -1 -3 0 1 0 -1 -2 -1 -1 0 1 0 0 0
2 -1 1 2 0 1 2 1 0 2 -1 0 -1 -2 0 2 0 -1 -1 0 1 0
1 2 1 1 -2 3 1 -2 -1 2 0 -2 0 2 1 2 1 0 0 0 0 0
-1 -1 -1 -1 1 -2 -1 1 0 -2 0 1 0 -1 -1 -2 -1 0 0 0 0 0
0 1 0 0 0 1 1 -1 -1 1 0 0 0 1 1 1 0 0 0 0 0 0
-1 1 0 0 1 -1 -2 -1 0 -1 1 0 0 1 0 -1 0 0 0 0 -1 0
1 0 0 0 -1 1 2 0 -1 1 -1 0 0 0 0 2 0 0 0 0 1 0
1 0 1 2 0 1 1 0 0 2 0 -1 -1 0 1 1 0 -1 -1 0 0 0
0 -1 -1 -1 0 -1 0 1 0 -1 0 1 0 -1 -1 0 0 0 0 0 0 0
0 0 1 1 0 1 1 0 1 2 0 0 0 0 1 0 0 0 0 0 0 0
2 0 1 1 -1 2 2 0 0 3 -1 -1 -1 0 1 2 0 0 -1 0 1 0
-1 0 -1 -1 1 -2 -3 0 0 -3 1 0 0 0 -2 -2 0 0 1 0 -1 0
0 0 1 0 0 0 1 0 0 1 -1 0 0 0 1 0 -1 0 0 0 0 0
-1 0 -1 -1 0 -1 -1 0 -1 -2 1 0 0 1 -1 -1 0 0 1 0 -1 0
0 -1 -1 -1 1 -2 -2 1 0 -2 0 0 0 -1 -1 -1 0 0 0 0 0 0
0 0 0 0 0 1 1 0 1 1 0 0 0 0 1 0 0 0 -1 0 0 0
0 1 0 0 -1 1 0 -1 -1 0 0 -1 0 1 0 1 1 0 1 0 0 0
0 0 0 0 0 1 1 -1 0 1 0 0 0 0 1 0 -1 0 -1 0 1 0
0 -1 -1 -1 1 -2 -1 1 0 -1 0 1 0 -1 -1 -1 0 0 0 0 0 0
0 0 0 1 0 1 1 0 0 1 0 0 0 0 0 1 1 0 0 0 0 -1
1 0 0 1 -1 1 1 0 -1 1 0 -1 -1 0 0 1 1 0 0 0 0 0
-1 1 0 0 0 1 1 -1 0 1 0 0 0 1 1 0 0 0 0 -1 0 0
34 11604
0 1 1 2 -1 3 2 -1 1 3 0 -1 0 1 2 1 1 0 -1 0 0 0
-2 1 -1 -2 0 -1 -2 -1 0 -2 1 0 1 2 0 -2 0 1 1 0 -1 0
-1 -2 -1 -1 2 -3 -1 2 1 -2 0 2 0 -2 -1 -2 -1 0 0 0 0 0
1 1 1 1 -1 2 1 -1 0 2 0 -1 0 1 1 2 1 0 0 0 0 0
0 -1 0 0 0 -1 -1 1 1 -1 0 0 0 -1 -1 -1 0 0 0 0 0 0
1 -1 0 0 -1 1 2 1 0 1 -1 0 0 -1 0 1 0 0 0 0 1 0
-1 0 0 0 1 -1 -2 0 1 -1 1 0 0 0 0 -2 0 0 0 0 -1 0
-1 0 -1 -2 0 -1 -1 0 0 -2 0 1 1 0 -1 -1 0 1 1 0 0 0
0 1 1 1 0 1 0 -1 0 1 0 -1 0 1 1 0 0 0 0 0 0 0
0 0 -1 -1 0 -1 -1 0 -1 -2 0 0 0 0 -1 0 0 0 0 0 0 0
-2 0 -1 -1 1 -2 -2 0 0 -3 1 1 1 0 -1 -2 0 0 1 0 -1 0
1 0 1 1 -1 2 3 0 0 3 -1 0 0 0 2 2 0 0 -1 0 1 0
0 0 -1 0 0 0 -1 0 0 -1 1 0 0 0 -1 0 1 0 0 0 0 0
1 0 1 1 0 1 1 0 1 2 -1 0 0 -1 1 1 0 0 -1 0 1 0
0 1 1 1 -1 2 2 -1 0 2 0 0 0 1 1 1 0 0 0 0 0 0
0 0 0 0 0 -1 -1 0 -1 -1 0 0 0 0 -1 0 0 0 1 0 0 0
0 -1 0 0 1 -1 0 1 1 0 0 1 0 -1 0 -1 -1 0 -1 0 0 0
0 0 0 0 0 -1 -1 1 0 -1 0 0 0 0 -1 0 1 0 1 0 -1 0
0 1 1 1 -1 2 1 -1 0 1 0 -1 0 1 1 1 0 0 0 0 0 0
0 0 0 -1 0 -1 -1 0 0 -1 0 0 0 0 0 -1 -1 0 0 0 0 1
-1 0 0 -1 1 -1 -1 0 1 -1 0 1 1 0 0 -1 -1 0 0 0 0 0
1 -1 0 0 0 -1 -1 1 0 -1 0 0 0 -1 -1 0 0 0 0 1 0 0
35 0
1 0 0 0 0 0 0 0 0 0 0 0 0 0 0 0 0 0 0 0 0 0
0 1 0 0 0 0 0 0 0 0 0 0 0 0 0 0 0 0 0 0 0 0
0 0 1 0 0 0 0 0 0 0 0 0 0 0 0 0 0 0 0 0 0 0
0 0 0 1 0 0 0 0 0 0 0 0 0 0 0 0 0 0 0 0 0 0
0 0 0 0 1 0 0 0 0 0 0 0 0 0 0 0 0 0 0 0 0 0
0 0 0 0 0 1 0 0 0 0 0 0 0 0 0 0 0 0 0 0 0 0
0 0 0 0 0 0 1 0 0 0 0 0 0 0 0 0 0 0 0 0 0 0
0 0 0 0 0 0 0 1 0 0 0 0 0 0 0 0 0 0 0 0 0 0
0 0 0 0 0 0 0 0 1 0 0 0 0 0 0 0 0 0 0 0 0 0
0 0 0 0 0 0 0 0 0 1 0 0 0 0 0 0 0 0 0 0 0 0
0 0 0 0 0 0 0 0 0 0 1 0 0 0 0 0 0 0 0 0 0 0
0 0 0 0 0 0 0 0 0 0 0 1 0 0 0 0 0 0 0 0 0 0
0 0 0 0 0 0 0 0 0 0 0 0 1 0 0 0 0 0 0 0 0 0
0 0 0 0 0 0 0 0 0 0 0 0 0 1 0 0 0 0 0 0 0 0
0 0 0 0 0 0 0 0 0 0 0 0 0 0 1 0 0 0 0 0 0 0
0 0 0 0 0 0 0 0 0 0 0 0 0 0 0 1 0 0 0 0 0 0
0 0 0 0 0 0 0 0 0 0 0 0 0 0 0 0 1 0 0 0 0 0
0 0 0 0 0 0 0 0 0 0 0 0 0 0 0 0 0 1 0 0 0 0
0 0 0 0 0 0 0 0 0 0 0 0 0 0 0 0 0 0 1 0 0 0
0 0 0 0 0 0 0 0 0 0 0 0 0 0 0 0 0 0 0 1 0 0
0 0 0 0 0 0 0 0 0 0 0 0 0 0 0 0 0 0 0 0 1 0
0 0 0 0 0 0 0 0 0 0 0 0 0 0 0 0 0 0 0 0 0 1
35 2589
-1 0 0 0 0 0 0 0 0 0 0 0 0 0 0 0 0 0 0 0 0 0
0 -1 0 0 0 0 0 0 0 0 0 0 0 0 0 0 0 0 0 0 0 0
0 0 -1 0 0 0 0 0 0 0 0 0 0 0 0 0 0 0 0 0 0 0
0 0 0 -1 0 0 0 0 0 0 0 0 0 0 0 0 0 0 0 0 0 0
0 0 0 0 -1 0 0 0 0 0 0 0 0 0 0 0 0 0 0 0 0 0
0 0 0 0 0 -1 0 0 0 0 0 0 0 0 0 0 0 0 0 0 0 0
0 0 0 0 0 0 -1 0 0 0 0 0 0 0 0 0 0 0 0 0 0 0
0 0 0 0 0 0 0 -1 0 0 0 0 0 0 0 0 0 0 0 0 0 0
0 0 0 0 0 0 0 0 -1 0 0 0 0 0 0 0 0 0 0 0 0 0
0 0 0 0 0 0 0 0 0 -1 0 0 0 0 0 0 0 0 0 0 0 0
0 0 0 0 0 0 0 0 0 0 -1 0 0 0 0 0 0 0 0 0 0 0
0 0 0 0 0 0 0 0 0 0 0 -1 0 0 0 0 0 0 0 0 0 0
0 0 0 0 0 0 0 0 0 0 0 0 -1 0 0 0 0 0 0 0 0 0
0 0 0 0 0 0 0 0 0 0 0 0 0 -1 0 0 0 0 0 0 0 0
0 0 0 0 0 0 0 0 0 0 0 0 0 0 -1 0 0 0 0 0 0 0
0 0 0 0 0 0 0 0 0 0 0 0 0 0 0 -1 0 0 0 0 0 0
0 0 0 0 0 0 0 0 0 0 0 0 0 0 0 0 -1 0 0 0 0 0
0 0 0 0 0 0 0 0 0 0 0 0 0 0 0 0 0 -1 0 0 0 0
0 0 0 0 0 0 0 0 0 0 0 0 0 0 0 0 0 0 -1 0 0 0
0 0 0 0 0 0 0 0 0 0 0 0 0 0 0 0 0 0 0 -1 0 0
0 0 0 0 0 0 0 0 0 0 0 0 0 0 0 0 0 0 0 0 -1 0
0 0 0 0 0 0 0 0 0 0 0 0 0 0 0 0 0 0 0 0 0 -1
36 0
1 0 0 0 0 0 0 0 0 0 0 0 0 0 0 0 0 0 0 0 0 0
0 1 0 0 0 0 0 0 0 0 0 0 0 0 0 0 0 0 0 0 0 0
0 0 1 0 0 0 0 0 0 0 0 0 0 0 0 0 0 0 0 0 0 0
0 0 0 1 0 0 0 0 0 0 0 0 0 0 0 0 0 0 0 0 0 0
0 0 0 0 1 0 0 0 0 0 0 0 0 0 0 0 0 0 0 0 0 0
0 0 0 0 0 1 0 0 0 0 0 0 0 0 0 0 0 0 0 0 0 0
0 0 0 0 0 0 1 0 0 0 0 0 0 0 0 0 0 0 0 0 0 0
0 0 0 0 0 0 0 1 0 0 0 0 0 0 0 0 0 0 0 0 0 0
0 0 0 0 0 0 0 0 1 0 0 0 0 0 0 0 0 0 0 0 0 0
0 0 0 0 0 0 0 0 0 1 0 0 0 0 0 0 0 0 0 0 0 0
0 0 0 0 0 0 0 0 0 0 1 0 0 0 0 0 0 0 0 0 0 0
0 0 0 0 0 0 0 0 0 0 0 1 0 0 0 0 0 0 0 0 0 0
0 0 0 0 0 0 0 0 0 0 0 0 1 0 0 0 0 0 0 0 0 0
0 0 0 0 0 0 0 0 0 0 0 0 0 1 0 0 0 0 0 0 0 0
0 0 0 0 0 0 0 0 0 0 0 0 0 0 1 0 0 0 0 0 0 0
0 0 0 0 0 0 0 0 0 0 0 0 0 0 0 1 0 0 0 0 0 0
0 0 0 0 0 0 0 0 0 0 0 0 0 0 0 0 1 0 0 0 0 0
0 0 0 0 0 0 0 0 0 0 0 0 0 0 0 0 0 1 0 0 0 0
0 0 0 0 0 0 0 0 0 0 0 0 0 0 0 0 0 0 1 0 0 0
0 0 0 0 0 0 0 0 0 0 0 0 0 0 0 0 0 0 0 1 0 0
0 0 0 0 0 0 0 0 0 0 0 0 0 0 0 0 0 0 0 0 1 0
0 0 0 0 0 0 0 0 0 0 0 0 0 0 0 0 0 0 0 0 0 1
36 441
0 1 1 -1 0 0 1 1 0 0 -1 1 1 1 2 1 -1 0 0 0 0 1
1 0 1 1 0 0 -1 0 0 0 0 -1 0 1 -1 0 0 0 0 0 0 0
0 0 1 2 0 1 0 -1 1 1 1 -1 -1 -1 0 -2 0 0 0 0 0 0
0 0 -1 -2 0 -1 0 1 -1 -1 -1 1 1 0 0 1 0 0 0 0 0 0
0 0 0 1 0 0 0 -1 -1 0 1 -1 -1 0 0 0 0 -1 0 0 0 0
-1 0 0 0 0 0 0 0 1 0 0 1 1 -1 1 0 1 0 0 0 0 0
0 0 0 0 0 0 0 -1 -1 0 1 -1 -1 1 0 -1 -1 0 0 0 0 0
0 0 0 1 0 0 -1 -1 0 0 0 -1 0 0 -1 0 1 0 0 0 0 -1
0 0 0 -1 0 0 0 0 0 0 0 0 0 1 0 0 -1 0 0 0 0 0
1 0 0 1 0 0 -1 0 0 0 0 -1 -1 0 -1 1 1 0 0 0 0 0
0 1 1 1 0 1 -1 -2 0 0 0 -2 0 1 0 0 0 0 0 0 0 0
0 0 0 -1 0 0 1 2 1 0 -1 2 1 -1 1 0 0 0 0 0 0 1
0 1 0 0 0 0 -1 -1 -1 -1 0 -1 0 1 0 1 0 0 0 0 0 0
0 0 -1 -1 0 0 1 1 0 0 0 1 0 0 0 0 0 0 0 0 0 0
0 0 0 -1 0 0 1 1 0 0 -1 1 1 0 1 1 0 0 0 0 0 0
0 0 0 0 0 0 -1 -1 0 0 0 -1 0 0 0 0 0 0 0 0 0 0
0 0 0 1 0 1 1 0 0 1 1 0 -1 0 0 -1 0 0 0 0 0 0
0 0 0 0 -1 0 0 -1 -1 0 0 -1 0 0 0 0 0 0 0 0 0 0
0 0 0 -1 0 0 0 0 0 0 -1 0 1 0 1 1 0 0 0 0 1 0
1 -1 0 1 0 0 0 1 0 0 1 0 -1 0 -1 0 0 0 0 1 0 0
0 0 0 0 0 0 0 0 0 0 0 0 0 0 -1 -1 0 0 1 0 0 0
0 0 -1 0 0 0 0 -1 -1 0 1 0 -1 0 -1 0 0 0 0 0 0 0
36 1266
1 0 0 1 -2 2 1 -1 -1 2 1 -2 -1 1 0 1 1 0 0 0 0 0
0 1 0 0 1 0 -1 0 1 0 0 0 -1 1 0 0 0 2 0 0 0 0
0 0 -1 -2 1 -1 0 1 0 -2 -1 2 1 0 -1 0 -1 1 0 0 0 0
0 0 0 1 -1 1 0 -1 -1 1 1 -2 -1 0 1 0 1 -1 0 0 0 0
0 0 0 -1 0 0 0 1 1 0 -1 1 1 0 0 0 0 1 0 0 0 0
0 -1 -1 -1 -1 -1 0 0 -1 -1 0 0 0 -1 -1 0 0 -1 0 0 0 0
0 1 1 0 0 1 0 0 1 1 -1 0 1 1 1 0 0 2 0 0 0 0
-1 0 -1 -1 1 -1 -1 0 1 -1 0 1 0 0 -1 -1 0 1 0 0 0 -1
0 1 1 1 0 1 0 -1 0 1 0 -1 0 1 1 1 0 0 0 0 0 0
0 0 0 0 1 -1 -1 1 1 -1 0 1 0 0 -1 0 0 0 0 0 0 0
-1 1 0 -2 1 0 -1 0 2 -1 -1 1 1 1 0 -1 -1 2 0 0 0 0
1 -1 -1 1 -1 0 1 0 -2 0 1 -1 -1 -1 -1 1 1 -2 0 0 0 0
0 0 0 -1 0 0 -1 0 1 0 0 0 0 0 0 -1 0 1 0 0 0 0
1 0 0 1 -1 1 1 0 -1 1 0 -1 0 0 0 1 1 -1 0 0 0 0
0 0 0 1 -1 1 1 -1 -1 1 1 -1 -1 0 0 0 0 -1 0 0 0 0
-1 0 0 -1 1 -1 -1 0 1 -1 0 1 1 0 0 -1 -1 0 0 0 0 0
1 0 0 0 0 0 1 1 -1 0 -1 0 0 0 0 1 0 0 0 0 0 0
-1 0 0 -1 0 0 0 0 1 0 0 1 1 0 1 -1 0 1 0 0 0 0
0 0 0 0 -1 1 0 -1 0 1 0 -1 0 0 0 0 0 0 0 0 1 0
1 0 0 1 1 0 0 1 0 0 0 0 -1 0 0 1 0 0 -1 0 0 0
0 1 0 0 1 0 0 0 0 0 -1 0 0 0 0 0 0 0 0 -1 0 0
0 0 1 0 0 0 0 1 1 0 -1 0 1 0 1 0 0 0 0 0 0 0
36 1316
0 -1 -1 1 0 0 -1 -1 0 0 1 -1 -1 -1 -2 -1 1 0 0 0 0 -1
-1 0 -1 -1 0 0 1 0 0 0 0 1 0 -1 1 0 0 0 0 0 0 0
0 0 -1 -2 0 -1 0 1 -1 -1 -1 1 1 1 0 2 0 0 0 0 0 0
0 0 1 2 0 1 0 -1 1 1 1 -1 -1 0 0 -1 0 0 0 0 0 0
0 0 0 -1 0 0 0 1 1 0 -1 1 1 0 0 0 0 1 0 0 0 0
1 0 0 0 0 0 0 0 -1 0 0 -1 -1 1 -1 0 -1 0 0 0 0 0
0 0 0 0 0 0 0 1 1 0 -1 1 1 -1 0 1 1 0 0 0 0 0
0 0 0 -1 0 0 1 1 0 0 0 1 0 0 1 0 -1 0 0 0 0 1
0 0 0 1 0 0 0 0 0 0 0 0 0 -1 0 0 1 0 0 0 0 0
-1 0 0 -1 0 0 1 0 0 0 0 1 1 0 1 -1 -1 0 0 0 0 0
0 -1 -1 -1 0 -1 1 2 0 0 0 2 0 -1 0 0 0 0 0 0 0 0
0 0 0 1 0 0 -1 -2 -1 0 1 -2 -1 1 -1 0 0 0 0 0 0 -1
0 -1 0 0 0 0 1 1 1 1 0 1 0 -1 0 -1 0 0 0 0 0 0
0 0 1 1 0 0 -1 -1 0 0 0 -1 0 0 0 0 0 0 0 0 0 0
0 0 0 1 0 0 -1 -1 0 0 1 -1 -1 0 -1 -1 0 0 0 0 0 0
0 0 0 0 0 0 1 1 0 0 0 1 0 0 0 0 0 0 0 0 0 0
0 0 0 -1 0 -1 -1 0 0 -1 -1 0 1 0 0 1 0 0 0 0 0 0
0 0 0 0 1 0 0 1 1 0 0 1 0 0 0 0 0 0 0 0 0 0
0 0 0 1 0 0 0 0 0 0 1 0 -1 0 -1 -1 0 0 0 0 -1 0
-1 1 0 -1 0 0 0 -1 0 0 -1 0 1 0 1 0 0 0 0 -1 0 0
0 0 0 0 0 0 0 0 0 0 0 0 0 0 1 1 0 0 -1 0 0 0
0 0 1 0 0 0 0 1 1 0 -1 0 1 0 1 0 0 0 0 0 0 0
36 1874
0 1 1 -1 -1 0 -1 0 0 -1 -1 -1 1 2 0 0 -1 0 0 0 0 1
-1 1 0 0 0 1 1 0 1 1 0 1 1 1 2 1 1 1 0 0 0 0
0 -2 -1 0 -1 0 1 0 1 2 1 1 1 -2 0 -1 2 1 0 0 0 -1
0 1 1 0 0 0 0 0 -1 -1 -1 -1 -1 1 0 0 -2 -1 0 0 0 1
0 -1 -1 0 0 -1 0 0 0 0 1 1 0 -1 -1 0 1 0 0 0 0 -1
0 -1 1 1 1 -1 0 0 0 0 0 0 0 -1 0 -1 -1 -1 0 0 0 0
0 0 -1 -1 -1 0 0 0 0 0 1 1 0 0 0 0 1 1 0 0 0 0
0 0 0 1 1 0 1 0 0 1 0 1 0 -1 1 1 1 0 0 0 0 0
0 1 0 -1 0 0 -1 0 0 -1 0 0 0 1 0 0 -1 0 0 0 0 1
0 0 -1 0 1 0 0 0 0 0 0 0 0 0 0 1 1 0 0 0 0 -1
0 0 0 0 0 0 1 0 1 1 0 2 1 -1 1 1 1 1 0 0 0 0
0 0 1 0 0 0 -1 0 0 0 -1 -2 0 1 0 -1 -1 0 0 0 0 0
0 0 0 0 0 0 1 0 0 0 0 1 0 0 0 1 0 0 0 0 0 0
1 0 0 0 -1 0 -1 0 -1 0 0 -2 -1 1 -1 0 0 0 0 0 0 0
0 1 1 0 0 0 -1 0 0 -1 -1 -1 0 1 0 0 -1 0 0 0 0 1
0 0 0 0 1 0 0 0 1 0 0 1 0 -1 0 0 0 0 0 0 0 0
0 -1 -1 0 -1 0 0 0 0 1 1 0 0 0 -1 -1 1 1 0 0 0 -1
0 0 0 0 0 0 1 0 0 0 0 1 0 -1 0 0 0 0 0 0 0 0
0 1 1 0 1 -1 -1 0 0 -1 -1 0 0 0 0 0 -1 -1 0 -1 0 1
-1 0 -1 0 0 0 0 0 0 0 1 0 0 1 0 0 1 0 0 0 -1 -1
0 0 0 0 -1 0 0 0 0 1 0 0 0 0 0 0 1 1 1 0 0 0
0 0 -1 0 0 0 0 -1 -1 0 1 0 -1 0 -1 0 0 0 0 0 0 -1
36 2589
-1 0 0 0 0 0 0 0 0 0 0 0 0 0 0 0 0 0 0 0 0 0
0 -1 0 0 0 0 0 0 0 0 0 0 0 0 0 0 0 0 0 0 0 0
0 0 -1 0 0 0 0 0 0 0 0 0 0 0 0 0 0 0 0 0 0 0
0 0 0 -1 0 0 0 0 0 0 0 0 0 0 0 0 0 0 0 0 0 0
0 0 0 0 -1 0 0 0 0 0 0 0 0 0 0 0 0 0 0 0 0 0
0 0 0 0 0 -1 0 0 0 0 0 0 0 0 0 0 0 0 0 0 0 0
0 0 0 0 0 0 -1 0 0 0 0 0 0 0 0 0 0 0 0 0 0 0
0 0 0 0 0 0 0 -1 0 0 0 0 0 0 0 0 0 0 0 0 0 0
0 0 0 0 0 0 0 0 -1 0 0 0 0 0 0 0 0 0 0 0 0 0
0 0 0 0 0 0 0 0 0 -1 0 0 0 0 0 0 0 0 0 0 0 0
0 0 0 0 0 0 0 0 0 0 -1 0 0 0 0 0 0 0 0 0 0 0
0 0 0 0 0 0 0 0 0 0 0 -1 0 0 0 0 0 0 0 0 0 0
0 0 0 0 0 0 0 0 0 0 0 0 -1 0 0 0 0 0 0 0 0 0
0 0 0 0 0 0 0 0 0 0 0 0 0 -1 0 0 0 0 0 0 0 0
0 0 0 0 0 0 0 0 0 0 0 0 0 0 -1 0 0 0 0 0 0 0
0 0 0 0 0 0 0 0 0 0 0 0 0 0 0 -1 0 0 0 0 0 0
0 0 0 0 0 0 0 0 0 0 0 0 0 0 0 0 -1 0 0 0 0 0
0 0 0 0 0 0 0 0 0 0 0 0 0 0 0 0 0 -1 0 0 0 0
0 0 0 0 0 0 0 0 0 0 0 0 0 0 0 0 0 0 -1 0 0 0
0 0 0 0 0 0 0 0 0 0 0 0 0 0 0 0 0 0 0 -1 0 0
0 0 0 0 0 0 0 0 0 0 0 0 0 0 0 0 0 0 0 0 -1 0
0 0 0 0 0 0 0 0 0 0 0 0 0 0 0 0 0 0 0 0 0 -1
36 3618
-1 0 0 -1 2 -2 -1 1 1 -2 -1 2 1 -1 0 -1 -1 0 0 0 0 0
0 -1 0 0 -1 0 1 0 -1 0 0 0 1 -1 0 0 0 -2 0 0 0 0
0 0 1 2 -1 1 0 -1 0 2 1 -2 -1 0 1 0 1 -1 0 0 0 0
0 0 0 -1 1 -1 0 1 1 -1 -1 2 1 0 -1 0 -1 1 0 0 0 0
0 0 0 1 0 0 0 -1 -1 0 1 -1 -1 0 0 0 0 -1 0 0 0 0
0 1 1 1 1 1 0 0 1 1 0 0 0 1 1 0 0 1 0 0 0 0
0 -1 -1 0 0 -1 0 0 -1 -1 1 0 -1 -1 -1 0 0 -2 0 0 0 0
1 0 1 1 -1 1 1 0 -1 1 0 -1 0 0 1 1 0 -1 0 0 0 1
0 -1 -1 -1 0 -1 0 1 0 -1 0 1 0 -1 -1 -1 0 0 0 0 0 0
0 0 0 0 -1 1 1 -1 -1 1 0 -1 0 0 1 0 0 0 0 0 0 0
1 -1 0 2 -1 0 1 0 -2 1 1 -1 -1 -1 0 1 1 -2 0 0 0 0
-1 1 1 -1 1 0 -1 0 2 0 -1 1 1 1 1 -1 -1 2 0 0 0 0
0 0 0 1 0 0 1 0 -1 0 0 0 0 0 0 1 0 -1 0 0 0 0
-1 0 0 -1 1 -1 -1 0 1 -1 0 1 0 0 0 -1 -1 1 0 0 0 0
0 0 0 -1 1 -1 -1 1 1 -1 -1 1 1 0 0 0 0 1 0 0 0 0
1 0 0 1 -1 1 1 0 -1 1 0 -1 -1 0 0 1 1 0 0 0 0 0
-1 0 0 0 0 0 -1 -1 1 0 1 0 0 0 0 -1 0 0 0 0 0 0
1 0 0 1 0 0 0 0 -1 0 0 -1 -1 0 -1 1 0 -1 0 0 0 0
0 0 0 0 1 -1 0 1 0 -1 0 1 0 0 0 0 0 0 0 0 -1 0
-1 0 0 -1 -1 0 0 -1 0 0 0 0 1 0 0 -1 0 0 1 0 0 0
0 -1 0 0 -1 0 0 0 0 0 1 0 0 0 0 0 0 0 0 1 0 0
0 0 -1 0 0 0 0 -1 -1 0 1 0 -1 0 -1 0 0 0 0 0 0 0
36 4374
0 -1 0 0 0 -1 1 1 -1 -1 0 1 0 -1 -1 -1 -2 -2 0 0 0 0
-1 1 0 0 2 0 -1 0 1 -1 0 1 0 0 1 0 0 1 0 0 0 0
1 0 0 1 1 1 -1 0 1 1 0 -1 -1 0 -1 1 2 1 0 0 0 -1
0 0 0 -1 -1 -1 0 0 -1 -1 0 0 0 0 0 -1 -2 -1 0 0 0 1
0 0 0 0 1 0 0 0 0 0 0 0 0 0 0 0 0 0 0 0 0 0
1 0 0 0 -1 0 0 0 -1 0 0 -1 0 0 0 1 1 -1 0 0 0 0
-1 0 0 0 2 0 0 0 1 0 0 1 0 0 0 -1 -1 0 0 0 0 0
0 1 0 0 1 0 -1 -1 0 0 0 0 0 0 1 1 1 1 0 0 0 0
-1 0 0 0 0 0 1 0 0 0 0 1 0 0 0 -1 -1 0 0 0 0 0
0 0 0 0 0 0 0 0 0 0 0 0 0 0 1 1 1 1 0 0 0 0
0 1 0 0 2 0 -1 0 0 0 -1 0 0 0 1 1 1 1 0 0 0 0
1 -1 0 0 -2 0 1 1 0 0 0 0 0 -1 -1 0 0 -1 0 0 0 0
0 0 -1 -1 1 -1 -1 0 -1 -1 0 0 0 0 0 0 0 0 0 0 0 0
0 -1 0 0 -1 0 1 0 0 0 0 0 0 -1 -1 -1 -1 -1 0 0 0 0
0 0 0 0 -1 0 1 0 -1 0 0 0 0 0 0 0 -1 -1 0 0 0 0
0 0 0 0 0 0 0 0 0 1 0 0 0 0 1 0 1 1 0 0 0 0
0 0 0 0 0 1 0 0 1 0 0 0 0 0 -1 0 0 0 0 0 0 0
0 0 0 0 1 -1 -1 0 0 0 0 0 0 0 0 0 0 0 0 0 0 0
0 0 0 0 0 0 1 0 -1 0 0 0 0 0 1 0 -1 -1 -1 0 0 0
0 0 0 0 0 1 0 0 1 0 0 0 0 0 0 0 0 1 0 0 1 0
0 0 0 0 0 1 0 0 1 0 0 0 0 0 0 0 0 1 0 1 0 0
0 0 0 0 0 0 0 0 0 0 0 0 0 0 0 0 0 0 0 0 0 1
36 8214
0 0 -1 0 0 0 0 0 1 0 1 1 0 0 -2 -1 0 1 0 0 0 -1
1 0 -1 -1 -1 1 0 0 -1 0 0 -1 0 1 0 1 1 0 0 0 0 0
0 2 1 0 -1 2 0 -1 -1 0 -1 -2 -1 2 2 2 0 1 0 0 0 1
0 -2 -1 0 1 -2 0 1 1 0 1 2 0 -2 -2 -2 0 0 0 0 0 -1
0 1 1 0 0 1 0 0 0 0 -1 -1 0 1 1 0 -1 0 0 0 0 1
0 0 0 0 1 -1 0 0 -1 -1 0 0 -1 -1 0 0 -1 -1 0 0 0 0
0 1 1 0 -1 2 1 0 1 1 -1 0 1 1 1 0 0 1 0 0 0 1
1 0 0 0 0 0 0 0 -2 0 0 -1 -1 0 1 1 0 -1 0 0 0 1
0 0 0 0 0 0 0 0 1 0 0 1 1 0 -1 0 0 0 0 0 0 0
0 0 0 0 0 0 0 0 -1 0 0 -1 0 1 1 1 0 -1 0 0 0 0
1 1 1 -1 -1 1 0 0 -1 0 -1 -1 0 1 2 1 -1 0 0 0 0 2
0 -1 -1 1 0 -1 0 0 0 0 1 0 -1 -1 -2 0 1 0 0 0 0 -2
0 0 0 -1 0 0 0 0 0 0 0 0 0 0 1 -1 -1 0 0 0 0 1
0 0 0 1 0 0 0 0 1 1 0 0 0 0 -1 0 1 1 0 0 0 -1
0 -1 -1 0 0 -1 0 0 0 0 1 1 0 -1 -2 -1 0 0 0 0 0 -1
0 0 1 0 0 0 0 0 0 0 0 0 0 0 1 0 -1 -1 0 0 0 1
0 1 0 0 -1 1 0 0 0 0 -1 -1 0 1 0 1 1 1 0 0 0 0
0 0 1 0 0 0 0 0 0 0 0 0 0 0 1 -1 -1 0 0 0 0 1
0 0 0 0 1 -1 0 0 0 0 0 1 0 -1 -1 -1 -1 -1 0 -1 0 0
0 0 -1 0 0 1 0 0 0 0 0 -1 0 1 0 1 1 0 -1 0 0 -1
1 0 0 0 -1 1 0 0 0 1 -1 -1 0 0 0 1 1 1 0 0 1 0
0 0 1 0 0 0 0 1 1 0 -1 0 1 0 1 0 0 0 0 0 0 1
36 8515
0 -1 -1 1 1 0 1 0 0 1 1 1 -1 -2 0 0 1 0 0 0 0 -1
1 -1 0 0 0 -1 -1 0 -1 -1 0 -1 -1 -1 -2 -1 -1 -1 0 0 0 0
0 2 1 0 1 0 -1 0 -1 -2 -1 -1 -1 2 0 1 -2 -1 0 0 0 1
0 -1 -1 0 0 0 0 0 1 1 1 1 1 -1 0 0 2 1 0 0 0 -1
0 1 1 0 0 1 0 0 0 0 -1 -1 0 1 1 0 -1 0 0 0 0 1
0 1 -1 -1 -1 1 0 0 0 0 0 0 0 1 0 1 1 1 0 0 0 0
0 0 1 1 1 0 0 0 0 0 -1 -1 0 0 0 0 -1 -1 0 0 0 0
0 0 0 -1 -1 0 -1 0 0 -1 0 -1 0 1 -1 -1 -1 0 0 0 0 0
0 -1 0 1 0 0 1 0 0 1 0 0 0 -1 0 0 1 0 0 0 0 -1
0 0 1 0 -1 0 0 0 0 0 0 0 0 0 0 -1 -1 0 0 0 0 1
0 0 0 0 0 0 -1 0 -1 -1 0 -2 -1 1 -1 -1 -1 -1 0 0 0 0
0 0 -1 0 0 0 1 0 0 0 1 2 0 -1 0 1 1 0 0 0 0 0
0 0 0 0 0 0 -1 0 0 0 0 -1 0 0 0 -1 0 0 0 0 0 0
-1 0 0 0 1 0 1 0 1 0 0 2 1 -1 1 0 0 0 0 0 0 0
0 -1 -1 0 0 0 1 0 0 1 1 1 0 -1 0 0 1 0 0 0 0 -1
0 0 0 0 -1 0 0 0 -1 0 0 -1 0 1 0 0 0 0 0 0 0 0
0 1 1 0 1 0 0 0 0 -1 -1 0 0 0 1 1 -1 -1 0 0 0 1
0 0 0 0 0 0 -1 0 0 0 0 -1 0 1 0 0 0 0 0 0 0 0
0 -1 -1 0 -1 1 1 0 0 1 1 0 0 0 0 0 1 1 0 1 0 -1
1 0 1 0 0 0 0 0 0 0 -1 0 0 -1 0 0 -1 0 0 0 1 1
0 0 0 0 1 0 0 0 0 -1 0 0 0 0 0 0 -1 -1 -1 0 0 0
0 0 1 0 0 0 0 1 1 0 -1 0 1 0 1 0 0 0 0 0 0 1
36 9196
0 1 0 0 0 1 -1 -1 1 1 0 -1 0 1 1 1 2 2 0 0 0 0
1 -1 0 0 -2 0 1 0 -1 1 0 -1 0 0 -1 0 0 -1 0 0 0 0
-1 0 0 -1 -1 -1 1 0 -1 -1 0 1 1 0 1 -1 -2 -1 0 0 0 1
0 0 0 1 1 1 0 0 1 1 0 0 0 0 0 1 2 1 0 0 0 -1
0 0 0 0 -1 0 0 0 0 0 0 0 0 0 0 0 0 0 0 0 0 0
-1 0 0 0 1 0 0 0 1 0 0 1 0 0 0 -1 -1 1 0 0 0 0
1 0 0 0 -2 0 0 0 -1 0 0 -1 0 0 0 1 1 0 0 0 0 0
0 -1 0 0 -1 0 1 1 0 0 0 0 0 0 -1 -1 -1 -1 0 0 0 0
1 0 0 0 0 0 -1 0 0 0 0 -1 0 0 0 1 1 0 0 0 0 0
0 0 0 0 0 0 0 0 0 0 0 0 0 0 -1 -1 -1 -1 0 0 0 0
0 -1 0 0 -2 0 1 0 0 0 1 0 0 0 -1 -1 -1 -1 0 0 0 0
-1 1 0 0 2 0 -1 -1 0 0 0 0 0 1 1 0 0 1 0 0 0 0
0 0 1 1 -1 1 1 0 1 1 0 0 0 0 0 0 0 0 0 0 0 0
0 1 0 0 1 0 -1 0 0 0 0 0 0 1 1 1 1 1 0 0 0 0
0 0 0 0 1 0 -1 0 1 0 0 0 0 0 0 0 1 1 0 0 0 0
0 0 0 0 0 0 0 0 0 -1 0 0 0 0 -1 0 -1 -1 0 0 0 0
0 0 0 0 0 -1 0 0 -1 0 0 0 0 0 1 0 0 0 0 0 0 0
0 0 0 0 -1 1 1 0 0 0 0 0 0 0 0 0 0 0 0 0 0 0
0 0 0 0 0 0 -1 0 1 0 0 0 0 0 -1 0 1 1 1 0 0 0
0 0 0 0 0 -1 0 0 -1 0 0 0 0 0 0 0 0 -1 0 0 -1 0
0 0 0 0 0 -1 0 0 -1 0 0 0 0 0 0 0 0 -1 0 -1 0 0
0 0 0 0 0 0 0 0 0 0 0 0 0 0 0 0 0 0 0 0 0 -1
36 9706
0 0 1 0 0 0 0 0 -1 0 -1 -1 0 0 2 1 0 -1 0 0 0 1
-1 0 1 1 1 -1 0 0 1 0 0 1 0 -1 0 -1 -1 0 0 0 0 0
0 -2 -1 0 1 -2 0 1 1 0 1 2 1 -2 -2 -2 0 -1 0 0 0 -1
0 2 1 0 -1 2 0 -1 -1 0 -1 -2 0 2 2 2 0 0 0 0 0 1
0 -1 -1 0 0 -1 0 0 0 0 1 1 0 -1 -1 0 1 0 0 0 0 -1
0 0 0 0 -1 1 0 0 1 1 0 0 1 1 0 0 1 1 0 0 0 0
0 -1 -1 0 1 -2 -1 0 -1 -1 1 0 -1 -1 -1 0 0 -1 0 0 0 -1
-1 0 0 0 0 0 0 0 2 0 0 1 1 0 -1 -1 0 1 0 0 0 -1
0 0 0 0 0 0 0 0 -1 0 0 -1 -1 0 1 0 0 0 0 0 0 0
0 0 0 0 0 0 0 0 1 0 0 1 0 -1 -1 -1 0 1 0 0 0 0
-1 -1 -1 1 1 -1 0 0 1 0 1 1 0 -1 -2 -1 1 0 0 0 0 -2
0 1 1 -1 0 1 0 0 0 0 -1 0 1 1 2 0 -1 0 0 0 0 2
0 0 0 1 0 0 0 0 0 0 0 0 0 0 -1 1 1 0 0 0 0 -1
0 0 0 -1 0 0 0 0 -1 -1 0 0 0 0 1 0 -1 -1 0 0 0 1
0 1 1 0 0 1 0 0 0 0 -1 -1 0 1 2 1 0 0 0 0 0 1
0 0 -1 0 0 0 0 0 0 0 0 0 0 0 -1 0 1 1 0 0 0 -1
0 -1 0 0 1 -1 0 0 0 0 1 1 0 -1 0 -1 -1 -1 0 0 0 0
0 0 -1 0 0 0 0 0 0 0 0 0 0 0 -1 1 1 0 0 0 0 -1
0 0 0 0 -1 1 0 0 0 0 0 -1 0 1 1 1 1 1 0 1 0 0
0 0 1 0 0 -1 0 0 0 0 0 1 0 -1 0 -1 -1 0 1 0 0 1
-1 0 0 0 1 -1 0 0 0 -1 1 1 0 0 0 -1 -1 -1 0 0 -1 0
0 0 -1 0 0 0 0 -1 -1 0 1 0 -1 0 -1 0 0 0 0 0 0 -1
37 0
1 0 0 0 0 0 0 0 0 0 0 0 0 0 0 0 0 0 0 0 0 0
0 1 0 0 0 0 0 0 0 0 0 0 0 0 0 0 0 0 0 0 0 0
0 0 1 0 0 0 0 0 0 0 0 0 0 0 0 0 0 0 0 0 0 0
0 0 0 1 0 0 0 0 0 0 0 0 0 0 0 0 0 0 0 0 0 0
0 0 0 0 1 0 0 0 0 0 0 0 0 0 0 0 0 0 0 0 0 0
0 0 0 0 0 1 0 0 0 0 0 0 0 0 0 0 0 0 0 0 0 0
0 0 0 0 0 0 1 0 0 0 0 0 0 0 0 0 0 0 0 0 0 0
0 0 0 0 0 0 0 1 0 0 0 0 0 0 0 0 0 0 0 0 0 0
0 0 0 0 0 0 0 0 1 0 0 0 0 0 0 0 0 0 0 0 0 0
0 0 0 0 0 0 0 0 0 1 0 0 0 0 0 0 0 0 0 0 0 0
0 0 0 0 0 0 0 0 0 0 1 0 0 0 0 0 0 0 0 0 0 0
0 0 0 0 0 0 0 0 0 0 0 1 0 0 0 0 0 0 0 0 0 0
0 0 0 0 0 0 0 0 0 0 0 0 1 0 0 0 0 0 0 0 0 0
0 0 0 0 0 0 0 0 0 0 0 0 0 1 0 0 0 0 0 0 0 0
0 0 0 0 0 0 0 0 0 0 0 0 0 0 1 0 0 0 0 0 0 0
0 0 0 0 0 0 0 0 0 0 0 0 0 0 0 1 0 0 0 0 0 0
0 0 0 0 0 0 0 0 0 0 0 0 0 0 0 0 1 0 0 0 0 0
0 0 0 0 0 0 0 0 0 0 0 0 0 0 0 0 0 1 0 0 0 0
0 0 0 0 0 0 0 0 0 0 0 0 0 0 0 0 0 0 1 0 0 0
0 0 0 0 0 0 0 0 0 0 0 0 0 0 0 0 0 0 0 1 0 0
0 0 0 0 0 0 0 0 0 0 0 0 0 0 0 0 0 0 0 0 1 0
0 0 0 0 0 0 0 0 0 0 0 0 0 0 0 0 0 0 0 0 0 1
37 2589
-1 0 0 0 0 0 0 0 0 0 0 0 0 0 0 0 0 0 0 0 0 0
0 -1 0 0 0 0 0 0 0 0 0 0 0 0 0 0 0 0 0 0 0 0
0 0 -1 0 0 0 0 0 0 0 0 0 0 0 0 0 0 0 0 0 0 0
0 0 0 -1 0 0 0 0 0 0 0 0 0 0 0 0 0 0 0 0 0 0
0 0 0 0 -1 0 0 0 0 0 0 0 0 0 0 0 0 0 0 0 0 0
0 0 0 0 0 -1 0 0 0 0 0 0 0 0 0 0 0 0 0 0 0 0
0 0 0 0 0 0 -1 0 0 0 0 0 0 0 0 0 0 0 0 0 0 0
0 0 0 0 0 0 0 -1 0 0 0 0 0 0 0 0 0 0 0 0 0 0
0 0 0 0 0 0 0 0 -1 0 0 0 0 0 0 0 0 0 0 0 0 0
0 0 0 0 0 0 0 0 0 -1 0 0 0 0 0 0 0 0 0 0 0 0
0 0 0 0 0 0 0 0 0 0 -1 0 0 0 0 0 0 0 0 0 0 0
0 0 0 0 0 0 0 0 0 0 0 -1 0 0 0 0 0 0 0 0 0 0
0 0 0 0 0 0 0 0 0 0 0 0 -1 0 0 0 0 0 0 0 0 0
0 0 0 0 0 0 0 0 0 0 0 0 0 -1 0 0 0 0 0 0 0 0
0 0 0 0 0 0 0 0 0 0 0 0 0 0 -1 0 0 0 0 0 0 0
0 0 0 0 0 0 0 0 0 0 0 0 0 0 0 -1 0 0 0 0 0 0
0 0 0 0 0 0 0 0 0 0 0 0 0 0 0 0 -1 0 0 0 0 0
0 0 0 0 0 0 0 0 0 0 0 0 0 0 0 0 0 -1 0 0 0 0
0 0 0 0 0 0 0 0 0 0 0 0 0 0 0 0 0 0 -1 0 0 0
0 0 0 0 0 0 0 0 0 0 0 0 0 0 0 0 0 0 0 -1 0 0
0 0 0 0 0 0 0 0 0 0 0 0 0 0 0 0 0 0 0 0 -1 0
0 0 0 0 0 0 0 0 0 0 0 0 0 0 0 0 0 0 0 0 0 -1
38 0
1 0 0 0 0 0 0 0 0 0 0 0 0 0 0 0 0 0 0 0 0 0
0 1 0 0 0 0 0 0 0 0 0 0 0 0 0 0 0 0 0 0 0 0
0 0 1 0 0 0 0 0 0 0 0 0 0 0 0 0 0 0 0 0 0 0
0 0 0 1 0 0 0 0 0 0 0 0 0 0 0 0 0 0 0 0 0 0
0 0 0 0 1 0 0 0 0 0 0 0 0 0 0 0 0 0 0 0 0 0
0 0 0 0 0 1 0 0 0 0 0 0 0 0 0 0 0 0 0 0 0 0
0 0 0 0 0 0 1 0 0 0 0 0 0 0 0 0 0 0 0 0 0 0
0 0 0 0 0 0 0 1 0 0 0 0 0 0 0 0 0 0 0 0 0 0
0 0 0 0 0 0 0 0 1 0 0 0 0 0 0 0 0 0 0 0 0 0
0 0 0 0 0 0 0 0 0 1 0 0 0 0 0 0 0 0 0 0 0 0
0 0 0 0 0 0 0 0 0 0 1 0 0 0 0 0 0 0 0 0 0 0
0 0 0 0 0 0 0 0 0 0 0 1 0 0 0 0 0 0 0 0 0 0
0 0 0 0 0 0 0 0 0 0 0 0 1 0 0 0 0 0 0 0 0 0
0 0 0 0 0 0 0 0 0 0 0 0 0 1 0 0 0 0 0 0 0 0
0 0 0 0 0 0 0 0 0 0 0 0 0 0 1 0 0 0 0 0 0 0
0 0 0 0 0 0 0 0 0 0 0 0 0 0 0 1 0 0 0 0 0 0
0 0 0 0 0 0 0 0 0 0 0 0 0 0 0 0 1 0 0 0 0 0
0 0 0 0 0 0 0 0 0 0 0 0 0 0 0 0 0 1 0 0 0 0
0 0 0 0 0 0 0 0 0 0 0 0 0 0 0 0 0 0 1 0 0 0
0 0 0 0 0 0 0 0 0 0 0 0 0 0 0 0 0 0 0 1 0 0
0 0 0 0 0 0 0 0 0 0 0 0 0 0 0 0 0 0 0 0 1 0
0 0 0 0 0 0 0 0 0 0 0 0 0 0 0 0 0 0 0 0 0 1
38 2589
-1 0 0 0 0 0 0 0 0 0 0 0 0 0 0 0 0 0 0 0 0 0
0 -1 0 0 0 0 0 0 0 0 0 0 0 0 0 0 0 0 0 0 0 0
0 0 -1 0 0 0 0 0 0 0 0 0 0 0 0 0 0 0 0 0 0 0
0 0 0 -1 0 0 0 0 0 0 0 0 0 0 0 0 0 0 0 0 0 0
0 0 0 0 -1 0 0 0 0 0 0 0 0 0 0 0 0 0 0 0 0 0
0 0 0 0 0 -1 0 0 0 0 0 0 0 0 0 0 0 0 0 0 0 0
0 0 0 0 0 0 -1 0 0 0 0 0 0 0 0 0 0 0 0 0 0 0
0 0 0 0 0 0 0 -1 0 0 0 0 0 0 0 0 0 0 0 0 0 0
0 0 0 0 0 0 0 0 -1 0 0 0 0 0 0 0 0 0 0 0 0 0
0 0 0 0 0 0 0 0 0 -1 0 0 0 0 0 0 0 0 0 0 0 0
0 0 0 0 0 0 0 0 0 0 -1 0 0 0 0 0 0 0 0 0 0 0
0 0 0 0 0 0 0 0 0 0 0 -1 0 0 0 0 0 0 0 0 0 0
0 0 0 0 0 0 0 0 0 0 0 0 -1 0 0 0 0 0 0 0 0 0
0 0 0 0 0 0 0 0 0 0 0 0 0 -1 0 0 0 0 0 0 0 0
0 0 0 0 0 0 0 0 0 0 0 0 0 0 -1 0 0 0 0 0 0 0
0 0 0 0 0 0 0 0 0 0 0 0 0 0 0 -1 0 0 0 0 0 0
0 0 0 0 0 0 0 0 0 0 0 0 0 0 0 0 -1 0 0 0 0 0
0 0 0 0 0 0 0 0 0 0 0 0 0 0 0 0 0 -1 0 0 0 0
0 0 0 0 0 0 0 0 0 0 0 0 0 0 0 0 0 0 -1 0 0 0
0 0 0 0 0 0 0 0 0 0 0 0 0 0 0 0 0 0 0 -1 0 0
0 0 0 0 0 0 0 0 0 0 0 0 0 0 0 0 0 0 0 0 -1 0
0 0 0 0 0 0 0 0 0 0 0 0 0 0 0 0 0 0 0 0 0 -1
39 0
1 0 0 0 0 0 0 0 0 0 0 0 0 0 0 0 0 0 0 0 0 0
0 1 0 0 0 0 0 0 0 0 0 0 0 0 0 0 0 0 0 0 0 0
0 0 1 0 0 0 0 0 0 0 0 0 0 0 0 0 0 0 0 0 0 0
0 0 0 1 0 0 0 0 0 0 0 0 0 0 0 0 0 0 0 0 0 0
0 0 0 0 1 0 0 0 0 0 0 0 0 0 0 0 0 0 0 0 0 0
0 0 0 0 0 1 0 0 0 0 0 0 0 0 0 0 0 0 0 0 0 0
0 0 0 0 0 0 1 0 0 0 0 0 0 0 0 0 0 0 0 0 0 0
0 0 0 0 0 0 0 1 0 0 0 0 0 0 0 0 0 0 0 0 0 0
0 0 0 0 0 0 0 0 1 0 0 0 0 0 0 0 0 0 0 0 0 0
0 0 0 0 0 0 0 0 0 1 0 0 0 0 0 0 0 0 0 0 0 0
0 0 0 0 0 0 0 0 0 0 1 0 0 0 0 0 0 0 0 0 0 0
0 0 0 0 0 0 0 0 0 0 0 1 0 0 0 0 0 0 0 0 0 0
0 0 0 0 0 0 0 0 0 0 0 0 1 0 0 0 0 0 0 0 0 0
0 0 0 0 0 0 0 0 0 0 0 0 0 1 0 0 0 0 0 0 0 0
0 0 0 0 0 0 0 0 0 0 0 0 0 0 1 0 0 0 0 0 0 0
0 0 0 0 0 0 0 0 0 0 0 0 0 0 0 1 0 0 0 0 0 0
0 0 0 0 0 0 0 0 0 0 0 0 0 0 0 0 1 0 0 0 0 0
0 0 0 0 0 0 0 0 0 0 0 0 0 0 0 0 0 1 0 0 0 0
0 0 0 0 0 0 0 0 0 0 0 0 0 0 0 0 0 0 1 0 0 0
0 0 0 0 0 0 0 0 0 0 0 0 0 0 0 0 0 0 0 1 0 0
0 0 0 0 0 0 0 0 0 0 0 0 0 0 0 0 0 0 0 0 1 0
0 0 0 0 0 0 0 0 0 0 0 0 0 0 0 0 0 0 0 0 0 1
39 2589
-1 0 0 0 0 0 0 0 0 0 0 0 0 0 0 0 0 0 0 0 0 0
0 -1 0 0 0 0 0 0 0 0 0 0 0 0 0 0 0 0 0 0 0 0
0 0 -1 0 0 0 0 0 0 0 0 0 0 0 0 0 0 0 0 0 0 0
0 0 0 -1 0 0 0 0 0 0 0 0 0 0 0 0 0 0 0 0 0 0
0 0 0 0 -1 0 0 0 0 0 0 0 0 0 0 0 0 0 0 0 0 0
0 0 0 0 0 -1 0 0 0 0 0 0 0 0 0 0 0 0 0 0 0 0
0 0 0 0 0 0 -1 0 0 0 0 0 0 0 0 0 0 0 0 0 0 0
0 0 0 0 0 0 0 -1 0 0 0 0 0 0 0 0 0 0 0 0 0 0
0 0 0 0 0 0 0 0 -1 0 0 0 0 0 0 0 0 0 0 0 0 0
0 0 0 0 0 0 0 0 0 -1 0 0 0 0 0 0 0 0 0 0 0 0
0 0 0 0 0 0 0 0 0 0 -1 0 0 0 0 0 0 0 0 0 0 0
0 0 0 0 0 0 0 0 0 0 0 -1 0 0 0 0 0 0 0 0 0 0
0 0 0 0 0 0 0 0 0 0 0 0 -1 0 0 0 0 0 0 0 0 0
0 0 0 0 0 0 0 0 0 0 0 0 0 -1 0 0 0 0 0 0 0 0
0 0 0 0 0 0 0 0 0 0 0 0 0 0 -1 0 0 0 0 0 0 0
0 0 0 0 0 0 0 0 0 0 0 0 0 0 0 -1 0 0 0 0 0 0
0 0 0 0 0 0 0 0 0 0 0 0 0 0 0 0 -1 0 0 0 0 0
0 0 0 0 0 0 0 0 0 0 0 0 0 0 0 0 0 -1 0 0 0 0
0 0 0 0 0 0 0 0 0 0 0 0 0 0 0 0 0 0 -1 0 0 0
0 0 0 0 0 0 0 0 0 0 0 0 0 0 0 0 0 0 0 -1 0 0
0 0 0 0 0 0 0 0 0 0 0 0 0 0 0 0 0 0 0 0 -1 0
0 0 0 0 0 0 0 0 0 0 0 0 0 0 0 0 0 0 0 0 0 -1
40 0
1 0 0 0 0 0 0 0 0 0 0 0 0 0 0 0 0 0 0 0 0 0
0 1 0 0 0 0 0 0 0 0 0 0 0 0 0 0 0 0 0 0 0 0
0 0 1 0 0 0 0 0 0 0 0 0 0 0 0 0 0 0 0 0 0 0
0 0 0 1 0 0 0 0 0 0 0 0 0 0 0 0 0 0 0 0 0 0
0 0 0 0 1 0 0 0 0 0 0 0 0 0 0 0 0 0 0 0 0 0
0 0 0 0 0 1 0 0 0 0 0 0 0 0 0 0 0 0 0 0 0 0
0 0 0 0 0 0 1 0 0 0 0 0 0 0 0 0 0 0 0 0 0 0
0 0 0 0 0 0 0 1 0 0 0 0 0 0 0 0 0 0 0 0 0 0
0 0 0 0 0 0 0 0 1 0 0 0 0 0 0 0 0 0 0 0 0 0
0 0 0 0 0 0 0 0 0 1 0 0 0 0 0 0 0 0 0 0 0 0
0 0 0 0 0 0 0 0 0 0 1 0 0 0 0 0 0 0 0 0 0 0
0 0 0 0 0 0 0 0 0 0 0 1 0 0 0 0 0 0 0 0 0 0
0 0 0 0 0 0 0 0 0 0 0 0 1 0 0 0 0 0 0 0 0 0
0 0 0 0 0 0 0 0 0 0 0 0 0 1 0 0 0 0 0 0 0 0
0 0 0 0 0 0 0 0 0 0 0 0 0 0 1 0 0 0 0 0 0 0
0 0 0 0 0 0 0 0 0 0 0 0 0 0 0 1 0 0 0 0 0 0
0 0 0 0 0 0 0 0 0 0 0 0 0 0 0 0 1 0 0 0 0 0
0 0 0 0 0 0 0 0 0 0 0 0 0 0 0 0 0 1 0 0 0 0
0 0 0 0 0 0 0 0 0 0 0 0 0 0 0 0 0 0 1 0 0 0
0 0 0 0 0 0 0 0 0 0 0 0 0 0 0 0 0 0 0 1 0 0
0 0 0 0 0 0 0 0 0 0 0 0 0 0 0 0 0 0 0 0 1 0
0 0 0 0 0 0 0 0 0 0 0 0 0 0 0 0 0 0 0 0 0 1
40 264
2 0 0 -1 1 -1 -1 1 -1 -1 -1 0 0 -1 1 1 0 0 -1 0 0 1
-1 0 0 1 1 1 0 -1 1 1 1 0 0 -1 1 -2 0 0 -1 0 0 0
-2 0 0 0 -1 0 0 -1 1 0 0 -1 0 0 0 -1 1 0 2 0 -1 -1
2 0 0 -1 0 0 0 1 -1 0 -1 0 0 0 0 1 -1 0 -1 0 1 1
-1 0 0 0 0 0 0 -1 1 0 0 0 1 0 0 0 0 0 0 0 0 -1
1 0 0 0 -1 -1 0 0 -2 0 0 0 -1 0 -1 1 0 0 1 0 0 0
-1 -1 0 0 1 0 0 0 2 0 0 0 1 -1 1 -1 0 0 -1 0 0 -1
-1 0 0 1 -1 1 1 -1 0 1 1 0 0 0 0 -1 0 0 0 0 0 0
0 0 0 0 1 0 0 0 0 0 0 0 0 0 1 0 0 0 -1 0 0 0
-1 1 0 1 0 1 0 -1 0 0 1 0 0 1 0 0 0 0 0 0 0 0
-2 0 0 1 0 1 1 -1 1 1 1 0 1 0 1 -1 1 0 0 0 -1 -1
2 0 -1 -1 0 -1 -1 1 -2 -1 0 0 -2 0 -1 1 0 0 0 0 0 1
0 0 0 0 0 0 0 0 0 0 0 0 1 0 0 0 0 0 0 0 0 0
1 0 0 -1 0 -1 -1 1 0 -1 -1 0 0 0 0 1 0 0 0 0 0 1
2 0 0 0 0 0 0 1 -1 0 0 0 -1 0 0 1 0 0 -1 0 0 1
-1 0 0 1 0 1 1 -1 0 1 1 0 0 1 0 0 0 0 0 0 0 -1
-1 0 0 -1 0 -1 -1 0 1 -1 0 0 0 0 0 -1 0 0 1 0 -1 0
0 -1 0 0 -1 1 1 0 1 1 0 0 1 0 0 0 0 1 0 1 1 -1
1 0 0 0 0 0 0 0 -1 0 0 0 0 0 0 1 0 0 -1 0 0 0
-1 1 0 0 1 0 -1 -1 1 0 0 0 0 0 0 -1 0 0 0 -1 0 0
-1 0 0 0 0 0 0 0 1 0 0 0 0 0 0 -1 0 0 0 0 -1 0
-1 0 0 0 0 0 0 0 1 0 0 0 1 1 0 0 0 0 0 0 0 -1
40 825
-2 0 0 1 -1 1 1 -1 1 1 1 0 0 1 -1 -1 0 0 1 0 0 -1
1 0 0 -1 -1 -1 0 1 -1 -1 -1 0 0 1 -1 2 0 0 1 0 0 0
2 0 0 0 1 0 0 1 -1 0 0 1 0 0 0 1 -1 0 -2 0 1 1
-2 0 0 1 0 0 0 -1 1 0 1 0 0 0 0 -1 1 0 1 0 -1 -1
1 0 0 0 0 0 0 1 -1 0 0 0 -1 0 0 0 0 0 0 0 0 1
-1 0 0 0 1 1 0 0 2 0 0 0 1 0 1 -1 0 0 -1 0 0 0
1 1 0 0 -1 0 0 0 -2 0 0 0 -1 1 -1 1 0 0 1 0 0 1
1 0 0 -1 1 -1 -1 1 0 -1 -1 0 0 0 0 1 0 0 0 0 0 0
0 0 0 0 -1 0 0 0 0 0 0 0 0 0 -1 0 0 0 1 0 0 0
1 -1 0 -1 0 -1 0 1 0 0 -1 0 0 -1 0 0 0 0 0 0 0 0
2 0 0 -1 0 -1 -1 1 -1 -1 -1 0 -1 0 -1 1 -1 0 0 0 1 1
-2 0 1 1 0 1 1 -1 2 1 0 0 2 0 1 -1 0 0 0 0 0 -1
0 0 0 0 0 0 0 0 0 0 0 0 -1 0 0 0 0 0 0 0 0 0
-1 0 0 1 0 1 1 -1 0 1 1 0 0 0 0 -1 0 0 0 0 0 -1
-2 0 0 0 0 0 0 -1 1 0 0 0 1 0 0 -1 0 0 1 0 0 -1
1 0 0 -1 0 -1 -1 1 0 -1 -1 0 0 -1 0 0 0 0 0 0 0 1
1 0 0 1 0 1 1 0 -1 1 0 0 0 0 0 1 0 0 -1 0 1 0
0 1 0 0 1 -1 -1 0 -1 -1 0 0 -1 0 0 0 0 -1 0 -1 -1 1
-1 0 0 0 0 0 0 0 1 0 0 0 0 0 0 -1 0 0 1 0 0 0
1 -1 0 0 -1 0 1 1 -1 0 0 0 0 0 0 1 0 0 0 1 0 0
1 0 0 0 0 0 0 0 -1 0 0 0 0 0 0 1 0 0 0 0 1 0
1 0 0 0 0 0 0 0 -1 0 0 0 -1 -1 0 0 0 0 0 0 0 1
40 2164
0 0 0 0 1 1 1 -1 1 1 1 2 0 -1 1 0 -1 0 -1 -1 2 1
0 1 1 0 1 -1 -1 0 0 -1 -1 0 1 0 -1 0 0 -1 2 0 -1 1
-1 1 2 1 -2 1 0 0 1 1 -1 -2 1 2 1 0 2 1 2 1 -2 -1
1 -1 -2 -1 1 0 0 0 0 0 1 1 -1 -1 -1 0 -1 0 -2 -1 2 0
0 0 1 1 -1 1 1 0 0 1 0 -1 0 1 1 0 0 0 0 1 -1 0
0 0 -1 0 -1 1 0 -1 -1 0 1 -1 -1 1 0 0 0 1 -1 0 1 -1
0 0 2 1 0 0 1 1 1 1 -1 0 1 0 1 0 0 -1 1 0 -1 1
0 0 0 0 0 -1 -1 0 -1 -1 0 -1 0 1 -1 0 0 0 1 1 -1 -1
0 0 0 0 1 -1 0 0 0 0 0 1 0 -1 0 0 0 -1 0 -1 0 1
0 0 0 0 0 -1 -1 0 -1 -1 0 0 0 0 -1 0 0 0 1 1 -1 0
-1 0 1 0 0 -1 -1 0 0 -1 0 -1 1 1 0 -1 0 -1 2 1 -2 0
0 1 -1 -1 0 1 0 -1 0 0 0 1 0 0 0 1 0 1 -1 -1 2 0
0 -1 0 0 0 0 0 0 0 0 1 0 0 0 0 -1 -1 0 0 1 0 0
0 0 0 0 0 1 1 0 1 1 0 1 0 0 1 1 0 1 -1 0 1 0
0 0 -1 -1 1 0 0 -1 0 0 0 1 0 -1 0 0 -1 0 -1 -1 2 0
0 0 0 0 0 -1 -1 0 -1 -1 0 -1 0 0 0 0 0 -1 0 0 -1 0
-1 1 1 0 -1 1 1 0 1 1 -1 0 1 1 1 0 1 1 1 0 -1 0
1 -1 0 0 -1 0 0 1 0 0 0 -1 0 0 0 0 0 0 0 1 0 0
0 0 -1 0 1 0 0 -1 -1 0 1 0 -1 0 0 0 -1 -1 -1 -1 1 0
0 1 1 0 0 0 0 0 0 0 -1 0 0 0 0 0 0 0 1 0 -1 1
-1 1 1 0 0 0 0 0 1 0 -1 0 1 1 0 0 0 0 1 0 -1 0
0 -1 0 0 -1 0 1 1 0 0 0 0 0 0 0 0 0 0 0 1 -1 0
40 2589
-1 0 0 0 0 0 0 0 0 0 0 0 0 0 0 0 0 0 0 0 0 0
0 -1 0 0 0 0 0 0 0 0 0 0 0 0 0 0 0 0 0 0 0 0
0 0 -1 0 0 0 0 0 0 0 0 0 0 0 0 0 0 0 0 0 0 0
0 0 0 -1 0 0 0 0 0 0 0 0 0 0 0 0 0 0 0 0 0 0
0 0 0 0 -1 0 0 0 0 0 0 0 0 0 0 0 0 0 0 0 0 0
0 0 0 0 0 -1 0 0 0 0 0 0 0 0 0 0 0 0 0 0 0 0
0 0 0 0 0 0 -1 0 0 0 0 0 0 0 0 0 0 0 0 0 0 0
0 0 0 0 0 0 0 -1 0 0 0 0 0 0 0 0 0 0 0 0 0 0
0 0 0 0 0 0 0 0 -1 0 0 0 0 0 0 0 0 0 0 0 0 0
0 0 0 0 0 0 0 0 0 -1 0 0 0 0 0 0 0 0 0 0 0 0
0 0 0 0 0 0 0 0 0 0 -1 0 0 0 0 0 0 0 0 0 0 0
0 0 0 0 0 0 0 0 0 0 0 -1 0 0 0 0 0 0 0 0 0 0
0 0 0 0 0 0 0 0 0 0 0 0 -1 0 0 0 0 0 0 0 0 0
0 0 0 0 0 0 0 0 0 0 0 0 0 -1 0 0 0 0 0 0 0 0
0 0 0 0 0 0 0 0 0 0 0 0 0 0 -1 0 0 0 0 0 0 0
0 0 0 0 0 0 0 0 0 0 0 0 0 0 0 -1 0 0 0 0 0 0
0 0 0 0 0 0 0 0 0 0 0 0 0 0 0 0 -1 0 0 0 0 0
0 0 0 0 0 0 0 0 0 0 0 0 0 0 0 0 0 -1 0 0 0 0
0 0 0 0 0 0 0 0 0 0 0 0 0 0 0 0 0 0 -1 0 0 0
0 0 0 0 0 0 0 0 0 0 0 0 0 0 0 0 0 0 0 -1 0 0
0 0 0 0 0 0 0 0 0 0 0 0 0 0 0 0 0 0 0 0 -1 0
0 0 0 0 0 0 0 0 0 0 0 0 0 0 0 0 0 0 0 0 0 -1
40 3366
0 1 2 -1 -1 0 -1 -1 1 0 -2 0 2 -1 0 -1 -1 0 2 -1 2 2
1 -1 0 1 -1 1 2 2 0 1 1 1 -2 0 0 0 0 1 0 1 0 1
-1 -1 -2 1 2 0 2 1 0 0 1 2 0 0 -1 0 0 -1 -2 0 -1 -2
1 1 1 -1 -1 0 -2 -1 0 0 -1 -2 0 0 0 0 0 0 1 -1 1 1
-1 -1 -1 0 0 0 1 0 0 0 1 1 0 0 -1 -1 0 0 0 1 -1 -1
-1 1 -1 0 1 0 -1 -2 -1 -1 1 -1 0 1 0 0 0 -1 -1 -1 0 -1
0 -1 0 0 0 0 1 1 1 1 0 2 0 -1 -1 -1 0 1 1 1 0 0
0 -1 -1 1 0 0 1 1 -1 0 2 0 -2 1 0 0 0 0 -1 1 -1 -1
1 0 1 0 -1 0 0 0 0 1 -1 0 0 -1 0 0 0 1 1 0 1 1
0 -1 0 1 0 0 1 1 0 0 1 0 -1 0 1 0 0 0 -1 1 -1 0
0 -2 -1 1 0 1 2 1 0 1 2 1 -2 0 0 -1 -1 1 -1 2 0 -1
0 2 1 -1 0 0 -1 -1 0 -1 -2 -1 2 0 1 1 0 -1 0 -2 1 1
0 -1 0 0 0 0 0 0 0 0 1 0 -1 0 0 -1 -1 0 0 1 0 0
0 1 1 -1 0 -1 -1 0 0 -1 -2 0 2 -1 0 0 0 -1 1 -1 0 1
0 1 1 -1 -1 0 -1 -1 0 0 -1 -1 1 0 1 0 0 0 1 -1 1 1
0 -1 -1 0 0 0 0 0 0 0 1 0 -1 0 0 0 0 1 -1 1 0 -1
-1 1 0 0 1 0 1 0 0 0 -1 1 1 0 0 0 0 -1 0 -1 -1 0
0 -1 -1 0 0 0 0 0 0 0 1 0 -1 0 -1 0 0 0 0 1 0 -1
0 0 0 -1 -1 0 -1 -1 0 0 0 -1 0 0 0 -1 0 1 1 0 1 0
0 0 0 0 0 0 1 1 0 0 0 1 0 0 0 0 0 0 0 0 -1 1
0 0 0 0 0 0 1 1 0 0 0 1 0 0 0 0 0 0 0 0 -1 0
0 0 0 0 0 0 0 0 0 0 0 0 0 0 0 0 0 0 0 1 -1 0
40 4928
2 -1 -1 1 1 0 0 1 -1 1 1 -1 -3 -1 0 0 1 1 -1 0 0 -1
0 0 0 -2 0 -2 -2 1 1 -2 -2 1 2 -1 -1 0 0 1 1 0 1 0
-1 0 1 0 0 0 1 1 1 -2 0 2 2 0 0 0 -2 -2 -1 1 -1 1
1 0 -1 0 0 1 0 -1 -1 2 0 -2 -2 0 0 0 1 1 0 -1 1 -1
-1 1 0 0 0 0 0 0 0 -1 0 0 1 1 0 0 0 -1 0 0 -1 0
0 0 0 1 0 0 1 -1 -2 1 1 0 -1 0 0 0 0 -1 0 0 -1 0
0 1 0 -1 0 0 -1 1 1 -2 -1 0 1 0 0 0 0 0 0 0 0 1
-1 0 0 -1 -1 -1 0 0 0 -1 -1 1 2 0 -1 0 0 0 1 0 0 0
1 0 0 0 0 0 -1 0 0 0 0 -1 -1 0 0 0 0 1 0 0 1 0
-1 0 1 0 0 -1 0 0 1 0 -1 1 2 0 0 0 0 0 1 0 0 0
0 1 1 -1 -1 -1 -1 1 1 -2 -2 1 3 0 -1 1 0 0 1 0 0 1
1 -2 -1 1 1 0 1 0 -1 2 2 0 -3 -1 0 -1 0 0 -1 0 0 -1
0 1 0 0 0 0 0 0 0 0 -1 0 1 0 0 1 1 0 0 -1 0 0
0 -1 -1 1 1 1 1 0 0 1 2 0 -2 0 0 -1 0 0 -1 0 0 -1
1 -1 -1 0 0 0 0 0 -1 1 1 -1 -2 0 0 0 1 1 0 0 0 -1
0 1 1 0 -1 0 0 0 0 0 -1 0 1 1 0 1 0 0 1 0 0 1
-1 0 0 0 1 0 0 0 1 -1 1 1 0 0 0 -1 -1 -1 -1 0 -1 0
0 1 0 0 -1 1 0 0 0 0 -1 -1 1 1 0 1 1 0 0 0 0 0
1 0 0 0 -1 0 0 0 -1 1 0 -1 -1 0 0 0 1 1 1 0 0 0
-1 0 0 -1 1 -1 -1 0 1 -1 0 1 1 0 0 -1 -1 0 0 0 0 0
-1 0 0 -1 0 0 0 0 1 -1 0 1 1 0 0 -1 -1 0 0 0 0 0
-1 1 0 0 0 1 0 -1 1 0 0 0 1 1 0 0 0 0 0 0 0 0
40 5579
0 -1 -2 1 1 0 1 1 -1 0 2 0 -2 1 0 1 1 0 -2 1 -2 -2
-1 1 0 -1 1 -1 -2 -2 0 -1 -1 -1 2 0 0 0 0 -1 0 -1 0 -1
1 1 2 -1 -2 0 -2 -1 0 0 -1 -2 0 0 1 0 0 1 2 0 1 2
-1 -1 -1 1 1 0 2 1 0 0 1 2 0 0 0 0 0 0 -1 1 -1 -1
1 1 1 0 0 0 -1 0 0 0 -1 -1 0 0 1 1 0 0 0 -1 1 1
1 -1 1 0 -1 0 1 2 1 1 -1 1 0 -1 0 0 0 1 1 1 0 1
0 1 0 0 0 0 -1 -1 -1 -1 0 -2 0 1 1 1 0 -1 -1 -1 0 0
0 1 1 -1 0 0 -1 -1 1 0 -2 0 2 -1 0 0 0 0 1 -1 1 1
-1 0 -1 0 1 0 0 0 0 -1 1 0 0 1 0 0 0 -1 -1 0 -1 -1
0 1 0 -1 0 0 -1 -1 0 0 -1 0 1 0 -1 0 0 0 1 -1 1 0
0 2 1 -1 0 -1 -2 -1 0 -1 -2 -1 2 0 0 1 1 -1 1 -2 0 1
0 -2 -1 1 0 0 1 1 0 1 2 1 -2 0 -1 -1 0 1 0 2 -1 -1
0 1 0 0 0 0 0 0 0 0 -1 0 1 0 0 1 1 0 0 -1 0 0
0 -1 -1 1 0 1 1 0 0 1 2 0 -2 1 0 0 0 1 -1 1 0 -1
0 -1 -1 1 1 0 1 1 0 0 1 1 -1 0 -1 0 0 0 -1 1 -1 -1
0 1 1 0 0 0 0 0 0 0 -1 0 1 0 0 0 0 -1 1 -1 0 1
1 -1 0 0 -1 0 -1 0 0 0 1 -1 -1 0 0 0 0 1 0 1 1 0
0 1 1 0 0 0 0 0 0 0 -1 0 1 0 1 0 0 0 0 -1 0 1
0 0 0 1 1 0 1 1 0 0 0 1 0 0 0 1 0 -1 -1 0 -1 0
0 0 0 0 0 0 -1 -1 0 0 0 -1 0 0 0 0 0 0 0 0 1 -1
0 0 0 0 0 0 -1 -1 0 0 0 -1 0 0 0 0 0 0 0 0 1 0
0 0 0 0 0 0 0 0 0 0 0 0 0 0 0 0 0 0 0 -1 1 0
40 6845
-2 1 1 -1 -1 0 0 -1 1 -1 -1 1 3 1 0 0 -1 -1 1 0 0 1
0 0 0 2 0 2 2 -1 -1 2 2 -1 -2 1 1 0 0 -1 -1 0 -1 0
1 0 -1 0 0 0 -1 -1 -1 2 0 -2 -2 0 0 0 2 2 1 -1 1 -1
-1 0 1 0 0 -1 0 1 1 -2 0 2 2 0 0 0 -1 -1 0 1 -1 1
1 -1 0 0 0 0 0 0 0 1 0 0 -1 -1 0 0 0 1 0 0 1 0
0 0 0 -1 0 0 -1 1 2 -1 -1 0 1 0 0 0 0 1 0 0 1 0
0 -1 0 1 0 0 1 -1 -1 2 1 0 -1 0 0 0 0 0 0 0 0 -1
1 0 0 1 1 1 0 0 0 1 1 -1 -2 0 1 0 0 0 -1 0 0 0
-1 0 0 0 0 0 1 0 0 0 0 1 1 0 0 0 0 -1 0 0 -1 0
1 0 -1 0 0 1 0 0 -1 0 1 -1 -2 0 0 0 0 0 -1 0 0 0
0 -1 -1 1 1 1 1 -1 -1 2 2 -1 -3 0 1 -1 0 0 -1 0 0 -1
-1 2 1 -1 -1 0 -1 0 1 -2 -2 0 3 1 0 1 0 0 1 0 0 1
0 -1 0 0 0 0 0 0 0 0 1 0 -1 0 0 -1 -1 0 0 1 0 0
0 1 1 -1 -1 -1 -1 0 0 -1 -2 0 2 0 0 1 0 0 1 0 0 1
-1 1 1 0 0 0 0 0 1 -1 -1 1 2 0 0 0 -1 -1 0 0 0 1
0 -1 -1 0 1 0 0 0 0 0 1 0 -1 -1 0 -1 0 0 -1 0 0 -1
1 0 0 0 -1 0 0 0 -1 1 -1 -1 0 0 0 1 1 1 1 0 1 0
0 -1 0 0 1 -1 0 0 0 0 1 1 -1 -1 0 -1 -1 0 0 0 0 0
-1 0 0 0 1 0 0 0 1 -1 0 1 1 0 0 0 -1 -1 -1 0 0 0
1 0 0 1 -1 1 1 0 -1 1 0 -1 -1 0 0 1 1 0 0 0 0 0
1 0 0 1 0 0 0 0 -1 1 0 -1 -1 0 0 1 1 0 0 0 0 0
1 -1 0 0 0 -1 0 1 -1 0 0 0 -1 -1 0 0 0 0 0 0 0 0
40 7746
0 0 -1 0 1 -2 -2 1 -1 -1 0 -1 -1 1 -2 0 1 -1 1 -1 -1 0
0 1 1 1 1 0 0 0 0 0 0 0 0 0 2 2 0 -1 -1 -1 0 0
0 0 2 0 -2 2 1 0 2 0 0 1 2 1 1 1 -1 2 0 3 0 0
0 0 -2 -1 1 -1 -1 0 -1 0 0 -1 -1 0 -1 -1 1 -1 0 -2 0 0
0 0 0 0 -1 1 1 0 0 0 0 0 0 1 0 1 0 1 0 1 0 -1
0 -1 0 0 -1 0 1 0 0 1 0 0 0 0 0 -1 0 1 0 1 0 0
0 1 0 0 0 1 0 0 0 -1 0 0 0 1 0 2 0 0 0 0 0 0
0 1 1 1 0 1 1 -1 0 1 0 0 0 0 2 1 0 0 -1 0 0 0
0 0 -1 0 1 -1 -1 0 -1 -1 1 0 -1 0 -1 0 0 -1 0 -1 0 0
0 0 1 1 0 0 1 0 0 1 0 1 0 -1 1 0 0 0 0 0 0 0
0 1 1 1 0 1 1 0 1 0 0 1 0 0 1 2 0 0 -1 0 0 0
0 -1 0 0 0 -1 -1 0 0 1 0 -1 0 0 -1 -2 0 0 1 0 0 0
0 1 0 0 0 0 0 0 0 0 -1 0 0 0 0 1 1 0 0 -1 0 0
0 0 0 0 0 0 -1 0 0 0 0 -1 0 1 -1 -1 0 0 1 0 0 0
0 0 -1 0 1 -1 -1 0 -1 0 0 -1 -1 0 -1 -1 0 -1 0 -1 0 0
0 0 0 0 0 0 1 0 0 0 0 1 0 -1 0 0 0 0 0 0 0 0
0 0 1 0 -1 1 0 0 1 0 0 0 1 1 0 0 -1 1 0 1 0 0
0 0 -1 0 0 1 1 0 0 0 0 0 0 0 0 1 1 0 -1 0 0 -1
0 0 -1 0 1 -1 0 0 -1 0 0 0 -1 0 -1 0 0 -1 0 -1 0 0
0 0 1 0 0 0 0 0 0 0 0 0 0 0 1 0 -1 0 0 0 0 0
-1 1 1 0 0 1 0 -1 1 0 0 0 1 1 1 0 -1 0 0 0 0 0
0 0 0 0 -1 1 1 0 0 0 0 0 0 0 0 0 0 0 0 0 0 0
40 8608
0 0 0 0 -1 -1 -1 1 -1 -1 -1 -2 0 1 -1 0 1 0 1 1 -2 -1
0 -1 -1 0 -1 1 1 0 0 1 1 0 -1 0 1 0 0 1 -2 0 1 -1
1 -1 -2 -1 2 -1 0 0 -1 -1 1 2 -1 -2 -1 0 -2 -1 -2 -1 2 1
-1 1 2 1 -1 0 0 0 0 0 -1 -1 1 1 1 0 1 0 2 1 -2 0
0 0 -1 -1 1 -1 -1 0 0 -1 0 1 0 -1 -1 0 0 0 0 -1 1 0
0 0 1 0 1 -1 0 1 1 0 -1 1 1 -1 0 0 0 -1 1 0 -1 1
0 0 -2 -1 0 0 -1 -1 -1 -1 1 0 -1 0 -1 0 0 1 -1 0 1 -1
0 0 0 0 0 1 1 0 1 1 0 1 0 -1 1 0 0 0 -1 -1 1 1
0 0 0 0 -1 1 0 0 0 0 0 -1 0 1 0 0 0 1 0 1 0 -1
0 0 0 0 0 1 1 0 1 1 0 0 0 0 1 0 0 0 -1 -1 1 0
1 0 -1 0 0 1 1 0 0 1 0 1 -1 -1 0 1 0 1 -2 -1 2 0
0 -1 1 1 0 -1 0 1 0 0 0 -1 0 0 0 -1 0 -1 1 1 -2 0
0 1 0 0 0 0 0 0 0 0 -1 0 0 0 0 1 1 0 0 -1 0 0
0 0 0 0 0 -1 -1 0 -1 -1 0 -1 0 0 -1 -1 0 -1 1 0 -1 0
0 0 1 1 -1 0 0 1 0 0 0 -1 0 1 0 0 1 0 1 1 -2 0
0 0 0 0 0 1 1 0 1 1 0 1 0 0 0 0 0 1 0 0 1 0
1 -1 -1 0 1 -1 -1 0 -1 -1 1 0 -1 -1 -1 0 -1 -1 -1 0 1 0
-1 1 0 0 1 0 0 -1 0 0 0 1 0 0 0 0 0 0 0 -1 0 0
0 0 1 0 -1 0 0 1 1 0 -1 0 1 0 0 0 1 1 1 1 -1 0
0 -1 -1 0 0 0 0 0 0 0 1 0 0 0 0 0 0 0 -1 0 1 -1
1 -1 -1 0 0 0 0 0 -1 0 1 0 -1 -1 0 0 0 0 -1 0 1 0
0 1 0 0 1 0 -1 -1 0 0 0 0 0 0 0 0 0 0 0 -1 1 0
40 10388
0 0 1 0 -1 2 2 -1 1 1 0 1 1 -1 2 0 -1 1 -1 1 1 0
0 -1 -1 -1 -1 0 0 0 0 0 0 0 0 0 -2 -2 0 1 1 1 0 0
0 0 -2 0 2 -2 -1 0 -2 0 0 -1 -2 -1 -1 -1 1 -2 0 -3 0 0
0 0 2 1 -1 1 1 0 1 0 0 1 1 0 1 1 -1 1 0 2 0 0
0 0 0 0 1 -1 -1 0 0 0 0 0 0 -1 0 -1 0 -1 0 -1 0 1
0 1 0 0 1 0 -1 0 0 -1 0 0 0 0 0 1 0 -1 0 -1 0 0
0 -1 0 0 0 -1 0 0 0 1 0 0 0 -1 0 -2 0 0 0 0 0 0
0 -1 -1 -1 0 -1 -1 1 0 -1 0 0 0 0 -2 -1 0 0 1 0 0 0
0 0 1 0 -1 1 1 0 1 1 -1 0 1 0 1 0 0 1 0 1 0 0
0 0 -1 -1 0 0 -1 0 0 -1 0 -1 0 1 -1 0 0 0 0 0 0 0
0 -1 -1 -1 0 -1 -1 0 -1 0 0 -1 0 0 -1 -2 0 0 1 0 0 0
0 1 0 0 0 1 1 0 0 -1 0 1 0 0 1 2 0 0 -1 0 0 0
0 -1 0 0 0 0 0 0 0 0 1 0 0 0 0 -1 -1 0 0 1 0 0
0 0 0 0 0 0 1 0 0 0 0 1 0 -1 1 1 0 0 -1 0 0 0
0 0 1 0 -1 1 1 0 1 0 0 1 1 0 1 1 0 1 0 1 0 0
0 0 0 0 0 0 -1 0 0 0 0 -1 0 1 0 0 0 0 0 0 0 0
0 0 -1 0 1 -1 0 0 -1 0 0 0 -1 -1 0 0 1 -1 0 -1 0 0
0 0 1 0 0 -1 -1 0 0 0 0 0 0 0 0 -1 -1 0 1 0 0 1
0 0 1 0 -1 1 0 0 1 0 0 0 1 0 1 0 0 1 0 1 0 0
0 0 -1 0 0 0 0 0 0 0 0 0 0 0 -1 0 1 0 0 0 0 0
1 -1 -1 0 0 -1 0 1 -1 0 0 0 -1 -1 -1 0 1 0 0 0 0 0
0 0 0 0 1 -1 -1 0 0 0 0 0 0 0 0 0 0 0 0 0 0 0
41 0
1 0 0 0 0 0 0 0 0 0 0 0 0 0 0 0 0 0 0 0 0 0
0 1 0 0 0 0 0 0 0 0 0 0 0 0 0 0 0 0 0 0 0 0
0 0 1 0 0 0 0 0 0 0 0 0 0 0 0 0 0 0 0 0 0 0
0 0 0 1 0 0 0 0 0 0 0 0 0 0 0 0 0 0 0 0 0 0
0 0 0 0 1 0 0 0 0 0 0 0 0 0 0 0 0 0 0 0 0 0
0 0 0 0 0 1 0 0 0 0 0 0 0 0 0 0 0 0 0 0 0 0
0 0 0 0 0 0 1 0 0 0 0 0 0 0 0 0 0 0 0 0 0 0
0 0 0 0 0 0 0 1 0 0 0 0 0 0 0 0 0 0 0 0 0 0
0 0 0 0 0 0 0 0 1 0 0 0 0 0 0 0 0 0 0 0 0 0
0 0 0 0 0 0 0 0 0 1 0 0 0 0 0 0 0 0 0 0 0 0
0 0 0 0 0 0 0 0 0 0 1 0 0 0 0 0 0 0 0 0 0 0
0 0 0 0 0 0 0 0 0 0 0 1 0 0 0 0 0 0 0 0 0 0
0 0 0 0 0 0 0 0 0 0 0 0 1 0 0 0 0 0 0 0 0 0
0 0 0 0 0 0 0 0 0 0 0 0 0 1 0 0 0 0 0 0 0 0
0 0 0 0 0 0 0 0 0 0 0 0 0 0 1 0 0 0 0 0 0 0
0 0 0 0 0 0 0 0 0 0 0 0 0 0 0 1 0 0 0 0 0 0
0 0 0 0 0 0 0 0 0 0 0 0 0 0 0 0 1 0 0 0 0 0
0 0 0 0 0 0 0 0 0 0 0 0 0 0 0 0 0 1 0 0 0 0
0 0 0 0 0 0 0 0 0 0 0 0 0 0 0 0 0 0 1 0 0 0
0 0 0 0 0 0 0 0 0 0 0 0 0 0 0 0 0 0 0 1 0 0
0 0 0 0 0 0 0 0 0 0 0 0 0 0 0 0 0 0 0 0 1 0
0 0 0 0 0 0 0 0 0 0 0 0 0 0 0 0 0 0 0 0 0 1
41 2589
-1 0 0 0 0 0 0 0 0 0 0 0 0 0 0 0 0 0 0 0 0 0
0 -1 0 0 0 0 0 0 0 0 0 0 0 0 0 0 0 0 0 0 0 0
0 0 -1 0 0 0 0 0 0 0 0 0 0 0 0 0 0 0 0 0 0 0
0 0 0 -1 0 0 0 0 0 0 0 0 0 0 0 0 0 0 0 0 0 0
0 0 0 0 -1 0 0 0 0 0 0 0 0 0 0 0 0 0 0 0 0 0
0 0 0 0 0 -1 0 0 0 0 0 0 0 0 0 0 0 0 0 0 0 0
0 0 0 0 0 0 -1 0 0 0 0 0 0 0 0 0 0 0 0 0 0 0
0 0 0 0 0 0 0 -1 0 0 0 0 0 0 0 0 0 0 0 0 0 0
0 0 0 0 0 0 0 0 -1 0 0 0 0 0 0 0 0 0 0 0 0 0
0 0 0 0 0 0 0 0 0 -1 0 0 0 0 0 0 0 0 0 0 0 0
0 0 0 0 0 0 0 0 0 0 -1 0 0 0 0 0 0 0 0 0 0 0
0 0 0 0 0 0 0 0 0 0 0 -1 0 0 0 0 0 0 0 0 0 0
0 0 0 0 0 0 0 0 0 0 0 0 -1 0 0 0 0 0 0 0 0 0
0 0 0 0 0 0 0 0 0 0 0 0 0 -1 0 0 0 0 0 0 0 0
0 0 0 0 0 0 0 0 0 0 0 0 0 0 -1 0 0 0 0 0 0 0
0 0 0 0 0 0 0 0 0 0 0 0 0 0 0 -1 0 0 0 0 0 0
0 0 0 0 0 0 0 0 0 0 0 0 0 0 0 0 -1 0 0 0 0 0
0 0 0 0 0 0 0 0 0 0 0 0 0 0 0 0 0 -1 0 0 0 0
0 0 0 0 0 0 0 0 0 0 0 0 0 0 0 0 0 0 -1 0 0 0
0 0 0 0 0 0 0 0 0 0 0 0 0 0 0 0 0 0 0 -1 0 0
0 0 0 0 0 0 0 0 0 0 0 0 0 0 0 0 0 0 0 0 -1 0
0 0 0 0 0 0 0 0 0 0 0 0 0 0 0 0 0 0 0 0 0 -1
42 0
1 0 0 0 0 0 0 0 0 0 0 0 0 0 0 0 0 0 0 0 0 0
0 1 0 0 0 0 0 0 0 0 0 0 0 0 0 0 0 0 0 0 0 0
0 0 1 0 0 0 0 0 0 0 0 0 0 0 0 0 0 0 0 0 0 0
0 0 0 1 0 0 0 0 0 0 0 0 0 0 0 0 0 0 0 0 0 0
0 0 0 0 1 0 0 0 0 0 0 0 0 0 0 0 0 0 0 0 0 0
0 0 0 0 0 1 0 0 0 0 0 0 0 0 0 0 0 0 0 0 0 0
0 0 0 0 0 0 1 0 0 0 0 0 0 0 0 0 0 0 0 0 0 0
0 0 0 0 0 0 0 1 0 0 0 0 0 0 0 0 0 0 0 0 0 0
0 0 0 0 0 0 0 0 1 0 0 0 0 0 0 0 0 0 0 0 0 0
0 0 0 0 0 0 0 0 0 1 0 0 0 0 0 0 0 0 0 0 0 0
0 0 0 0 0 0 0 0 0 0 1 0 0 0 0 0 0 0 0 0 0 0
0 0 0 0 0 0 0 0 0 0 0 1 0 0 0 0 0 0 0 0 0 0
0 0 0 0 0 0 0 0 0 0 0 0 1 0 0 0 0 0 0 0 0 0
0 0 0 0 0 0 0 0 0 0 0 0 0 1 0 0 0 0 0 0 0 0
0 0 0 0 0 0 0 0 0 0 0 0 0 0 1 0 0 0 0 0 0 0
0 0 0 0 0 0 0 0 0 0 0 0 0 0 0 1 0 0 0 0 0 0
0 0 0 0 0 0 0 0 0 0 0 0 0 0 0 0 1 0 0 0 0 0
0 0 0 0 0 0 0 0 0 0 0 0 0 0 0 0 0 1 0 0 0 0
0 0 0 0 0 0 0 0 0 0 0 0 0 0 0 0 0 0 1 0 0 0
0 0 0 0 0 0 0 0 0 0 0 0 0 0 0 0 0 0 0 1 0 0
0 0 0 0 0 0 0 0 0 0 0 0 0 0 0 0 0 0 0 0 1 0
0 0 0 0 0 0 0 0 0 0 0 0 0 0 0 0 0 0 0 0 0 1
42 2589
-1 0 0 0 0 0 0 0 0 0 0 0 0 0 0 0 0 0 0 0 0 0
0 -1 0 0 0 0 0 0 0 0 0 0 0 0 0 0 0 0 0 0 0 0
0 0 -1 0 0 0 0 0 0 0 0 0 0 0 0 0 0 0 0 0 0 0
0 0 0 -1 0 0 0 0 0 0 0 0 0 0 0 0 0 0 0 0 0 0
0 0 0 0 -1 0 0 0 0 0 0 0 0 0 0 0 0 0 0 0 0 0
0 0 0 0 0 -1 0 0 0 0 0 0 0 0 0 0 0 0 0 0 0 0
0 0 0 0 0 0 -1 0 0 0 0 0 0 0 0 0 0 0 0 0 0 0
0 0 0 0 0 0 0 -1 0 0 0 0 0 0 0 0 0 0 0 0 0 0
0 0 0 0 0 0 0 0 -1 0 0 0 0 0 0 0 0 0 0 0 0 0
0 0 0 0 0 0 0 0 0 -1 0 0 0 0 0 0 0 0 0 0 0 0
0 0 0 0 0 0 0 0 0 0 -1 0 0 0 0 0 0 0 0 0 0 0
0 0 0 0 0 0 0 0 0 0 0 -1 0 0 0 0 0 0 0 0 0 0
0 0 0 0 0 0 0 0 0 0 0 0 -1 0 0 0 0 0 0 0 0 0
0 0 0 0 0 0 0 0 0 0 0 0 0 -1 0 0 0 0 0 0 0 0
0 0 0 0 0 0 0 0 0 0 0 0 0 0 -1 0 0 0 0 0 0 0
0 0 0 0 0 0 0 0 0 0 0 0 0 0 0 -1 0 0 0 0 0 0
0 0 0 0 0 0 0 0 0 0 0 0 0 0 0 0 -1 0 0 0 0 0
0 0 0 0 0 0 0 0 0 0 0 0 0 0 0 0 0 -1 0 0 0 0
0 0 0 0 0 0 0 0 0 0 0 0 0 0 0 0 0 0 -1 0 0 0
0 0 0 0 0 0 0 0 0 0 0 0 0 0 0 0 0 0 0 -1 0 0
0 0 0 0 0 0 0 0 0 0 0 0 0 0 0 0 0 0 0 0 -1 0
0 0 0 0 0 0 0 0 0 0 0 0 0 0 0 0 0 0 0 0 0 -1
43 0
1 0 0 0 0 0 0 0 0 0 0 0 0 0 0 0 0 0 0 0 0 0
0 1 0 0 0 0 0 0 0 0 0 0 0 0 0 0 0 0 0 0 0 0
0 0 1 0 0 0 0 0 0 0 0 0 0 0 0 0 0 0 0 0 0 0
0 0 0 1 0 0 0 0 0 0 0 0 0 0 0 0 0 0 0 0 0 0
0 0 0 0 1 0 0 0 0 0 0 0 0 0 0 0 0 0 0 0 0 0
0 0 0 0 0 1 0 0 0 0 0 0 0 0 0 0 0 0 0 0 0 0
0 0 0 0 0 0 1 0 0 0 0 0 0 0 0 0 0 0 0 0 0 0
0 0 0 0 0 0 0 1 0 0 0 0 0 0 0 0 0 0 0 0 0 0
0 0 0 0 0 0 0 0 1 0 0 0 0 0 0 0 0 0 0 0 0 0
0 0 0 0 0 0 0 0 0 1 0 0 0 0 0 0 0 0 0 0 0 0
0 0 0 0 0 0 0 0 0 0 1 0 0 0 0 0 0 0 0 0 0 0
0 0 0 0 0 0 0 0 0 0 0 1 0 0 0 0 0 0 0 0 0 0
0 0 0 0 0 0 0 0 0 0 0 0 1 0 0 0 0 0 0 0 0 0
0 0 0 0 0 0 0 0 0 0 0 0 0 1 0 0 0 0 0 0 0 0
0 0 0 0 0 0 0 0 0 0 0 0 0 0 1 0 0 0 0 0 0 0
0 0 0 0 0 0 0 0 0 0 0 0 0 0 0 1 0 0 0 0 0 0
0 0 0 0 0 0 0 0 0 0 0 0 0 0 0 0 1 0 0 0 0 0
0 0 0 0 0 0 0 0 0 0 0 0 0 0 0 0 0 1 0 0 0 0
0 0 0 0 0 0 0 0 0 0 0 0 0 0 0 0 0 0 1 0 0 0
0 0 0 0 0 0 0 0 0 0 0 0 0 0 0 0 0 0 0 1 0 0
0 0 0 0 0 0 0 0 0 0 0 0 0 0 0 0 0 0 0 0 1 0
0 0 0 0 0 0 0 0 0 0 0 0 0 0 0 0 0 0 0 0 0 1
43 2589
-1 0 0 0 0 0 0 0 0 0 0 0 0 0 0 0 0 0 0 0 0 0
0 -1 0 0 0 0 0 0 0 0 0 0 0 0 0 0 0 0 0 0 0 0
0 0 -1 0 0 0 0 0 0 0 0 0 0 0 0 0 0 0 0 0 0 0
0 0 0 -1 0 0 0 0 0 0 0 0 0 0 0 0 0 0 0 0 0 0
0 0 0 0 -1 0 0 0 0 0 0 0 0 0 0 0 0 0 0 0 0 0
0 0 0 0 0 -1 0 0 0 0 0 0 0 0 0 0 0 0 0 0 0 0
0 0 0 0 0 0 -1 0 0 0 0 0 0 0 0 0 0 0 0 0 0 0
0 0 0 0 0 0 0 -1 0 0 0 0 0 0 0 0 0 0 0 0 0 0
0 0 0 0 0 0 0 0 -1 0 0 0 0 0 0 0 0 0 0 0 0 0
0 0 0 0 0 0 0 0 0 -1 0 0 0 0 0 0 0 0 0 0 0 0
0 0 0 0 0 0 0 0 0 0 -1 0 0 0 0 0 0 0 0 0 0 0
0 0 0 0 0 0 0 0 0 0 0 -1 0 0 0 0 0 0 0 0 0 0
0 0 0 0 0 0 0 0 0 0 0 0 -1 0 0 0 0 0 0 0 0 0
0 0 0 0 0 0 0 0 0 0 0 0 0 -1 0 0 0 0 0 0 0 0
0 0 0 0 0 0 0 0 0 0 0 0 0 0 -1 0 0 0 0 0 0 0
0 0 0 0 0 0 0 0 0 0 0 0 0 0 0 -1 0 0 0 0 0 0
0 0 0 0 0 0 0 0 0 0 0 0 0 0 0 0 -1 0 0 0 0 0
0 0 0 0 0 0 0 0 0 0 0 0 0 0 0 0 0 -1 0 0 0 0
0 0 0 0 0 0 0 0 0 0 0 0 0 0 0 0 0 0 -1 0 0 0
0 0 0 0 0 0 0 0 0 0 0 0 0 0 0 0 0 0 0 -1 0 0
0 0 0 0 0 0 0 0 0 0 0 0 0 0 0 0 0 0 0 0 -1 0
0 0 0 0 0 0 0 0 0 0 0 0 0 0 0 0 0 0 0 0 0 -1
44 0
1 0 0 0 0 0 0 0 0 0 0 0 0 0 0 0 0 0 0 0 0 0
0 1 0 0 0 0 0 0 0 0 0 0 0 0 0 0 0 0 0 0 0 0
0 0 1 0 0 0 0 0 0 0 0 0 0 0 0 0 0 0 0 0 0 0
0 0 0 1 0 0 0 0 0 0 0 0 0 0 0 0 0 0 0 0 0 0
0 0 0 0 1 0 0 0 0 0 0 0 0 0 0 0 0 0 0 0 0 0
0 0 0 0 0 1 0 0 0 0 0 0 0 0 0 0 0 0 0 0 0 0
0 0 0 0 0 0 1 0 0 0 0 0 0 0 0 0 0 0 0 0 0 0
0 0 0 0 0 0 0 1 0 0 0 0 0 0 0 0 0 0 0 0 0 0
0 0 0 0 0 0 0 0 1 0 0 0 0 0 0 0 0 0 0 0 0 0
0 0 0 0 0 0 0 0 0 1 0 0 0 0 0 0 0 0 0 0 0 0
0 0 0 0 0 0 0 0 0 0 1 0 0 0 0 0 0 0 0 0 0 0
0 0 0 0 0 0 0 0 0 0 0 1 0 0 0 0 0 0 0 0 0 0
0 0 0 0 0 0 0 0 0 0 0 0 1 0 0 0 0 0 0 0 0 0
0 0 0 0 0 0 0 0 0 0 0 0 0 1 0 0 0 0 0 0 0 0
0 0 0 0 0 0 0 0 0 0 0 0 0 0 1 0 0 0 0 0 0 0
0 0 0 0 0 0 0 0 0 0 0 0 0 0 0 1 0 0 0 0 0 0
0 0 0 0 0 0 0 0 0 0 0 0 0 0 0 0 1 0 0 0 0 0
0 0 0 0 0 0 0 0 0 0 0 0 0 0 0 0 0 1 0 0 0 0
0 0 0 0 0 0 0 0 0 0 0 0 0 0 0 0 0 0 1 0 0 0
0 0 0 0 0 0 0 0 0 0 0 0 0 0 0 0 0 0 0 1 0 0
0 0 0 0 0 0 0 0 0 0 0 0 0 0 0 0 0 0 0 0 1 0
0 0 0 0 0 0 0 0 0 0 0 0 0 0 0 0 0 0 0 0 0 1
44 2589
-1 0 0 0 0 0 0 0 0 0 0 0 0 0 0 0 0 0 0 0 0 0
0 -1 0 0 0 0 0 0 0 0 0 0 0 0 0 0 0 0 0 0 0 0
0 0 -1 0 0 0 0 0 0 0 0 0 0 0 0 0 0 0 0 0 0 0
0 0 0 -1 0 0 0 0 0 0 0 0 0 0 0 0 0 0 0 0 0 0
0 0 0 0 -1 0 0 0 0 0 0 0 0 0 0 0 0 0 0 0 0 0
0 0 0 0 0 -1 0 0 0 0 0 0 0 0 0 0 0 0 0 0 0 0
0 0 0 0 0 0 -1 0 0 0 0 0 0 0 0 0 0 0 0 0 0 0
0 0 0 0 0 0 0 -1 0 0 0 0 0 0 0 0 0 0 0 0 0 0
0 0 0 0 0 0 0 0 -1 0 0 0 0 0 0 0 0 0 0 0 0 0
0 0 0 0 0 0 0 0 0 -1 0 0 0 0 0 0 0 0 0 0 0 0
0 0 0 0 0 0 0 0 0 0 -1 0 0 0 0 0 0 0 0 0 0 0
0 0 0 0 0 0 0 0 0 0 0 -1 0 0 0 0 0 0 0 0 0 0
0 0 0 0 0 0 0 0 0 0 0 0 -1 0 0 0 0 0 0 0 0 0
0 0 0 0 0 0 0 0 0 0 0 0 0 -1 0 0 0 0 0 0 0 0
0 0 0 0 0 0 0 0 0 0 0 0 0 0 -1 0 0 0 0 0 0 0
0 0 0 0 0 0 0 0 0 0 0 0 0 0 0 -1 0 0 0 0 0 0
0 0 0 0 0 0 0 0 0 0 0 0 0 0 0 0 -1 0 0 0 0 0
0 0 0 0 0 0 0 0 0 0 0 0 0 0 0 0 0 -1 0 0 0 0
0 0 0 0 0 0 0 0 0 0 0 0 0 0 0 0 0 0 -1 0 0 0
0 0 0 0 0 0 0 0 0 0 0 0 0 0 0 0 0 0 0 -1 0 0
0 0 0 0 0 0 0 0 0 0 0 0 0 0 0 0 0 0 0 0 -1 0
0 0 0 0 0 0 0 0 0 0 0 0 0 0 0 0 0 0 0 0 0 -1
45 0
1 0 0 0 0 0 0 0 0 0 0 0 0 0 0 0 0 0 0 0 0 0
0 1 0 0 0 0 0 0 0 0 0 0 0 0 0 0 0 0 0 0 0 0
0 0 1 0 0 0 0 0 0 0 0 0 0 0 0 0 0 0 0 0 0 0
0 0 0 1 0 0 0 0 0 0 0 0 0 0 0 0 0 0 0 0 0 0
0 0 0 0 1 0 0 0 0 0 0 0 0 0 0 0 0 0 0 0 0 0
0 0 0 0 0 1 0 0 0 0 0 0 0 0 0 0 0 0 0 0 0 0
0 0 0 0 0 0 1 0 0 0 0 0 0 0 0 0 0 0 0 0 0 0
0 0 0 0 0 0 0 1 0 0 0 0 0 0 0 0 0 0 0 0 0 0
0 0 0 0 0 0 0 0 1 0 0 0 0 0 0 0 0 0 0 0 0 0
0 0 0 0 0 0 0 0 0 1 0 0 0 0 0 0 0 0 0 0 0 0
0 0 0 0 0 0 0 0 0 0 1 0 0 0 0 0 0 0 0 0 0 0
0 0 0 0 0 0 0 0 0 0 0 1 0 0 0 0 0 0 0 0 0 0
0 0 0 0 0 0 0 0 0 0 0 0 1 0 0 0 0 0 0 0 0 0
0 0 0 0 0 0 0 0 0 0 0 0 0 1 0 0 0 0 0 0 0 0
0 0 0 0 0 0 0 0 0 0 0 0 0 0 1 0 0 0 0 0 0 0
0 0 0 0 0 0 0 0 0 0 0 0 0 0 0 1 0 0 0 0 0 0
0 0 0 0 0 0 0 0 0 0 0 0 0 0 0 0 1 0 0 0 0 0
0 0 0 0 0 0 0 0 0 0 0 0 0 0 0 0 0 1 0 0 0 0
0 0 0 0 0 0 0 0 0 0 0 0 0 0 0 0 0 0 1 0 0 0
0 0 0 0 0 0 0 0 0 0 0 0 0 0 0 0 0 0 0 1 0 0
0 0 0 0 0 0 0 0 0 0 0 0 0 0 0 0 0 0 0 0 1 0
0 0 0 0 0 0 0 0 0 0 0 0 0 0 0 0 0 0 0 0 0 1
45 367
-1 0 -1 1 1 1 2 -1 0 2 1 1 -1 0 -1 -1 1 0 0 -1 0 -1
1 -1 0 0 0 0 0 1 0 0 1 0 0 1 1 2 0 0 0 2 0 0
1 0 2 -1 -2 -1 -1 1 0 -1 -2 0 3 0 1 1 0 2 2 2 0 1
-1 0 -1 1 1 1 1 -1 0 1 1 0 -2 0 -1 -1 0 -1 -1 -1 0 -1
0 1 1 -1 0 -1 -1 0 0 -1 -1 0 1 0 1 0 0 0 1 0 -1 1
-2 0 0 0 0 0 0 -1 1 0 0 0 1 0 0 -2 0 0 0 -1 0 -1
1 0 0 -1 0 -1 0 1 -1 -1 0 1 0 0 0 1 0 0 1 1 -1 1
0 0 0 -1 -1 0 -1 0 0 -1 0 -1 1 1 1 1 0 0 0 1 0 0
0 0 -1 0 1 0 0 0 0 0 1 1 -1 0 -1 0 0 0 0 0 0 0
1 0 0 0 0 0 -1 0 0 0 0 -1 0 0 1 1 0 0 -1 0 1 0
1 -1 0 -2 -1 -1 -1 1 0 -1 0 0 1 0 1 1 0 1 1 2 0 0
-1 0 0 2 0 2 2 -1 1 2 0 0 0 0 -1 -1 0 0 -1 -1 1 -1
0 0 0 -1 0 0 0 0 0 0 0 0 0 0 1 0 0 0 0 0 0 0
0 1 0 1 0 1 1 0 0 1 -1 0 0 0 -1 0 1 0 0 -1 0 0
-1 0 -1 1 1 1 1 -1 0 1 1 0 -1 0 -1 -1 0 -1 -1 -1 0 -1
0 0 0 -1 0 -1 -1 0 0 -1 0 0 0 0 0 0 -1 0 0 0 0 0
1 0 1 0 -1 0 0 1 0 0 -1 0 1 0 0 0 0 1 1 1 0 1
0 0 0 -1 0 -1 -1 0 0 -1 0 0 0 0 0 0 0 0 0 0 -1 0
-1 0 -1 0 1 0 0 -1 0 0 1 0 -1 0 -1 -1 0 -1 0 -1 0 -1
1 0 1 1 0 0 0 1 0 0 0 0 0 0 1 1 0 0 0 1 0 1
1 0 1 0 -1 0 0 1 0 0 -1 0 1 0 0 1 0 0 1 1 0 1
1 0 0 -1 0 -1 -1 1 0 -1 -1 0 0 -1 0 0 0 0 0 0 0 1
45 2589
-1 0 0 0 0 0 0 0 0 0 0 0 0 0 0 0 0 0 0 0 0 0
0 -1 0 0 0 0 0 0 0 0 0 0 0 0 0 0 0 0 0 0 0 0
0 0 -1 0 0 0 0 0 0 0 0 0 0 0 0 0 0 0 0 0 0 0
0 0 0 -1 0 0 0 0 0 0 0 0 0 0 0 0 0 0 0 0 0 0
0 0 0 0 -1 0 0 0 0 0 0 0 0 0 0 0 0 0 0 0 0 0
0 0 0 0 0 -1 0 0 0 0 0 0 0 0 0 0 0 0 0 0 0 0
0 0 0 0 0 0 -1 0 0 0 0 0 0 0 0 0 0 0 0 0 0 0
0 0 0 0 0 0 0 -1 0 0 0 0 0 0 0 0 0 0 0 0 0 0
0 0 0 0 0 0 0 0 -1 0 0 0 0 0 0 0 0 0 0 0 0 0
0 0 0 0 0 0 0 0 0 -1 0 0 0 0 0 0 0 0 0 0 0 0
0 0 0 0 0 0 0 0 0 0 -1 0 0 0 0 0 0 0 0 0 0 0
0 0 0 0 0 0 0 0 0 0 0 -1 0 0 0 0 0 0 0 0 0 0
0 0 0 0 0 0 0 0 0 0 0 0 -1 0 0 0 0 0 0 0 0 0
0 0 0 0 0 0 0 0 0 0 0 0 0 -1 0 0 0 0 0 0 0 0
0 0 0 0 0 0 0 0 0 0 0 0 0 0 -1 0 0 0 0 0 0 0
0 0 0 0 0 0 0 0 0 0 0 0 0 0 0 -1 0 0 0 0 0 0
0 0 0 0 0 0 0 0 0 0 0 0 0 0 0 0 -1 0 0 0 0 0
0 0 0 0 0 0 0 0 0 0 0 0 0 0 0 0 0 -1 0 0 0 0
0 0 0 0 0 0 0 0 0 0 0 0 0 0 0 0 0 0 -1 0 0 0
0 0 0 0 0 0 0 0 0 0 0 0 0 0 0 0 0 0 0 -1 0 0
0 0 0 0 0 0 0 0 0 0 0 0 0 0 0 0 0 0 0 0 -1 0
0 0 0 0 0 0 0 0 0 0 0 0 0 0 0 0 0 0 0 0 0 -1
45 3244
1 0 1 -1 -1 -1 -2 1 0 -2 -1 -1 1 0 1 1 -1 0 0 1 0 1
-1 1 0 0 0 0 0 -1 0 0 -1 0 0 -1 -1 -2 0 0 0 -2 0 0
-1 0 -2 1 2 1 1 -1 0 1 2 0 -3 0 -1 -1 0 -2 -2 -2 0 -1
1 0 1 -1 -1 -1 -1 1 0 -1 -1 0 2 0 1 1 0 1 1 1 0 1
0 -1 -1 1 0 1 1 0 0 1 1 0 -1 0 -1 0 0 0 -1 0 1 -1
2 0 0 0 0 0 0 1 -1 0 0 0 -1 0 0 2 0 0 0 1 0 1
-1 0 0 1 0 1 0 -1 1 1 0 -1 0 0 0 -1 0 0 -1 -1 1 -1
0 0 0 1 1 0 1 0 0 1 0 1 -1 -1 -1 -1 0 0 0 -1 0 0
0 0 1 0 -1 0 0 0 0 0 -1 -1 1 0 1 0 0 0 0 0 0 0
-1 0 0 0 0 0 1 0 0 0 0 1 0 0 -1 -1 0 0 1 0 -1 0
-1 1 0 2 1 1 1 -1 0 1 0 0 -1 0 -1 -1 0 -1 -1 -2 0 0
1 0 0 -2 0 -2 -2 1 -1 -2 0 0 0 0 1 1 0 0 1 1 -1 1
0 0 0 1 0 0 0 0 0 0 0 0 0 0 -1 0 0 0 0 0 0 0
0 -1 0 -1 0 -1 -1 0 0 -1 1 0 0 0 1 0 -1 0 0 1 0 0
1 0 1 -1 -1 -1 -1 1 0 -1 -1 0 1 0 1 1 0 1 1 1 0 1
0 0 0 1 0 1 1 0 0 1 0 0 0 0 0 0 1 0 0 0 0 0
-1 0 -1 0 1 0 0 -1 0 0 1 0 -1 0 0 0 0 -1 -1 -1 0 -1
0 0 0 1 0 1 1 0 0 1 0 0 0 0 0 0 0 0 0 0 1 0
1 0 1 0 -1 0 0 1 0 0 -1 0 1 0 1 1 0 1 0 1 0 1
-1 0 -1 -1 0 0 0 -1 0 0 0 0 0 0 -1 -1 0 0 0 -1 0 -1
-1 0 -1 0 1 0 0 -1 0 0 1 0 -1 0 0 -1 0 0 -1 -1 0 -1
-1 0 0 1 0 1 1 -1 0 1 1 0 0 1 0 0 0 0 0 0 0 -1
46 0
1 0 0 0 0 0 0 0 0 0 0 0 0 0 0 0 0 0 0 0 0 0
0 1 0 0 0 0 0 0 0 0 0 0 0 0 0 0 0 0 0 0 0 0
0 0 1 0 0 0 0 0 0 0 0 0 0 0 0 0 0 0 0 0 0 0
0 0 0 1 0 0 0 0 0 0 0 0 0 0 0 0 0 0 0 0 0 0
0 0 0 0 1 0 0 0 0 0 0 0 0 0 0 0 0 0 0 0 0 0
0 0 0 0 0 1 0 0 0 0 0 0 0 0 0 0 0 0 0 0 0 0
0 0 0 0 0 0 1 0 0 0 0 0 0 0 0 0 0 0 0 0 0 0
0 0 0 0 0 0 0 1 0 0 0 0 0 0 0 0 0 0 0 0 0 0
0 0 0 0 0 0 0 0 1 0 0 0 0 0 0 0 0 0 0 0 0 0
0 0 0 0 0 0 0 0 0 1 0 0 0 0 0 0 0 0 0 0 0 0
0 0 0 0 0 0 0 0 0 0 1 0 0 0 0 0 0 0 0 0 0 0
0 0 0 0 0 0 0 0 0 0 0 1 0 0 0 0 0 0 0 0 0 0
0 0 0 0 0 0 0 0 0 0 0 0 1 0 0 0 0 0 0 0 0 0
0 0 0 0 0 0 0 0 0 0 0 0 0 1 0 0 0 0 0 0 0 0
0 0 0 0 0 0 0 0 0 0 0 0 0 0 1 0 0 0 0 0 0 0
0 0 0 0 0 0 0 0 0 0 0 0 0 0 0 1 0 0 0 0 0 0
0 0 0 0 0 0 0 0 0 0 0 0 0 0 0 0 1 0 0 0 0 0
0 0 0 0 0 0 0 0 0 0 0 0 0 0 0 0 0 1 0 0 0 0
0 0 0 0 0 0 0 0 0 0 0 0 0 0 0 0 0 0 1 0 0 0
0 0 0 0 0 0 0 0 0 0 0 0 0 0 0 0 0 0 0 1 0 0
0 0 0 0 0 0 0 0 0 0 0 0 0 0 0 0 0 0 0 0 1 0
0 0 0 0 0 0 0 0 0 0 0 0 0 0 0 0 0 0 0 0 0 1
46 2589
-1 0 0 0 0 0 0 0 0 0 0 0 0 0 0 0 0 0 0 0 0 0
0 -1 0 0 0 0 0 0 0 0 0 0 0 0 0 0 0 0 0 0 0 0
0 0 -1 0 0 0 0 0 0 0 0 0 0 0 0 0 0 0 0 0 0 0
0 0 0 -1 0 0 0 0 0 0 0 0 0 0 0 0 0 0 0 0 0 0
0 0 0 0 -1 0 0 0 0 0 0 0 0 0 0 0 0 0 0 0 0 0
0 0 0 0 0 -1 0 0 0 0 0 0 0 0 0 0 0 0 0 0 0 0
0 0 0 0 0 0 -1 0 0 0 0 0 0 0 0 0 0 0 0 0 0 0
0 0 0 0 0 0 0 -1 0 0 0 0 0 0 0 0 0 0 0 0 0 0
0 0 0 0 0 0 0 0 -1 0 0 0 0 0 0 0 0 0 0 0 0 0
0 0 0 0 0 0 0 0 0 -1 0 0 0 0 0 0 0 0 0 0 0 0
0 0 0 0 0 0 0 0 0 0 -1 0 0 0 0 0 0 0 0 0 0 0
0 0 0 0 0 0 0 0 0 0 0 -1 0 0 0 0 0 0 0 0 0 0
0 0 0 0 0 0 0 0 0 0 0 0 -1 0 0 0 0 0 0 0 0 0
0 0 0 0 0 0 0 0 0 0 0 0 0 -1 0 0 0 0 0 0 0 0
0 0 0 0 0 0 0 0 0 0 0 0 0 0 -1 0 0 0 0 0 0 0
0 0 0 0 0 0 0 0 0 0 0 0 0 0 0 -1 0 0 0 0 0 0
0 0 0 0 0 0 0 0 0 0 0 0 0 0 0 0 -1 0 0 0 0 0
0 0 0 0 0 0 0 0 0 0 0 0 0 0 0 0 0 -1 0 0 0 0
0 0 0 0 0 0 0 0 0 0 0 0 0 0 0 0 0 0 -1 0 0 0
0 0 0 0 0 0 0 0 0 0 0 0 0 0 0 0 0 0 0 -1 0 0
0 0 0 0 0 0 0 0 0 0 0 0 0 0 0 0 0 0 0 0 -1 0
0 0 0 0 0 0 0 0 0 0 0 0 0 0 0 0 0 0 0 0 0 -1
47 0
1 0 0 0 0 0 0 0 0 0 0 0 0 0 0 0 0 0 0 0 0 0
0 1 0 0 0 0 0 0 0 0 0 0 0 0 0 0 0 0 0 0 0 0
0 0 1 0 0 0 0 0 0 0 0 0 0 0 0 0 0 0 0 0 0 0
0 0 0 1 0 0 0 0 0 0 0 0 0 0 0 0 0 0 0 0 0 0
0 0 0 0 1 0 0 0 0 0 0 0 0 0 0 0 0 0 0 0 0 0
0 0 0 0 0 1 0 0 0 0 0 0 0 0 0 0 0 0 0 0 0 0
0 0 0 0 0 0 1 0 0 0 0 0 0 0 0 0 0 0 0 0 0 0
0 0 0 0 0 0 0 1 0 0 0 0 0 0 0 0 0 0 0 0 0 0
0 0 0 0 0 0 0 0 1 0 0 0 0 0 0 0 0 0 0 0 0 0
0 0 0 0 0 0 0 0 0 1 0 0 0 0 0 0 0 0 0 0 0 0
0 0 0 0 0 0 0 0 0 0 1 0 0 0 0 0 0 0 0 0 0 0
0 0 0 0 0 0 0 0 0 0 0 1 0 0 0 0 0 0 0 0 0 0
0 0 0 0 0 0 0 0 0 0 0 0 1 0 0 0 0 0 0 0 0 0
0 0 0 0 0 0 0 0 0 0 0 0 0 1 0 0 0 0 0 0 0 0
0 0 0 0 0 0 0 0 0 0 0 0 0 0 1 0 0 0 0 0 0 0
0 0 0 0 0 0 0 0 0 0 0 0 0 0 0 1 0 0 0 0 0 0
0 0 0 0 0 0 0 0 0 0 0 0 0 0 0 0 1 0 0 0 0 0
0 0 0 0 0 0 0 0 0 0 0 0 0 0 0 0 0 1 0 0 0 0
0 0 0 0 0 0 0 0 0 0 0 0 0 0 0 0 0 0 1 0 0 0
0 0 0 0 0 0 0 0 0 0 0 0 0 0 0 0 0 0 0 1 0 0
0 0 0 0 0 0 0 0 0 0 0 0 0 0 0 0 0 0 0 0 1 0
0 0 0 0 0 0 0 0 0 0 0 0 0 0 0 0 0 0 0 0 0 1
47 2589
-1 0 0 0 0 0 0 0 0 0 0 0 0 0 0 0 0 0 0 0 0 0
0 -1 0 0 0 0 0 0 0 0 0 0 0 0 0 0 0 0 0 0 0 0
0 0 -1 0 0 0 0 0 0 0 0 0 0 0 0 0 0 0 0 0 0 0
0 0 0 -1 0 0 0 0 0 0 0 0 0 0 0 0 0 0 0 0 0 0
0 0 0 0 -1 0 0 0 0 0 0 0 0 0 0 0 0 0 0 0 0 0
0 0 0 0 0 -1 0 0 0 0 0 0 0 0 0 0 0 0 0 0 0 0
0 0 0 0 0 0 -1 0 0 0 0 0 0 0 0 0 0 0 0 0 0 0
0 0 0 0 0 0 0 -1 0 0 0 0 0 0 0 0 0 0 0 0 0 0
0 0 0 0 0 0 0 0 -1 0 0 0 0 0 0 0 0 0 0 0 0 0
0 0 0 0 0 0 0 0 0 -1 0 0 0 0 0 0 0 0 0 0 0 0
0 0 0 0 0 0 0 0 0 0 -1 0 0 0 0 0 0 0 0 0 0 0
0 0 0 0 0 0 0 0 0 0 0 -1 0 0 0 0 0 0 0 0 0 0
0 0 0 0 0 0 0 0 0 0 0 0 -1 0 0 0 0 0 0 0 0 0
0 0 0 0 0 0 0 0 0 0 0 0 0 -1 0 0 0 0 0 0 0 0
0 0 0 0 0 0 0 0 0 0 0 0 0 0 -1 0 0 0 0 0 0 0
0 0 0 0 0 0 0 0 0 0 0 0 0 0 0 -1 0 0 0 0 0 0
0 0 0 0 0 0 0 0 0 0 0 0 0 0 0 0 -1 0 0 0 0 0
0 0 0 0 0 0 0 0 0 0 0 0 0 0 0 0 0 -1 0 0 0 0
0 0 0 0 0 0 0 0 0 0 0 0 0 0 0 0 0 0 -1 0 0 0
0 0 0 0 0 0 0 0 0 0 0 0 0 0 0 0 0 0 0 -1 0 0
0 0 0 0 0 0 0 0 0 0 0 0 0 0 0 0 0 0 0 0 -1 0
0 0 0 0 0 0 0 0 0 0 0 0 0 0 0 0 0 0 0 0 0 -1
48 0
1 0 0 0 0 0 0 0 0 0 0 0 0 0 0 0 0 0 0 0 0 0
0 1 0 0 0 0 0 0 0 0 0 0 0 0 0 0 0 0 0 0 0 0
0 0 1 0 0 0 0 0 0 0 0 0 0 0 0 0 0 0 0 0 0 0
0 0 0 1 0 0 0 0 0 0 0 0 0 0 0 0 0 0 0 0 0 0
0 0 0 0 1 0 0 0 0 0 0 0 0 0 0 0 0 0 0 0 0 0
0 0 0 0 0 1 0 0 0 0 0 0 0 0 0 0 0 0 0 0 0 0
0 0 0 0 0 0 1 0 0 0 0 0 0 0 0 0 0 0 0 0 0 0
0 0 0 0 0 0 0 1 0 0 0 0 0 0 0 0 0 0 0 0 0 0
0 0 0 0 0 0 0 0 1 0 0 0 0 0 0 0 0 0 0 0 0 0
0 0 0 0 0 0 0 0 0 1 0 0 0 0 0 0 0 0 0 0 0 0
0 0 0 0 0 0 0 0 0 0 1 0 0 0 0 0 0 0 0 0 0 0
0 0 0 0 0 0 0 0 0 0 0 1 0 0 0 0 0 0 0 0 0 0
0 0 0 0 0 0 0 0 0 0 0 0 1 0 0 0 0 0 0 0 0 0
0 0 0 0 0 0 0 0 0 0 0 0 0 1 0 0 0 0 0 0 0 0
0 0 0 0 0 0 0 0 0 0 0 0 0 0 1 0 0 0 0 0 0 0
0 0 0 0 0 0 0 0 0 0 0 0 0 0 0 1 0 0 0 0 0 0
0 0 0 0 0 0 0 0 0 0 0 0 0 0 0 0 1 0 0 0 0 0
0 0 0 0 0 0 0 0 0 0 0 0 0 0 0 0 0 1 0 0 0 0
0 0 0 0 0 0 0 0 0 0 0 0 0 0 0 0 0 0 1 0 0 0
0 0 0 0 0 0 0 0 0 0 0 0 0 0 0 0 0 0 0 1 0 0
0 0 0 0 0 0 0 0 0 0 0 0 0 0 0 0 0 0 0 0 1 0
0 0 0 0 0 0 0 0 0 0 0 0 0 0 0 0 0 0 0 0 0 1
48 1474
1 -2 0 1 -2 1 1 0 0 2 0 -2 -1 -1 0 0 1 0 -1 0 1 -1
-1 1 1 0 0 0 1 1 0 -1 -2 1 1 0 0 0 -1 0 1 0 0 1
-1 1 -1 -2 1 -1 -1 0 1 -1 -1 2 2 0 0 0 0 1 1 0 0 1
1 -1 0 1 -1 1 1 0 -1 1 1 -2 -2 0 0 0 0 -1 -1 0 0 -1
-1 1 0 -1 0 -1 -1 0 0 -1 0 1 1 1 0 0 0 0 1 0 -1 1
0 -1 -1 1 1 0 0 -1 0 1 2 0 -1 0 0 0 0 0 -2 0 0 -2
0 1 1 -1 -1 -1 -1 1 0 -1 -2 0 1 0 0 0 0 0 2 0 0 2
-1 1 0 0 1 0 0 0 0 -1 0 1 1 1 0 0 -1 0 0 0 0 0
0 0 1 0 -1 0 0 0 0 0 -1 -1 0 0 0 0 0 0 1 0 0 0
-1 1 0 0 1 0 0 0 0 -1 0 1 1 1 0 0 0 0 0 0 -1 0
-1 1 0 -1 1 -1 -1 1 0 -2 -1 1 1 1 0 0 -1 0 1 0 0 1
1 -2 -1 1 0 1 1 -1 0 2 1 -1 -1 -2 0 0 1 0 -2 0 1 -2
0 0 0 0 0 0 0 1 0 0 0 0 0 1 0 0 0 0 0 0 0 0
1 -1 0 0 -1 0 0 0 0 1 0 -1 0 -1 0 0 1 0 0 0 0 0
1 -2 0 1 -1 1 1 0 0 1 1 -1 -1 -1 0 0 0 0 -1 1 1 -1
0 1 0 0 1 0 -1 0 0 -1 0 0 0 1 0 1 0 0 0 0 0 0
0 0 0 -1 0 -1 0 0 0 0 -1 1 1 -1 0 0 0 0 1 0 0 1
0 1 0 -1 0 0 -1 0 0 -1 0 0 0 1 0 0 -1 0 0 0 0 1
0 -1 0 1 0 0 0 0 0 0 1 -1 -1 0 0 0 0 -1 -1 0 0 -1
-1 1 1 0 0 0 1 0 0 0 -1 1 1 0 1 0 0 0 1 0 -1 1
0 0 0 -1 0 -1 0 1 0 -1 -1 1 1 -1 0 0 0 0 1 0 0 1
0 1 0 -1 0 -1 -1 0 -1 -1 0 0 0 1 0 0 0 0 1 0 -1 1
48 2589
-1 0 0 0 0 0 0 0 0 0 0 0 0 0 0 0 0 0 0 0 0 0
0 -1 0 0 0 0 0 0 0 0 0 0 0 0 0 0 0 0 0 0 0 0
0 0 -1 0 0 0 0 0 0 0 0 0 0 0 0 0 0 0 0 0 0 0
0 0 0 -1 0 0 0 0 0 0 0 0 0 0 0 0 0 0 0 0 0 0
0 0 0 0 -1 0 0 0 0 0 0 0 0 0 0 0 0 0 0 0 0 0
0 0 0 0 0 -1 0 0 0 0 0 0 0 0 0 0 0 0 0 0 0 0
0 0 0 0 0 0 -1 0 0 0 0 0 0 0 0 0 0 0 0 0 0 0
0 0 0 0 0 0 0 -1 0 0 0 0 0 0 0 0 0 0 0 0 0 0
0 0 0 0 0 0 0 0 -1 0 0 0 0 0 0 0 0 0 0 0 0 0
0 0 0 0 0 0 0 0 0 -1 0 0 0 0 0 0 0 0 0 0 0 0
0 0 0 0 0 0 0 0 0 0 -1 0 0 0 0 0 0 0 0 0 0 0
0 0 0 0 0 0 0 0 0 0 0 -1 0 0 0 0 0 0 0 0 0 0
0 0 0 0 0 0 0 0 0 0 0 0 -1 0 0 0 0 0 0 0 0 0
0 0 0 0 0 0 0 0 0 0 0 0 0 -1 0 0 0 0 0 0 0 0
0 0 0 0 0 0 0 0 0 0 0 0 0 0 -1 0 0 0 0 0 0 0
0 0 0 0 0 0 0 0 0 0 0 0 0 0 0 -1 0 0 0 0 0 0
0 0 0 0 0 0 0 0 0 0 0 0 0 0 0 0 -1 0 0 0 0 0
0 0 0 0 0 0 0 0 0 0 0 0 0 0 0 0 0 -1 0 0 0 0
0 0 0 0 0 0 0 0 0 0 0 0 0 0 0 0 0 0 -1 0 0 0
0 0 0 0 0 0 0 0 0 0 0 0 0 0 0 0 0 0 0 -1 0 0
0 0 0 0 0 0 0 0 0 0 0 0 0 0 0 0 0 0 0 0 -1 0
0 0 0 0 0 0 0 0 0 0 0 0 0 0 0 0 0 0 0 0 0 -1
48 4012
-1 2 0 -1 2 -1 -1 0 0 -2 0 2 1 1 0 0 -1 0 1 0 -1 1
1 -1 -1 0 0 0 -1 -1 0 1 2 -1 -1 0 0 0 1 0 -1 0 0 -1
1 -1 1 2 -1 1 1 0 -1 1 1 -2 -2 0 0 0 0 -1 -1 0 0 -1
-1 1 0 -1 1 -1 -1 0 1 -1 -1 2 2 0 0 0 0 1 1 0 0 1
1 -1 0 1 0 1 1 0 0 1 0 -1 -1 -1 0 0 0 0 -1 0 1 -1
0 1 1 -1 -1 0 0 1 0 -1 -2 0 1 0 0 0 0 0 2 0 0 2
0 -1 -1 1 1 1 1 -1 0 1 2 0 -1 0 0 0 0 0 -2 0 0 -2
1 -1 0 0 -1 0 0 0 0 1 0 -1 -1 -1 0 0 1 0 0 0 0 0
0 0 -1 0 1 0 0 0 0 0 1 1 0 0 0 0 0 0 -1 0 0 0
1 -1 0 0 -1 0 0 0 0 1 0 -1 -1 -1 0 0 0 0 0 0 1 0
1 -1 0 1 -1 1 1 -1 0 2 1 -1 -1 -1 0 0 1 0 -1 0 0 -1
-1 2 1 -1 0 -1 -1 1 0 -2 -1 1 1 2 0 0 -1 0 2 0 -1 2
0 0 0 0 0 0 0 -1 0 0 0 0 0 -1 0 0 0 0 0 0 0 0
-1 1 0 0 1 0 0 0 0 -1 0 1 0 1 0 0 -1 0 0 0 0 0
-1 2 0 -1 1 -1 -1 0 0 -1 -1 1 1 1 0 0 0 0 1 -1 -1 1
0 -1 0 0 -1 0 1 0 0 1 0 0 0 -1 0 -1 0 0 0 0 0 0
0 0 0 1 0 1 0 0 0 0 1 -1 -1 1 0 0 0 0 -1 0 0 -1
0 -1 0 1 0 0 1 0 0 1 0 0 0 -1 0 0 1 0 0 0 0 -1
0 1 0 -1 0 0 0 0 0 0 -1 1 1 0 0 0 0 1 1 0 0 1
1 -1 -1 0 0 0 -1 0 0 0 1 -1 -1 0 -1 0 0 0 -1 0 1 -1
0 0 0 1 0 1 0 -1 0 1 1 -1 -1 1 0 0 0 0 -1 0 0 -1
0 -1 0 1 0 1 1 0 1 1 0 0 0 -1 0 0 0 0 -1 0 1 -1
49 0
1 0 0 0 0 0 0 0 0 0 0 0 0 0 0 0 0 0 0 0 0 0
0 1 0 0 0 0 0 0 0 0 0 0 0 0 0 0 0 0 0 0 0 0
0 0 1 0 0 0 0 0 0 0 0 0 0 0 0 0 0 0 0 0 0 0
0 0 0 1 0 0 0 0 0 0 0 0 0 0 0 0 0 0 0 0 0 0
0 0 0 0 1 0 0 0 0 0 0 0 0 0 0 0 0 0 0 0 0 0
0 0 0 0 0 1 0 0 0 0 0 0 0 0 0 0 0 0 0 0 0 0
0 0 0 0 0 0 1 0 0 0 0 0 0 0 0 0 0 0 0 0 0 0
0 0 0 0 0 0 0 1 0 0 0 0 0 0 0 0 0 0 0 0 0 0
0 0 0 0 0 0 0 0 1 0 0 0 0 0 0 0 0 0 0 0 0 0
0 0 0 0 0 0 0 0 0 1 0 0 0 0 0 0 0 0 0 0 0 0
0 0 0 0 0 0 0 0 0 0 1 0 0 0 0 0 0 0 0 0 0 0
0 0 0 0 0 0 0 0 0 0 0 1 0 0 0 0 0 0 0 0 0 0
0 0 0 0 0 0 0 0 0 0 0 0 1 0 0 0 0 0 0 0 0 0
0 0 0 0 0 0 0 0 0 0 0 0 0 1 0 0 0 0 0 0 0 0
0 0 0 0 0 0 0 0 0 0 0 0 0 0 1 0 0 0 0 0 0 0
0 0 0 0 0 0 0 0 0 0 0 0 0 0 0 1 0 0 0 0 0 0
0 0 0 0 0 0 0 0 0 0 0 0 0 0 0 0 1 0 0 0 0 0
0 0 0 0 0 0 0 0 0 0 0 0 0 0 0 0 0 1 0 0 0 0
0 0 0 0 0 0 0 0 0 0 0 0 0 0 0 0 0 0 1 0 0 0
0 0 0 0 0 0 0 0 0 0 0 0 0 0 0 0 0 0 0 1 0 0
0 0 0 0 0 0 0 0 0 0 0 0 0 0 0 0 0 0 0 0 1 0
0 0 0 0 0 0 0 0 0 0 0 0 0 0 0 0 0 0 0 0 0 1
49 1474
1 -2 0 1 -2 1 1 0 0 2 0 -2 -1 -1 0 0 1 0 -1 0 1 -1
-1 1 1 0 0 0 1 1 0 -1 -2 1 1 0 0 0 -1 0 1 0 0 1
-1 1 -1 -2 1 -1 -1 0 1 -1 -1 2 2 0 0 0 0 1 1 0 0 1
1 -1 0 1 -1 1 1 0 -1 1 1 -2 -2 0 0 0 0 -1 -1 0 0 -1
-1 1 0 -1 0 -1 -1 0 0 -1 0 1 1 1 0 0 0 0 1 0 -1 1
0 -1 -1 1 1 0 0 -1 0 1 2 0 -1 0 0 0 0 0 -2 0 0 -2
0 1 1 -1 -1 -1 -1 1 0 -1 -2 0 1 0 0 0 0 0 2 0 0 2
-1 1 0 0 1 0 0 0 0 -1 0 1 1 1 0 0 -1 0 0 0 0 0
0 0 1 0 -1 0 0 0 0 0 -1 -1 0 0 0 0 0 0 1 0 0 0
-1 1 0 0 1 0 0 0 0 -1 0 1 1 1 0 0 0 0 0 0 -1 0
-1 1 0 -1 1 -1 -1 1 0 -2 -1 1 1 1 0 0 -1 0 1 0 0 1
1 -2 -1 1 0 1 1 -1 0 2 1 -1 -1 -2 0 0 1 0 -2 0 1 -2
0 0 0 0 0 0 0 1 0 0 0 0 0 1 0 0 0 0 0 0 0 0
1 -1 0 0 -1 0 0 0 0 1 0 -1 0 -1 0 0 1 0 0 0 0 0
1 -2 0 1 -1 1 1 0 0 1 1 -1 -1 -1 0 0 0 0 -1 1 1 -1
0 1 0 0 1 0 -1 0 0 -1 0 0 0 1 0 1 0 0 0 0 0 0
0 0 0 -1 0 -1 0 0 0 0 -1 1 1 -1 0 0 0 0 1 0 0 1
0 1 0 -1 0 0 -1 0 0 -1 0 0 0 1 0 0 -1 0 0 0 0 1
0 -1 0 1 0 0 0 0 0 0 1 -1 -1 0 0 0 0 -1 -1 0 0 -1
-1 1 1 0 0 0 1 0 0 0 -1 1 1 0 1 0 0 0 1 0 -1 1
0 0 0 -1 0 -1 0 1 0 -1 -1 1 1 -1 0 0 0 0 1 0 0 1
0 1 0 -1 0 -1 -1 0 -1 -1 0 0 0 1 0 0 0 0 1 0 -1 1
49 2589
-1 0 0 0 0 0 0 0 0 0 0 0 0 0 0 0 0 0 0 0 0 0
0 -1 0 0 0 0 0 0 0 0 0 0 0 0 0 0 0 0 0 0 0 0
0 0 -1 0 0 0 0 0 0 0 0 0 0 0 0 0 0 0 0 0 0 0
0 0 0 -1 0 0 0 0 0 0 0 0 0 0 0 0 0 0 0 0 0 0
0 0 0 0 -1 0 0 0 0 0 0 0 0 0 0 0 0 0 0 0 0 0
0 0 0 0 0 -1 0 0 0 0 0 0 0 0 0 0 0 0 0 0 0 0
0 0 0 0 0 0 -1 0 0 0 0 0 0 0 0 0 0 0 0 0 0 0
0 0 0 0 0 0 0 -1 0 0 0 0 0 0 0 0 0 0 0 0 0 0
0 0 0 0 0 0 0 0 -1 0 0 0 0 0 0 0 0 0 0 0 0 0
0 0 0 0 0 0 0 0 0 -1 0 0 0 0 0 0 0 0 0 0 0 0
0 0 0 0 0 0 0 0 0 0 -1 0 0 0 0 0 0 0 0 0 0 0
0 0 0 0 0 0 0 0 0 0 0 -1 0 0 0 0 0 0 0 0 0 0
0 0 0 0 0 0 0 0 0 0 0 0 -1 0 0 0 0 0 0 0 0 0
0 0 0 0 0 0 0 0 0 0 0 0 0 -1 0 0 0 0 0 0 0 0
0 0 0 0 0 0 0 0 0 0 0 0 0 0 -1 0 0 0 0 0 0 0
0 0 0 0 0 0 0 0 0 0 0 0 0 0 0 -1 0 0 0 0 0 0
0 0 0 0 0 0 0 0 0 0 0 0 0 0 0 0 -1 0 0 0 0 0
0 0 0 0 0 0 0 0 0 0 0 0 0 0 0 0 0 -1 0 0 0 0
0 0 0 0 0 0 0 0 0 0 0 0 0 0 0 0 0 0 -1 0 0 0
0 0 0 0 0 0 0 0 0 0 0 0 0 0 0 0 0 0 0 -1 0 0
0 0 0 0 0 0 0 0 0 0 0 0 0 0 0 0 0 0 0 0 -1 0
0 0 0 0 0 0 0 0 0 0 0 0 0 0 0 0 0 0 0 0 0 -1
49 4012
-1 2 0 -1 2 -1 -1 0 0 -2 0 2 1 1 0 0 -1 0 1 0 -1 1
1 -1 -1 0 0 0 -1 -1 0 1 2 -1 -1 0 0 0 1 0 -1 0 0 -1
1 -1 1 2 -1 1 1 0 -1 1 1 -2 -2 0 0 0 0 -1 -1 0 0 -1
-1 1 0 -1 1 -1 -1 0 1 -1 -1 2 2 0 0 0 0 1 1 0 0 1
1 -1 0 1 0 1 1 0 0 1 0 -1 -1 -1 0 0 0 0 -1 0 1 -1
0 1 1 -1 -1 0 0 1 0 -1 -2 0 1 0 0 0 0 0 2 0 0 2
0 -1 -1 1 1 1 1 -1 0 1 2 0 -1 0 0 0 0 0 -2 0 0 -2
1 -1 0 0 -1 0 0 0 0 1 0 -1 -1 -1 0 0 1 0 0 0 0 0
0 0 -1 0 1 0 0 0 0 0 1 1 0 0 0 0 0 0 -1 0 0 0
1 -1 0 0 -1 0 0 0 0 1 0 -1 -1 -1 0 0 0 0 0 0 1 0
1 -1 0 1 -1 1 1 -1 0 2 1 -1 -1 -1 0 0 1 0 -1 0 0 -1
-1 2 1 -1 0 -1 -1 1 0 -2 -1 1 1 2 0 0 -1 0 2 0 -1 2
0 0 0 0 0 0 0 -1 0 0 0 0 0 -1 0 0 0 0 0 0 0 0
-1 1 0 0 1 0 0 0 0 -1 0 1 0 1 0 0 -1 0 0 0 0 0
-1 2 0 -1 1 -1 -1 0 0 -1 -1 1 1 1 0 0 0 0 1 -1 -1 1
0 -1 0 0 -1 0 1 0 0 1 0 0 0 -1 0 -1 0 0 0 0 0 0
0 0 0 1 0 1 0 0 0 0 1 -1 -1 1 0 0 0 0 -1 0 0 -1
0 -1 0 1 0 0 1 0 0 1 0 0 0 -1 0 0 1 0 0 0 0 -1
0 1 0 -1 0 0 0 0 0 0 -1 1 1 0 0 0 0 1 1 0 0 1
1 -1 -1 0 0 0 -1 0 0 0 1 -1 -1 0 -1 0 0 0 -1 0 1 -1
0 0 0 1 0 1 0 -1 0 1 1 -1 -1 1 0 0 0 0 -1 0 0 -1
0 -1 0 1 0 1 1 0 1 1 0 0 0 -1 0 0 0 0 -1 0 1 -1
50 0
1 0 0 0 0 0 0 0 0 0 0 0 0 0 0 0 0 0 0 0 0 0
0 1 0 0 0 0 0 0 0 0 0 0 0 0 0 0 0 0 0 0 0 0
0 0 1 0 0 0 0 0 0 0 0 0 0 0 0 0 0 0 0 0 0 0
0 0 0 1 0 0 0 0 0 0 0 0 0 0 0 0 0 0 0 0 0 0
0 0 0 0 1 0 0 0 0 0 0 0 0 0 0 0 0 0 0 0 0 0
0 0 0 0 0 1 0 0 0 0 0 0 0 0 0 0 0 0 0 0 0 0
0 0 0 0 0 0 1 0 0 0 0 0 0 0 0 0 0 0 0 0 0 0
0 0 0 0 0 0 0 1 0 0 0 0 0 0 0 0 0 0 0 0 0 0
0 0 0 0 0 0 0 0 1 0 0 0 0 0 0 0 0 0 0 0 0 0
0 0 0 0 0 0 0 0 0 1 0 0 0 0 0 0 0 0 0 0 0 0
0 0 0 0 0 0 0 0 0 0 1 0 0 0 0 0 0 0 0 0 0 0
0 0 0 0 0 0 0 0 0 0 0 1 0 0 0 0 0 0 0 0 0 0
0 0 0 0 0 0 0 0 0 0 0 0 1 0 0 0 0 0 0 0 0 0
0 0 0 0 0 0 0 0 0 0 0 0 0 1 0 0 0 0 0 0 0 0
0 0 0 0 0 0 0 0 0 0 0 0 0 0 1 0 0 0 0 0 0 0
0 0 0 0 0 0 0 0 0 0 0 0 0 0 0 1 0 0 0 0 0 0
0 0 0 0 0 0 0 0 0 0 0 0 0 0 0 0 1 0 0 0 0 0
0 0 0 0 0 0 0 0 0 0 0 0 0 0 0 0 0 1 0 0 0 0
0 0 0 0 0 0 0 0 0 0 0 0 0 0 0 0 0 0 1 0 0 0
0 0 0 0 0 0 0 0 0 0 0 0 0 0 0 0 0 0 0 1 0 0
0 0 0 0 0 0 0 0 0 0 0 0 0 0 0 0 0 0 0 0 1 0
0 0 0 0 0 0 0 0 0 0 0 0 0 0 0 0 0 0 0 0 0 1
50 373
0 -1 0 0 1 1 1 1 1 -1 1 1 0 0 0 -1 -2 0 -1 2 0 0
0 0 0 0 1 -2 -2 0 -1 -1 1 0 0 0 0 0 0 -1 1 -1 0 0
0 0 -1 -1 -1 -1 -1 0 0 0 0 0 0 0 -1 0 2 0 0 -2 0 -1
0 0 0 1 1 1 1 0 0 0 0 0 0 0 0 0 -1 0 -1 1 0 0
0 0 0 0 -1 0 0 0 0 0 0 0 0 0 0 0 0 0 0 0 0 0
0 1 0 0 0 1 1 0 0 0 -1 0 0 0 0 1 1 0 0 0 -1 0
0 -1 0 0 -1 0 0 0 0 0 1 0 0 0 0 -1 -1 0 0 0 1 0
0 1 0 0 0 -1 -1 -1 -1 0 0 0 0 0 0 1 1 0 1 -1 0 0
0 -1 0 0 0 0 0 0 0 0 1 0 0 0 0 -1 -1 0 0 1 0 0
0 0 0 0 0 -1 -1 0 0 0 0 0 0 0 0 1 1 0 1 0 0 0
0 0 0 0 -1 -1 -1 0 0 0 1 0 0 0 0 0 1 0 1 -1 0 0
1 0 0 0 1 1 1 1 0 0 -1 0 0 0 0 1 0 0 -1 1 0 0
0 0 0 1 0 0 0 0 0 0 1 0 -1 0 0 0 0 0 0 0 0 0
0 0 0 0 0 1 1 0 0 0 0 0 0 1 0 0 -1 0 -1 1 0 0
0 0 0 0 1 1 1 0 0 0 0 0 0 0 1 0 -1 0 -1 1 0 0
0 0 0 0 -1 0 0 0 0 1 0 0 0 0 0 0 1 1 1 0 0 0
0 0 0 0 0 0 0 0 0 0 0 0 0 0 0 0 0 -1 -1 -1 0 0
0 0 0 0 -1 0 0 0 0 0 0 0 0 0 0 0 0 1 0 0 0 0
0 0 0 0 0 1 1 0 0 0 0 0 0 0 0 0 -1 0 0 1 0 0
0 0 0 0 1 -1 -1 0 0 0 0 0 0 0 0 0 0 -1 0 -1 0 0
0 0 0 0 0 -1 0 0 -1 0 0 0 0 0 0 0 0 -1 0 -1 0 0
0 0 0 0 -1 0 0 0 0 0 0 0 0 0 0 0 0 0 0 0 0 1
50 1164
0 1 0 0 -1 -1 -1 -1 -1 1 -1 -1 0 0 0 1 2 0 1 -2 0 0
0 0 0 0 -1 2 2 0 1 1 -1 0 0 0 0 0 0 1 -1 1 0 0
0 0 1 1 1 1 1 0 0 0 0 0 0 0 1 0 -2 0 0 2 0 1
0 0 0 -1 -1 -1 -1 0 0 0 0 0 0 0 0 0 1 0 1 -1 0 0
0 0 0 0 1 0 0 0 0 0 0 0 0 0 0 0 0 0 0 0 0 0
0 -1 0 0 0 -1 -1 0 0 0 1 0 0 0 0 -1 -1 0 0 0 1 0
0 1 0 0 1 0 0 0 0 0 -1 0 0 0 0 1 1 0 0 0 -1 0
0 -1 0 0 0 1 1 1 1 0 0 0 0 0 0 -1 -1 0 -1 1 0 0
0 1 0 0 0 0 0 0 0 0 -1 0 0 0 0 1 1 0 0 -1 0 0
0 0 0 0 0 1 1 0 0 0 0 0 0 0 0 -1 -1 0 -1 0 0 0
0 0 0 0 1 1 1 0 0 0 -1 0 0 0 0 0 -1 0 -1 1 0 0
-1 0 0 0 -1 -1 -1 -1 0 0 1 0 0 0 0 -1 0 0 1 -1 0 0
0 0 0 -1 0 0 0 0 0 0 -1 0 1 0 0 0 0 0 0 0 0 0
0 0 0 0 0 -1 -1 0 0 0 0 0 0 -1 0 0 1 0 1 -1 0 0
0 0 0 0 -1 -1 -1 0 0 0 0 0 0 0 -1 0 1 0 1 -1 0 0
0 0 0 0 1 0 0 0 0 -1 0 0 0 0 0 0 -1 -1 -1 0 0 0
0 0 0 0 0 0 0 0 0 0 0 0 0 0 0 0 0 1 1 1 0 0
0 0 0 0 1 0 0 0 0 0 0 0 0 0 0 0 0 -1 0 0 0 0
0 0 0 0 0 -1 -1 0 0 0 0 0 0 0 0 0 1 0 0 -1 0 0
0 0 0 0 -1 1 1 0 0 0 0 0 0 0 0 0 0 1 0 1 0 0
0 0 0 0 0 1 0 0 1 0 0 0 0 0 0 0 0 1 0 1 0 0
0 0 0 0 1 0 0 0 0 0 0 0 0 0 0 0 0 0 0 0 0 -1
50 2589
-1 0 0 0 0 0 0 0 0 0 0 0 0 0 0 0 0 0 0 0 0 0
0 -1 0 0 0 0 0 0 0 0 0 0 0 0 0 0 0 0 0 0 0 0
0 0 -1 0 0 0 0 0 0 0 0 0 0 0 0 0 0 0 0 0 0 0
0 0 0 -1 0 0 0 0 0 0 0 0 0 0 0 0 0 0 0 0 0 0
0 0 0 0 -1 0 0 0 0 0 0 0 0 0 0 0 0 0 0 0 0 0
0 0 0 0 0 -1 0 0 0 0 0 0 0 0 0 0 0 0 0 0 0 0
0 0 0 0 0 0 -1 0 0 0 0 0 0 0 0 0 0 0 0 0 0 0
0 0 0 0 0 0 0 -1 0 0 0 0 0 0 0 0 0 0 0 0 0 0
0 0 0 0 0 0 0 0 -1 0 0 0 0 0 0 0 0 0 0 0 0 0
0 0 0 0 0 0 0 0 0 -1 0 0 0 0 0 0 0 0 0 0 0 0
0 0 0 0 0 0 0 0 0 0 -1 0 0 0 0 0 0 0 0 0 0 0
0 0 0 0 0 0 0 0 0 0 0 -1 0 0 0 0 0 0 0 0 0 0
0 0 0 0 0 0 0 0 0 0 0 0 -1 0 0 0 0 0 0 0 0 0
0 0 0 0 0 0 0 0 0 0 0 0 0 -1 0 0 0 0 0 0 0 0
0 0 0 0 0 0 0 0 0 0 0 0 0 0 -1 0 0 0 0 0 0 0
0 0 0 0 0 0 0 0 0 0 0 0 0 0 0 -1 0 0 0 0 0 0
0 0 0 0 0 0 0 0 0 0 0 0 0 0 0 0 -1 0 0 0 0 0
0 0 0 0 0 0 0 0 0 0 0 0 0 0 0 0 0 -1 0 0 0 0
0 0 0 0 0 0 0 0 0 0 0 0 0 0 0 0 0 0 -1 0 0 0
0 0 0 0 0 0 0 0 0 0 0 0 0 0 0 0 0 0 0 -1 0 0
0 0 0 0 0 0 0 0 0 0 0 0 0 0 0 0 0 0 0 0 -1 0
0 0 0 0 0 0 0 0 0 0 0 0 0 0 0 0 0 0 0 0 0 -1
51 0
1 0 0 0 0 0 0 0 0 0 0 0 0 0 0 0 0 0 0 0 0 0
0 1 0 0 0 0 0 0 0 0 0 0 0 0 0 0 0 0 0 0 0 0
0 0 1 0 0 0 0 0 0 0 0 0 0 0 0 0 0 0 0 0 0 0
0 0 0 1 0 0 0 0 0 0 0 0 0 0 0 0 0 0 0 0 0 0
0 0 0 0 1 0 0 0 0 0 0 0 0 0 0 0 0 0 0 0 0 0
0 0 0 0 0 1 0 0 0 0 0 0 0 0 0 0 0 0 0 0 0 0
0 0 0 0 0 0 1 0 0 0 0 0 0 0 0 0 0 0 0 0 0 0
0 0 0 0 0 0 0 1 0 0 0 0 0 0 0 0 0 0 0 0 0 0
0 0 0 0 0 0 0 0 1 0 0 0 0 0 0 0 0 0 0 0 0 0
0 0 0 0 0 0 0 0 0 1 0 0 0 0 0 0 0 0 0 0 0 0
0 0 0 0 0 0 0 0 0 0 1 0 0 0 0 0 0 0 0 0 0 0
0 0 0 0 0 0 0 0 0 0 0 1 0 0 0 0 0 0 0 0 0 0
0 0 0 0 0 0 0 0 0 0 0 0 1 0 0 0 0 0 0 0 0 0
0 0 0 0 0 0 0 0 0 0 0 0 0 1 0 0 0 0 0 0 0 0
0 0 0 0 0 0 0 0 0 0 0 0 0 0 1 0 0 0 0 0 0 0
0 0 0 0 0 0 0 0 0 0 0 0 0 0 0 1 0 0 0 0 0 0
0 0 0 0 0 0 0 0 0 0 0 0 0 0 0 0 1 0 0 0 0 0
0 0 0 0 0 0 0 0 0 0 0 0 0 0 0 0 0 1 0 0 0 0
0 0 0 0 0 0 0 0 0 0 0 0 0 0 0 0 0 0 1 0 0 0
0 0 0 0 0 0 0 0 0 0 0 0 0 0 0 0 0 0 0 1 0 0
0 0 0 0 0 0 0 0 0 0 0 0 0 0 0 0 0 0 0 0 1 0
0 0 0 0 0 0 0 0 0 0 0 0 0 0 0 0 0 0 0 0 0 1
51 2589
-1 0 0 0 0 0 0 0 0 0 0 0 0 0 0 0 0 0 0 0 0 0
0 -1 0 0 0 0 0 0 0 0 0 0 0 0 0 0 0 0 0 0 0 0
0 0 -1 0 0 0 0 0 0 0 0 0 0 0 0 0 0 0 0 0 0 0
0 0 0 -1 0 0 0 0 0 0 0 0 0 0 0 0 0 0 0 0 0 0
0 0 0 0 -1 0 0 0 0 0 0 0 0 0 0 0 0 0 0 0 0 0
0 0 0 0 0 -1 0 0 0 0 0 0 0 0 0 0 0 0 0 0 0 0
0 0 0 0 0 0 -1 0 0 0 0 0 0 0 0 0 0 0 0 0 0 0
0 0 0 0 0 0 0 -1 0 0 0 0 0 0 0 0 0 0 0 0 0 0
0 0 0 0 0 0 0 0 -1 0 0 0 0 0 0 0 0 0 0 0 0 0
0 0 0 0 0 0 0 0 0 -1 0 0 0 0 0 0 0 0 0 0 0 0
0 0 0 0 0 0 0 0 0 0 -1 0 0 0 0 0 0 0 0 0 0 0
0 0 0 0 0 0 0 0 0 0 0 -1 0 0 0 0 0 0 0 0 0 0
0 0 0 0 0 0 0 0 0 0 0 0 -1 0 0 0 0 0 0 0 0 0
0 0 0 0 0 0 0 0 0 0 0 0 0 -1 0 0 0 0 0 0 0 0
0 0 0 0 0 0 0 0 0 0 0 0 0 0 -1 0 0 0 0 0 0 0
0 0 0 0 0 0 0 0 0 0 0 0 0 0 0 -1 0 0 0 0 0 0
0 0 0 0 0 0 0 0 0 0 0 0 0 0 0 0 -1 0 0 0 0 0
0 0 0 0 0 0 0 0 0 0 0 0 0 0 0 0 0 -1 0 0 0 0
0 0 0 0 0 0 0 0 0 0 0 0 0 0 0 0 0 0 -1 0 0 0
0 0 0 0 0 0 0 0 0 0 0 0 0 0 0 0 0 0 0 -1 0 0
0 0 0 0 0 0 0 0 0 0 0 0 0 0 0 0 0 0 0 0 -1 0
0 0 0 0 0 0 0 0 0 0 0 0 0 0 0 0 0 0 0 0 0 -1
52 0
1 0 0 0 0 0 0 0 0 0 0 0 0 0 0 0 0 0 0 0 0 0
0 1 0 0 0 0 0 0 0 0 0 0 0 0 0 0 0 0 0 0 0 0
0 0 1 0 0 0 0 0 0 0 0 0 0 0 0 0 0 0 0 0 0 0
0 0 0 1 0 0 0 0 0 0 0 0 0 0 0 0 0 0 0 0 0 0
0 0 0 0 1 0 0 0 0 0 0 0 0 0 0 0 0 0 0 0 0 0
0 0 0 0 0 1 0 0 0 0 0 0 0 0 0 0 0 0 0 0 0 0
0 0 0 0 0 0 1 0 0 0 0 0 0 0 0 0 0 0 0 0 0 0
0 0 0 0 0 0 0 1 0 0 0 0 0 0 0 0 0 0 0 0 0 0
0 0 0 0 0 0 0 0 1 0 0 0 0 0 0 0 0 0 0 0 0 0
0 0 0 0 0 0 0 0 0 1 0 0 0 0 0 0 0 0 0 0 0 0
0 0 0 0 0 0 0 0 0 0 1 0 0 0 0 0 0 0 0 0 0 0
0 0 0 0 0 0 0 0 0 0 0 1 0 0 0 0 0 0 0 0 0 0
0 0 0 0 0 0 0 0 0 0 0 0 1 0 0 0 0 0 0 0 0 0
0 0 0 0 0 0 0 0 0 0 0 0 0 1 0 0 0 0 0 0 0 0
0 0 0 0 0 0 0 0 0 0 0 0 0 0 1 0 0 0 0 0 0 0
0 0 0 0 0 0 0 0 0 0 0 0 0 0 0 1 0 0 0 0 0 0
0 0 0 0 0 0 0 0 0 0 0 0 0 0 0 0 1 0 0 0 0 0
0 0 0 0 0 0 0 0 0 0 0 0 0 0 0 0 0 1 0 0 0 0
0 0 0 0 0 0 0 0 0 0 0 0 0 0 0 0 0 0 1 0 0 0
0 0 0 0 0 0 0 0 0 0 0 0 0 0 0 0 0 0 0 1 0 0
0 0 0 0 0 0 0 0 0 0 0 0 0 0 0 0 0 0 0 0 1 0
0 0 0 0 0 0 0 0 0 0 0 0 0 0 0 0 0 0 0 0 0 1
52 2589
-1 0 0 0 0 0 0 0 0 0 0 0 0 0 0 0 0 0 0 0 0 0
0 -1 0 0 0 0 0 0 0 0 0 0 0 0 0 0 0 0 0 0 0 0
0 0 -1 0 0 0 0 0 0 0 0 0 0 0 0 0 0 0 0 0 0 0
0 0 0 -1 0 0 0 0 0 0 0 0 0 0 0 0 0 0 0 0 0 0
0 0 0 0 -1 0 0 0 0 0 0 0 0 0 0 0 0 0 0 0 0 0
0 0 0 0 0 -1 0 0 0 0 0 0 0 0 0 0 0 0 0 0 0 0
0 0 0 0 0 0 -1 0 0 0 0 0 0 0 0 0 0 0 0 0 0 0
0 0 0 0 0 0 0 -1 0 0 0 0 0 0 0 0 0 0 0 0 0 0
0 0 0 0 0 0 0 0 -1 0 0 0 0 0 0 0 0 0 0 0 0 0
0 0 0 0 0 0 0 0 0 -1 0 0 0 0 0 0 0 0 0 0 0 0
0 0 0 0 0 0 0 0 0 0 -1 0 0 0 0 0 0 0 0 0 0 0
0 0 0 0 0 0 0 0 0 0 0 -1 0 0 0 0 0 0 0 0 0 0
0 0 0 0 0 0 0 0 0 0 0 0 -1 0 0 0 0 0 0 0 0 0
0 0 0 0 0 0 0 0 0 0 0 0 0 -1 0 0 0 0 0 0 0 0
0 0 0 0 0 0 0 0 0 0 0 0 0 0 -1 0 0 0 0 0 0 0
0 0 0 0 0 0 0 0 0 0 0 0 0 0 0 -1 0 0 0 0 0 0
0 0 0 0 0 0 0 0 0 0 0 0 0 0 0 0 -1 0 0 0 0 0
0 0 0 0 0 0 0 0 0 0 0 0 0 0 0 0 0 -1 0 0 0 0
0 0 0 0 0 0 0 0 0 0 0 0 0 0 0 0 0 0 -1 0 0 0
0 0 0 0 0 0 0 0 0 0 0 0 0 0 0 0 0 0 0 -1 0 0
0 0 0 0 0 0 0 0 0 0 0 0 0 0 0 0 0 0 0 0 -1 0
0 0 0 0 0 0 0 0 0 0 0 0 0 0 0 0 0 0 0 0 0 -1
52 6371
1 -1 -1 -1 0 1 2 0 -1 1 -1 -1 -1 -1 1 1 0 0 -1 0 1 -1
0 0 -1 1 1 -2 -2 0 -2 -2 1 -1 -1 0 -1 1 1 -2 -1 -1 -1 -1
-2 2 2 1 0 0 -1 0 2 -1 -1 0 2 2 0 0 0 -1 1 0 -2 0
1 -1 -1 -1 0 0 1 0 -1 1 0 0 -1 -1 0 0 0 1 0 0 1 0
0 0 1 1 0 0 0 1 1 0 -1 0 1 0 0 0 0 0 0 0 0 0
1 0 1 -1 -1 1 0 0 1 1 -1 0 1 0 0 0 -1 1 1 1 1 1
-1 0 0 1 1 -1 0 0 0 -1 0 0 0 0 0 0 0 -1 -1 -1 -1 -1
0 0 0 1 1 -1 -2 0 0 -1 1 0 0 0 -1 0 0 -1 0 0 0 0
0 -1 -1 0 0 0 1 0 -1 0 1 0 -1 0 0 0 0 0 -1 0 0 -1
0 0 0 1 0 0 -1 0 0 0 1 0 0 0 0 0 1 0 0 0 0 0
-1 0 0 2 1 -1 -1 0 0 -1 1 0 0 0 -1 0 0 -2 -1 -1 -1 -1
1 0 0 -2 -1 1 1 0 0 1 -1 0 0 0 1 1 0 1 1 1 1 1
0 0 0 1 1 0 0 0 0 0 0 0 0 -1 0 0 0 -1 -1 -1 0 0
0 0 0 -1 0 1 1 0 1 1 -1 0 0 0 1 0 0 1 0 0 1 0
1 -1 -1 -1 0 0 1 0 -1 1 0 0 -1 -1 0 0 0 0 0 0 1 0
0 0 0 1 0 0 0 0 0 0 1 1 0 0 -1 0 0 0 0 0 0 0
-1 1 1 0 0 0 0 0 1 0 -1 0 1 1 1 0 0 0 0 0 -1 0
0 0 0 1 0 0 0 0 0 0 0 0 0 0 -1 0 0 0 0 0 0 0
1 -1 0 0 0 0 1 0 -1 1 0 0 -1 -1 0 0 -1 0 0 0 1 0
0 0 0 0 0 -1 -1 1 0 -1 0 0 0 0 0 0 1 0 0 0 -1 0
-1 1 0 0 1 -1 -1 0 0 -1 0 0 0 1 0 0 0 -1 0 -1 -1 0
-1 0 0 0 0 0 0 0 1 0 0 1 1 0 0 -1 0 1 0 0 0 0
52 8172
-1 1 1 1 0 -1 -2 0 1 -1 1 1 1 1 -1 -1 0 0 1 0 -1 1
0 0 1 -1 -1 2 2 0 2 2 -1 1 1 0 1 -1 -1 2 1 1 1 1
2 -2 -2 -1 0 0 1 0 -2 1 1 0 -2 -2 0 0 0 1 -1 0 2 0
-1 1 1 1 0 0 -1 0 1 -1 0 0 1 1 0 0 0 -1 0 0 -1 0
0 0 -1 -1 0 0 0 -1 -1 0 1 0 -1 0 0 0 0 0 0 0 0 0
-1 0 -1 1 1 -1 0 0 -1 -1 1 0 -1 0 0 0 1 -1 -1 -1 -1 -1
1 0 0 -1 -1 1 0 0 0 1 0 0 0 0 0 0 0 1 1 1 1 1
0 0 0 -1 -1 1 2 0 0 1 -1 0 0 0 1 0 0 1 0 0 0 0
0 1 1 0 0 0 -1 0 1 0 -1 0 1 0 0 0 0 0 1 0 0 1
0 0 0 -1 0 0 1 0 0 0 -1 0 0 0 0 0 -1 0 0 0 0 0
1 0 0 -2 -1 1 1 0 0 1 -1 0 0 0 1 0 0 2 1 1 1 1
-1 0 0 2 1 -1 -1 0 0 -1 1 0 0 0 -1 -1 0 -1 -1 -1 -1 -1
0 0 0 -1 -1 0 0 0 0 0 0 0 0 1 0 0 0 1 1 1 0 0
0 0 0 1 0 -1 -1 0 -1 -1 1 0 0 0 -1 0 0 -1 0 0 -1 0
-1 1 1 1 0 0 -1 0 1 -1 0 0 1 1 0 0 0 0 0 0 -1 0
0 0 0 -1 0 0 0 0 0 0 -1 -1 0 0 1 0 0 0 0 0 0 0
1 -1 -1 0 0 0 0 0 -1 0 1 0 -1 -1 -1 0 0 0 0 0 1 0
0 0 0 -1 0 0 0 0 0 0 0 0 0 0 1 0 0 0 0 0 0 0
-1 1 0 0 0 0 -1 0 1 -1 0 0 1 1 0 0 1 0 0 0 -1 0
0 0 0 0 0 1 1 -1 0 1 0 0 0 0 0 0 -1 0 0 0 1 0
1 -1 0 0 -1 1 1 0 0 1 0 0 0 -1 0 0 0 1 0 1 1 0
1 0 0 0 0 0 0 0 -1 0 0 -1 -1 0 0 1 0 -1 0 0 0 0
53 0
1 0 0 0 0 0 0 0 0 0 0 0 0 0 0 0 0 0 0 0 0 0
0 1 0 0 0 0 0 0 0 0 0 0 0 0 0 0 0 0 0 0 0 0
0 0 1 0 0 0 0 0 0 0 0 0 0 0 0 0 0 0 0 0 0 0
0 0 0 1 0 0 0 0 0 0 0 0 0 0 0 0 0 0 0 0 0 0
0 0 0 0 1 0 0 0 0 0 0 0 0 0 0 0 0 0 0 0 0 0
0 0 0 0 0 1 0 0 0 0 0 0 0 0 0 0 0 0 0 0 0 0
0 0 0 0 0 0 1 0 0 0 0 0 0 0 0 0 0 0 0 0 0 0
0 0 0 0 0 0 0 1 0 0 0 0 0 0 0 0 0 0 0 0 0 0
0 0 0 0 0 0 0 0 1 0 0 0 0 0 0 0 0 0 0 0 0 0
0 0 0 0 0 0 0 0 0 1 0 0 0 0 0 0 0 0 0 0 0 0
0 0 0 0 0 0 0 0 0 0 1 0 0 0 0 0 0 0 0 0 0 0
0 0 0 0 0 0 0 0 0 0 0 1 0 0 0 0 0 0 0 0 0 0
0 0 0 0 0 0 0 0 0 0 0 0 1 0 0 0 0 0 0 0 0 0
0 0 0 0 0 0 0 0 0 0 0 0 0 1 0 0 0 0 0 0 0 0
0 0 0 0 0 0 0 0 0 0 0 0 0 0 1 0 0 0 0 0 0 0
0 0 0 0 0 0 0 0 0 0 0 0 0 0 0 1 0 0 0 0 0 0
0 0 0 0 0 0 0 0 0 0 0 0 0 0 0 0 1 0 0 0 0 0
0 0 0 0 0 0 0 0 0 0 0 0 0 0 0 0 0 1 0 0 0 0
0 0 0 0 0 0 0 0 0 0 0 0 0 0 0 0 0 0 1 0 0 0
0 0 0 0 0 0 0 0 0 0 0 0 0 0 0 0 0 0 0 1 0 0
0 0 0 0 0 0 0 0 0 0 0 0 0 0 0 0 0 0 0 0 1 0
0 0 0 0 0 0 0 0 0 0 0 0 0 0 0 0 0 0 0 0 0 1
53 2589
-1 0 0 0 0 0 0 0 0 0 0 0 0 0 0 0 0 0 0 0 0 0
0 -1 0 0 0 0 0 0 0 0 0 0 0 0 0 0 0 0 0 0 0 0
0 0 -1 0 0 0 0 0 0 0 0 0 0 0 0 0 0 0 0 0 0 0
0 0 0 -1 0 0 0 0 0 0 0 0 0 0 0 0 0 0 0 0 0 0
0 0 0 0 -1 0 0 0 0 0 0 0 0 0 0 0 0 0 0 0 0 0
0 0 0 0 0 -1 0 0 0 0 0 0 0 0 0 0 0 0 0 0 0 0
0 0 0 0 0 0 -1 0 0 0 0 0 0 0 0 0 0 0 0 0 0 0
0 0 0 0 0 0 0 -1 0 0 0 0 0 0 0 0 0 0 0 0 0 0
0 0 0 0 0 0 0 0 -1 0 0 0 0 0 0 0 0 0 0 0 0 0
0 0 0 0 0 0 0 0 0 -1 0 0 0 0 0 0 0 0 0 0 0 0
0 0 0 0 0 0 0 0 0 0 -1 0 0 0 0 0 0 0 0 0 0 0
0 0 0 0 0 0 0 0 0 0 0 -1 0 0 0 0 0 0 0 0 0 0
0 0 0 0 0 0 0 0 0 0 0 0 -1 0 0 0 0 0 0 0 0 0
0 0 0 0 0 0 0 0 0 0 0 0 0 -1 0 0 0 0 0 0 0 0
0 0 0 0 0 0 0 0 0 0 0 0 0 0 -1 0 0 0 0 0 0 0
0 0 0 0 0 0 0 0 0 0 0 0 0 0 0 -1 0 0 0 0 0 0
0 0 0 0 0 0 0 0 0 0 0 0 0 0 0 0 -1 0 0 0 0 0
0 0 0 0 0 0 0 0 0 0 0 0 0 0 0 0 0 -1 0 0 0 0
0 0 0 0 0 0 0 0 0 0 0 0 0 0 0 0 0 0 -1 0 0 0
0 0 0 0 0 0 0 0 0 0 0 0 0 0 0 0 0 0 0 -1 0 0
0 0 0 0 0 0 0 0 0 0 0 0 0 0 0 0 0 0 0 0 -1 0
0 0 0 0 0 0 0 0 0 0 0 0 0 0 0 0 0 0 0 0 0 -1
54 0
1 0 0 0 0 0 0 0 0 0 0 0 0 0 0 0 0 0 0 0 0 0
0 1 0 0 0 0 0 0 0 0 0 0 0 0 0 0 0 0 0 0 0 0
0 0 1 0 0 0 0 0 0 0 0 0 0 0 0 0 0 0 0 0 0 0
0 0 0 1 0 0 0 0 0 0 0 0 0 0 0 0 0 0 0 0 0 0
0 0 0 0 1 0 0 0 0 0 0 0 0 0 0 0 0 0 0 0 0 0
0 0 0 0 0 1 0 0 0 0 0 0 0 0 0 0 0 0 0 0 0 0
0 0 0 0 0 0 1 0 0 0 0 0 0 0 0 0 0 0 0 0 0 0
0 0 0 0 0 0 0 1 0 0 0 0 0 0 0 0 0 0 0 0 0 0
0 0 0 0 0 0 0 0 1 0 0 0 0 0 0 0 0 0 0 0 0 0
0 0 0 0 0 0 0 0 0 1 0 0 0 0 0 0 0 0 0 0 0 0
0 0 0 0 0 0 0 0 0 0 1 0 0 0 0 0 0 0 0 0 0 0
0 0 0 0 0 0 0 0 0 0 0 1 0 0 0 0 0 0 0 0 0 0
0 0 0 0 0 0 0 0 0 0 0 0 1 0 0 0 0 0 0 0 0 0
0 0 0 0 0 0 0 0 0 0 0 0 0 1 0 0 0 0 0 0 0 0
0 0 0 0 0 0 0 0 0 0 0 0 0 0 1 0 0 0 0 0 0 0
0 0 0 0 0 0 0 0 0 0 0 0 0 0 0 1 0 0 0 0 0 0
0 0 0 0 0 0 0 0 0 0 0 0 0 0 0 0 1 0 0 0 0 0
0 0 0 0 0 0 0 0 0 0 0 0 0 0 0 0 0 1 0 0 0 0
0 0 0 0 0 0 0 0 0 0 0 0 0 0 0 0 0 0 1 0 0 0
0 0 0 0 0 0 0 0 0 0 0 0 0 0 0 0 0 0 0 1 0 0
0 0 0 0 0 0 0 0 0 0 0 0 0 0 0 0 0 0 0 0 1 0
0 0 0 0 0 0 0 0 0 0 0 0 0 0 0 0 0 0 0 0 0 1
54 253
2 -1 1 -1 0 -2 -1 2 0 0 -2 0 1 -2 0 0 0 0 2 0 1 1
1 0 -1 1 0 -1 0 1 -1 -1 1 0 -2 0 -2 1 1 -1 -1 -1 -1 0
-1 1 0 3 -1 2 2 -1 -2 1 2 -1 -2 2 1 1 1 0 -1 1 -2 -1
1 -1 1 -2 0 -1 -1 1 2 0 -2 1 2 -2 0 -1 -1 1 1 0 2 1
0 0 -1 1 0 1 1 -1 -1 1 1 0 -1 0 0 1 1 0 -1 0 0 -1
-1 0 1 0 0 1 1 0 1 1 -1 0 1 0 1 -1 0 0 1 0 0 0
1 0 -1 1 0 0 0 0 -1 0 1 0 -1 0 -1 2 1 0 -1 0 0 -1
-1 1 0 1 0 1 1 -1 0 0 1 0 -1 1 0 0 0 -1 -1 -1 -1 0
1 -1 -1 -1 0 -1 -1 1 0 -1 0 0 0 -1 -1 0 0 0 0 0 1 0
-1 1 -1 0 1 0 0 -1 -1 -1 1 0 -1 1 0 0 0 -1 -1 -1 -1 0
0 0 -1 2 0 1 2 0 -1 0 2 0 -2 1 0 2 1 -1 -2 0 -1 -1
0 0 2 -1 0 -1 -1 1 1 0 -2 0 2 -1 1 -2 -1 0 2 0 0 2
0 0 0 0 0 0 1 0 0 0 0 1 0 0 0 1 0 0 0 0 0 0
0 0 1 -1 0 -1 -1 0 0 0 -1 0 1 -1 1 -1 -1 0 1 0 0 1
1 -1 1 -1 0 -1 -1 1 1 0 -1 0 1 -1 0 -1 -1 0 1 0 1 1
-1 0 -1 0 0 1 1 -1 0 0 1 0 0 1 0 0 0 0 -1 0 0 -1
0 0 0 1 0 0 0 0 -1 0 1 0 -1 0 0 0 0 0 0 1 -1 0
0 0 0 1 0 1 1 -1 0 1 0 0 0 0 0 1 0 0 -1 0 1 -1
1 -1 0 -1 0 0 0 1 1 0 -1 0 1 -1 0 0 0 0 0 0 1 0
0 0 -1 0 0 -1 -1 0 -1 -1 1 0 -1 0 -1 0 1 0 0 0 -1 0
0 0 0 1 0 0 0 0 0 0 1 0 -1 0 0 0 0 0 -1 0 -1 0
-1 0 -1 0 1 0 0 -1 0 0 1 1 0 0 0 0 0 0 -1 0 0 -1
54 2589
-1 0 0 0 0 0 0 0 0 0 0 0 0 0 0 0 0 0 0 0 0 0
0 -1 0 0 0 0 0 0 0 0 0 0 0 0 0 0 0 0 0 0 0 0
0 0 -1 0 0 0 0 0 0 0 0 0 0 0 0 0 0 0 0 0 0 0
0 0 0 -1 0 0 0 0 0 0 0 0 0 0 0 0 0 0 0 0 0 0
0 0 0 0 -1 0 0 0 0 0 0 0 0 0 0 0 0 0 0 0 0 0
0 0 0 0 0 -1 0 0 0 0 0 0 0 0 0 0 0 0 0 0 0 0
0 0 0 0 0 0 -1 0 0 0 0 0 0 0 0 0 0 0 0 0 0 0
0 0 0 0 0 0 0 -1 0 0 0 0 0 0 0 0 0 0 0 0 0 0
0 0 0 0 0 0 0 0 -1 0 0 0 0 0 0 0 0 0 0 0 0 0
0 0 0 0 0 0 0 0 0 -1 0 0 0 0 0 0 0 0 0 0 0 0
0 0 0 0 0 0 0 0 0 0 -1 0 0 0 0 0 0 0 0 0 0 0
0 0 0 0 0 0 0 0 0 0 0 -1 0 0 0 0 0 0 0 0 0 0
0 0 0 0 0 0 0 0 0 0 0 0 -1 0 0 0 0 0 0 0 0 0
0 0 0 0 0 0 0 0 0 0 0 0 0 -1 0 0 0 0 0 0 0 0
0 0 0 0 0 0 0 0 0 0 0 0 0 0 -1 0 0 0 0 0 0 0
0 0 0 0 0 0 0 0 0 0 0 0 0 0 0 -1 0 0 0 0 0 0
0 0 0 0 0 0 0 0 0 0 0 0 0 0 0 0 -1 0 0 0 0 0
0 0 0 0 0 0 0 0 0 0 0 0 0 0 0 0 0 -1 0 0 0 0
0 0 0 0 0 0 0 0 0 0 0 0 0 0 0 0 0 0 -1 0 0 0
0 0 0 0 0 0 0 0 0 0 0 0 0 0 0 0 0 0 0 -1 0 0
0 0 0 0 0 0 0 0 0 0 0 0 0 0 0 0 0 0 0 0 -1 0
0 0 0 0 0 0 0 0 0 0 0 0 0 0 0 0 0 0 0 0 0 -1
54 10646
-2 1 -1 1 0 2 1 -2 0 0 2 0 -1 2 0 0 0 0 -2 0 -1 -1
-1 0 1 -1 0 1 0 -1 1 1 -1 0 2 0 2 -1 -1 1 1 1 1 0
1 -1 0 -3 1 -2 -2 1 2 -1 -2 1 2 -2 -1 -1 -1 0 1 -1 2 1
-1 1 -1 2 0 1 1 -1 -2 0 2 -1 -2 2 0 1 1 -1 -1 0 -2 -1
0 0 1 -1 0 -1 -1 1 1 -1 -1 0 1 0 0 -1 -1 0 1 0 0 1
1 0 -1 0 0 -1 -1 0 -1 -1 1 0 -1 0 -1 1 0 0 -1 0 0 0
-1 0 1 -1 0 0 0 0 1 0 -1 0 1 0 1 -2 -1 0 1 0 0 1
1 -1 0 -1 0 -1 -1 1 0 0 -1 0 1 -1 0 0 0 1 1 1 1 0
-1 1 1 1 0 1 1 -1 0 1 0 0 0 1 1 0 0 0 0 0 -1 0
1 -1 1 0 -1 0 0 1 1 1 -1 0 1 -1 0 0 0 1 1 1 1 0
0 0 1 -2 0 -1 -2 0 1 0 -2 0 2 -1 0 -2 -1 1 2 0 1 1
0 0 -2 1 0 1 1 -1 -1 0 2 0 -2 1 -1 2 1 0 -2 0 0 -2
0 0 0 0 0 0 -1 0 0 0 0 -1 0 0 0 -1 0 0 0 0 0 0
0 0 -1 1 0 1 1 0 0 0 1 0 -1 1 -1 1 1 0 -1 0 0 -1
-1 1 -1 1 0 1 1 -1 -1 0 1 0 -1 1 0 1 1 0 -1 0 -1 -1
1 0 1 0 0 -1 -1 1 0 0 -1 0 0 -1 0 0 0 0 1 0 0 1
0 0 0 -1 0 0 0 0 1 0 -1 0 1 0 0 0 0 0 0 -1 1 0
0 0 0 -1 0 -1 -1 1 0 -1 0 0 0 0 0 -1 0 0 1 0 -1 1
-1 1 0 1 0 0 0 -1 -1 0 1 0 -1 1 0 0 0 0 0 0 -1 0
0 0 1 0 0 1 1 0 1 1 -1 0 1 0 1 0 -1 0 0 0 1 0
0 0 0 -1 0 0 0 0 0 0 -1 0 1 0 0 0 0 0 1 0 1 0
1 0 1 0 -1 0 0 1 0 0 -1 -1 0 0 0 0 0 0 1 0 0 1
55 0
1 0 0 0 0 0 0 0 0 0 0 0 0 0 0 0 0 0 0 0 0 0
0 1 0 0 0 0 0 0 0 0 0 0 0 0 0 0 0 0 0 0 0 0
0 0 1 0 0 0 0 0 0 0 0 0 0 0 0 0 0 0 0 0 0 0
0 0 0 1 0 0 0 0 0 0 0 0 0 0 0 0 0 0 0 0 0 0
0 0 0 0 1 0 0 0 0 0 0 0 0 0 0 0 0 0 0 0 0 0
0 0 0 0 0 1 0 0 0 0 0 0 0 0 0 0 0 0 0 0 0 0
0 0 0 0 0 0 1 0 0 0 0 0 0 0 0 0 0 0 0 0 0 0
0 0 0 0 0 0 0 1 0 0 0 0 0 0 0 0 0 0 0 0 0 0
0 0 0 0 0 0 0 0 1 0 0 0 0 0 0 0 0 0 0 0 0 0
0 0 0 0 0 0 0 0 0 1 0 0 0 0 0 0 0 0 0 0 0 0
0 0 0 0 0 0 0 0 0 0 1 0 0 0 0 0 0 0 0 0 0 0
0 0 0 0 0 0 0 0 0 0 0 1 0 0 0 0 0 0 0 0 0 0
0 0 0 0 0 0 0 0 0 0 0 0 1 0 0 0 0 0 0 0 0 0
0 0 0 0 0 0 0 0 0 0 0 0 0 1 0 0 0 0 0 0 0 0
0 0 0 0 0 0 0 0 0 0 0 0 0 0 1 0 0 0 0 0 0 0
0 0 0 0 0 0 0 0 0 0 0 0 0 0 0 1 0 0 0 0 0 0
0 0 0 0 0 0 0 0 0 0 0 0 0 0 0 0 1 0 0 0 0 0
0 0 0 0 0 0 0 0 0 0 0 0 0 0 0 0 0 1 0 0 0 0
0 0 0 0 0 0 0 0 0 0 0 0 0 0 0 0 0 0 1 0 0 0
0 0 0 0 0 0 0 0 0 0 0 0 0 0 0 0 0 0 0 1 0 0
0 0 0 0 0 0 0 0 0 0 0 0 0 0 0 0 0 0 0 0 1 0
0 0 0 0 0 0 0 0 0 0 0 0 0 0 0 0 0 0 0 0 0 1
55 1290
-1 0 1 0 0 0 0 0 1 -1 1 1 0 0 1 0 -2 0 0 1 -1 1
0 0 -1 -1 1 0 0 0 1 1 -1 0 0 0 -1 -1 0 1 -1 -1 0 -2
0 0 -1 -1 0 -1 -1 0 0 1 0 0 0 0 -1 -1 3 1 1 -2 0 -1
0 0 1 1 0 0 0 0 0 -1 0 0 0 0 0 1 -2 -1 0 1 0 1
0 0 0 0 0 0 0 0 0 1 0 0 0 0 0 -1 1 1 1 0 0 0
1 0 0 -1 -1 -1 -1 1 -1 -2 0 0 0 0 0 1 0 0 1 1 0 2
-1 0 0 0 0 1 1 -1 1 2 0 0 0 0 0 -2 0 1 0 -1 0 -1
1 0 -1 -1 0 0 -1 0 0 0 -1 -1 0 0 -1 0 1 1 0 0 1 -1
0 0 1 1 0 1 1 0 1 1 0 0 0 0 1 0 -1 0 -1 0 0 0
0 0 -1 0 1 0 0 0 0 0 0 0 0 0 0 0 1 0 -1 0 0 -1
0 -1 -1 -1 0 0 0 0 1 1 0 0 0 0 -1 -2 1 2 0 0 0 -2
0 1 1 0 0 -1 -1 0 -1 -2 0 0 0 0 1 2 -1 -2 0 0 -1 2
0 -1 -1 0 0 0 0 0 0 0 1 0 -1 0 -1 -1 0 1 0 1 0 -1
0 0 1 1 0 0 0 0 0 0 0 0 0 -1 1 1 0 -1 0 0 0 1
0 0 1 0 0 0 0 0 0 -1 0 0 0 0 1 1 -2 -1 0 1 0 1
0 0 0 0 0 0 0 0 0 0 0 0 0 0 0 -1 0 0 0 0 0 0
0 0 0 0 0 0 0 0 0 1 0 0 0 0 0 0 1 0 0 -1 0 0
0 0 0 0 0 0 0 0 0 0 0 0 0 0 -1 -1 0 0 1 0 0 0
0 0 1 0 0 0 0 0 0 -1 0 0 0 0 1 0 -2 0 0 1 0 1
0 0 -1 0 1 0 0 0 0 1 0 0 0 0 0 0 1 0 -1 -1 0 -1
0 0 0 0 0 0 0 0 0 1 -1 -1 0 0 0 0 1 0 0 -1 0 -1
0 0 0 1 0 1 1 0 0 1 0 0 0 0 0 0 1 0 0 0 0 0
55 1455
0 -1 0 1 1 0 1 0 0 0 0 0 0 0 0 1 0 -1 -2 0 0 -2
1 0 1 0 -2 1 1 0 0 1 0 -1 0 0 2 0 0 0 0 0 0 2
0 0 1 0 0 0 0 0 1 1 0 0 0 0 0 -2 -2 1 1 0 0 1
0 0 -1 0 0 0 0 0 -1 -1 0 0 0 0 -1 1 1 -1 -1 0 0 -1
0 0 0 0 0 0 0 0 0 0 0 0 0 0 0 0 -1 0 0 0 0 0
-1 1 1 1 1 0 0 -1 0 0 0 1 0 0 0 0 -1 0 0 0 0 0
1 -1 0 0 -1 0 0 1 0 0 0 -1 0 0 0 0 0 0 0 0 0 0
0 1 1 0 -1 0 0 0 0 0 0 0 0 0 1 0 0 0 1 0 -1 2
0 -1 -1 0 0 0 0 0 0 0 1 0 0 0 0 0 1 0 -1 0 0 -1
0 0 0 -1 -1 0 0 0 0 0 0 0 0 0 1 0 0 1 1 1 0 1
1 0 1 0 -2 0 0 0 0 1 0 -1 0 0 1 0 0 1 1 0 0 1
-1 0 0 1 2 0 1 0 0 0 0 1 0 0 0 0 0 -1 -1 0 0 -1
1 0 0 0 -1 0 0 0 -1 0 0 -1 -1 0 0 1 0 0 0 0 0 0
0 -1 -1 0 2 -1 0 1 0 -1 0 1 0 -1 -1 0 0 -1 -1 0 0 -1
0 0 0 1 1 0 0 0 0 0 0 0 0 0 0 1 1 -1 -1 0 0 -1
0 0 0 0 -1 0 0 0 0 1 0 0 0 0 0 0 1 1 1 0 0 0
0 0 0 0 1 0 0 0 0 0 0 0 0 0 0 -1 -1 0 0 0 0 0
0 0 0 0 -1 0 0 0 0 0 0 0 0 0 -1 0 0 0 1 0 0 0
0 0 0 1 0 0 0 0 0 0 0 0 0 0 0 1 1 0 -1 0 0 -1
0 0 0 -1 0 0 0 0 0 0 0 0 0 0 1 -1 -1 0 0 0 0 1
1 0 0 0 0 0 0 1 0 0 0 0 0 0 0 0 0 0 0 0 0 1
0 0 -1 -1 0 -1 -1 0 -1 -1 0 0 0 0 -1 0 0 0 1 0 0 0
55 1913
0 -1 0 -2 -1 -2 -2 1 1 -2 0 0 0 0 0 -1 -1 1 1 1 0 1
-1 1 1 1 2 0 0 0 1 0 0 0 0 0 1 0 1 -2 0 -2 -1 0
0 0 0 1 0 2 2 0 1 2 0 0 0 0 -1 -1 0 0 -1 0 0 -1
0 0 0 -1 0 -2 -2 0 -1 -2 0 0 0 0 0 0 -1 0 1 0 0 1
0 0 0 1 0 0 0 0 0 1 0 0 0 0 -1 0 1 0 0 0 0 -1
1 0 0 0 -1 1 0 0 0 0 0 0 0 0 0 1 -1 1 -1 1 1 1
-1 0 0 0 0 -1 0 0 0 0 0 0 0 0 -1 -1 1 -1 1 -1 -1 -1
0 1 1 2 1 1 1 0 0 1 0 0 0 0 1 1 1 -1 -1 -1 -1 0
0 0 0 -1 0 -1 -1 0 0 -1 0 0 0 0 0 0 0 0 1 0 0 0
0 0 0 1 1 1 1 0 0 1 0 0 0 0 1 1 1 0 -1 0 0 -1
-1 0 0 2 1 1 1 0 1 1 1 0 0 0 0 0 2 -1 -1 -1 -1 -2
1 0 0 -2 -1 0 -1 0 0 -1 -1 -1 0 0 1 0 -2 1 0 1 1 2
-1 0 0 1 0 0 0 0 0 0 1 0 0 1 0 0 1 0 0 0 -1 -1
0 0 0 -2 -1 -1 -1 0 0 -1 -1 0 1 0 0 -1 -1 1 1 1 0 1
0 0 0 -1 0 -1 -1 0 0 -1 0 0 0 0 1 0 -1 0 0 0 0 1
0 0 0 1 0 1 1 0 0 1 0 0 0 0 0 1 1 0 0 0 0 -1
0 0 -1 -1 0 0 0 0 0 0 0 0 0 0 -1 -1 0 0 0 0 0 0
0 0 0 1 0 0 0 0 0 1 0 0 0 0 -1 0 1 0 0 -1 0 -1
0 0 0 0 0 -1 -1 0 0 -1 0 0 0 0 0 1 0 0 0 0 0 0
0 0 0 0 1 0 0 0 0 0 0 0 0 0 0 0 0 -1 0 0 0 0
-1 1 0 0 1 0 0 -1 0 0 0 0 0 0 0 -1 0 -1 0 -1 -1 0
0 0 -1 0 0 0 0 0 -1 0 0 0 0 0 -1 0 1 0 0 0 0 -1
55 2589
-1 0 0 0 0 0 0 0 0 0 0 0 0 0 0 0 0 0 0 0 0 0
0 -1 0 0 0 0 0 0 0 0 0 0 0 0 0 0 0 0 0 0 0 0
0 0 -1 0 0 0 0 0 0 0 0 0 0 0 0 0 0 0 0 0 0 0
0 0 0 -1 0 0 0 0 0 0 0 0 0 0 0 0 0 0 0 0 0 0
0 0 0 0 -1 0 0 0 0 0 0 0 0 0 0 0 0 0 0 0 0 0
0 0 0 0 0 -1 0 0 0 0 0 0 0 0 0 0 0 0 0 0 0 0
0 0 0 0 0 0 -1 0 0 0 0 0 0 0 0 0 0 0 0 0 0 0
0 0 0 0 0 0 0 -1 0 0 0 0 0 0 0 0 0 0 0 0 0 0
0 0 0 0 0 0 0 0 -1 0 0 0 0 0 0 0 0 0 0 0 0 0
0 0 0 0 0 0 0 0 0 -1 0 0 0 0 0 0 0 0 0 0 0 0
0 0 0 0 0 0 0 0 0 0 -1 0 0 0 0 0 0 0 0 0 0 0
0 0 0 0 0 0 0 0 0 0 0 -1 0 0 0 0 0 0 0 0 0 0
0 0 0 0 0 0 0 0 0 0 0 0 -1 0 0 0 0 0 0 0 0 0
0 0 0 0 0 0 0 0 0 0 0 0 0 -1 0 0 0 0 0 0 0 0
0 0 0 0 0 0 0 0 0 0 0 0 0 0 -1 0 0 0 0 0 0 0
0 0 0 0 0 0 0 0 0 0 0 0 0 0 0 -1 0 0 0 0 0 0
0 0 0 0 0 0 0 0 0 0 0 0 0 0 0 0 -1 0 0 0 0 0
0 0 0 0 0 0 0 0 0 0 0 0 0 0 0 0 0 -1 0 0 0 0
0 0 0 0 0 0 0 0 0 0 0 0 0 0 0 0 0 0 -1 0 0 0
0 0 0 0 0 0 0 0 0 0 0 0 0 0 0 0 0 0 0 -1 0 0
0 0 0 0 0 0 0 0 0 0 0 0 0 0 0 0 0 0 0 0 -1 0
0 0 0 0 0 0 0 0 0 0 0 0 0 0 0 0 0 0 0 0 0 -1
55 3130
1 0 2 0 -2 -1 -1 1 0 0 -1 0 0 0 -1 0 -1 0 2 1 0 2
-1 0 0 1 2 -1 0 1 1 0 0 1 0 0 0 -1 1 0 0 -1 -1 0
0 0 -1 0 0 3 3 0 0 1 0 0 0 0 2 0 0 1 -2 1 0 0
0 0 1 0 0 -2 -2 0 0 -1 0 0 0 0 -1 0 -1 -1 1 0 0 0
0 0 -1 0 0 1 1 0 0 1 0 0 0 0 0 0 1 1 -1 0 0 -1
0 0 0 0 0 1 0 -1 0 0 1 0 0 0 0 0 -1 -1 -1 0 0 0
0 0 0 0 0 0 1 1 0 1 -1 0 0 0 1 0 1 1 0 0 0 0
-1 0 -1 1 2 0 1 0 0 0 1 1 0 0 0 0 1 -1 -1 -1 -1 -1
0 1 1 0 0 -1 -1 0 0 0 -1 0 0 0 0 0 0 0 1 -1 0 1
0 0 -1 0 1 0 0 0 0 0 0 0 0 0 -1 0 1 0 0 -1 0 -1
-1 0 -2 0 2 0 1 1 0 0 0 1 0 0 0 0 2 0 -1 -1 -1 -1
1 0 2 0 -2 0 -1 0 0 -1 0 -1 0 0 0 0 -2 -1 1 1 0 2
0 -1 -1 0 1 -1 0 1 0 0 0 1 0 -1 -1 0 1 0 0 0 0 -1
1 0 1 0 -2 0 0 0 -1 0 0 -1 -1 0 0 0 -1 0 1 1 0 1
0 0 1 0 -1 -1 -1 0 0 -1 0 0 0 0 -1 0 -1 -1 1 0 0 1
0 0 -1 0 1 0 0 0 0 0 0 0 0 0 0 1 1 0 -1 -1 0 -1
0 0 0 -1 -1 1 1 0 0 0 0 0 0 0 1 -1 -1 1 0 1 0 1
0 0 -1 0 1 0 0 0 0 0 0 0 0 0 0 1 1 0 -1 0 0 -1
0 0 0 0 0 -1 -1 0 0 0 0 0 0 0 -1 0 0 -1 0 -1 0 0
0 0 0 0 0 0 0 0 0 0 0 0 0 0 0 -1 0 1 0 0 0 0
-1 0 0 0 0 0 1 0 0 0 0 0 0 0 1 -1 0 0 0 0 -1 0
0 0 -1 -1 0 0 0 0 0 0 0 0 0 0 0 0 1 1 0 0 0 -1
55 3627
-1 0 -2 -2 1 -1 -1 0 0 -2 0 0 0 0 -1 -1 0 -1 1 -1 0 0
0 2 1 0 0 1 0 -1 -1 0 -1 -1 0 0 2 1 0 -1 -1 -2 0 1
0 1 1 1 1 -1 -1 0 0 1 -1 0 0 0 0 0 0 0 -1 -1 0 0
0 -1 -1 -1 0 0 0 0 0 -1 1 0 0 0 0 0 0 0 1 1 0 0
0 0 1 1 0 -1 -1 0 0 0 0 0 0 0 0 0 0 0 0 0 0 0
1 -1 0 0 -1 0 0 1 1 1 0 0 0 0 -1 0 0 1 1 1 1 0
-1 1 0 0 1 -1 -1 -1 -1 -1 0 0 0 0 1 0 0 -1 -1 -1 -1 0
1 1 2 1 -1 1 0 0 0 1 -1 -1 0 0 1 1 0 0 0 0 0 1
0 0 -1 -1 0 0 0 0 -1 -1 0 0 0 0 0 0 0 0 0 0 0 0
0 0 1 1 -1 1 1 0 0 1 0 0 0 0 0 0 0 0 0 0 0 0
0 2 2 2 0 1 0 -1 -1 1 -1 -1 0 0 2 1 0 -1 -1 -1 0 1
0 -1 -2 -2 0 0 0 0 1 0 0 0 0 0 -2 -1 0 1 1 0 1 -1
0 0 1 1 0 0 0 0 0 0 0 0 0 -1 1 0 0 -1 0 0 0 1
0 -1 -2 -1 1 -1 -1 0 0 -1 1 0 -1 0 -2 -1 0 0 0 0 0 -1
0 0 -1 -1 0 0 0 0 0 -1 0 0 0 0 -1 0 0 0 1 0 0 0
0 0 1 1 -1 1 1 0 0 1 0 0 0 0 1 0 0 1 0 1 0 0
0 0 -1 0 1 -1 -1 0 0 0 0 0 0 0 -1 0 1 0 -1 -1 0 -1
0 0 1 1 0 0 0 0 0 0 0 0 0 0 1 1 0 0 0 1 0 0
0 0 0 0 0 0 0 0 0 0 0 0 0 0 0 0 0 0 1 0 0 0
0 0 0 0 0 0 0 0 0 0 0 0 0 0 0 0 0 0 -1 -1 0 0
0 1 0 0 1 0 -1 -1 0 0 0 0 0 0 0 0 0 0 -1 -1 0 0
0 -1 0 1 0 0 0 0 0 0 1 0 0 0 0 0 0 0 -1 1 0 -1
55 3692
1 0 2 2 -1 1 1 0 0 2 0 0 0 0 1 1 0 1 -1 1 0 0
0 -2 -1 0 0 -1 0 1 1 0 1 1 0 0 -2 -1 0 1 1 2 0 -1
0 -1 -1 -1 -1 1 1 0 0 -1 1 0 0 0 0 0 0 0 1 1 0 0
0 1 1 1 0 0 0 0 0 1 -1 0 0 0 0 0 0 0 -1 -1 0 0
0 0 -1 -1 0 1 1 0 0 0 0 0 0 0 0 0 0 0 0 0 0 0
-1 1 0 0 1 0 0 -1 -1 -1 0 0 0 0 1 0 0 -1 -1 -1 -1 0
1 -1 0 0 -1 1 1 1 1 1 0 0 0 0 -1 0 0 1 1 1 1 0
-1 -1 -2 -1 1 -1 0 0 0 -1 1 1 0 0 -1 -1 0 0 0 0 0 -1
0 0 1 1 0 0 0 0 1 1 0 0 0 0 0 0 0 0 0 0 0 0
0 0 -1 -1 1 -1 -1 0 0 -1 0 0 0 0 0 0 0 0 0 0 0 0
0 -2 -2 -2 0 -1 0 1 1 -1 1 1 0 0 -2 -1 0 1 1 1 0 -1
0 1 2 2 0 0 0 0 -1 0 0 0 0 0 2 1 0 -1 -1 0 -1 1
0 0 -1 -1 0 0 0 0 0 0 0 0 0 1 -1 0 0 1 0 0 0 -1
0 1 2 1 -1 1 1 0 0 1 -1 0 1 0 2 1 0 0 0 0 0 1
0 0 1 1 0 0 0 0 0 1 0 0 0 0 1 0 0 0 -1 0 0 0
0 0 -1 -1 1 -1 -1 0 0 -1 0 0 0 0 -1 0 0 -1 0 -1 0 0
0 0 1 0 -1 1 1 0 0 0 0 0 0 0 1 0 -1 0 1 1 0 1
0 0 -1 -1 0 0 0 0 0 0 0 0 0 0 -1 -1 0 0 0 -1 0 0
0 0 0 0 0 0 0 0 0 0 0 0 0 0 0 0 0 0 -1 0 0 0
0 0 0 0 0 0 0 0 0 0 0 0 0 0 0 0 0 0 1 1 0 0
0 -1 0 0 -1 0 1 1 0 0 0 0 0 0 0 0 0 0 1 1 0 0
0 1 0 -1 0 0 0 0 0 0 -1 0 0 0 0 0 0 0 1 -1 0 1
55 3728
1 0 2 1 -2 2 2 0 -1 1 -1 -1 0 0 2 1 -2 1 0 2 1 1
0 0 0 -2 -1 -1 0 1 0 -1 -1 1 0 0 -1 0 0 0 2 0 0 1
0 1 -1 1 2 -1 -1 0 0 1 -1 0 0 0 -2 1 3 -1 0 -2 0 -2
0 -1 1 0 -1 1 1 0 0 0 1 0 0 0 2 -1 -2 1 0 2 0 1
0 0 0 1 1 -1 -1 0 0 0 0 0 0 0 -1 1 1 -1 0 -1 0 -1
0 0 0 1 1 1 0 0 1 0 0 -1 0 0 1 0 0 0 -2 0 0 -1
0 0 0 0 0 -1 0 0 -1 0 0 1 0 0 -1 1 0 -1 1 0 0 0
0 0 -1 -1 1 -1 -1 1 1 -1 0 1 0 0 -1 0 1 0 0 -1 0 0
0 0 0 -1 -1 0 0 0 -1 -1 0 0 0 0 0 0 -1 0 1 1 0 1
0 0 -1 -1 0 -1 -1 0 0 -1 0 0 0 0 -1 0 1 0 0 -1 0 0
0 0 -1 -1 1 -2 -1 1 0 -1 -1 1 0 0 -2 1 1 -1 1 -1 0 0
0 0 1 1 -1 2 2 0 0 1 0 -1 0 0 2 -1 -1 1 -1 1 0 0
0 0 0 0 0 0 0 0 0 0 0 0 0 1 0 1 0 0 0 0 0 0
0 0 1 1 -1 1 1 0 0 1 0 0 1 0 1 0 0 1 0 1 0 0
0 0 1 0 -1 1 1 0 0 0 0 0 0 0 1 -1 -2 1 0 1 0 1
0 0 -1 -1 1 -1 -1 0 0 -1 0 0 0 0 -1 0 0 -1 0 -1 0 0
0 0 0 1 0 0 0 0 0 1 0 0 0 0 -1 0 1 0 0 0 0 -1
0 0 0 0 1 -1 -1 0 0 0 0 0 0 0 0 0 0 -1 0 -1 0 0
0 0 1 0 0 0 0 0 0 -1 0 0 0 0 1 0 -2 0 0 1 0 1
0 0 0 0 -1 0 0 0 0 0 0 0 0 0 -1 0 1 0 1 0 0 0
0 0 0 0 0 -1 0 1 0 0 0 1 0 0 -1 0 1 0 1 0 -1 0
0 -1 -1 0 0 -1 -1 0 0 0 1 0 0 0 -1 0 1 0 0 0 0 -1
55 4391
0 1 0 2 1 2 2 -1 -1 2 0 0 0 0 0 1 1 -1 -1 -1 0 -1
1 -1 -1 -1 -2 0 0 0 -1 0 0 0 0 0 -1 0 -1 2 0 2 1 0
0 0 0 -1 0 -2 -2 0 -1 -2 0 0 0 0 1 1 0 0 1 0 0 1
0 0 0 1 0 2 2 0 1 2 0 0 0 0 0 0 1 0 -1 0 0 -1
0 0 0 -1 0 0 0 0 0 -1 0 0 0 0 1 0 -1 0 0 0 0 1
-1 0 0 0 1 -1 0 0 0 0 0 0 0 0 0 -1 1 -1 1 -1 -1 -1
1 0 0 0 0 1 0 0 0 0 0 0 0 0 1 1 -1 1 -1 1 1 1
0 -1 -1 -2 -1 -1 -1 0 0 -1 0 0 0 0 -1 -1 -1 1 1 1 1 0
0 0 0 1 0 1 1 0 0 1 0 0 0 0 0 0 0 0 -1 0 0 0
0 0 0 -1 -1 -1 -1 0 0 -1 0 0 0 0 -1 -1 -1 0 1 0 0 1
1 0 0 -2 -1 -1 -1 0 -1 -1 -1 0 0 0 0 0 -2 1 1 1 1 2
-1 0 0 2 1 0 1 0 0 1 1 1 0 0 -1 0 2 -1 0 -1 -1 -2
1 0 0 -1 0 0 0 0 0 0 -1 0 0 -1 0 0 -1 0 0 0 1 1
0 0 0 2 1 1 1 0 0 1 1 0 -1 0 0 1 1 -1 -1 -1 0 -1
0 0 0 1 0 1 1 0 0 1 0 0 0 0 -1 0 1 0 0 0 0 -1
0 0 0 -1 0 -1 -1 0 0 -1 0 0 0 0 0 -1 -1 0 0 0 0 1
0 0 1 1 0 0 0 0 0 0 0 0 0 0 1 1 0 0 0 0 0 0
0 0 0 -1 0 0 0 0 0 -1 0 0 0 0 1 0 -1 0 0 1 0 1
0 0 0 0 0 1 1 0 0 1 0 0 0 0 0 -1 0 0 0 0 0 0
0 0 0 0 -1 0 0 0 0 0 0 0 0 0 0 0 0 1 0 0 0 0
1 -1 0 0 -1 0 0 1 0 0 0 0 0 0 0 1 0 1 0 1 1 0
0 0 1 0 0 0 0 0 1 0 0 0 0 0 1 0 -1 0 0 0 0 1
55 4607
0 1 0 0 -1 -1 -1 -1 -1 -1 0 0 0 0 0 1 1 0 1 0 0 1
-1 1 0 0 0 2 2 0 1 1 0 1 0 0 1 -1 -1 0 -1 -1 0 1
0 1 1 1 2 1 1 0 0 2 -1 0 0 0 1 -1 0 0 0 -1 0 0
0 -1 -1 0 -1 -1 -1 0 0 -1 1 0 0 0 -1 1 1 0 0 1 0 -1
0 0 0 0 1 0 0 0 0 0 0 0 0 0 0 -1 -1 0 0 0 0 0
0 0 0 0 1 -1 -1 0 0 -1 0 0 0 0 0 1 1 0 0 0 -1 -1
0 0 0 0 0 1 1 0 0 1 0 0 0 0 1 -1 -1 0 0 0 1 1
0 0 0 0 1 1 1 1 1 0 0 1 0 0 0 0 -1 0 -1 0 0 0
0 0 0 0 -1 0 0 0 0 0 0 0 0 0 0 0 0 0 0 0 0 1
0 0 0 0 0 1 1 0 0 0 0 0 0 0 0 0 -1 0 -1 0 0 0
-1 1 0 0 2 1 1 0 0 0 0 1 0 0 1 -1 -2 -1 -1 -1 0 1
0 0 0 0 -1 -1 -1 -1 0 0 0 0 0 0 -1 1 2 1 1 0 0 -1
0 0 -1 0 1 0 0 0 -1 -1 1 0 -1 0 0 0 -1 -1 -1 0 0 0
1 -1 0 0 -1 -1 -1 0 0 0 0 0 0 -1 -1 0 1 1 1 1 1 0
0 0 0 0 -1 -1 -1 0 0 -1 0 0 0 0 -1 1 1 0 1 0 0 0
0 0 0 0 1 0 0 0 0 0 0 0 0 0 0 0 -1 -1 -1 -1 0 0
0 0 0 0 0 0 0 0 0 1 0 0 0 0 0 -1 1 1 1 0 0 0
0 0 0 0 1 0 0 0 0 0 0 0 0 0 0 0 -1 -1 0 0 0 0
0 0 0 0 0 -1 -1 0 0 -1 0 0 0 0 0 1 0 0 0 0 0 0
0 0 0 0 -1 1 1 0 0 1 0 0 0 0 0 -1 0 1 0 0 0 0
0 0 0 0 0 1 0 0 1 1 0 0 0 0 0 -1 0 1 0 0 1 0
0 -1 0 0 0 0 0 0 0 0 1 0 0 0 0 -1 -1 0 0 1 0 0
55 5733
1 0 1 2 0 2 1 0 0 1 0 -1 0 0 1 2 0 -1 -1 0 1 -1
1 0 2 0 -1 0 0 0 1 2 -1 0 0 0 1 0 0 2 1 0 1 1
0 0 -2 -1 0 0 0 0 1 1 0 0 0 0 -1 -1 2 2 -1 -1 0 -1
0 0 1 1 0 0 0 0 -1 -1 0 0 0 0 0 1 -1 -1 1 1 0 0
0 0 -1 0 1 -1 -1 0 0 0 0 0 0 0 -1 0 1 0 -1 -1 0 -1
0 0 -1 0 0 0 0 1 0 -1 0 0 0 0 -1 0 1 -1 0 0 -1 0
0 0 0 0 0 0 0 -1 0 1 0 0 0 0 0 0 0 1 -1 -1 1 -1
0 0 0 -1 0 -1 -1 0 1 0 0 1 0 0 -1 -1 0 1 1 0 0 1
0 0 1 0 0 0 0 0 0 0 0 0 0 0 1 0 -1 0 0 0 0 0
0 0 0 -1 0 -1 -1 0 0 0 0 0 0 0 0 -1 0 0 1 0 0 1
1 -1 0 -1 -1 -1 -1 0 1 1 0 0 0 0 -1 -1 0 2 0 0 1 0
0 0 0 1 0 2 2 1 0 0 0 0 0 0 1 1 0 -1 0 1 0 0
1 -1 0 0 0 -1 -1 0 0 0 0 0 0 -1 -1 0 0 0 0 0 1 0
0 0 -1 1 1 1 1 0 -1 0 1 0 -1 0 0 1 0 -1 -1 0 0 -1
0 0 1 1 0 1 1 0 0 0 0 0 0 0 1 1 -1 -1 0 1 0 0
0 0 0 -1 0 -1 -1 0 0 -1 0 0 0 0 0 -1 -1 0 0 0 0 1
0 0 -1 0 0 1 1 0 0 1 0 0 0 0 0 0 1 1 -1 0 0 -1
0 0 0 0 0 -1 -1 0 0 -1 0 0 0 0 -1 0 0 0 0 0 0 0
0 0 1 1 0 0 0 0 0 0 0 0 0 0 0 0 -1 -1 0 0 0 0
0 0 0 0 0 0 0 0 0 1 0 0 0 0 1 0 1 1 0 0 0 0
0 0 0 0 0 0 1 0 0 1 0 1 0 0 0 0 0 1 0 0 0 0
0 0 -1 -1 0 -1 -1 0 -1 -1 0 0 0 0 -1 0 0 0 0 0 0 0
55 5762
-1 0 -2 -1 2 -2 -2 0 1 -1 1 1 0 0 -2 -1 2 -1 0 -2 -1 -1
0 0 0 2 1 1 0 -1 0 1 1 -1 0 0 1 0 0 0 -2 0 0 -1
0 -1 1 -1 -2 1 1 0 0 -1 1 0 0 0 2 -1 -3 1 0 2 0 2
0 1 -1 0 1 -1 -1 0 0 0 -1 0 0 0 -2 1 2 -1 0 -2 0 -1
0 0 0 -1 -1 1 1 0 0 0 0 0 0 0 1 -1 -1 1 0 1 0 1
0 0 0 -1 -1 -1 0 0 -1 0 0 1 0 0 -1 0 0 0 2 0 0 1
0 0 0 0 0 1 0 0 1 0 0 -1 0 0 1 -1 0 1 -1 0 0 0
0 0 1 1 -1 1 1 -1 -1 1 0 -1 0 0 1 0 -1 0 0 1 0 0
0 0 0 1 1 0 0 0 1 1 0 0 0 0 0 0 1 0 -1 -1 0 -1
0 0 1 1 0 1 1 0 0 1 0 0 0 0 1 0 -1 0 0 1 0 0
0 0 1 1 -1 2 1 -1 0 1 1 -1 0 0 2 -1 -1 1 -1 1 0 0
0 0 -1 -1 1 -2 -2 0 0 -1 0 1 0 0 -2 1 1 -1 1 -1 0 0
0 0 0 0 0 0 0 0 0 0 0 0 0 -1 0 -1 0 0 0 0 0 0
0 0 -1 -1 1 -1 -1 0 0 -1 0 0 -1 0 -1 0 0 -1 0 -1 0 0
0 0 -1 0 1 -1 -1 0 0 0 0 0 0 0 -1 1 2 -1 0 -1 0 -1
0 0 1 1 -1 1 1 0 0 1 0 0 0 0 1 0 0 1 0 1 0 0
0 0 0 -1 0 0 0 0 0 -1 0 0 0 0 1 0 -1 0 0 0 0 1
0 0 0 0 -1 1 1 0 0 0 0 0 0 0 0 0 0 1 0 1 0 0
0 0 -1 0 0 0 0 0 0 1 0 0 0 0 -1 0 2 0 0 -1 0 -1
0 0 0 0 1 0 0 0 0 0 0 0 0 0 1 0 -1 0 -1 0 0 0
0 0 0 0 0 1 0 -1 0 0 0 -1 0 0 1 0 -1 0 -1 0 1 0
0 1 1 0 0 1 1 0 0 0 -1 0 0 0 1 0 -1 0 0 0 0 1
55 6651
-1 0 0 0 -1 -1 -1 -1 0 1 1 0 0 0 0 -1 1 0 1 -1 0 0
-1 -1 0 0 0 2 2 0 2 0 1 1 0 0 1 0 -1 0 -1 1 0 0
0 0 0 1 1 1 1 0 1 0 0 0 0 0 0 0 0 1 0 1 0 -1
0 0 -1 -1 -1 -1 -1 0 -1 0 0 0 0 0 -1 0 1 0 0 -1 0 0
0 0 0 0 0 0 0 0 0 -1 0 0 0 0 0 0 -1 0 0 1 0 0
0 1 0 0 1 -2 -1 0 -1 0 -1 0 0 0 -1 0 1 -1 1 -2 -1 0
0 -1 0 0 -1 1 0 0 1 -1 1 0 0 0 0 0 -1 1 0 2 1 0
0 0 0 0 1 1 1 0 1 0 0 1 0 0 0 0 -1 0 -1 0 0 0
0 -1 0 0 -1 0 0 0 0 0 1 0 0 0 0 0 0 0 0 1 0 0
0 0 0 0 1 1 1 0 0 0 0 0 0 0 1 0 -1 -1 -1 0 0 0
-1 -1 0 0 1 1 1 0 2 -1 1 1 0 0 0 -1 -2 0 -1 1 0 -1
0 1 0 0 0 -1 -1 -1 -1 2 -1 -1 0 0 0 0 2 0 1 -2 0 0
-1 0 0 -1 0 0 0 0 1 -1 0 1 1 0 0 -1 -1 0 0 0 0 0
0 1 0 0 -1 0 -1 -1 -1 1 0 -1 0 1 0 0 1 1 1 0 0 0
0 0 0 0 0 -1 -1 0 0 1 0 0 0 0 0 0 1 0 0 -1 0 0
0 0 0 0 1 0 0 0 0 -1 0 0 0 0 0 0 -1 -1 -1 0 0 0
0 0 0 0 0 0 0 0 0 0 0 0 0 0 0 0 0 1 1 1 0 0
0 0 0 0 0 0 0 0 0 -1 0 0 0 0 0 0 -1 0 -1 0 0 0
0 0 0 0 0 -1 -1 0 0 0 0 0 0 0 -1 0 0 -1 0 -1 0 0
0 0 0 0 0 1 1 0 0 0 0 0 0 0 1 1 0 0 0 1 0 0
0 0 0 0 0 1 0 0 1 0 0 0 0 0 0 0 0 1 0 1 0 0
0 0 0 0 0 0 0 0 -1 -1 0 0 0 0 0 0 -1 0 0 1 0 0
55 6767
0 -1 0 0 1 1 1 1 1 1 0 0 0 0 0 -1 -1 0 -1 0 0 -1
1 -1 0 0 0 -2 -2 0 -1 -1 0 -1 0 0 -1 1 1 0 1 1 0 -1
0 -1 -1 -1 -2 -1 -1 0 0 -2 1 0 0 0 -1 1 0 0 0 1 0 0
0 1 1 0 1 1 1 0 0 1 -1 0 0 0 1 -1 -1 0 0 -1 0 1
0 0 0 0 -1 0 0 0 0 0 0 0 0 0 0 1 1 0 0 0 0 0
0 0 0 0 -1 1 1 0 0 1 0 0 0 0 0 -1 -1 0 0 0 1 1
0 0 0 0 0 -1 -1 0 0 -1 0 0 0 0 -1 1 1 0 0 0 -1 -1
0 0 0 0 -1 -1 -1 -1 -1 0 0 -1 0 0 0 0 1 0 1 0 0 0
0 0 0 0 1 0 0 0 0 0 0 0 0 0 0 0 0 0 0 0 0 -1
0 0 0 0 0 -1 -1 0 0 0 0 0 0 0 0 0 1 0 1 0 0 0
1 -1 0 0 -2 -1 -1 0 0 0 0 -1 0 0 -1 1 2 1 1 1 0 -1
0 0 0 0 1 1 1 1 0 0 0 0 0 0 1 -1 -2 -1 -1 0 0 1
0 0 1 0 -1 0 0 0 1 1 -1 0 1 0 0 0 1 1 1 0 0 0
-1 1 0 0 1 1 1 0 0 0 0 0 0 1 1 0 -1 -1 -1 -1 -1 0
0 0 0 0 1 1 1 0 0 1 0 0 0 0 1 -1 -1 0 -1 0 0 0
0 0 0 0 -1 0 0 0 0 0 0 0 0 0 0 0 1 1 1 1 0 0
0 0 0 0 0 0 0 0 0 -1 0 0 0 0 0 1 -1 -1 -1 0 0 0
0 0 0 0 -1 0 0 0 0 0 0 0 0 0 0 0 1 1 0 0 0 0
0 0 0 0 0 1 1 0 0 1 0 0 0 0 0 -1 0 0 0 0 0 0
0 0 0 0 1 -1 -1 0 0 -1 0 0 0 0 0 1 0 -1 0 0 0 0
0 0 0 0 0 -1 0 0 -1 -1 0 0 0 0 0 1 0 -1 0 0 -1 0
0 1 0 0 0 0 0 0 0 0 -1 0 0 0 0 1 1 0 0 -1 0 0
55 7112
0 1 0 -1 -1 0 -1 0 0 0 0 0 0 0 0 -1 0 1 2 0 0 2
-1 0 -1 0 2 -1 -1 0 0 -1 0 1 0 0 -2 0 0 0 0 0 0 -2
0 0 -1 0 0 0 0 0 -1 -1 0 0 0 0 0 2 2 -1 -1 0 0 -1
0 0 1 0 0 0 0 0 1 1 0 0 0 0 1 -1 -1 1 1 0 0 1
0 0 0 0 0 0 0 0 0 0 0 0 0 0 0 0 1 0 0 0 0 0
1 -1 -1 -1 -1 0 0 1 0 0 0 -1 0 0 0 0 1 0 0 0 0 0
-1 1 0 0 1 0 0 -1 0 0 0 1 0 0 0 0 0 0 0 0 0 0
0 -1 -1 0 1 0 0 0 0 0 0 0 0 0 -1 0 0 0 -1 0 1 -2
0 1 1 0 0 0 0 0 0 0 -1 0 0 0 0 0 -1 0 1 0 0 1
0 0 0 1 1 0 0 0 0 0 0 0 0 0 -1 0 0 -1 -1 -1 0 -1
-1 0 -1 0 2 0 0 0 0 -1 0 1 0 0 -1 0 0 -1 -1 0 0 -1
1 0 0 -1 -2 0 -1 0 0 0 0 -1 0 0 0 0 0 1 1 0 0 1
-1 0 0 0 1 0 0 0 1 0 0 1 1 0 0 -1 0 0 0 0 0 0
0 1 1 0 -2 1 0 -1 0 1 0 -1 0 1 1 0 0 1 1 0 0 1
0 0 0 -1 -1 0 0 0 0 0 0 0 0 0 0 -1 -1 1 1 0 0 1
0 0 0 0 1 0 0 0 0 -1 0 0 0 0 0 0 -1 -1 -1 0 0 0
0 0 0 0 -1 0 0 0 0 0 0 0 0 0 0 1 1 0 0 0 0 0
0 0 0 0 1 0 0 0 0 0 0 0 0 0 1 0 0 0 -1 0 0 0
0 0 0 -1 0 0 0 0 0 0 0 0 0 0 0 -1 -1 0 1 0 0 1
0 0 0 1 0 0 0 0 0 0 0 0 0 0 -1 1 1 0 0 0 0 -1
-1 0 0 0 0 0 0 -1 0 0 0 0 0 0 0 0 0 0 0 0 0 -1
0 0 1 1 0 1 1 0 1 1 0 0 0 0 1 0 0 0 -1 0 0 0
55 7220
1 0 -1 -1 -1 0 -1 0 0 0 0 -1 0 0 0 0 2 2 1 1 1 0
-1 -1 0 1 1 -1 -1 0 0 0 2 1 0 0 0 -1 0 0 0 0 0 -1
0 -1 0 1 -1 1 1 0 0 0 1 0 0 0 0 0 -1 -1 -2 0 0 -1
0 1 0 -1 0 0 0 0 0 0 -1 0 0 0 0 0 1 1 2 0 0 1
0 0 0 0 0 0 0 0 0 0 0 0 0 0 0 0 0 -1 -1 -1 0 0
0 0 -1 0 0 1 1 0 0 0 -1 -1 0 0 0 1 1 0 -1 0 0 -1
0 0 0 0 0 -1 -1 0 0 0 1 1 0 0 -1 -1 0 0 0 -1 0 0
-1 -1 0 1 1 0 1 0 0 0 1 1 0 0 0 0 -1 -1 -1 0 0 -1
0 0 0 -1 0 -1 -1 0 0 0 0 0 0 0 0 -1 0 1 1 0 0 0
0 0 1 1 1 0 0 0 0 0 0 0 0 0 1 1 -1 -1 -1 0 0 0
-1 -1 0 1 1 0 0 0 1 0 2 1 0 0 0 -1 -1 -1 -2 -1 0 -1
1 0 -1 -1 -1 1 0 0 0 0 -1 -1 0 0 0 1 1 2 1 2 1 0
0 0 0 1 1 0 0 0 0 0 1 0 -1 0 0 0 0 -1 -1 -1 0 0
1 0 0 -1 -1 0 0 0 0 0 -1 0 0 -1 0 0 0 1 1 1 1 1
0 0 -1 -1 0 0 0 0 0 0 0 0 0 0 0 0 1 1 1 1 0 0
0 0 0 0 1 0 0 0 0 0 0 0 0 0 0 0 -1 -1 -1 -1 0 0
0 0 0 0 -1 0 0 0 0 0 0 0 0 0 0 0 0 0 0 0 0 0
0 0 0 0 0 0 0 0 0 0 0 0 0 0 -1 0 0 -1 0 -1 0 0
0 0 -1 -1 0 0 0 0 0 0 0 0 0 0 0 0 1 1 0 0 0 0
0 0 1 1 0 0 0 0 0 1 0 0 0 0 1 0 0 0 0 0 0 0
-1 0 0 0 0 0 0 -1 0 0 1 1 0 0 0 -1 -1 0 0 0 0 0
0 1 1 0 0 0 0 0 0 0 -1 0 0 0 0 0 -1 -1 0 -1 0 1
55 7265
-1 0 1 1 1 0 1 0 0 0 0 1 0 0 0 0 -2 -2 -1 -1 -1 0
1 1 0 -1 -1 1 1 0 0 0 -2 -1 0 0 0 1 0 0 0 0 0 1
0 1 0 -1 1 -1 -1 0 0 0 -1 0 0 0 0 0 1 1 2 0 0 1
0 -1 0 1 0 0 0 0 0 0 1 0 0 0 0 0 -1 -1 -2 0 0 -1
0 0 0 0 0 0 0 0 0 0 0 0 0 0 0 0 0 1 1 1 0 0
0 0 1 0 0 -1 -1 0 0 0 1 1 0 0 0 -1 -1 0 1 0 0 1
0 0 0 0 0 1 1 0 0 0 -1 -1 0 0 1 1 0 0 0 1 0 0
1 1 0 -1 -1 0 -1 0 0 0 -1 -1 0 0 0 0 1 1 1 0 0 1
0 0 0 1 0 1 1 0 0 0 0 0 0 0 0 1 0 -1 -1 0 0 0
0 0 -1 -1 -1 0 0 0 0 0 0 0 0 0 -1 -1 1 1 1 0 0 0
1 1 0 -1 -1 0 0 0 -1 0 -2 -1 0 0 0 1 1 1 2 1 0 1
-1 0 1 1 1 -1 0 0 0 0 1 1 0 0 0 -1 -1 -2 -1 -2 -1 0
0 0 0 -1 -1 0 0 0 0 0 -1 0 1 0 0 0 0 1 1 1 0 0
-1 0 0 1 1 0 0 0 0 0 1 0 0 1 0 0 0 -1 -1 -1 -1 -1
0 0 1 1 0 0 0 0 0 0 0 0 0 0 0 0 -1 -1 -1 -1 0 0
0 0 0 0 -1 0 0 0 0 0 0 0 0 0 0 0 1 1 1 1 0 0
0 0 0 0 1 0 0 0 0 0 0 0 0 0 0 0 0 0 0 0 0 0
0 0 0 0 0 0 0 0 0 0 0 0 0 0 1 0 0 1 0 1 0 0
0 0 1 1 0 0 0 0 0 0 0 0 0 0 0 0 -1 -1 0 0 0 0
0 0 -1 -1 0 0 0 0 0 -1 0 0 0 0 -1 0 0 0 0 0 0 0
1 0 0 0 0 0 0 1 0 0 -1 -1 0 0 0 1 1 0 0 0 0 0
0 -1 -1 0 0 0 0 0 0 0 1 0 0 0 0 0 1 1 0 1 0 -1
55 7608
1 0 -1 0 0 0 0 0 -1 1 -1 -1 0 0 -1 0 2 0 0 -1 1 -1
0 0 1 1 -1 0 0 0 -1 -1 1 0 0 0 1 1 0 -1 1 1 0 2
0 0 1 1 0 1 1 0 0 -1 0 0 0 0 1 1 -3 -1 -1 2 0 1
0 0 -1 -1 0 0 0 0 0 1 0 0 0 0 0 -1 2 1 0 -1 0 -1
0 0 0 0 0 0 0 0 0 -1 0 0 0 0 0 1 -1 -1 -1 0 0 0
-1 0 0 1 1 1 1 -1 1 2 0 0 0 0 0 -1 0 0 -1 -1 0 -2
1 0 0 0 0 -1 -1 1 -1 -2 0 0 0 0 0 2 0 -1 0 1 0 1
-1 0 1 1 0 0 1 0 0 0 1 1 0 0 1 0 -1 -1 0 0 -1 1
0 0 -1 -1 0 -1 -1 0 -1 -1 0 0 0 0 -1 0 1 0 1 0 0 0
0 0 1 0 -1 0 0 0 0 0 0 0 0 0 0 0 -1 0 1 0 0 1
0 1 1 1 0 0 0 0 -1 -1 0 0 0 0 1 2 -1 -2 0 0 0 2
0 -1 -1 0 0 1 1 0 1 2 0 0 0 0 -1 -2 1 2 0 0 1 -2
0 1 1 0 0 0 0 0 0 0 -1 0 1 0 1 1 0 -1 0 -1 0 1
0 0 -1 -1 0 0 0 0 0 0 0 0 0 1 -1 -1 0 1 0 0 0 -1
0 0 -1 0 0 0 0 0 0 1 0 0 0 0 -1 -1 2 1 0 -1 0 -1
0 0 0 0 0 0 0 0 0 0 0 0 0 0 0 1 0 0 0 0 0 0
0 0 0 0 0 0 0 0 0 -1 0 0 0 0 0 0 -1 0 0 1 0 0
0 0 0 0 0 0 0 0 0 0 0 0 0 0 1 1 0 0 -1 0 0 0
0 0 -1 0 0 0 0 0 0 1 0 0 0 0 -1 0 2 0 0 -1 0 -1
0 0 1 0 -1 0 0 0 0 -1 0 0 0 0 0 0 -1 0 1 1 0 1
0 0 0 0 0 0 0 0 0 -1 1 1 0 0 0 0 -1 0 0 1 0 1
0 0 0 -1 0 -1 -1 0 0 -1 0 0 0 0 0 0 -1 0 0 0 0 0
55 9682
-1 0 -1 -2 0 -2 -1 0 0 -1 0 1 0 0 -1 -2 0 1 1 0 -1 1
-1 0 -2 0 1 0 0 0 -1 -2 1 0 0 0 -1 0 0 -2 -1 0 -1 -1
0 0 2 1 0 0 0 0 -1 -1 0 0 0 0 1 1 -2 -2 1 1 0 1
0 0 -1 -1 0 0 0 0 1 1 0 0 0 0 0 -1 1 1 -1 -1 0 0
0 0 1 0 -1 1 1 0 0 0 0 0 0 0 1 0 -1 0 1 1 0 1
0 0 1 0 0 0 0 -1 0 1 0 0 0 0 1 0 -1 1 0 0 1 0
0 0 0 0 0 0 0 1 0 -1 0 0 0 0 0 0 0 -1 1 1 -1 1
0 0 0 1 0 1 1 0 -1 0 0 -1 0 0 1 1 0 -1 -1 0 0 -1
0 0 -1 0 0 0 0 0 0 0 0 0 0 0 -1 0 1 0 0 0 0 0
0 0 0 1 0 1 1 0 0 0 0 0 0 0 0 1 0 0 -1 0 0 -1
-1 1 0 1 1 1 1 0 -1 -1 0 0 0 0 1 1 0 -2 0 0 -1 0
0 0 0 -1 0 -2 -2 -1 0 0 0 0 0 0 -1 -1 0 1 0 -1 0 0
-1 1 0 0 0 1 1 0 0 0 0 0 0 1 1 0 0 0 0 0 -1 0
0 0 1 -1 -1 -1 -1 0 1 0 -1 0 1 0 0 -1 0 1 1 0 0 1
0 0 -1 -1 0 -1 -1 0 0 0 0 0 0 0 -1 -1 1 1 0 -1 0 0
0 0 0 1 0 1 1 0 0 1 0 0 0 0 0 1 1 0 0 0 0 -1
0 0 1 0 0 -1 -1 0 0 -1 0 0 0 0 0 0 -1 -1 1 0 0 1
0 0 0 0 0 1 1 0 0 1 0 0 0 0 1 0 0 0 0 0 0 0
0 0 -1 -1 0 0 0 0 0 0 0 0 0 0 0 0 1 1 0 0 0 0
0 0 0 0 0 0 0 0 0 -1 0 0 0 0 -1 0 -1 -1 0 0 0 0
0 0 0 0 0 0 -1 0 0 -1 0 -1 0 0 0 0 0 -1 0 0 0 0
0 0 1 1 0 1 1 0 1 1 0 0 0 0 1 0 0 0 0 0 0 0
55 10065
0 -1 1 -1 -2 0 1 0 0 1 0 0 0 0 0 -2 -2 1 2 2 0 1
-1 -1 -2 -2 0 -1 0 1 0 -2 1 1 0 0 0 -1 0 0 -1 0 -1 -1
0 0 1 2 1 -1 -1 0 0 0 0 0 0 0 0 1 1 0 -1 -1 0 -2
0 0 0 -1 -1 1 1 0 0 0 0 0 0 0 0 -1 -1 0 1 1 0 2
0 0 1 1 0 0 0 0 0 0 0 0 0 0 1 1 0 0 0 0 0 0
0 1 1 1 1 1 0 -1 0 1 -1 -1 0 0 0 0 -1 -1 0 -1 1 0
0 -1 0 0 -1 -1 0 1 0 -1 1 1 0 0 0 0 0 1 0 1 -1 0
0 0 -1 0 1 0 0 1 0 -1 0 0 0 0 0 1 1 -1 -1 -1 0 -1
0 -1 -1 -1 -1 0 0 0 0 0 1 0 0 0 0 -1 0 1 0 1 0 0
0 0 -1 0 1 0 0 0 0 0 0 0 0 0 0 1 1 -1 -1 -1 0 -1
-1 -1 -1 0 1 -1 0 1 1 -1 1 1 0 0 0 0 1 0 -1 -1 -1 -2
0 1 1 0 0 0 0 -1 -1 1 -1 -1 0 0 0 -1 -1 -1 1 0 0 1
0 -1 0 0 0 0 1 1 1 0 0 1 0 -1 0 0 0 0 0 0 0 0
1 0 1 1 -1 0 0 0 -1 1 0 -1 -1 0 0 0 0 0 1 1 0 1
0 0 0 -1 0 0 0 0 0 0 0 0 0 0 0 -1 -1 0 1 1 0 1
0 0 -1 0 1 0 0 0 0 0 0 0 0 0 0 1 1 0 -1 -1 0 -1
0 0 1 1 0 -1 -1 0 0 0 0 0 0 0 0 0 0 0 0 0 0 0
0 0 0 0 0 0 0 0 0 -1 0 0 0 0 0 1 0 0 0 0 0 0
0 0 0 -1 0 0 0 0 0 0 0 0 0 0 0 -1 -1 0 1 0 0 1
0 0 0 0 0 0 0 0 0 0 0 0 0 0 1 0 0 0 -1 0 0 0
0 0 0 0 0 -1 -1 1 0 -1 0 0 0 0 0 0 1 0 0 0 -1 0
0 0 0 1 0 0 0 0 0 0 0 0 0 0 0 1 1 0 0 0 0 0
55 10463
-1 0 -2 0 2 1 1 -1 0 0 1 0 0 0 1 0 1 0 -2 -1 0 -2
1 0 0 -1 -2 1 0 -1 -1 0 0 -1 0 0 0 1 -1 0 0 1 1 0
0 0 1 0 0 -3 -3 0 0 -1 0 0 0 0 -2 0 0 -1 2 -1 0 0
0 0 -1 0 0 2 2 0 0 1 0 0 0 0 1 0 1 1 -1 0 0 0
0 0 1 0 0 -1 -1 0 0 -1 0 0 0 0 0 0 -1 -1 1 0 0 1
0 0 0 0 0 -1 0 1 0 0 -1 0 0 0 0 0 1 1 1 0 0 0
0 0 0 0 0 0 -1 -1 0 -1 1 0 0 0 -1 0 -1 -1 0 0 0 0
1 0 1 -1 -2 0 -1 0 0 0 -1 -1 0 0 0 0 -1 1 1 1 1 1
0 -1 -1 0 0 1 1 0 0 0 1 0 0 0 0 0 0 0 -1 1 0 -1
0 0 1 0 -1 0 0 0 0 0 0 0 0 0 1 0 -1 0 0 1 0 1
1 0 2 0 -2 0 -1 -1 0 0 0 -1 0 0 0 0 -2 0 1 1 1 1
-1 0 -2 0 2 0 1 0 0 1 0 1 0 0 0 0 2 1 -1 -1 0 -2
0 1 1 0 -1 1 0 -1 0 0 0 -1 0 1 1 0 -1 0 0 0 0 1
-1 0 -1 0 2 0 0 0 1 0 0 1 1 0 0 0 1 0 -1 -1 0 -1
0 0 -1 0 1 1 1 0 0 1 0 0 0 0 1 0 1 1 -1 0 0 -1
0 0 1 0 -1 0 0 0 0 0 0 0 0 0 0 -1 -1 0 1 1 0 1
0 0 0 1 1 -1 -1 0 0 0 0 0 0 0 -1 1 1 -1 0 -1 0 -1
0 0 1 0 -1 0 0 0 0 0 0 0 0 0 0 -1 -1 0 1 0 0 1
0 0 0 0 0 1 1 0 0 0 0 0 0 0 1 0 0 1 0 1 0 0
0 0 0 0 0 0 0 0 0 0 0 0 0 0 0 1 0 -1 0 0 0 0
1 0 0 0 0 0 -1 0 0 0 0 0 0 0 -1 1 0 0 0 0 1 0
0 0 1 1 0 0 0 0 0 0 0 0 0 0 0 0 -1 -1 0 0 0 1
55 11409
0 1 -1 1 2 0 -1 0 0 -1 0 0 0 0 0 2 2 -1 -2 -2 0 -1
1 1 2 2 0 1 0 -1 0 2 -1 -1 0 0 0 1 0 0 1 0 1 1
0 0 -1 -2 -1 1 1 0 0 0 0 0 0 0 0 -1 -1 0 1 1 0 2
0 0 0 1 1 -1 -1 0 0 0 0 0 0 0 0 1 1 0 -1 -1 0 -2
0 0 -1 -1 0 0 0 0 0 0 0 0 0 0 -1 -1 0 0 0 0 0 0
0 -1 -1 -1 -1 -1 0 1 0 -1 1 1 0 0 0 0 1 1 0 1 -1 0
0 1 0 0 1 1 0 -1 0 1 -1 -1 0 0 0 0 0 -1 0 -1 1 0
0 0 1 0 -1 0 0 -1 0 1 0 0 0 0 0 -1 -1 1 1 1 0 1
0 1 1 1 1 0 0 0 0 0 -1 0 0 0 0 1 0 -1 0 -1 0 0
0 0 1 0 -1 0 0 0 0 0 0 0 0 0 0 -1 -1 1 1 1 0 1
1 1 1 0 -1 1 0 -1 -1 1 -1 -1 0 0 0 0 -1 0 1 1 1 2
0 -1 -1 0 0 0 0 1 1 -1 1 1 0 0 0 1 1 1 -1 0 0 -1
0 1 0 0 0 0 -1 -1 -1 0 0 -1 0 1 0 0 0 0 0 0 0 0
-1 0 -1 -1 1 0 0 0 1 -1 0 1 1 0 0 0 0 0 -1 -1 0 -1
0 0 0 1 0 0 0 0 0 0 0 0 0 0 0 1 1 0 -1 -1 0 -1
0 0 1 0 -1 0 0 0 0 0 0 0 0 0 0 -1 -1 0 1 1 0 1
0 0 -1 -1 0 1 1 0 0 0 0 0 0 0 0 0 0 0 0 0 0 0
0 0 0 0 0 0 0 0 0 1 0 0 0 0 0 -1 0 0 0 0 0 0
0 0 0 1 0 0 0 0 0 0 0 0 0 0 0 1 1 0 -1 0 0 -1
0 0 0 0 0 0 0 0 0 0 0 0 0 0 -1 0 0 0 1 0 0 0
0 0 0 0 0 1 1 -1 0 1 0 0 0 0 0 0 -1 0 0 0 1 0
0 0 0 -1 0 0 0 0 0 0 0 0 0 0 0 -1 -1 0 0 0 0 0
55 12094
1 0 0 0 1 1 1 1 0 -1 -1 0 0 0 0 1 -1 0 -1 1 0 0
1 1 0 0 0 -2 -2 0 -2 0 -1 -1 0 0 -1 0 1 0 1 -1 0 0
0 0 0 -1 -1 -1 -1 0 -1 0 0 0 0 0 0 0 0 -1 0 -1 0 1
0 0 1 1 1 1 1 0 1 0 0 0 0 0 1 0 -1 0 0 1 0 0
0 0 0 0 0 0 0 0 0 1 0 0 0 0 0 0 1 0 0 -1 0 0
0 -1 0 0 -1 2 1 0 1 0 1 0 0 0 1 0 -1 1 -1 2 1 0
0 1 0 0 1 -1 0 0 -1 1 -1 0 0 0 0 0 1 -1 0 -2 -1 0
0 0 0 0 -1 -1 -1 0 -1 0 0 -1 0 0 0 0 1 0 1 0 0 0
0 1 0 0 1 0 0 0 0 0 -1 0 0 0 0 0 0 0 0 -1 0 0
0 0 0 0 -1 -1 -1 0 0 0 0 0 0 0 -1 0 1 1 1 0 0 0
1 1 0 0 -1 -1 -1 0 -2 1 -1 -1 0 0 0 1 2 0 1 -1 0 1
0 -1 0 0 0 1 1 1 1 -2 1 1 0 0 0 0 -2 0 -1 2 0 0
1 0 0 1 0 0 0 0 -1 1 0 -1 -1 0 0 1 1 0 0 0 0 0
0 -1 0 0 1 0 1 1 1 -1 0 1 0 -1 0 0 -1 -1 -1 0 0 0
0 0 0 0 0 1 1 0 0 -1 0 0 0 0 0 0 -1 0 0 1 0 0
0 0 0 0 -1 0 0 0 0 1 0 0 0 0 0 0 1 1 1 0 0 0
0 0 0 0 0 0 0 0 0 0 0 0 0 0 0 0 0 -1 -1 -1 0 0
0 0 0 0 0 0 0 0 0 1 0 0 0 0 0 0 1 0 1 0 0 0
0 0 0 0 0 1 1 0 0 0 0 0 0 0 1 0 0 1 0 1 0 0
0 0 0 0 0 -1 -1 0 0 0 0 0 0 0 -1 -1 0 0 0 -1 0 0
0 0 0 0 0 -1 0 0 -1 0 0 0 0 0 0 0 0 -1 0 -1 0 0
0 0 0 0 0 0 0 0 1 1 0 0 0 0 0 0 1 0 0 -1 0 0
56 0
1 0 0 0 0 0 0 0 0 0 0 0 0 0 0 0 0 0 0 0 0 0
0 1 0 0 0 0 0 0 0 0 0 0 0 0 0 0 0 0 0 0 0 0
0 0 1 0 0 0 0 0 0 0 0 0 0 0 0 0 0 0 0 0 0 0
0 0 0 1 0 0 0 0 0 0 0 0 0 0 0 0 0 0 0 0 0 0
0 0 0 0 1 0 0 0 0 0 0 0 0 0 0 0 0 0 0 0 0 0
0 0 0 0 0 1 0 0 0 0 0 0 0 0 0 0 0 0 0 0 0 0
0 0 0 0 0 0 1 0 0 0 0 0 0 0 0 0 0 0 0 0 0 0
0 0 0 0 0 0 0 1 0 0 0 0 0 0 0 0 0 0 0 0 0 0
0 0 0 0 0 0 0 0 1 0 0 0 0 0 0 0 0 0 0 0 0 0
0 0 0 0 0 0 0 0 0 1 0 0 0 0 0 0 0 0 0 0 0 0
0 0 0 0 0 0 0 0 0 0 1 0 0 0 0 0 0 0 0 0 0 0
0 0 0 0 0 0 0 0 0 0 0 1 0 0 0 0 0 0 0 0 0 0
0 0 0 0 0 0 0 0 0 0 0 0 1 0 0 0 0 0 0 0 0 0
0 0 0 0 0 0 0 0 0 0 0 0 0 1 0 0 0 0 0 0 0 0
0 0 0 0 0 0 0 0 0 0 0 0 0 0 1 0 0 0 0 0 0 0
0 0 0 0 0 0 0 0 0 0 0 0 0 0 0 1 0 0 0 0 0 0
0 0 0 0 0 0 0 0 0 0 0 0 0 0 0 0 1 0 0 0 0 0
0 0 0 0 0 0 0 0 0 0 0 0 0 0 0 0 0 1 0 0 0 0
0 0 0 0 0 0 0 0 0 0 0 0 0 0 0 0 0 0 1 0 0 0
0 0 0 0 0 0 0 0 0 0 0 0 0 0 0 0 0 0 0 1 0 0
0 0 0 0 0 0 0 0 0 0 0 0 0 0 0 0 0 0 0 0 1 0
0 0 0 0 0 0 0 0 0 0 0 0 0 0 0 0 0 0 0 0 0 1
56 2589
-1 0 0 0 0 0 0 0 0 0 0 0 0 0 0 0 0 0 0 0 0 0
0 -1 0 0 0 0 0 0 0 0 0 0 0 0 0 0 0 0 0 0 0 0
0 0 -1 0 0 0 0 0 0 0 0 0 0 0 0 0 0 0 0 0 0 0
0 0 0 -1 0 0 0 0 0 0 0 0 0 0 0 0 0 0 0 0 0 0
0 0 0 0 -1 0 0 0 0 0 0 0 0 0 0 0 0 0 0 0 0 0
0 0 0 0 0 -1 0 0 0 0 0 0 0 0 0 0 0 0 0 0 0 0
0 0 0 0 0 0 -1 0 0 0 0 0 0 0 0 0 0 0 0 0 0 0
0 0 0 0 0 0 0 -1 0 0 0 0 0 0 0 0 0 0 0 0 0 0
0 0 0 0 0 0 0 0 -1 0 0 0 0 0 0 0 0 0 0 0 0 0
0 0 0 0 0 0 0 0 0 -1 0 0 0 0 0 0 0 0 0 0 0 0
0 0 0 0 0 0 0 0 0 0 -1 0 0 0 0 0 0 0 0 0 0 0
0 0 0 0 0 0 0 0 0 0 0 -1 0 0 0 0 0 0 0 0 0 0
0 0 0 0 0 0 0 0 0 0 0 0 -1 0 0 0 0 0 0 0 0 0
0 0 0 0 0 0 0 0 0 0 0 0 0 -1 0 0 0 0 0 0 0 0
0 0 0 0 0 0 0 0 0 0 0 0 0 0 -1 0 0 0 0 0 0 0
0 0 0 0 0 0 0 0 0 0 0 0 0 0 0 -1 0 0 0 0 0 0
0 0 0 0 0 0 0 0 0 0 0 0 0 0 0 0 -1 0 0 0 0 0
0 0 0 0 0 0 0 0 0 0 0 0 0 0 0 0 0 -1 0 0 0 0
0 0 0 0 0 0 0 0 0 0 0 0 0 0 0 0 0 0 -1 0 0 0
0 0 0 0 0 0 0 0 0 0 0 0 0 0 0 0 0 0 0 -1 0 0
0 0 0 0 0 0 0 0 0 0 0 0 0 0 0 0 0 0 0 0 -1 0
0 0 0 0 0 0 0 0 0 0 0 0 0 0 0 0 0 0 0 0 0 -1
57 0
1 0 0 0 0 0 0 0 0 0 0 0 0 0 0 0 0 0 0 0 0 0
0 1 0 0 0 0 0 0 0 0 0 0 0 0 0 0 0 0 0 0 0 0
0 0 1 0 0 0 0 0 0 0 0 0 0 0 0 0 0 0 0 0 0 0
0 0 0 1 0 0 0 0 0 0 0 0 0 0 0 0 0 0 0 0 0 0
0 0 0 0 1 0 0 0 0 0 0 0 0 0 0 0 0 0 0 0 0 0
0 0 0 0 0 1 0 0 0 0 0 0 0 0 0 0 0 0 0 0 0 0
0 0 0 0 0 0 1 0 0 0 0 0 0 0 0 0 0 0 0 0 0 0
0 0 0 0 0 0 0 1 0 0 0 0 0 0 0 0 0 0 0 0 0 0
0 0 0 0 0 0 0 0 1 0 0 0 0 0 0 0 0 0 0 0 0 0
0 0 0 0 0 0 0 0 0 1 0 0 0 0 0 0 0 0 0 0 0 0
0 0 0 0 0 0 0 0 0 0 1 0 0 0 0 0 0 0 0 0 0 0
0 0 0 0 0 0 0 0 0 0 0 1 0 0 0 0 0 0 0 0 0 0
0 0 0 0 0 0 0 0 0 0 0 0 1 0 0 0 0 0 0 0 0 0
0 0 0 0 0 0 0 0 0 0 0 0 0 1 0 0 0 0 0 0 0 0
0 0 0 0 0 0 0 0 0 0 0 0 0 0 1 0 0 0 0 0 0 0
0 0 0 0 0 0 0 0 0 0 0 0 0 0 0 1 0 0 0 0 0 0
0 0 0 0 0 0 0 0 0 0 0 0 0 0 0 0 1 0 0 0 0 0
0 0 0 0 0 0 0 0 0 0 0 0 0 0 0 0 0 1 0 0 0 0
0 0 0 0 0 0 0 0 0 0 0 0 0 0 0 0 0 0 1 0 0 0
0 0 0 0 0 0 0 0 0 0 0 0 0 0 0 0 0 0 0 1 0 0
0 0 0 0 0 0 0 0 0 0 0 0 0 0 0 0 0 0 0 0 1 0
0 0 0 0 0 0 0 0 0 0 0 0 0 0 0 0 0 0 0 0 0 1
57 1290
-1 0 1 0 0 0 0 0 1 -1 1 1 0 0 1 0 -2 0 0 1 -1 1
0 0 -1 -1 1 0 0 0 1 1 -1 0 0 0 -1 -1 0 1 -1 -1 0 -2
0 0 -1 -1 0 -1 -1 0 0 1 0 0 0 0 -1 -1 3 1 1 -2 0 -1
0 0 1 1 0 0 0 0 0 -1 0 0 0 0 0 1 -2 -1 0 1 0 1
0 0 0 0 0 0 0 0 0 1 0 0 0 0 0 -1 1 1 1 0 0 0
1 0 0 -1 -1 -1 -1 1 -1 -2 0 0 0 0 0 1 0 0 1 1 0 2
-1 0 0 0 0 1 1 -1 1 2 0 0 0 0 0 -2 0 1 0 -1 0 -1
1 0 -1 -1 0 0 -1 0 0 0 -1 -1 0 0 -1 0 1 1 0 0 1 -1
0 0 1 1 0 1 1 0 1 1 0 0 0 0 1 0 -1 0 -1 0 0 0
0 0 -1 0 1 0 0 0 0 0 0 0 0 0 0 0 1 0 -1 0 0 -1
0 -1 -1 -1 0 0 0 0 1 1 0 0 0 0 -1 -2 1 2 0 0 0 -2
0 1 1 0 0 -1 -1 0 -1 -2 0 0 0 0 1 2 -1 -2 0 0 -1 2
0 -1 -1 0 0 0 0 0 0 0 1 0 -1 0 -1 -1 0 1 0 1 0 -1
0 0 1 1 0 0 0 0 0 0 0 0 0 -1 1 1 0 -1 0 0 0 1
0 0 1 0 0 0 0 0 0 -1 0 0 0 0 1 1 -2 -1 0 1 0 1
0 0 0 0 0 0 0 0 0 0 0 0 0 0 0 -1 0 0 0 0 0 0
0 0 0 0 0 0 0 0 0 1 0 0 0 0 0 0 1 0 0 -1 0 0
0 0 0 0 0 0 0 0 0 0 0 0 0 0 -1 -1 0 0 1 0 0 0
0 0 1 0 0 0 0 0 0 -1 0 0 0 0 1 0 -2 0 0 1 0 1
0 0 -1 0 1 0 0 0 0 1 0 0 0 0 0 0 1 0 -1 -1 0 -1
0 0 0 0 0 0 0 0 0 1 -1 -1 0 0 0 0 1 0 0 -1 0 -1
0 0 0 1 0 1 1 0 0 1 0 0 0 0 0 0 1 0 0 0 0 0
57 2589
-1 0 0 0 0 0 0 0 0 0 0 0 0 0 0 0 0 0 0 0 0 0
0 -1 0 0 0 0 0 0 0 0 0 0 0 0 0 0 0 0 0 0 0 0
0 0 -1 0 0 0 0 0 0 0 0 0 0 0 0 0 0 0 0 0 0 0
0 0 0 -1 0 0 0 0 0 0 0 0 0 0 0 0 0 0 0 0 0 0
0 0 0 0 -1 0 0 0 0 0 0 0 0 0 0 0 0 0 0 0 0 0
0 0 0 0 0 -1 0 0 0 0 0 0 0 0 0 0 0 0 0 0 0 0
0 0 0 0 0 0 -1 0 0 0 0 0 0 0 0 0 0 0 0 0 0 0
0 0 0 0 0 0 0 -1 0 0 0 0 0 0 0 0 0 0 0 0 0 0
0 0 0 0 0 0 0 0 -1 0 0 0 0 0 0 0 0 0 0 0 0 0
0 0 0 0 0 0 0 0 0 -1 0 0 0 0 0 0 0 0 0 0 0 0
0 0 0 0 0 0 0 0 0 0 -1 0 0 0 0 0 0 0 0 0 0 0
0 0 0 0 0 0 0 0 0 0 0 -1 0 0 0 0 0 0 0 0 0 0
0 0 0 0 0 0 0 0 0 0 0 0 -1 0 0 0 0 0 0 0 0 0
0 0 0 0 0 0 0 0 0 0 0 0 0 -1 0 0 0 0 0 0 0 0
0 0 0 0 0 0 0 0 0 0 0 0 0 0 -1 0 0 0 0 0 0 0
0 0 0 0 0 0 0 0 0 0 0 0 0 0 0 -1 0 0 0 0 0 0
0 0 0 0 0 0 0 0 0 0 0 0 0 0 0 0 -1 0 0 0 0 0
0 0 0 0 0 0 0 0 0 0 0 0 0 0 0 0 0 -1 0 0 0 0
0 0 0 0 0 0 0 0 0 0 0 0 0 0 0 0 0 0 -1 0 0 0
0 0 0 0 0 0 0 0 0 0 0 0 0 0 0 0 0 0 0 -1 0 0
0 0 0 0 0 0 0 0 0 0 0 0 0 0 0 0 0 0 0 0 -1 0
0 0 0 0 0 0 0 0 0 0 0 0 0 0 0 0 0 0 0 0 0 -1
57 3130
1 0 2 0 -2 -1 -1 1 0 0 -1 0 0 0 -1 0 -1 0 2 1 0 2
-1 0 0 1 2 -1 0 1 1 0 0 1 0 0 0 -1 1 0 0 -1 -1 0
0 0 -1 0 0 3 3 0 0 1 0 0 0 0 2 0 0 1 -2 1 0 0
0 0 1 0 0 -2 -2 0 0 -1 0 0 0 0 -1 0 -1 -1 1 0 0 0
0 0 -1 0 0 1 1 0 0 1 0 0 0 0 0 0 1 1 -1 0 0 -1
0 0 0 0 0 1 0 -1 0 0 1 0 0 0 0 0 -1 -1 -1 0 0 0
0 0 0 0 0 0 1 1 0 1 -1 0 0 0 1 0 1 1 0 0 0 0
-1 0 -1 1 2 0 1 0 0 0 1 1 0 0 0 0 1 -1 -1 -1 -1 -1
0 1 1 0 0 -1 -1 0 0 0 -1 0 0 0 0 0 0 0 1 -1 0 1
0 0 -1 0 1 0 0 0 0 0 0 0 0 0 -1 0 1 0 0 -1 0 -1
-1 0 -2 0 2 0 1 1 0 0 0 1 0 0 0 0 2 0 -1 -1 -1 -1
1 0 2 0 -2 0 -1 0 0 -1 0 -1 0 0 0 0 -2 -1 1 1 0 2
0 -1 -1 0 1 -1 0 1 0 0 0 1 0 -1 -1 0 1 0 0 0 0 -1
1 0 1 0 -2 0 0 0 -1 0 0 -1 -1 0 0 0 -1 0 1 1 0 1
0 0 1 0 -1 -1 -1 0 0 -1 0 0 0 0 -1 0 -1 -1 1 0 0 1
0 0 -1 0 1 0 0 0 0 0 0 0 0 0 0 1 1 0 -1 -1 0 -1
0 0 0 -1 -1 1 1 0 0 0 0 0 0 0 1 -1 -1 1 0 1 0 1
0 0 -1 0 1 0 0 0 0 0 0 0 0 0 0 1 1 0 -1 0 0 -1
0 0 0 0 0 -1 -1 0 0 0 0 0 0 0 -1 0 0 -1 0 -1 0 0
0 0 0 0 0 0 0 0 0 0 0 0 0 0 0 -1 0 1 0 0 0 0
-1 0 0 0 0 0 1 0 0 0 0 0 0 0 1 -1 0 0 0 0 -1 0
0 0 -1 -1 0 0 0 0 0 0 0 0 0 0 0 0 1 1 0 0 0 -1
57 7608
1 0 -1 0 0 0 0 0 -1 1 -1 -1 0 0 -1 0 2 0 0 -1 1 -1
0 0 1 1 -1 0 0 0 -1 -1 1 0 0 0 1 1 0 -1 1 1 0 2
0 0 1 1 0 1 1 0 0 -1 0 0 0 0 1 1 -3 -1 -1 2 0 1
0 0 -1 -1 0 0 0 0 0 1 0 0 0 0 0 -1 2 1 0 -1 0 -1
0 0 0 0 0 0 0 0 0 -1 0 0 0 0 0 1 -1 -1 -1 0 0 0
-1 0 0 1 1 1 1 -1 1 2 0 0 0 0 0 -1 0 0 -1 -1 0 -2
1 0 0 0 0 -1 -1 1 -1 -2 0 0 0 0 0 2 0 -1 0 1 0 1
-1 0 1 1 0 0 1 0 0 0 1 1 0 0 1 0 -1 -1 0 0 -1 1
0 0 -1 -1 0 -1 -1 0 -1 -1 0 0 0 0 -1 0 1 0 1 0 0 0
0 0 1 0 -1 0 0 0 0 0 0 0 0 0 0 0 -1 0 1 0 0 1
0 1 1 1 0 0 0 0 -1 -1 0 0 0 0 1 2 -1 -2 0 0 0 2
0 -1 -1 0 0 1 1 0 1 2 0 0 0 0 -1 -2 1 2 0 0 1 -2
0 1 1 0 0 0 0 0 0 0 -1 0 1 0 1 1 0 -1 0 -1 0 1
0 0 -1 -1 0 0 0 0 0 0 0 0 0 1 -1 -1 0 1 0 0 0 -1
0 0 -1 0 0 0 0 0 0 1 0 0 0 0 -1 -1 2 1 0 -1 0 -1
0 0 0 0 0 0 0 0 0 0 0 0 0 0 0 1 0 0 0 0 0 0
0 0 0 0 0 0 0 0 0 -1 0 0 0 0 0 0 -1 0 0 1 0 0
0 0 0 0 0 0 0 0 0 0 0 0 0 0 1 1 0 0 -1 0 0 0
0 0 -1 0 0 0 0 0 0 1 0 0 0 0 -1 0 2 0 0 -1 0 -1
0 0 1 0 -1 0 0 0 0 -1 0 0 0 0 0 0 -1 0 1 1 0 1
0 0 0 0 0 0 0 0 0 -1 1 1 0 0 0 0 -1 0 0 1 0 1
0 0 0 -1 0 -1 -1 0 0 -1 0 0 0 0 0 0 -1 0 0 0 0 0
57 10065
0 -1 1 -1 -2 0 1 0 0 1 0 0 0 0 0 -2 -2 1 2 2 0 1
-1 -1 -2 -2 0 -1 0 1 0 -2 1 1 0 0 0 -1 0 0 -1 0 -1 -1
0 0 1 2 1 -1 -1 0 0 0 0 0 0 0 0 1 1 0 -1 -1 0 -2
0 0 0 -1 -1 1 1 0 0 0 0 0 0 0 0 -1 -1 0 1 1 0 2
0 0 1 1 0 0 0 0 0 0 0 0 0 0 1 1 0 0 0 0 0 0
0 1 1 1 1 1 0 -1 0 1 -1 -1 0 0 0 0 -1 -1 0 -1 1 0
0 -1 0 0 -1 -1 0 1 0 -1 1 1 0 0 0 0 0 1 0 1 -1 0
0 0 -1 0 1 0 0 1 0 -1 0 0 0 0 0 1 1 -1 -1 -1 0 -1
0 -1 -1 -1 -1 0 0 0 0 0 1 0 0 0 0 -1 0 1 0 1 0 0
0 0 -1 0 1 0 0 0 0 0 0 0 0 0 0 1 1 -1 -1 -1 0 -1
-1 -1 -1 0 1 -1 0 1 1 -1 1 1 0 0 0 0 1 0 -1 -1 -1 -2
0 1 1 0 0 0 0 -1 -1 1 -1 -1 0 0 0 -1 -1 -1 1 0 0 1
0 -1 0 0 0 0 1 1 1 0 0 1 0 -1 0 0 0 0 0 0 0 0
1 0 1 1 -1 0 0 0 -1 1 0 -1 -1 0 0 0 0 0 1 1 0 1
0 0 0 -1 0 0 0 0 0 0 0 0 0 0 0 -1 -1 0 1 1 0 1
0 0 -1 0 1 0 0 0 0 0 0 0 0 0 0 1 1 0 -1 -1 0 -1
0 0 1 1 0 -1 -1 0 0 0 0 0 0 0 0 0 0 0 0 0 0 0
0 0 0 0 0 0 0 0 0 -1 0 0 0 0 0 1 0 0 0 0 0 0
0 0 0 -1 0 0 0 0 0 0 0 0 0 0 0 -1 -1 0 1 0 0 1
0 0 0 0 0 0 0 0 0 0 0 0 0 0 1 0 0 0 -1 0 0 0
0 0 0 0 0 -1 -1 1 0 -1 0 0 0 0 0 0 1 0 0 0 -1 0
0 0 0 1 0 0 0 0 0 0 0 0 0 0 0 1 1 0 0 0 0 0
57 10463
-1 0 -2 0 2 1 1 -1 0 0 1 0 0 0 1 0 1 0 -2 -1 0 -2
1 0 0 -1 -2 1 0 -1 -1 0 0 -1 0 0 0 1 -1 0 0 1 1 0
0 0 1 0 0 -3 -3 0 0 -1 0 0 0 0 -2 0 0 -1 2 -1 0 0
0 0 -1 0 0 2 2 0 0 1 0 0 0 0 1 0 1 1 -1 0 0 0
0 0 1 0 0 -1 -1 0 0 -1 0 0 0 0 0 0 -1 -1 1 0 0 1
0 0 0 0 0 -1 0 1 0 0 -1 0 0 0 0 0 1 1 1 0 0 0
0 0 0 0 0 0 -1 -1 0 -1 1 0 0 0 -1 0 -1 -1 0 0 0 0
1 0 1 -1 -2 0 -1 0 0 0 -1 -1 0 0 0 0 -1 1 1 1 1 1
0 -1 -1 0 0 1 1 0 0 0 1 0 0 0 0 0 0 0 -1 1 0 -1
0 0 1 0 -1 0 0 0 0 0 0 0 0 0 1 0 -1 0 0 1 0 1
1 0 2 0 -2 0 -1 -1 0 0 0 -1 0 0 0 0 -2 0 1 1 1 1
-1 0 -2 0 2 0 1 0 0 1 0 1 0 0 0 0 2 1 -1 -1 0 -2
0 1 1 0 -1 1 0 -1 0 0 0 -1 0 1 1 0 -1 0 0 0 0 1
-1 0 -1 0 2 0 0 0 1 0 0 1 1 0 0 0 1 0 -1 -1 0 -1
0 0 -1 0 1 1 1 0 0 1 0 0 0 0 1 0 1 1 -1 0 0 -1
0 0 1 0 -1 0 0 0 0 0 0 0 0 0 0 -1 -1 0 1 1 0 1
0 0 0 1 1 -1 -1 0 0 0 0 0 0 0 -1 1 1 -1 0 -1 0 -1
0 0 1 0 -1 0 0 0 0 0 0 0 0 0 0 -1 -1 0 1 0 0 1
0 0 0 0 0 1 1 0 0 0 0 0 0 0 1 0 0 1 0 1 0 0
0 0 0 0 0 0 0 0 0 0 0 0 0 0 0 1 0 -1 0 0 0 0
1 0 0 0 0 0 -1 0 0 0 0 0 0 0 -1 1 0 0 0 0 1 0
0 0 1 1 0 0 0 0 0 0 0 0 0 0 0 0 -1 -1 0 0 0 1
57 11409
0 1 -1 1 2 0 -1 0 0 -1 0 0 0 0 0 2 2 -1 -2 -2 0 -1
1 1 2 2 0 1 0 -1 0 2 -1 -1 0 0 0 1 0 0 1 0 1 1
0 0 -1 -2 -1 1 1 0 0 0 0 0 0 0 0 -1 -1 0 1 1 0 2
0 0 0 1 1 -1 -1 0 0 0 0 0 0 0 0 1 1 0 -1 -1 0 -2
0 0 -1 -1 0 0 0 0 0 0 0 0 0 0 -1 -1 0 0 0 0 0 0
0 -1 -1 -1 -1 -1 0 1 0 -1 1 1 0 0 0 0 1 1 0 1 -1 0
0 1 0 0 1 1 0 -1 0 1 -1 -1 0 0 0 0 0 -1 0 -1 1 0
0 0 1 0 -1 0 0 -1 0 1 0 0 0 0 0 -1 -1 1 1 1 0 1
0 1 1 1 1 0 0 0 0 0 -1 0 0 0 0 1 0 -1 0 -1 0 0
0 0 1 0 -1 0 0 0 0 0 0 0 0 0 0 -1 -1 1 1 1 0 1
1 1 1 0 -1 1 0 -1 -1 1 -1 -1 0 0 0 0 -1 0 1 1 1 2
0 -1 -1 0 0 0 0 1 1 -1 1 1 0 0 0 1 1 1 -1 0 0 -1
0 1 0 0 0 0 -1 -1 -1 0 0 -1 0 1 0 0 0 0 0 0 0 0
-1 0 -1 -1 1 0 0 0 1 -1 0 1 1 0 0 0 0 0 -1 -1 0 -1
0 0 0 1 0 0 0 0 0 0 0 0 0 0 0 1 1 0 -1 -1 0 -1
0 0 1 0 -1 0 0 0 0 0 0 0 0 0 0 -1 -1 0 1 1 0 1
0 0 -1 -1 0 1 1 0 0 0 0 0 0 0 0 0 0 0 0 0 0 0
0 0 0 0 0 0 0 0 0 1 0 0 0 0 0 -1 0 0 0 0 0 0
0 0 0 1 0 0 0 0 0 0 0 0 0 0 0 1 1 0 -1 0 0 -1
0 0 0 0 0 0 0 0 0 0 0 0 0 0 -1 0 0 0 1 0 0 0
0 0 0 0 0 1 1 -1 0 1 0 0 0 0 0 0 -1 0 0 0 1 0
0 0 0 -1 0 0 0 0 0 0 0 0 0 0 0 -1 -1 0 0 0 0 0
58 0
1 0 0 0 0 0 0 0 0 0 0 0 0 0 0 0 0 0 0 0 0 0
0 1 0 0 0 0 0 0 0 0 0 0 0 0 0 0 0 0 0 0 0 0
0 0 1 0 0 0 0 0 0 0 0 0 0 0 0 0 0 0 0 0 0 0
0 0 0 1 0 0 0 0 0 0 0 0 0 0 0 0 0 0 0 0 0 0
0 0 0 0 1 0 0 0 0 0 0 0 0 0 0 0 0 0 0 0 0 0
0 0 0 0 0 1 0 0 0 0 0 0 0 0 0 0 0 0 0 0 0 0
0 0 0 0 0 0 1 0 0 0 0 0 0 0 0 0 0 0 0 0 0 0
0 0 0 0 0 0 0 1 0 0 0 0 0 0 0 0 0 0 0 0 0 0
0 0 0 0 0 0 0 0 1 0 0 0 0 0 0 0 0 0 0 0 0 0
0 0 0 0 0 0 0 0 0 1 0 0 0 0 0 0 0 0 0 0 0 0
0 0 0 0 0 0 0 0 0 0 1 0 0 0 0 0 0 0 0 0 0 0
0 0 0 0 0 0 0 0 0 0 0 1 0 0 0 0 0 0 0 0 0 0
0 0 0 0 0 0 0 0 0 0 0 0 1 0 0 0 0 0 0 0 0 0
0 0 0 0 0 0 0 0 0 0 0 0 0 1 0 0 0 0 0 0 0 0
0 0 0 0 0 0 0 0 0 0 0 0 0 0 1 0 0 0 0 0 0 0
0 0 0 0 0 0 0 0 0 0 0 0 0 0 0 1 0 0 0 0 0 0
0 0 0 0 0 0 0 0 0 0 0 0 0 0 0 0 1 0 0 0 0 0
0 0 0 0 0 0 0 0 0 0 0 0 0 0 0 0 0 1 0 0 0 0
0 0 0 0 0 0 0 0 0 0 0 0 0 0 0 0 0 0 1 0 0 0
0 0 0 0 0 0 0 0 0 0 0 0 0 0 0 0 0 0 0 1 0 0
0 0 0 0 0 0 0 0 0 0 0 0 0 0 0 0 0 0 0 0 1 0
0 0 0 0 0 0 0 0 0 0 0 0 0 0 0 0 0 0 0 0 0 1
58 2589
-1 0 0 0 0 0 0 0 0 0 0 0 0 0 0 0 0 0 0 0 0 0
0 -1 0 0 0 0 0 0 0 0 0 0 0 0 0 0 0 0 0 0 0 0
0 0 -1 0 0 0 0 0 0 0 0 0 0 0 0 0 0 0 0 0 0 0
0 0 0 -1 0 0 0 0 0 0 0 0 0 0 0 0 0 0 0 0 0 0
0 0 0 0 -1 0 0 0 0 0 0 0 0 0 0 0 0 0 0 0 0 0
0 0 0 0 0 -1 0 0 0 0 0 0 0 0 0 0 0 0 0 0 0 0
0 0 0 0 0 0 -1 0 0 0 0 0 0 0 0 0 0 0 0 0 0 0
0 0 0 0 0 0 0 -1 0 0 0 0 0 0 0 0 0 0 0 0 0 0
0 0 0 0 0 0 0 0 -1 0 0 0 0 0 0 0 0 0 0 0 0 0
0 0 0 0 0 0 0 0 0 -1 0 0 0 0 0 0 0 0 0 0 0 0
0 0 0 0 0 0 0 0 0 0 -1 0 0 0 0 0 0 0 0 0 0 0
0 0 0 0 0 0 0 0 0 0 0 -1 0 0 0 0 0 0 0 0 0 0
0 0 0 0 0 0 0 0 0 0 0 0 -1 0 0 0 0 0 0 0 0 0
0 0 0 0 0 0 0 0 0 0 0 0 0 -1 0 0 0 0 0 0 0 0
0 0 0 0 0 0 0 0 0 0 0 0 0 0 -1 0 0 0 0 0 0 0
0 0 0 0 0 0 0 0 0 0 0 0 0 0 0 -1 0 0 0 0 0 0
0 0 0 0 0 0 0 0 0 0 0 0 0 0 0 0 -1 0 0 0 0 0
0 0 0 0 0 0 0 0 0 0 0 0 0 0 0 0 0 -1 0 0 0 0
0 0 0 0 0 0 0 0 0 0 0 0 0 0 0 0 0 0 -1 0 0 0
0 0 0 0 0 0 0 0 0 0 0 0 0 0 0 0 0 0 0 -1 0 0
0 0 0 0 0 0 0 0 0 0 0 0 0 0 0 0 0 0 0 0 -1 0
0 0 0 0 0 0 0 0 0 0 0 0 0 0 0 0 0 0 0 0 0 -1
59 0
1 0 0 0 0 0 0 0 0 0 0 0 0 0 0 0 0 0 0 0 0 0
0 1 0 0 0 0 0 0 0 0 0 0 0 0 0 0 0 0 0 0 0 0
0 0 1 0 0 0 0 0 0 0 0 0 0 0 0 0 0 0 0 0 0 0
0 0 0 1 0 0 0 0 0 0 0 0 0 0 0 0 0 0 0 0 0 0
0 0 0 0 1 0 0 0 0 0 0 0 0 0 0 0 0 0 0 0 0 0
0 0 0 0 0 1 0 0 0 0 0 0 0 0 0 0 0 0 0 0 0 0
0 0 0 0 0 0 1 0 0 0 0 0 0 0 0 0 0 0 0 0 0 0
0 0 0 0 0 0 0 1 0 0 0 0 0 0 0 0 0 0 0 0 0 0
0 0 0 0 0 0 0 0 1 0 0 0 0 0 0 0 0 0 0 0 0 0
0 0 0 0 0 0 0 0 0 1 0 0 0 0 0 0 0 0 0 0 0 0
0 0 0 0 0 0 0 0 0 0 1 0 0 0 0 0 0 0 0 0 0 0
0 0 0 0 0 0 0 0 0 0 0 1 0 0 0 0 0 0 0 0 0 0
0 0 0 0 0 0 0 0 0 0 0 0 1 0 0 0 0 0 0 0 0 0
0 0 0 0 0 0 0 0 0 0 0 0 0 1 0 0 0 0 0 0 0 0
0 0 0 0 0 0 0 0 0 0 0 0 0 0 1 0 0 0 0 0 0 0
0 0 0 0 0 0 0 0 0 0 0 0 0 0 0 1 0 0 0 0 0 0
0 0 0 0 0 0 0 0 0 0 0 0 0 0 0 0 1 0 0 0 0 0
0 0 0 0 0 0 0 0 0 0 0 0 0 0 0 0 0 1 0 0 0 0
0 0 0 0 0 0 0 0 0 0 0 0 0 0 0 0 0 0 1 0 0 0
0 0 0 0 0 0 0 0 0 0 0 0 0 0 0 0 0 0 0 1 0 0
0 0 0 0 0 0 0 0 0 0 0 0 0 0 0 0 0 0 0 0 1 0
0 0 0 0 0 0 0 0 0 0 0 0 0 0 0 0 0 0 0 0 0 1
59 2589
-1 0 0 0 0 0 0 0 0 0 0 0 0 0 0 0 0 0 0 0 0 0
0 -1 0 0 0 0 0 0 0 0 0 0 0 0 0 0 0 0 0 0 0 0
0 0 -1 0 0 0 0 0 0 0 0 0 0 0 0 0 0 0 0 0 0 0
0 0 0 -1 0 0 0 0 0 0 0 0 0 0 0 0 0 0 0 0 0 0
0 0 0 0 -1 0 0 0 0 0 0 0 0 0 0 0 0 0 0 0 0 0
0 0 0 0 0 -1 0 0 0 0 0 0 0 0 0 0 0 0 0 0 0 0
0 0 0 0 0 0 -1 0 0 0 0 0 0 0 0 0 0 0 0 0 0 0
0 0 0 0 0 0 0 -1 0 0 0 0 0 0 0 0 0 0 0 0 0 0
0 0 0 0 0 0 0 0 -1 0 0 0 0 0 0 0 0 0 0 0 0 0
0 0 0 0 0 0 0 0 0 -1 0 0 0 0 0 0 0 0 0 0 0 0
0 0 0 0 0 0 0 0 0 0 -1 0 0 0 0 0 0 0 0 0 0 0
0 0 0 0 0 0 0 0 0 0 0 -1 0 0 0 0 0 0 0 0 0 0
0 0 0 0 0 0 0 0 0 0 0 0 -1 0 0 0 0 0 0 0 0 0
0 0 0 0 0 0 0 0 0 0 0 0 0 -1 0 0 0 0 0 0 0 0
0 0 0 0 0 0 0 0 0 0 0 0 0 0 -1 0 0 0 0 0 0 0
0 0 0 0 0 0 0 0 0 0 0 0 0 0 0 -1 0 0 0 0 0 0
0 0 0 0 0 0 0 0 0 0 0 0 0 0 0 0 -1 0 0 0 0 0
0 0 0 0 0 0 0 0 0 0 0 0 0 0 0 0 0 -1 0 0 0 0
0 0 0 0 0 0 0 0 0 0 0 0 0 0 0 0 0 0 -1 0 0 0
0 0 0 0 0 0 0 0 0 0 0 0 0 0 0 0 0 0 0 -1 0 0
0 0 0 0 0 0 0 0 0 0 0 0 0 0 0 0 0 0 0 0 -1 0
0 0 0 0 0 0 0 0 0 0 0 0 0 0 0 0 0 0 0 0 0 -1
59 5168
0 -1 -1 0 0 1 1 0 0 1 -1 -1 -1 -1 0 0 0 1 -1 0 2 -2
0 2 -1 0 1 0 -1 -2 -2 0 1 -1 -1 1 0 0 0 -1 -1 -1 -1 0
0 1 1 -1 0 -2 -1 -1 -1 -2 0 2 1 -1 -1 0 -1 -1 2 0 -1 3
0 -1 0 1 0 1 1 1 1 2 -1 -1 0 0 1 0 1 1 -1 0 1 -2
1 0 1 1 0 0 0 0 0 0 0 0 0 -1 0 1 0 -1 0 0 0 1
0 -2 0 -1 -1 0 0 1 2 0 0 1 1 -1 0 -1 0 2 1 2 1 0
1 1 0 1 1 0 0 -1 -2 0 0 -1 -1 0 0 2 0 -2 -1 -1 0 0
0 1 0 0 0 0 -1 -1 0 0 1 0 0 1 0 0 0 0 0 0 -1 1
0 0 -1 0 1 0 0 0 -1 0 0 -1 -1 0 0 0 0 -1 -1 -1 0 -1
0 1 0 0 0 0 -1 0 0 -1 1 0 0 1 0 0 0 0 0 0 -1 1
0 2 0 0 1 0 -1 -2 -1 0 1 0 0 1 0 1 0 -1 0 -1 -1 1
-1 -2 -1 -1 -1 0 1 1 1 0 0 1 0 -1 0 -2 0 2 0 1 1 -1
0 1 1 1 0 1 0 -1 0 1 0 -1 0 1 1 1 0 0 0 0 0 0
0 -1 0 0 -1 0 1 1 0 0 -1 0 0 -1 0 0 0 0 0 0 1 0
-1 -1 -1 0 0 1 1 0 1 1 0 0 0 0 0 -1 0 1 -1 0 1 -2
0 0 0 0 0 0 0 0 0 0 1 0 0 1 0 0 0 0 0 0 -1 0
0 0 0 0 0 -1 0 0 -1 -1 0 1 0 -1 -1 0 0 -1 1 0 0 1
1 0 1 1 0 0 0 0 0 1 0 0 0 0 0 1 0 0 0 0 0 0
0 -1 -1 0 0 1 0 0 1 1 0 -1 0 0 0 0 1 1 -1 0 1 -2
0 1 0 0 0 0 0 0 -1 -1 0 0 0 0 0 0 0 -1 0 0 -1 1
0 1 0 0 0 0 0 -1 -1 0 0 0 0 0 0 0 0 -1 0 -1 0 1
1 0 1 1 0 0 0 1 0 0 0 0 0 0 0 1 0 -1 0 0 0 1
59 8175
0 1 1 0 0 -1 -1 0 0 -1 1 1 1 1 0 0 0 -1 1 0 -2 2
0 -2 1 0 -1 0 1 2 2 0 -1 1 1 -1 0 0 0 1 1 1 1 0
0 -1 -1 1 0 2 1 1 1 2 0 -2 -1 1 1 0 1 1 -2 0 1 -3
0 1 0 -1 0 -1 -1 -1 -1 -2 1 1 0 0 -1 0 -1 -1 1 0 -1 2
-1 0 -1 -1 0 0 0 0 0 0 0 0 0 1 0 -1 0 1 0 0 0 -1
0 2 0 1 1 0 0 -1 -2 0 0 -1 -1 1 0 1 0 -2 -1 -2 -1 0
-1 -1 0 -1 -1 0 0 1 2 0 0 1 1 0 0 -2 0 2 1 1 0 0
0 -1 0 0 0 0 1 1 0 0 -1 0 0 -1 0 0 0 0 0 0 1 -1
0 0 1 0 -1 0 0 0 1 0 0 1 1 0 0 0 0 1 1 1 0 1
0 -1 0 0 0 0 1 0 0 1 -1 0 0 -1 0 0 0 0 0 0 1 -1
0 -2 0 0 -1 0 1 2 1 0 -1 0 0 -1 0 -1 0 1 0 1 1 -1
1 2 1 1 1 0 -1 -1 -1 0 0 -1 0 1 0 2 0 -2 0 -1 -1 1
0 -1 -1 -1 0 -1 0 1 0 -1 0 1 0 -1 -1 -1 0 0 0 0 0 0
0 1 0 0 1 0 -1 -1 0 0 1 0 0 1 0 0 0 0 0 0 -1 0
1 1 1 0 0 -1 -1 0 -1 -1 0 0 0 0 0 1 0 -1 1 0 -1 2
0 0 0 0 0 0 0 0 0 0 -1 0 0 -1 0 0 0 0 0 0 1 0
0 0 0 0 0 1 0 0 1 1 0 -1 0 1 1 0 0 1 -1 0 0 -1
-1 0 -1 -1 0 0 0 0 0 -1 0 0 0 0 0 -1 0 0 0 0 0 0
0 1 1 0 0 -1 0 0 -1 -1 0 1 0 0 0 0 -1 -1 1 0 -1 2
0 -1 0 0 0 0 0 0 1 1 0 0 0 0 0 0 0 1 0 0 1 -1
0 -1 0 0 0 0 0 1 1 0 0 0 0 0 0 0 0 1 0 1 0 -1
-1 0 -1 -1 0 0 0 -1 0 0 0 0 0 0 0 -1 0 1 0 0 0 -1
60 0
1 0 0 0 0 0 0 0 0 0 0 0 0 0 0 0 0 0 0 0 0 0
0 1 0 0 0 0 0 0 0 0 0 0 0 0 0 0 0 0 0 0 0 0
0 0 1 0 0 0 0 0 0 0 0 0 0 0 0 0 0 0 0 0 0 0
0 0 0 1 0 0 0 0 0 0 0 0 0 0 0 0 0 0 0 0 0 0
0 0 0 0 1 0 0 0 0 0 0 0 0 0 0 0 0 0 0 0 0 0
0 0 0 0 0 1 0 0 0 0 0 0 0 0 0 0 0 0 0 0 0 0
0 0 0 0 0 0 1 0 0 0 0 0 0 0 0 0 0 0 0 0 0 0
0 0 0 0 0 0 0 1 0 0 0 0 0 0 0 0 0 0 0 0 0 0
0 0 0 0 0 0 0 0 1 0 0 0 0 0 0 0 0 0 0 0 0 0
0 0 0 0 0 0 0 0 0 1 0 0 0 0 0 0 0 0 0 0 0 0
0 0 0 0 0 0 0 0 0 0 1 0 0 0 0 0 0 0 0 0 0 0
0 0 0 0 0 0 0 0 0 0 0 1 0 0 0 0 0 0 0 0 0 0
0 0 0 0 0 0 0 0 0 0 0 0 1 0 0 0 0 0 0 0 0 0
0 0 0 0 0 0 0 0 0 0 0 0 0 1 0 0 0 0 0 0 0 0
0 0 0 0 0 0 0 0 0 0 0 0 0 0 1 0 0 0 0 0 0 0
0 0 0 0 0 0 0 0 0 0 0 0 0 0 0 1 0 0 0 0 0 0
0 0 0 0 0 0 0 0 0 0 0 0 0 0 0 0 1 0 0 0 0 0
0 0 0 0 0 0 0 0 0 0 0 0 0 0 0 0 0 1 0 0 0 0
0 0 0 0 0 0 0 0 0 0 0 0 0 0 0 0 0 0 1 0 0 0
0 0 0 0 0 0 0 0 0 0 0 0 0 0 0 0 0 0 0 1 0 0
0 0 0 0 0 0 0 0 0 0 0 0 0 0 0 0 0 0 0 0 1 0
0 0 0 0 0 0 0 0 0 0 0 0 0 0 0 0 0 0 0 0 0 1
60 2589
-1 0 0 0 0 0 0 0 0 0 0 0 0 0 0 0 0 0 0 0 0 0
0 -1 0 0 0 0 0 0 0 0 0 0 0 0 0 0 0 0 0 0 0 0
0 0 -1 0 0 0 0 0 0 0 0 0 0 0 0 0 0 0 0 0 0 0
0 0 0 -1 0 0 0 0 0 0 0 0 0 0 0 0 0 0 0 0 0 0
0 0 0 0 -1 0 0 0 0 0 0 0 0 0 0 0 0 0 0 0 0 0
0 0 0 0 0 -1 0 0 0 0 0 0 0 0 0 0 0 0 0 0 0 0
0 0 0 0 0 0 -1 0 0 0 0 0 0 0 0 0 0 0 0 0 0 0
0 0 0 0 0 0 0 -1 0 0 0 0 0 0 0 0 0 0 0 0 0 0
0 0 0 0 0 0 0 0 -1 0 0 0 0 0 0 0 0 0 0 0 0 0
0 0 0 0 0 0 0 0 0 -1 0 0 0 0 0 0 0 0 0 0 0 0
0 0 0 0 0 0 0 0 0 0 -1 0 0 0 0 0 0 0 0 0 0 0
0 0 0 0 0 0 0 0 0 0 0 -1 0 0 0 0 0 0 0 0 0 0
0 0 0 0 0 0 0 0 0 0 0 0 -1 0 0 0 0 0 0 0 0 0
0 0 0 0 0 0 0 0 0 0 0 0 0 -1 0 0 0 0 0 0 0 0
0 0 0 0 0 0 0 0 0 0 0 0 0 0 -1 0 0 0 0 0 0 0
0 0 0 0 0 0 0 0 0 0 0 0 0 0 0 -1 0 0 0 0 0 0
0 0 0 0 0 0 0 0 0 0 0 0 0 0 0 0 -1 0 0 0 0 0
0 0 0 0 0 0 0 0 0 0 0 0 0 0 0 0 0 -1 0 0 0 0
0 0 0 0 0 0 0 0 0 0 0 0 0 0 0 0 0 0 -1 0 0 0
0 0 0 0 0 0 0 0 0 0 0 0 0 0 0 0 0 0 0 -1 0 0
0 0 0 0 0 0 0 0 0 0 0 0 0 0 0 0 0 0 0 0 -1 0
0 0 0 0 0 0 0 0 0 0 0 0 0 0 0 0 0 0 0 0 0 -1
61 0
1 0 0 0 0 0 0 0 0 0 0 0 0 0 0 0 0 0 0 0 0 0
0 1 0 0 0 0 0 0 0 0 0 0 0 0 0 0 0 0 0 0 0 0
0 0 1 0 0 0 0 0 0 0 0 0 0 0 0 0 0 0 0 0 0 0
0 0 0 1 0 0 0 0 0 0 0 0 0 0 0 0 0 0 0 0 0 0
0 0 0 0 1 0 0 0 0 0 0 0 0 0 0 0 0 0 0 0 0 0
0 0 0 0 0 1 0 0 0 0 0 0 0 0 0 0 0 0 0 0 0 0
0 0 0 0 0 0 1 0 0 0 0 0 0 0 0 0 0 0 0 0 0 0
0 0 0 0 0 0 0 1 0 0 0 0 0 0 0 0 0 0 0 0 0 0
0 0 0 0 0 0 0 0 1 0 0 0 0 0 0 0 0 0 0 0 0 0
0 0 0 0 0 0 0 0 0 1 0 0 0 0 0 0 0 0 0 0 0 0
0 0 0 0 0 0 0 0 0 0 1 0 0 0 0 0 0 0 0 0 0 0
0 0 0 0 0 0 0 0 0 0 0 1 0 0 0 0 0 0 0 0 0 0
0 0 0 0 0 0 0 0 0 0 0 0 1 0 0 0 0 0 0 0 0 0
0 0 0 0 0 0 0 0 0 0 0 0 0 1 0 0 0 0 0 0 0 0
0 0 0 0 0 0 0 0 0 0 0 0 0 0 1 0 0 0 0 0 0 0
0 0 0 0 0 0 0 0 0 0 0 0 0 0 0 1 0 0 0 0 0 0
0 0 0 0 0 0 0 0 0 0 0 0 0 0 0 0 1 0 0 0 0 0
0 0 0 0 0 0 0 0 0 0 0 0 0 0 0 0 0 1 0 0 0 0
0 0 0 0 0 0 0 0 0 0 0 0 0 0 0 0 0 0 1 0 0 0
0 0 0 0 0 0 0 0 0 0 0 0 0 0 0 0 0 0 0 1 0 0
0 0 0 0 0 0 0 0 0 0 0 0 0 0 0 0 0 0 0 0 1 0
0 0 0 0 0 0 0 0 0 0 0 0 0 0 0 0 0 0 0 0 0 1
61 2589
-1 0 0 0 0 0 0 0 0 0 0 0 0 0 0 0 0 0 0 0 0 0
0 -1 0 0 0 0 0 0 0 0 0 0 0 0 0 0 0 0 0 0 0 0
0 0 -1 0 0 0 0 0 0 0 0 0 0 0 0 0 0 0 0 0 0 0
0 0 0 -1 0 0 0 0 0 0 0 0 0 0 0 0 0 0 0 0 0 0
0 0 0 0 -1 0 0 0 0 0 0 0 0 0 0 0 0 0 0 0 0 0
0 0 0 0 0 -1 0 0 0 0 0 0 0 0 0 0 0 0 0 0 0 0
0 0 0 0 0 0 -1 0 0 0 0 0 0 0 0 0 0 0 0 0 0 0
0 0 0 0 0 0 0 -1 0 0 0 0 0 0 0 0 0 0 0 0 0 0
0 0 0 0 0 0 0 0 -1 0 0 0 0 0 0 0 0 0 0 0 0 0
0 0 0 0 0 0 0 0 0 -1 0 0 0 0 0 0 0 0 0 0 0 0
0 0 0 0 0 0 0 0 0 0 -1 0 0 0 0 0 0 0 0 0 0 0
0 0 0 0 0 0 0 0 0 0 0 -1 0 0 0 0 0 0 0 0 0 0
0 0 0 0 0 0 0 0 0 0 0 0 -1 0 0 0 0 0 0 0 0 0
0 0 0 0 0 0 0 0 0 0 0 0 0 -1 0 0 0 0 0 0 0 0
0 0 0 0 0 0 0 0 0 0 0 0 0 0 -1 0 0 0 0 0 0 0
0 0 0 0 0 0 0 0 0 0 0 0 0 0 0 -1 0 0 0 0 0 0
0 0 0 0 0 0 0 0 0 0 0 0 0 0 0 0 -1 0 0 0 0 0
0 0 0 0 0 0 0 0 0 0 0 0 0 0 0 0 0 -1 0 0 0 0
0 0 0 0 0 0 0 0 0 0 0 0 0 0 0 0 0 0 -1 0 0 0
0 0 0 0 0 0 0 0 0 0 0 0 0 0 0 0 0 0 0 -1 0 0
0 0 0 0 0 0 0 0 0 0 0 0 0 0 0 0 0 0 0 0 -1 0
0 0 0 0 0 0 0 0 0 0 0 0 0 0 0 0 0 0 0 0 0 -1
62 0
1 0 0 0 0 0 0 0 0 0 0 0 0 0 0 0 0 0 0 0 0 0
0 1 0 0 0 0 0 0 0 0 0 0 0 0 0 0 0 0 0 0 0 0
0 0 1 0 0 0 0 0 0 0 0 0 0 0 0 0 0 0 0 0 0 0
0 0 0 1 0 0 0 0 0 0 0 0 0 0 0 0 0 0 0 0 0 0
0 0 0 0 1 0 0 0 0 0 0 0 0 0 0 0 0 0 0 0 0 0
0 0 0 0 0 1 0 0 0 0 0 0 0 0 0 0 0 0 0 0 0 0
0 0 0 0 0 0 1 0 0 0 0 0 0 0 0 0 0 0 0 0 0 0
0 0 0 0 0 0 0 1 0 0 0 0 0 0 0 0 0 0 0 0 0 0
0 0 0 0 0 0 0 0 1 0 0 0 0 0 0 0 0 0 0 0 0 0
0 0 0 0 0 0 0 0 0 1 0 0 0 0 0 0 0 0 0 0 0 0
0 0 0 0 0 0 0 0 0 0 1 0 0 0 0 0 0 0 0 0 0 0
0 0 0 0 0 0 0 0 0 0 0 1 0 0 0 0 0 0 0 0 0 0
0 0 0 0 0 0 0 0 0 0 0 0 1 0 0 0 0 0 0 0 0 0
0 0 0 0 0 0 0 0 0 0 0 0 0 1 0 0 0 0 0 0 0 0
0 0 0 0 0 0 0 0 0 0 0 0 0 0 1 0 0 0 0 0 0 0
0 0 0 0 0 0 0 0 0 0 0 0 0 0 0 1 0 0 0 0 0 0
0 0 0 0 0 0 0 0 0 0 0 0 0 0 0 0 1 0 0 0 0 0
0 0 0 0 0 0 0 0 0 0 0 0 0 0 0 0 0 1 0 0 0 0
0 0 0 0 0 0 0 0 0 0 0 0 0 0 0 0 0 0 1 0 0 0
0 0 0 0 0 0 0 0 0 0 0 0 0 0 0 0 0 0 0 1 0 0
0 0 0 0 0 0 0 0 0 0 0 0 0 0 0 0 0 0 0 0 1 0
0 0 0 0 0 0 0 0 0 0 0 0 0 0 0 0 0 0 0 0 0 1
62 2589
-1 0 0 0 0 0 0 0 0 0 0 0 0 0 0 0 0 0 0 0 0 0
0 -1 0 0 0 0 0 0 0 0 0 0 0 0 0 0 0 0 0 0 0 0
0 0 -1 0 0 0 0 0 0 0 0 0 0 0 0 0 0 0 0 0 0 0
0 0 0 -1 0 0 0 0 0 0 0 0 0 0 0 0 0 0 0 0 0 0
0 0 0 0 -1 0 0 0 0 0 0 0 0 0 0 0 0 0 0 0 0 0
0 0 0 0 0 -1 0 0 0 0 0 0 0 0 0 0 0 0 0 0 0 0
0 0 0 0 0 0 -1 0 0 0 0 0 0 0 0 0 0 0 0 0 0 0
0 0 0 0 0 0 0 -1 0 0 0 0 0 0 0 0 0 0 0 0 0 0
0 0 0 0 0 0 0 0 -1 0 0 0 0 0 0 0 0 0 0 0 0 0
0 0 0 0 0 0 0 0 0 -1 0 0 0 0 0 0 0 0 0 0 0 0
0 0 0 0 0 0 0 0 0 0 -1 0 0 0 0 0 0 0 0 0 0 0
0 0 0 0 0 0 0 0 0 0 0 -1 0 0 0 0 0 0 0 0 0 0
0 0 0 0 0 0 0 0 0 0 0 0 -1 0 0 0 0 0 0 0 0 0
0 0 0 0 0 0 0 0 0 0 0 0 0 -1 0 0 0 0 0 0 0 0
0 0 0 0 0 0 0 0 0 0 0 0 0 0 -1 0 0 0 0 0 0 0
0 0 0 0 0 0 0 0 0 0 0 0 0 0 0 -1 0 0 0 0 0 0
0 0 0 0 0 0 0 0 0 0 0 0 0 0 0 0 -1 0 0 0 0 0
0 0 0 0 0 0 0 0 0 0 0 0 0 0 0 0 0 -1 0 0 0 0
0 0 0 0 0 0 0 0 0 0 0 0 0 0 0 0 0 0 -1 0 0 0
0 0 0 0 0 0 0 0 0 0 0 0 0 0 0 0 0 0 0 -1 0 0
0 0 0 0 0 0 0 0 0 0 0 0 0 0 0 0 0 0 0 0 -1 0
0 0 0 0 0 0 0 0 0 0 0 0 0 0 0 0 0 0 0 0 0 -1
62 9737
-1 1 -1 -3 -1 0 -1 -1 1 -1 0 1 1 0 -1 -1 0 1 1 -1 0 1
-1 1 0 1 1 0 0 -1 -1 -1 1 0 0 2 0 1 -1 -2 -1 -1 -1 0
2 0 1 3 1 -1 -1 0 -2 2 0 -2 -2 0 0 1 1 -1 0 -1 0 0
-1 0 -1 -2 -1 1 1 0 1 -1 0 1 1 0 0 0 0 1 0 1 0 0
0 0 1 1 1 -1 -1 0 0 0 0 0 0 0 0 0 0 0 1 0 0 0
1 -1 0 -1 -1 0 0 1 1 1 -1 0 1 -1 1 0 1 2 0 1 1 0
-1 1 0 1 1 -1 -1 -1 -1 -1 1 0 -1 1 -1 0 0 -1 1 -1 -1 0
0 0 0 1 1 0 0 0 -1 0 0 -1 0 1 1 1 0 -1 -1 0 0 -1
-1 0 -1 -1 0 0 0 -1 0 -1 1 1 0 0 -1 -1 -1 0 0 0 0 0
0 0 1 1 1 0 0 0 0 0 0 0 0 0 1 0 -1 -1 -1 0 0 0
0 1 0 2 2 0 -1 -1 -1 0 1 -1 -1 2 0 1 0 -1 -1 -1 0 -1
0 0 0 -2 -2 1 1 0 1 1 -1 0 1 -1 1 -1 0 1 0 0 0 1
0 1 0 0 1 0 -1 0 0 -1 0 0 0 1 0 1 0 0 0 0 0 0
0 0 0 -1 -1 0 0 0 0 0 0 0 0 -1 0 -1 0 0 1 0 0 1
-1 0 -1 -2 -1 1 1 0 1 0 0 1 1 0 0 -1 0 1 0 0 0 0
0 0 0 1 1 0 0 0 0 0 0 0 0 0 0 0 0 0 -1 0 0 -1
1 0 1 1 -1 0 0 0 -1 1 0 -1 -1 0 0 0 0 0 1 0 0 1
0 0 0 1 1 0 0 0 0 0 0 0 0 0 0 1 1 0 0 0 0 -1
-1 0 -1 -2 0 0 0 0 1 -1 0 1 1 0 0 -1 0 1 0 0 0 0
0 0 1 1 0 0 0 0 0 0 0 0 0 0 0 0 -1 -1 0 0 0 1
0 0 0 1 0 0 0 0 -1 0 1 -1 -1 1 0 0 0 -1 0 0 -1 0
0 0 1 1 0 0 0 0 0 0 0 0 0 0 0 0 0 0 1 1 0 0
62 11221
1 -1 1 3 1 0 1 1 -1 1 0 -1 -1 0 1 1 0 -1 -1 1 0 -1
1 -1 0 -1 -1 0 0 1 1 1 -1 0 0 -2 0 -1 1 2 1 1 1 0
-2 0 -1 -3 -1 1 1 0 2 -2 0 2 2 0 0 -1 -1 1 0 1 0 0
1 0 1 2 1 -1 -1 0 -1 1 0 -1 -1 0 0 0 0 -1 0 -1 0 0
0 0 -1 -1 -1 1 1 0 0 0 0 0 0 0 0 0 0 0 -1 0 0 0
-1 1 0 1 1 0 0 -1 -1 -1 1 0 -1 1 -1 0 -1 -2 0 -1 -1 0
1 -1 0 -1 -1 1 1 1 1 1 -1 0 1 -1 1 0 0 1 -1 1 1 0
0 0 0 -1 -1 0 0 0 1 0 0 1 0 -1 -1 -1 0 1 1 0 0 1
1 0 1 1 0 0 0 1 0 1 -1 -1 0 0 1 1 1 0 0 0 0 0
0 0 -1 -1 -1 0 0 0 0 0 0 0 0 0 -1 0 1 1 1 0 0 0
0 -1 0 -2 -2 0 1 1 1 0 -1 1 1 -2 0 -1 0 1 1 1 0 1
0 0 0 2 2 -1 -1 0 -1 -1 1 0 -1 1 -1 1 0 -1 0 0 0 -1
0 -1 0 0 -1 0 1 0 0 1 0 0 0 -1 0 -1 0 0 0 0 0 0
0 0 0 1 1 0 0 0 0 0 0 0 0 1 0 1 0 0 -1 0 0 -1
1 0 1 2 1 -1 -1 0 -1 0 0 -1 -1 0 0 1 0 -1 0 0 0 0
0 0 0 -1 -1 0 0 0 0 0 0 0 0 0 0 0 0 0 1 0 0 1
-1 0 -1 -1 1 0 0 0 1 -1 0 1 1 0 0 0 0 0 -1 0 0 -1
0 0 0 -1 -1 0 0 0 0 0 0 0 0 0 0 -1 -1 0 0 0 0 1
1 0 1 2 0 0 0 0 -1 1 0 -1 -1 0 0 1 0 -1 0 0 0 0
0 0 -1 -1 0 0 0 0 0 0 0 0 0 0 0 0 1 1 0 0 0 -1
0 0 0 -1 0 0 0 0 1 0 -1 1 1 -1 0 0 0 1 0 0 1 0
0 0 -1 -1 0 0 0 0 0 0 0 0 0 0 0 0 0 0 -1 -1 0 0
63 0
1 0 0 0 0 0 0 0 0 0 0 0 0 0 0 0 0 0 0 0 0 0
0 1 0 0 0 0 0 0 0 0 0 0 0 0 0 0 0 0 0 0 0 0
0 0 1 0 0 0 0 0 0 0 0 0 0 0 0 0 0 0 0 0 0 0
0 0 0 1 0 0 0 0 0 0 0 0 0 0 0 0 0 0 0 0 0 0
0 0 0 0 1 0 0 0 0 0 0 0 0 0 0 0 0 0 0 0 0 0
0 0 0 0 0 1 0 0 0 0 0 0 0 0 0 0 0 0 0 0 0 0
0 0 0 0 0 0 1 0 0 0 0 0 0 0 0 0 0 0 0 0 0 0
0 0 0 0 0 0 0 1 0 0 0 0 0 0 0 0 0 0 0 0 0 0
0 0 0 0 0 0 0 0 1 0 0 0 0 0 0 0 0 0 0 0 0 0
0 0 0 0 0 0 0 0 0 1 0 0 0 0 0 0 0 0 0 0 0 0
0 0 0 0 0 0 0 0 0 0 1 0 0 0 0 0 0 0 0 0 0 0
0 0 0 0 0 0 0 0 0 0 0 1 0 0 0 0 0 0 0 0 0 0
0 0 0 0 0 0 0 0 0 0 0 0 1 0 0 0 0 0 0 0 0 0
0 0 0 0 0 0 0 0 0 0 0 0 0 1 0 0 0 0 0 0 0 0
0 0 0 0 0 0 0 0 0 0 0 0 0 0 1 0 0 0 0 0 0 0
0 0 0 0 0 0 0 0 0 0 0 0 0 0 0 1 0 0 0 0 0 0
0 0 0 0 0 0 0 0 0 0 0 0 0 0 0 0 1 0 0 0 0 0
0 0 0 0 0 0 0 0 0 0 0 0 0 0 0 0 0 1 0 0 0 0
0 0 0 0 0 0 0 0 0 0 0 0 0 0 0 0 0 0 1 0 0 0
0 0 0 0 0 0 0 0 0 0 0 0 0 0 0 0 0 0 0 1 0 0
0 0 0 0 0 0 0 0 0 0 0 0 0 0 0 0 0 0 0 0 1 0
0 0 0 0 0 0 0 0 0 0 0 0 0 0 0 0 0 0 0 0 0 1
63 180
1 0 2 0 -1 1 1 0 0 0 0 0 0 0 2 0 -2 0 0 1 0 3
0 -1 0 0 0 0 1 2 1 0 0 0 0 0 0 0 0 0 0 0 0 -1
-2 0 -1 0 1 -1 1 -1 -1 0 0 1 1 0 -1 -1 0 -1 0 -1 0 -3
1 0 1 0 -1 1 -1 0 1 0 0 -1 0 0 1 0 0 1 0 1 0 2
0 0 -1 0 0 -1 0 0 -1 0 0 0 0 0 -1 0 1 0 0 -1 0 -1
0 1 0 0 -1 1 0 -1 -1 0 0 0 0 0 0 0 0 0 0 0 0 1
0 0 0 0 1 -1 0 0 0 0 0 0 0 0 0 0 0 0 0 -1 0 -1
0 0 -1 0 0 0 0 1 0 0 0 0 0 0 -1 0 1 0 0 0 0 -1
0 0 1 0 0 0 0 0 1 0 0 0 0 0 1 0 -1 0 0 0 0 1
0 0 -1 0 0 0 0 1 0 0 0 0 0 1 -1 1 1 0 0 0 0 -1
0 0 -1 1 1 0 1 1 0 0 0 0 0 0 -1 1 1 -1 -1 -1 0 -2
0 0 1 -1 -1 1 0 -1 0 0 0 0 0 0 1 -1 -2 0 0 1 0 2
1 0 0 1 0 0 0 1 0 0 0 0 0 0 -1 1 1 0 0 0 0 0
0 0 1 0 0 0 0 -1 0 1 0 0 0 0 1 -1 -1 0 0 0 0 1
1 0 1 0 -1 1 0 0 0 0 0 -1 -1 0 1 0 -1 0 0 1 0 2
0 0 -1 0 0 0 0 0 0 0 0 0 0 0 -1 1 1 0 0 0 0 -1
-1 0 0 0 1 -1 0 -1 -1 0 0 0 0 0 0 -1 -1 -1 0 -1 0 -1
0 0 -1 0 0 0 0 0 0 0 0 0 0 0 -1 0 1 1 0 0 0 -1
1 1 1 0 -1 1 0 0 0 0 -1 -1 0 0 1 1 0 0 0 0 0 2
0 -1 0 0 0 -1 0 1 0 0 0 0 0 0 0 0 0 0 0 0 0 -1
-1 0 0 0 1 -1 0 0 0 0 0 0 0 0 0 -1 0 -1 0 -1 -1 -1
0 0 -1 0 1 -1 -1 0 0 0 0 0 0 0 -1 0 1 0 0 -1 0 -1
63 1509
-1 0 -2 0 1 -1 -1 0 0 0 0 0 0 0 -2 0 2 0 0 -1 0 -3
0 1 0 0 0 0 -1 -2 -1 0 0 0 0 0 0 0 0 0 0 0 0 1
2 0 1 0 -1 1 -1 1 1 0 0 -1 -1 0 1 1 0 1 0 1 0 3
-1 0 -1 0 1 -1 1 0 -1 0 0 1 0 0 -1 0 0 -1 0 -1 0 -2
0 0 1 0 0 1 0 0 1 0 0 0 0 0 1 0 -1 0 0 1 0 1
0 -1 0 0 1 -1 0 1 1 0 0 0 0 0 0 0 0 0 0 0 0 -1
0 0 0 0 -1 1 0 0 0 0 0 0 0 0 0 0 0 0 0 1 0 1
0 0 1 0 0 0 0 -1 0 0 0 0 0 0 1 0 -1 0 0 0 0 1
0 0 -1 0 0 0 0 0 -1 0 0 0 0 0 -1 0 1 0 0 0 0 -1
0 0 1 0 0 0 0 -1 0 0 0 0 0 -1 1 -1 -1 0 0 0 0 1
0 0 1 -1 -1 0 -1 -1 0 0 0 0 0 0 1 -1 -1 1 1 1 0 2
0 0 -1 1 1 -1 0 1 0 0 0 0 0 0 -1 1 2 0 0 -1 0 -2
-1 0 0 -1 0 0 0 -1 0 0 0 0 0 0 1 -1 -1 0 0 0 0 0
0 0 -1 0 0 0 0 1 0 -1 0 0 0 0 -1 1 1 0 0 0 0 -1
-1 0 -1 0 1 -1 0 0 0 0 0 1 1 0 -1 0 1 0 0 -1 0 -2
0 0 1 0 0 0 0 0 0 0 0 0 0 0 1 -1 -1 0 0 0 0 1
1 0 0 0 -1 1 0 1 1 0 0 0 0 0 0 1 1 1 0 1 0 1
0 0 1 0 0 0 0 0 0 0 0 0 0 0 1 0 -1 -1 0 0 0 1
-1 -1 -1 0 1 -1 0 0 0 0 1 1 0 0 -1 -1 0 0 0 0 0 -2
0 1 0 0 0 1 0 -1 0 0 0 0 0 0 0 0 0 0 0 0 0 1
1 0 0 0 -1 1 0 0 0 0 0 0 0 0 0 1 0 1 0 1 1 1
0 0 1 0 -1 1 1 0 0 0 0 0 0 0 1 0 -1 0 0 1 0 1
63 2589
-1 0 0 0 0 0 0 0 0 0 0 0 0 0 0 0 0 0 0 0 0 0
0 -1 0 0 0 0 0 0 0 0 0 0 0 0 0 0 0 0 0 0 0 0
0 0 -1 0 0 0 0 0 0 0 0 0 0 0 0 0 0 0 0 0 0 0
0 0 0 -1 0 0 0 0 0 0 0 0 0 0 0 0 0 0 0 0 0 0
0 0 0 0 -1 0 0 0 0 0 0 0 0 0 0 0 0 0 0 0 0 0
0 0 0 0 0 -1 0 0 0 0 0 0 0 0 0 0 0 0 0 0 0 0
0 0 0 0 0 0 -1 0 0 0 0 0 0 0 0 0 0 0 0 0 0 0
0 0 0 0 0 0 0 -1 0 0 0 0 0 0 0 0 0 0 0 0 0 0
0 0 0 0 0 0 0 0 -1 0 0 0 0 0 0 0 0 0 0 0 0 0
0 0 0 0 0 0 0 0 0 -1 0 0 0 0 0 0 0 0 0 0 0 0
0 0 0 0 0 0 0 0 0 0 -1 0 0 0 0 0 0 0 0 0 0 0
0 0 0 0 0 0 0 0 0 0 0 -1 0 0 0 0 0 0 0 0 0 0
0 0 0 0 0 0 0 0 0 0 0 0 -1 0 0 0 0 0 0 0 0 0
0 0 0 0 0 0 0 0 0 0 0 0 0 -1 0 0 0 0 0 0 0 0
0 0 0 0 0 0 0 0 0 0 0 0 0 0 -1 0 0 0 0 0 0 0
0 0 0 0 0 0 0 0 0 0 0 0 0 0 0 -1 0 0 0 0 0 0
0 0 0 0 0 0 0 0 0 0 0 0 0 0 0 0 -1 0 0 0 0 0
0 0 0 0 0 0 0 0 0 0 0 0 0 0 0 0 0 -1 0 0 0 0
0 0 0 0 0 0 0 0 0 0 0 0 0 0 0 0 0 0 -1 0 0 0
0 0 0 0 0 0 0 0 0 0 0 0 0 0 0 0 0 0 0 -1 0 0
0 0 0 0 0 0 0 0 0 0 0 0 0 0 0 0 0 0 0 0 -1 0
0 0 0 0 0 0 0 0 0 0 0 0 0 0 0 0 0 0 0 0 0 -1
63 3956
-1 1 -1 -1 0 0 0 -1 -2 -1 0 0 1 0 0 0 0 -1 0 -1 -1 0
-1 -1 1 1 0 0 0 -1 2 2 0 0 1 0 0 -1 0 0 0 0 0 -1
2 -1 1 2 0 0 0 2 1 1 0 0 -2 -1 0 1 0 0 0 1 1 2
-1 1 -1 -2 0 0 0 -1 -1 -1 0 0 1 1 0 0 0 0 0 -1 -1 -1
1 -1 0 0 -1 0 0 1 1 0 0 1 0 -1 -1 0 0 1 0 1 1 1
1 1 0 0 -1 1 1 0 -2 0 0 -1 -1 1 1 1 0 0 0 0 0 1
0 -1 0 0 0 0 -1 0 2 0 0 1 1 -1 -1 0 0 1 0 1 1 0
0 0 1 1 0 0 0 0 1 1 0 0 0 1 0 0 0 0 0 0 0 0
-1 0 0 0 0 0 0 -1 0 0 0 0 1 0 0 0 0 0 0 0 0 -1
0 0 1 1 0 0 0 0 1 1 0 0 0 0 0 -1 0 0 0 0 0 0
0 -1 1 2 0 0 0 0 2 1 1 1 0 0 -1 0 0 0 0 1 0 0
0 1 -1 -1 0 0 0 0 -3 -1 0 -2 -1 1 1 0 0 -1 0 -1 -1 0
0 0 0 0 0 0 0 0 1 0 0 1 1 0 -1 0 0 0 0 0 0 0
0 0 -1 -1 0 0 0 1 -1 -1 0 0 0 0 0 0 0 0 0 0 0 0
-1 1 -1 -1 0 0 0 -1 -2 -1 0 -1 0 1 0 0 0 -1 0 -1 -1 -1
0 0 1 1 0 0 0 0 1 0 0 0 0 0 0 0 0 0 0 0 0 0
1 -1 0 0 0 0 0 1 0 0 0 0 -1 -1 0 0 -1 0 0 1 1 1
0 0 0 0 0 0 0 0 1 0 0 1 0 0 -1 0 0 1 0 0 0 0
-1 1 0 -1 -1 0 0 -1 -1 -1 0 0 1 1 0 0 0 0 1 0 -1 0
0 -1 0 0 0 0 0 0 1 1 0 0 0 -1 0 -1 0 0 0 0 1 0
0 -1 0 0 0 0 0 1 1 0 0 0 0 0 0 0 0 0 0 1 0 0
1 -1 0 0 0 0 0 1 1 0 0 1 0 -1 -1 0 0 1 0 1 1 0
63 4606
-2 0 1 -1 0 -1 0 -1 1 0 0 0 1 1 2 -2 -2 0 0 0 -1 0
1 -1 -1 -1 0 0 1 1 -1 0 0 0 -1 -2 0 -1 0 0 0 0 0 0
1 0 1 2 0 1 2 0 -1 1 0 1 -1 -1 -1 1 0 0 0 0 1 0
-1 0 0 -1 0 -1 -2 0 1 -1 0 -1 1 1 1 -1 0 0 0 0 -1 0
1 0 0 1 -1 1 1 0 -1 1 0 -1 -1 0 0 1 1 0 0 0 1 0
-1 0 0 0 0 -1 -1 0 1 -1 0 1 1 0 -1 0 0 0 0 0 0 0
1 0 0 0 0 1 1 0 -1 1 0 -1 -1 0 1 0 0 0 0 0 1 0
1 0 -1 0 0 0 0 1 -1 -1 0 0 -1 -1 -1 1 1 0 0 0 0 0
0 0 0 -1 0 0 0 0 0 0 0 0 0 0 1 -1 -1 0 0 0 0 1
1 0 -1 0 0 0 0 0 -1 0 0 0 -1 -1 -1 1 1 0 0 0 0 0
1 0 -1 0 0 0 1 1 -2 0 0 0 -2 -1 -1 0 1 0 1 0 0 0
-2 0 1 -1 0 -1 -1 -1 2 -1 0 1 2 1 0 -1 -2 0 0 0 -1 0
0 0 -1 0 0 0 0 0 -1 0 0 -1 -1 0 0 0 1 0 0 0 0 -1
-1 0 1 0 0 0 0 -1 1 0 0 0 1 1 1 0 -1 0 0 0 0 0
-1 0 0 -1 0 -1 -1 0 1 -1 0 0 1 1 0 -1 -1 0 0 0 -1 0
1 0 -1 0 0 0 0 1 -1 0 0 0 -1 0 -1 1 1 0 0 0 0 0
0 0 1 1 0 1 1 -1 0 1 0 0 0 0 0 0 -1 0 0 0 1 0
1 0 0 1 0 0 0 1 -1 0 0 -1 -1 0 0 1 1 -1 0 0 0 0
-1 0 -1 -1 0 -1 -1 0 0 -1 1 0 0 1 0 -1 0 0 0 0 -1 0
1 -1 0 0 -1 1 1 0 0 1 0 0 0 -1 0 0 0 1 0 1 1 0
0 0 0 0 0 1 1 0 0 0 0 0 0 0 0 0 0 0 0 0 0 0
1 0 0 1 0 1 0 0 0 1 0 -1 -1 0 0 1 1 0 0 0 1 0
63 9466
2 0 -1 1 0 1 0 1 -1 0 0 0 -1 -1 -2 2 2 0 0 0 1 0
-1 1 1 1 0 0 -1 -1 1 0 0 0 1 2 0 1 0 0 0 0 0 0
-1 0 -1 -2 0 -1 -2 0 1 -1 0 -1 1 1 1 -1 0 0 0 0 -1 0
1 0 0 1 0 1 2 0 -1 1 0 1 -1 -1 -1 1 0 0 0 0 1 0
-1 0 0 -1 1 -1 -1 0 1 -1 0 1 1 0 0 -1 -1 0 0 0 -1 0
1 0 0 0 0 1 1 0 -1 1 0 -1 -1 0 1 0 0 0 0 0 0 0
-1 0 0 0 0 -1 -1 0 1 -1 0 1 1 0 -1 0 0 0 0 0 -1 0
-1 0 1 0 0 0 0 -1 1 1 0 0 1 1 1 -1 -1 0 0 0 0 0
0 0 0 1 0 0 0 0 0 0 0 0 0 0 -1 1 1 0 0 0 0 -1
-1 0 1 0 0 0 0 0 1 0 0 0 1 1 1 -1 -1 0 0 0 0 0
-1 0 1 0 0 0 -1 -1 2 0 0 0 2 1 1 0 -1 0 -1 0 0 0
2 0 -1 1 0 1 1 1 -2 1 0 -1 -2 -1 0 1 2 0 0 0 1 0
0 0 1 0 0 0 0 0 1 0 0 1 1 0 0 0 -1 0 0 0 0 1
1 0 -1 0 0 0 0 1 -1 0 0 0 -1 -1 -1 0 1 0 0 0 0 0
1 0 0 1 0 1 1 0 -1 1 0 0 -1 -1 0 1 1 0 0 0 1 0
-1 0 1 0 0 0 0 -1 1 0 0 0 1 0 1 -1 -1 0 0 0 0 0
0 0 -1 -1 0 -1 -1 1 0 -1 0 0 0 0 0 0 1 0 0 0 -1 0
-1 0 0 -1 0 0 0 -1 1 0 0 1 1 0 0 -1 -1 1 0 0 0 0
1 0 1 1 0 1 1 0 0 1 -1 0 0 -1 0 1 0 0 0 0 1 0
-1 1 0 0 1 -1 -1 0 0 -1 0 0 0 1 0 0 0 -1 0 -1 -1 0
0 0 0 0 0 -1 -1 0 0 0 0 0 0 0 0 0 0 0 0 0 0 0
-1 0 0 -1 0 -1 0 0 0 -1 0 1 1 0 0 -1 -1 0 0 0 -1 0
63 11455
1 -1 1 1 0 0 0 1 2 1 0 0 -1 0 0 0 0 1 0 1 1 0
1 1 -1 -1 0 0 0 1 -2 -2 0 0 -1 0 0 1 0 0 0 0 0 1
-2 1 -1 -2 0 0 0 -2 -1 -1 0 0 2 1 0 -1 0 0 0 -1 -1 -2
1 -1 1 2 0 0 0 1 1 1 0 0 -1 -1 0 0 0 0 0 1 1 1
-1 1 0 0 1 0 0 -1 -1 0 0 -1 0 1 1 0 0 -1 0 -1 -1 -1
-1 -1 0 0 1 -1 -1 0 2 0 0 1 1 -1 -1 -1 0 0 0 0 0 -1
0 1 0 0 0 0 1 0 -2 0 0 -1 -1 1 1 0 0 -1 0 -1 -1 0
0 0 -1 -1 0 0 0 0 -1 -1 0 0 0 -1 0 0 0 0 0 0 0 0
1 0 0 0 0 0 0 1 0 0 0 0 -1 0 0 0 0 0 0 0 0 1
0 0 -1 -1 0 0 0 0 -1 -1 0 0 0 0 0 1 0 0 0 0 0 0
0 1 -1 -2 0 0 0 0 -2 -1 -1 -1 0 0 1 0 0 0 0 -1 0 0
0 -1 1 1 0 0 0 0 3 1 0 2 1 -1 -1 0 0 1 0 1 1 0
0 0 0 0 0 0 0 0 -1 0 0 -1 -1 0 1 0 0 0 0 0 0 0
0 0 1 1 0 0 0 -1 1 1 0 0 0 0 0 0 0 0 0 0 0 0
1 -1 1 1 0 0 0 1 2 1 0 1 0 -1 0 0 0 1 0 1 1 1
0 0 -1 -1 0 0 0 0 -1 0 0 0 0 0 0 0 0 0 0 0 0 0
-1 1 0 0 0 0 0 -1 0 0 0 0 1 1 0 0 1 0 0 -1 -1 -1
0 0 0 0 0 0 0 0 -1 0 0 -1 0 0 1 0 0 -1 0 0 0 0
1 -1 0 1 1 0 0 1 1 1 0 0 -1 -1 0 0 0 0 -1 0 1 0
0 1 0 0 0 0 0 0 -1 -1 0 0 0 1 0 1 0 0 0 0 -1 0
0 1 0 0 0 0 0 -1 -1 0 0 0 0 0 0 0 0 0 0 -1 0 0
-1 1 0 0 0 0 0 -1 -1 0 0 -1 0 1 1 0 0 -1 0 -1 -1 0
64 0
1 0 0 0 0 0 0 0 0 0 0 0 0 0 0 0 0 0 0 0 0 0
0 1 0 0 0 0 0 0 0 0 0 0 0 0 0 0 0 0 0 0 0 0
0 0 1 0 0 0 0 0 0 0 0 0 0 0 0 0 0 0 0 0 0 0
0 0 0 1 0 0 0 0 0 0 0 0 0 0 0 0 0 0 0 0 0 0
0 0 0 0 1 0 0 0 0 0 0 0 0 0 0 0 0 0 0 0 0 0
0 0 0 0 0 1 0 0 0 0 0 0 0 0 0 0 0 0 0 0 0 0
0 0 0 0 0 0 1 0 0 0 0 0 0 0 0 0 0 0 0 0 0 0
0 0 0 0 0 0 0 1 0 0 0 0 0 0 0 0 0 0 0 0 0 0
0 0 0 0 0 0 0 0 1 0 0 0 0 0 0 0 0 0 0 0 0 0
0 0 0 0 0 0 0 0 0 1 0 0 0 0 0 0 0 0 0 0 0 0
0 0 0 0 0 0 0 0 0 0 1 0 0 0 0 0 0 0 0 0 0 0
0 0 0 0 0 0 0 0 0 0 0 1 0 0 0 0 0 0 0 0 0 0
0 0 0 0 0 0 0 0 0 0 0 0 1 0 0 0 0 0 0 0 0 0
0 0 0 0 0 0 0 0 0 0 0 0 0 1 0 0 0 0 0 0 0 0
0 0 0 0 0 0 0 0 0 0 0 0 0 0 1 0 0 0 0 0 0 0
0 0 0 0 0 0 0 0 0 0 0 0 0 0 0 1 0 0 0 0 0 0
0 0 0 0 0 0 0 0 0 0 0 0 0 0 0 0 1 0 0 0 0 0
0 0 0 0 0 0 0 0 0 0 0 0 0 0 0 0 0 1 0 0 0 0
0 0 0 0 0 0 0 0 0 0 0 0 0 0 0 0 0 0 1 0 0 0
0 0 0 0 0 0 0 0 0 0 0 0 0 0 0 0 0 0 0 1 0 0
0 0 0 0 0 0 0 0 0 0 0 0 0 0 0 0 0 0 0 0 1 0
0 0 0 0 0 0 0 0 0 0 0 0 0 0 0 0 0 0 0 0 0 1
64 2589
-1 0 0 0 0 0 0 0 0 0 0 0 0 0 0 0 0 0 0 0 0 0
0 -1 0 0 0 0 0 0 0 0 0 0 0 0 0 0 0 0 0 0 0 0
0 0 -1 0 0 0 0 0 0 0 0 0 0 0 0 0 0 0 0 0 0 0
0 0 0 -1 0 0 0 0 0 0 0 0 0 0 0 0 0 0 0 0 0 0
0 0 0 0 -1 0 0 0 0 0 0 0 0 0 0 0 0 0 0 0 0 0
0 0 0 0 0 -1 0 0 0 0 0 0 0 0 0 0 0 0 0 0 0 0
0 0 0 0 0 0 -1 0 0 0 0 0 0 0 0 0 0 0 0 0 0 0
0 0 0 0 0 0 0 -1 0 0 0 0 0 0 0 0 0 0 0 0 0 0
0 0 0 0 0 0 0 0 -1 0 0 0 0 0 0 0 0 0 0 0 0 0
0 0 0 0 0 0 0 0 0 -1 0 0 0 0 0 0 0 0 0 0 0 0
0 0 0 0 0 0 0 0 0 0 -1 0 0 0 0 0 0 0 0 0 0 0
0 0 0 0 0 0 0 0 0 0 0 -1 0 0 0 0 0 0 0 0 0 0
0 0 0 0 0 0 0 0 0 0 0 0 -1 0 0 0 0 0 0 0 0 0
0 0 0 0 0 0 0 0 0 0 0 0 0 -1 0 0 0 0 0 0 0 0
0 0 0 0 0 0 0 0 0 0 0 0 0 0 -1 0 0 0 0 0 0 0
0 0 0 0 0 0 0 0 0 0 0 0 0 0 0 -1 0 0 0 0 0 0
0 0 0 0 0 0 0 0 0 0 0 0 0 0 0 0 -1 0 0 0 0 0
0 0 0 0 0 0 0 0 0 0 0 0 0 0 0 0 0 -1 0 0 0 0
0 0 0 0 0 0 0 0 0 0 0 0 0 0 0 0 0 0 -1 0 0 0
0 0 0 0 0 0 0 0 0 0 0 0 0 0 0 0 0 0 0 -1 0 0
0 0 0 0 0 0 0 0 0 0 0 0 0 0 0 0 0 0 0 0 -1 0
0 0 0 0 0 0 0 0 0 0 0 0 0 0 0 0 0 0 0 0 0 -1
65 0
1 0 0 0 0 0 0 0 0 0 0 0 0 0 0 0 0 0 0 0 0 0
0 1 0 0 0 0 0 0 0 0 0 0 0 0 0 0 0 0 0 0 0 0
0 0 1 0 0 0 0 0 0 0 0 0 0 0 0 0 0 0 0 0 0 0
0 0 0 1 0 0 0 0 0 0 0 0 0 0 0 0 0 0 0 0 0 0
0 0 0 0 1 0 0 0 0 0 0 0 0 0 0 0 0 0 0 0 0 0
0 0 0 0 0 1 0 0 0 0 0 0 0 0 0 0 0 0 0 0 0 0
0 0 0 0 0 0 1 0 0 0 0 0 0 0 0 0 0 0 0 0 0 0
0 0 0 0 0 0 0 1 0 0 0 0 0 0 0 0 0 0 0 0 0 0
0 0 0 0 0 0 0 0 1 0 0 0 0 0 0 0 0 0 0 0 0 0
0 0 0 0 0 0 0 0 0 1 0 0 0 0 0 0 0 0 0 0 0 0
0 0 0 0 0 0 0 0 0 0 1 0 0 0 0 0 0 0 0 0 0 0
0 0 0 0 0 0 0 0 0 0 0 1 0 0 0 0 0 0 0 0 0 0
0 0 0 0 0 0 0 0 0 0 0 0 1 0 0 0 0 0 0 0 0 0
0 0 0 0 0 0 0 0 0 0 0 0 0 1 0 0 0 0 0 0 0 0
0 0 0 0 0 0 0 0 0 0 0 0 0 0 1 0 0 0 0 0 0 0
0 0 0 0 0 0 0 0 0 0 0 0 0 0 0 1 0 0 0 0 0 0
0 0 0 0 0 0 0 0 0 0 0 0 0 0 0 0 1 0 0 0 0 0
0 0 0 0 0 0 0 0 0 0 0 0 0 0 0 0 0 1 0 0 0 0
0 0 0 0 0 0 0 0 0 0 0 0 0 0 0 0 0 0 1 0 0 0
0 0 0 0 0 0 0 0 0 0 0 0 0 0 0 0 0 0 0 1 0 0
0 0 0 0 0 0 0 0 0 0 0 0 0 0 0 0 0 0 0 0 1 0
0 0 0 0 0 0 0 0 0 0 0 0 0 0 0 0 0 0 0 0 0 1
65 2589
-1 0 0 0 0 0 0 0 0 0 0 0 0 0 0 0 0 0 0 0 0 0
0 -1 0 0 0 0 0 0 0 0 0 0 0 0 0 0 0 0 0 0 0 0
0 0 -1 0 0 0 0 0 0 0 0 0 0 0 0 0 0 0 0 0 0 0
0 0 0 -1 0 0 0 0 0 0 0 0 0 0 0 0 0 0 0 0 0 0
0 0 0 0 -1 0 0 0 0 0 0 0 0 0 0 0 0 0 0 0 0 0
0 0 0 0 0 -1 0 0 0 0 0 0 0 0 0 0 0 0 0 0 0 0
0 0 0 0 0 0 -1 0 0 0 0 0 0 0 0 0 0 0 0 0 0 0
0 0 0 0 0 0 0 -1 0 0 0 0 0 0 0 0 0 0 0 0 0 0
0 0 0 0 0 0 0 0 -1 0 0 0 0 0 0 0 0 0 0 0 0 0
0 0 0 0 0 0 0 0 0 -1 0 0 0 0 0 0 0 0 0 0 0 0
0 0 0 0 0 0 0 0 0 0 -1 0 0 0 0 0 0 0 0 0 0 0
0 0 0 0 0 0 0 0 0 0 0 -1 0 0 0 0 0 0 0 0 0 0
0 0 0 0 0 0 0 0 0 0 0 0 -1 0 0 0 0 0 0 0 0 0
0 0 0 0 0 0 0 0 0 0 0 0 0 -1 0 0 0 0 0 0 0 0
0 0 0 0 0 0 0 0 0 0 0 0 0 0 -1 0 0 0 0 0 0 0
0 0 0 0 0 0 0 0 0 0 0 0 0 0 0 -1 0 0 0 0 0 0
0 0 0 0 0 0 0 0 0 0 0 0 0 0 0 0 -1 0 0 0 0 0
0 0 0 0 0 0 0 0 0 0 0 0 0 0 0 0 0 -1 0 0 0 0
0 0 0 0 0 0 0 0 0 0 0 0 0 0 0 0 0 0 -1 0 0 0
0 0 0 0 0 0 0 0 0 0 0 0 0 0 0 0 0 0 0 -1 0 0
0 0 0 0 0 0 0 0 0 0 0 0 0 0 0 0 0 0 0 0 -1 0
0 0 0 0 0 0 0 0 0 0 0 0 0 0 0 0 0 0 0 0 0 -1
65 7750
2 0 1 1 -1 0 0 2 1 0 -1 0 0 0 -1 2 1 0 1 0 1 1
-2 1 0 -1 1 0 1 -2 0 0 0 0 0 1 1 -1 -1 0 0 -1 -1 -1
-1 0 -2 0 1 0 1 -1 -3 0 1 0 -1 0 0 -1 0 0 -1 0 0 -2
1 0 1 0 -1 0 -1 1 2 0 -1 0 1 0 -1 1 1 0 1 0 0 1
-1 0 -1 -1 0 -1 0 0 -1 -1 1 1 0 0 0 -1 0 0 0 0 -1 0
1 0 1 1 -1 0 0 1 -1 0 -1 -1 0 0 0 1 0 -1 0 0 0 1
-1 0 -1 -1 1 -1 0 0 0 -1 1 1 0 0 0 -1 0 0 0 0 -1 -1
-1 0 0 -1 0 0 1 -1 -1 0 0 0 0 0 1 -1 -1 0 0 0 -1 0
0 0 0 0 0 0 0 0 1 0 0 0 0 0 0 0 0 0 0 0 0 0
-1 0 0 -1 0 0 0 -1 0 0 0 0 0 0 1 -1 -1 1 0 0 0 0
-2 0 -1 -2 1 -1 1 -1 -1 -1 0 1 1 0 1 -1 -1 0 0 0 -1 -1
3 0 1 2 -1 1 -1 1 0 1 -1 -2 -1 0 -1 2 1 0 0 0 2 1
-1 0 0 -1 0 -1 0 0 0 -1 0 1 1 0 0 0 0 0 1 0 -1 0
2 0 0 1 0 0 -1 1 0 0 0 0 -1 -1 -1 1 1 0 0 0 1 1
2 0 1 1 -1 1 0 1 1 1 -1 -1 0 0 0 2 1 0 0 0 1 1
-1 0 0 -1 0 0 0 -1 0 0 0 0 1 0 1 -1 -1 0 0 0 0 0
0 0 -1 1 1 0 0 0 -1 0 1 0 -1 0 0 0 1 0 -1 0 0 -1
-1 0 0 -1 0 -1 0 0 0 0 0 1 1 0 0 -1 0 0 1 0 -1 0
1 0 1 0 -1 0 0 1 1 0 -1 0 1 0 0 1 0 0 0 0 0 1
-1 0 -1 0 1 0 0 -1 0 0 1 0 -1 0 0 -1 0 0 -1 -1 0 -1
0 0 -1 0 1 0 0 -1 -1 0 1 0 -1 0 0 0 0 0 -1 0 0 -1
-1 0 -1 -1 1 -1 -1 0 0 -1 1 1 0 0 0 -1 0 0 0 0 -1 0
65 9163
-2 0 -1 -1 1 0 0 -2 -1 0 1 0 0 0 1 -2 -1 0 -1 0 -1 -1
2 -1 0 1 -1 0 -1 2 0 0 0 0 0 -1 -1 1 1 0 0 1 1 1
1 0 2 0 -1 0 -1 1 3 0 -1 0 1 0 0 1 0 0 1 0 0 2
-1 0 -1 0 1 0 1 -1 -2 0 1 0 -1 0 1 -1 -1 0 -1 0 0 -1
1 0 1 1 0 1 0 0 1 1 -1 -1 0 0 0 1 0 0 0 0 1 0
-1 0 -1 -1 1 0 0 -1 1 0 1 1 0 0 0 -1 0 1 0 0 0 -1
1 0 1 1 -1 1 0 0 0 1 -1 -1 0 0 0 1 0 0 0 0 1 1
1 0 0 1 0 0 -1 1 1 0 0 0 0 0 -1 1 1 0 0 0 1 0
0 0 0 0 0 0 0 0 -1 0 0 0 0 0 0 0 0 0 0 0 0 0
1 0 0 1 0 0 0 1 0 0 0 0 0 0 -1 1 1 -1 0 0 0 0
2 0 1 2 -1 1 -1 1 1 1 0 -1 -1 0 -1 1 1 0 0 0 1 1
-3 0 -1 -2 1 -1 1 -1 0 -1 1 2 1 0 1 -2 -1 0 0 0 -2 -1
1 0 0 1 0 1 0 0 0 1 0 -1 -1 0 0 0 0 0 -1 0 1 0
-2 0 0 -1 0 0 1 -1 0 0 0 0 1 1 1 -1 -1 0 0 0 -1 -1
-2 0 -1 -1 1 -1 0 -1 -1 -1 1 1 0 0 0 -2 -1 0 0 0 -1 -1
1 0 0 1 0 0 0 1 0 0 0 0 -1 0 -1 1 1 0 0 0 0 0
0 0 1 -1 -1 0 0 0 1 0 -1 0 1 0 0 0 -1 0 1 0 0 1
1 0 0 1 0 1 0 0 0 0 0 -1 -1 0 0 1 0 0 -1 0 1 0
-1 0 -1 0 1 0 0 -1 -1 0 1 0 -1 0 0 -1 0 0 0 0 0 -1
1 0 1 0 -1 0 0 1 0 0 -1 0 1 0 0 1 0 0 1 1 0 1
0 0 1 0 -1 0 0 1 1 0 -1 0 1 0 0 0 0 0 1 0 0 1
1 0 1 1 -1 1 1 0 0 1 -1 -1 0 0 0 1 0 0 0 0 1 0
66 0
1 0 0 0 0 0 0 0 0 0 0 0 0 0 0 0 0 0 0 0 0 0
0 1 0 0 0 0 0 0 0 0 0 0 0 0 0 0 0 0 0 0 0 0
0 0 1 0 0 0 0 0 0 0 0 0 0 0 0 0 0 0 0 0 0 0
0 0 0 1 0 0 0 0 0 0 0 0 0 0 0 0 0 0 0 0 0 0
0 0 0 0 1 0 0 0 0 0 0 0 0 0 0 0 0 0 0 0 0 0
0 0 0 0 0 1 0 0 0 0 0 0 0 0 0 0 0 0 0 0 0 0
0 0 0 0 0 0 1 0 0 0 0 0 0 0 0 0 0 0 0 0 0 0
0 0 0 0 0 0 0 1 0 0 0 0 0 0 0 0 0 0 0 0 0 0
0 0 0 0 0 0 0 0 1 0 0 0 0 0 0 0 0 0 0 0 0 0
0 0 0 0 0 0 0 0 0 1 0 0 0 0 0 0 0 0 0 0 0 0
0 0 0 0 0 0 0 0 0 0 1 0 0 0 0 0 0 0 0 0 0 0
0 0 0 0 0 0 0 0 0 0 0 1 0 0 0 0 0 0 0 0 0 0
0 0 0 0 0 0 0 0 0 0 0 0 1 0 0 0 0 0 0 0 0 0
0 0 0 0 0 0 0 0 0 0 0 0 0 1 0 0 0 0 0 0 0 0
0 0 0 0 0 0 0 0 0 0 0 0 0 0 1 0 0 0 0 0 0 0
0 0 0 0 0 0 0 0 0 0 0 0 0 0 0 1 0 0 0 0 0 0
0 0 0 0 0 0 0 0 0 0 0 0 0 0 0 0 1 0 0 0 0 0
0 0 0 0 0 0 0 0 0 0 0 0 0 0 0 0 0 1 0 0 0 0
0 0 0 0 0 0 0 0 0 0 0 0 0 0 0 0 0 0 1 0 0 0
0 0 0 0 0 0 0 0 0 0 0 0 0 0 0 0 0 0 0 1 0 0
0 0 0 0 0 0 0 0 0 0 0 0 0 0 0 0 0 0 0 0 1 0
0 0 0 0 0 0 0 0 0 0 0 0 0 0 0 0 0 0 0 0 0 1
66 2589
-1 0 0 0 0 0 0 0 0 0 0 0 0 0 0 0 0 0 0 0 0 0
0 -1 0 0 0 0 0 0 0 0 0 0 0 0 0 0 0 0 0 0 0 0
0 0 -1 0 0 0 0 0 0 0 0 0 0 0 0 0 0 0 0 0 0 0
0 0 0 -1 0 0 0 0 0 0 0 0 0 0 0 0 0 0 0 0 0 0
0 0 0 0 -1 0 0 0 0 0 0 0 0 0 0 0 0 0 0 0 0 0
0 0 0 0 0 -1 0 0 0 0 0 0 0 0 0 0 0 0 0 0 0 0
0 0 0 0 0 0 -1 0 0 0 0 0 0 0 0 0 0 0 0 0 0 0
0 0 0 0 0 0 0 -1 0 0 0 0 0 0 0 0 0 0 0 0 0 0
0 0 0 0 0 0 0 0 -1 0 0 0 0 0 0 0 0 0 0 0 0 0
0 0 0 0 0 0 0 0 0 -1 0 0 0 0 0 0 0 0 0 0 0 0
0 0 0 0 0 0 0 0 0 0 -1 0 0 0 0 0 0 0 0 0 0 0
0 0 0 0 0 0 0 0 0 0 0 -1 0 0 0 0 0 0 0 0 0 0
0 0 0 0 0 0 0 0 0 0 0 0 -1 0 0 0 0 0 0 0 0 0
0 0 0 0 0 0 0 0 0 0 0 0 0 -1 0 0 0 0 0 0 0 0
0 0 0 0 0 0 0 0 0 0 0 0 0 0 -1 0 0 0 0 0 0 0
0 0 0 0 0 0 0 0 0 0 0 0 0 0 0 -1 0 0 0 0 0 0
0 0 0 0 0 0 0 0 0 0 0 0 0 0 0 0 -1 0 0 0 0 0
0 0 0 0 0 0 0 0 0 0 0 0 0 0 0 0 0 -1 0 0 0 0
0 0 0 0 0 0 0 0 0 0 0 0 0 0 0 0 0 0 -1 0 0 0
0 0 0 0 0 0 0 0 0 0 0 0 0 0 0 0 0 0 0 -1 0 0
0 0 0 0 0 0 0 0 0 0 0 0 0 0 0 0 0 0 0 0 -1 0
0 0 0 0 0 0 0 0 0 0 0 0 0 0 0 0 0 0 0 0 0 -1
66 4949
0 -1 -2 0 0 1 -1 0 0 0 2 -1 -1 1 -1 -1 1 2 0 1 1 -2
1 1 1 0 -1 1 1 1 0 0 -3 0 1 0 -1 2 0 0 1 0 1 1
-1 1 1 -2 -1 -2 -1 0 0 -1 -2 1 2 0 0 0 -1 -1 2 0 -1 2
1 -1 -1 2 1 1 0 0 0 1 2 -1 -2 0 0 0 1 1 -2 0 1 -2
0 0 0 -1 0 -1 0 0 0 0 -1 1 1 -1 0 0 0 0 1 0 0 1
0 -1 -1 0 0 0 0 0 0 0 2 0 -1 0 0 -1 0 0 -1 1 -1 -1
0 1 0 -1 0 0 0 0 0 0 -2 0 1 0 0 1 0 0 1 -1 1 1
1 0 1 0 -1 0 1 1 0 0 -2 0 1 -1 0 1 0 -1 0 0 0 1
0 0 0 0 0 1 0 0 1 0 0 0 0 0 0 0 0 1 0 0 1 0
0 0 1 0 0 0 1 0 0 0 -1 1 1 -1 0 0 -1 -1 0 0 0 1
1 0 1 -1 -1 0 1 1 0 0 -3 0 1 -1 0 1 -1 -1 1 0 1 2
-1 0 -1 1 0 1 -1 -1 0 0 3 -1 -1 2 0 -1 1 1 -1 1 -1 -2
1 -1 0 0 0 0 1 1 0 1 -1 0 0 -1 0 0 0 0 0 0 1 0
-1 0 -1 0 0 0 -1 -1 0 0 2 0 0 1 0 -1 1 1 0 0 0 -1
0 -1 -1 1 0 1 0 0 0 0 2 -1 -1 1 0 0 1 1 -1 1 0 -2
0 0 1 0 0 0 1 0 0 0 -1 0 0 -1 1 0 -1 -1 0 0 0 1
-1 1 0 -1 0 -1 -1 0 0 -1 0 1 1 1 0 0 0 0 1 0 -1 1
0 0 0 0 1 -1 0 0 0 0 -1 0 0 -1 0 0 0 -1 0 -1 0 0
1 -1 -1 0 0 1 0 0 0 0 1 -1 -1 0 0 0 0 1 -1 1 1 -1
0 1 1 0 0 0 0 0 0 0 -1 1 1 0 0 1 0 0 1 0 0 1
0 1 1 0 -1 0 0 0 0 0 -1 0 1 1 0 1 0 0 1 0 0 1
0 0 0 0 1 -1 0 0 0 0 0 1 0 -1 0 0 0 -1 0 -1 0 1
66 10229
0 1 2 0 0 -1 1 0 0 0 -2 1 1 -1 1 1 -1 -2 0 -1 -1 2
-1 -1 -1 0 1 -1 -1 -1 0 0 3 0 -1 0 1 -2 0 0 -1 0 -1 -1
1 -1 -1 2 1 2 1 0 0 1 2 -1 -2 0 0 0 1 1 -2 0 1 -2
-1 1 1 -2 -1 -1 0 0 0 -1 -2 1 2 0 0 0 -1 -1 2 0 -1 2
0 0 0 1 0 1 0 0 0 0 1 -1 -1 1 0 0 0 0 -1 0 0 -1
0 1 1 0 0 0 0 0 0 0 -2 0 1 0 0 1 0 0 1 -1 1 1
0 -1 0 1 0 0 0 0 0 0 2 0 -1 0 0 -1 0 0 -1 1 -1 -1
-1 0 -1 0 1 0 -1 -1 0 0 2 0 -1 1 0 -1 0 1 0 0 0 -1
0 0 0 0 0 -1 0 0 -1 0 0 0 0 0 0 0 0 -1 0 0 -1 0
0 0 -1 0 0 0 -1 0 0 0 1 -1 -1 1 0 0 1 1 0 0 0 -1
-1 0 -1 1 1 0 -1 -1 0 0 3 0 -1 1 0 -1 1 1 -1 0 -1 -2
1 0 1 -1 0 -1 1 1 0 0 -3 1 1 -2 0 1 -1 -1 1 -1 1 2
-1 1 0 0 0 0 -1 -1 0 -1 1 0 0 1 0 0 0 0 0 0 -1 0
1 0 1 0 0 0 1 1 0 0 -2 0 0 -1 0 1 -1 -1 0 0 0 1
0 1 1 -1 0 -1 0 0 0 0 -2 1 1 -1 0 0 -1 -1 1 -1 0 2
0 0 -1 0 0 0 -1 0 0 0 1 0 0 1 -1 0 1 1 0 0 0 -1
1 -1 0 1 0 1 1 0 0 1 0 -1 -1 -1 0 0 0 0 -1 0 1 -1
0 0 0 0 -1 1 0 0 0 0 1 0 0 1 0 0 0 1 0 1 0 0
-1 1 1 0 0 -1 0 0 0 0 -1 1 1 0 0 0 0 -1 1 -1 -1 1
0 -1 -1 0 0 0 0 0 0 0 1 -1 -1 0 0 -1 0 0 -1 0 0 -1
0 -1 -1 0 1 0 0 0 0 0 1 0 -1 -1 0 -1 0 0 -1 0 0 -1
0 0 0 0 -1 1 0 0 0 0 0 -1 0 1 0 0 0 1 0 1 0 -1
67 0
1 0 0 0 0 0 0 0 0 0 0 0 0 0 0 0 0 0 0 0 0 0
0 1 0 0 0 0 0 0 0 0 0 0 0 0 0 0 0 0 0 0 0 0
0 0 1 0 0 0 0 0 0 0 0 0 0 0 0 0 0 0 0 0 0 0
0 0 0 1 0 0 0 0 0 0 0 0 0 0 0 0 0 0 0 0 0 0
0 0 0 0 1 0 0 0 0 0 0 0 0 0 0 0 0 0 0 0 0 0
0 0 0 0 0 1 0 0 0 0 0 0 0 0 0 0 0 0 0 0 0 0
0 0 0 0 0 0 1 0 0 0 0 0 0 0 0 0 0 0 0 0 0 0
0 0 0 0 0 0 0 1 0 0 0 0 0 0 0 0 0 0 0 0 0 0
0 0 0 0 0 0 0 0 1 0 0 0 0 0 0 0 0 0 0 0 0 0
0 0 0 0 0 0 0 0 0 1 0 0 0 0 0 0 0 0 0 0 0 0
0 0 0 0 0 0 0 0 0 0 1 0 0 0 0 0 0 0 0 0 0 0
0 0 0 0 0 0 0 0 0 0 0 1 0 0 0 0 0 0 0 0 0 0
0 0 0 0 0 0 0 0 0 0 0 0 1 0 0 0 0 0 0 0 0 0
0 0 0 0 0 0 0 0 0 0 0 0 0 1 0 0 0 0 0 0 0 0
0 0 0 0 0 0 0 0 0 0 0 0 0 0 1 0 0 0 0 0 0 0
0 0 0 0 0 0 0 0 0 0 0 0 0 0 0 1 0 0 0 0 0 0
0 0 0 0 0 0 0 0 0 0 0 0 0 0 0 0 1 0 0 0 0 0
0 0 0 0 0 0 0 0 0 0 0 0 0 0 0 0 0 1 0 0 0 0
0 0 0 0 0 0 0 0 0 0 0 0 0 0 0 0 0 0 1 0 0 0
0 0 0 0 0 0 0 0 0 0 0 0 0 0 0 0 0 0 0 1 0 0
0 0 0 0 0 0 0 0 0 0 0 0 0 0 0 0 0 0 0 0 1 0
0 0 0 0 0 0 0 0 0 0 0 0 0 0 0 0 0 0 0 0 0 1
67 2589
-1 0 0 0 0 0 0 0 0 0 0 0 0 0 0 0 0 0 0 0 0 0
0 -1 0 0 0 0 0 0 0 0 0 0 0 0 0 0 0 0 0 0 0 0
0 0 -1 0 0 0 0 0 0 0 0 0 0 0 0 0 0 0 0 0 0 0
0 0 0 -1 0 0 0 0 0 0 0 0 0 0 0 0 0 0 0 0 0 0
0 0 0 0 -1 0 0 0 0 0 0 0 0 0 0 0 0 0 0 0 0 0
0 0 0 0 0 -1 0 0 0 0 0 0 0 0 0 0 0 0 0 0 0 0
0 0 0 0 0 0 -1 0 0 0 0 0 0 0 0 0 0 0 0 0 0 0
0 0 0 0 0 0 0 -1 0 0 0 0 0 0 0 0 0 0 0 0 0 0
0 0 0 0 0 0 0 0 -1 0 0 0 0 0 0 0 0 0 0 0 0 0
0 0 0 0 0 0 0 0 0 -1 0 0 0 0 0 0 0 0 0 0 0 0
0 0 0 0 0 0 0 0 0 0 -1 0 0 0 0 0 0 0 0 0 0 0
0 0 0 0 0 0 0 0 0 0 0 -1 0 0 0 0 0 0 0 0 0 0
0 0 0 0 0 0 0 0 0 0 0 0 -1 0 0 0 0 0 0 0 0 0
0 0 0 0 0 0 0 0 0 0 0 0 0 -1 0 0 0 0 0 0 0 0
0 0 0 0 0 0 0 0 0 0 0 0 0 0 -1 0 0 0 0 0 0 0
0 0 0 0 0 0 0 0 0 0 0 0 0 0 0 -1 0 0 0 0 0 0
0 0 0 0 0 0 0 0 0 0 0 0 0 0 0 0 -1 0 0 0 0 0
0 0 0 0 0 0 0 0 0 0 0 0 0 0 0 0 0 -1 0 0 0 0
0 0 0 0 0 0 0 0 0 0 0 0 0 0 0 0 0 0 -1 0 0 0
0 0 0 0 0 0 0 0 0 0 0 0 0 0 0 0 0 0 0 -1 0 0
0 0 0 0 0 0 0 0 0 0 0 0 0 0 0 0 0 0 0 0 -1 0
0 0 0 0 0 0 0 0 0 0 0 0 0 0 0 0 0 0 0 0 0 -1
67 3521
1 0 0 1 -1 1 0 0 -1 0 0 -2 -1 1 -1 1 0 -1 -1 1 0 0
-1 1 1 1 1 2 1 -2 1 1 1 0 0 0 2 0 -1 -1 -1 -1 0 0
0 0 0 -1 -1 1 1 0 1 1 -1 1 2 0 0 0 0 2 2 1 1 0
0 0 0 0 0 -1 -1 0 -1 -1 0 -1 -1 0 0 0 0 -1 -1 0 -1 0
0 -1 0 -1 -1 0 1 1 1 0 0 1 1 0 0 0 0 1 1 1 0 0
0 0 0 -1 -1 -1 -1 0 0 0 -1 0 1 0 -1 -1 0 1 1 0 1 0
0 0 0 0 0 1 1 0 0 0 1 0 0 1 1 1 0 0 0 1 -1 0
-1 0 0 -1 1 0 0 -1 1 0 0 1 1 -1 1 -1 -1 0 0 -1 1 0
0 0 0 1 1 0 0 0 0 0 1 0 -1 0 0 0 0 -1 -1 0 -1 0
0 0 0 0 1 0 0 0 1 0 0 1 0 -1 0 0 0 0 0 -1 1 0
-1 1 0 -1 1 1 1 -1 1 0 0 1 1 0 1 0 -1 0 0 -1 0 0
1 0 0 1 -1 0 -1 0 -1 1 -1 -2 -1 0 -1 0 1 0 0 0 1 0
0 0 0 -1 0 0 0 0 0 -1 0 0 0 0 0 0 -1 0 0 0 0 0
1 -1 -1 0 -1 0 0 1 -1 0 0 -1 -1 0 -1 0 1 0 0 1 0 0
0 0 0 1 0 0 0 0 -1 0 0 -1 -1 0 0 0 0 -1 -1 0 0 0
0 0 0 0 1 -1 0 0 0 0 0 1 0 -1 0 0 0 0 0 -1 0 0
0 0 0 0 -1 1 1 0 0 1 0 0 0 1 0 0 0 1 1 1 0 0
-1 0 0 -1 0 -1 0 0 0 -1 0 1 1 0 0 0 0 0 1 0 -1 0
0 0 0 0 0 0 0 0 0 0 0 0 0 0 0 0 0 0 -1 0 0 0
0 0 1 1 0 1 1 0 1 1 0 0 0 0 1 0 0 0 0 0 0 0
0 0 0 0 0 1 1 0 0 1 0 0 0 0 1 0 0 0 0 0 0 0
0 0 0 -1 0 -1 0 1 0 -1 0 1 0 0 0 0 0 0 1 0 -1 1
67 6143
-1 0 0 -1 1 -1 0 0 1 0 0 2 1 -1 1 -1 0 1 1 -1 0 0
1 -1 -1 -1 -1 -2 -1 2 -1 -1 -1 0 0 0 -2 0 1 1 1 1 0 0
0 0 0 1 1 -1 -1 0 -1 -1 1 -1 -2 0 0 0 0 -2 -2 -1 -1 0
0 0 0 0 0 1 1 0 1 1 0 1 1 0 0 0 0 1 1 0 1 0
0 1 0 1 1 0 -1 -1 -1 0 0 -1 -1 0 0 0 0 -1 -1 -1 0 0
0 0 0 1 1 1 1 0 0 0 1 0 -1 0 1 1 0 -1 -1 0 -1 0
0 0 0 0 0 -1 -1 0 0 0 -1 0 0 -1 -1 -1 0 0 0 -1 1 0
1 0 0 1 -1 0 0 1 -1 0 0 -1 -1 1 -1 1 1 0 0 1 -1 0
0 0 0 -1 -1 0 0 0 0 0 -1 0 1 0 0 0 0 1 1 0 1 0
0 0 0 0 -1 0 0 0 -1 0 0 -1 0 1 0 0 0 0 0 1 -1 0
1 -1 0 1 -1 -1 -1 1 -1 0 0 -1 -1 0 -1 0 1 0 0 1 0 0
-1 0 0 -1 1 0 1 0 1 -1 1 2 1 0 1 0 -1 0 0 0 -1 0
0 0 0 1 0 0 0 0 0 1 0 0 0 0 0 0 1 0 0 0 0 0
-1 1 1 0 1 0 0 -1 1 0 0 1 1 0 1 0 -1 0 0 -1 0 0
0 0 0 -1 0 0 0 0 1 0 0 1 1 0 0 0 0 1 1 0 0 0
0 0 0 0 -1 1 0 0 0 0 0 -1 0 1 0 0 0 0 0 1 0 0
0 0 0 0 1 -1 -1 0 0 -1 0 0 0 -1 0 0 0 -1 -1 -1 0 0
1 0 0 1 0 1 0 0 0 1 0 -1 -1 0 0 0 0 0 -1 0 1 0
0 0 0 0 0 0 0 0 0 0 0 0 0 0 0 0 0 0 1 0 0 0
0 0 -1 -1 0 -1 -1 0 -1 -1 0 0 0 0 -1 0 0 0 0 0 0 0
0 0 0 0 0 -1 -1 0 0 -1 0 0 0 0 -1 0 0 0 0 0 0 0
0 0 0 1 0 1 0 -1 0 1 0 -1 0 0 0 0 0 0 -1 0 1 -1
67 6385
0 0 1 0 0 -1 -2 -1 -1 -1 0 -1 0 0 1 1 0 0 1 1 0 0
-1 0 0 -1 0 0 0 0 1 0 0 1 0 0 -1 -2 -2 0 0 -1 1 0
1 0 -1 1 0 0 1 2 0 0 0 1 0 0 -1 1 1 0 -1 -1 1 0
0 0 1 0 0 0 -1 -1 0 0 0 -1 0 0 1 0 0 0 0 1 -1 0
0 -1 -1 0 0 0 1 1 0 0 1 1 0 0 0 0 0 0 -1 0 0 0
1 0 0 1 0 1 0 -1 0 1 0 -1 0 -1 1 1 1 0 -1 0 1 0
0 -1 -1 -1 0 -1 0 2 0 -1 0 1 0 0 -1 0 0 0 0 0 0 0
0 0 0 0 0 1 1 0 1 1 0 0 0 0 0 -1 -1 0 -1 -1 1 0
-1 0 0 -1 0 -1 -1 0 0 -1 0 0 0 0 0 -1 0 0 1 0 -1 0
-1 1 0 0 0 1 1 -1 0 1 0 0 0 1 0 -1 -1 0 0 -1 0 0
0 0 -1 -1 1 0 0 1 1 0 0 1 0 0 -1 -1 -1 0 -1 -2 1 0
0 1 1 1 0 0 -1 -2 -1 0 0 -1 0 0 1 1 1 0 1 1 0 0
0 0 0 0 1 0 0 0 0 0 0 0 0 0 0 0 -1 -1 -1 -1 0 0
0 0 1 1 0 -1 0 0 -1 0 0 0 0 0 1 1 1 0 1 1 -1 0
0 0 1 0 0 0 -1 -1 0 0 0 -1 0 0 1 0 0 0 1 1 0 0
0 0 -1 -1 0 0 0 0 0 0 0 0 0 0 -1 -1 0 0 0 -1 0 0
0 0 0 1 0 0 1 1 0 0 0 1 0 0 0 1 1 0 0 0 0 0
1 -1 -1 0 0 0 0 1 0 0 1 0 -1 0 -1 0 0 0 -1 0 0 0
0 0 0 -1 0 0 -1 -1 0 0 0 -1 0 0 1 0 0 0 0 0 0 0
-1 0 0 0 0 0 1 0 0 0 0 1 0 0 0 -1 -1 0 0 0 0 0
0 0 0 0 0 0 1 1 0 0 0 1 0 0 0 0 0 0 0 0 0 0
0 0 0 0 0 0 1 1 0 0 0 1 0 0 0 0 0 0 0 0 -1 1
67 6863
0 0 1 1 -1 0 2 1 0 1 -2 1 1 -1 0 0 0 1 0 0 0 0
0 0 -1 -1 1 0 -2 0 1 0 0 0 1 -1 0 -1 1 0 0 -1 1 0
0 0 -1 -1 1 0 -1 -2 -2 0 1 -2 -2 0 1 0 -1 -2 -1 -1 0 0
0 0 1 1 -1 0 1 1 1 0 -1 1 1 0 -1 0 0 1 1 1 0 0
0 0 -1 -1 1 -1 -1 0 -1 -1 0 -1 -1 0 0 0 0 -1 0 -1 0 0
0 1 1 1 0 0 1 0 -1 0 0 0 -1 1 0 1 -1 -1 0 0 -1 0
0 -1 -1 -1 1 -1 -1 0 0 0 0 0 0 -1 0 -1 0 0 0 -1 1 0
0 0 -1 -1 1 0 -1 0 0 -1 1 0 0 0 0 0 0 -1 0 0 0 0
-1 0 0 0 0 0 0 0 1 0 0 1 1 0 0 -1 0 1 0 0 0 0
0 0 -1 -1 0 0 -1 0 0 -1 1 0 0 0 0 0 1 0 0 0 0 0
0 -1 -2 -2 1 -1 -2 0 0 -1 1 0 0 -1 -1 -1 0 -1 0 -1 1 0
0 1 2 2 -2 2 3 0 0 2 -1 0 0 1 1 1 0 1 0 1 -1 0
1 -1 -1 -1 0 -1 -1 1 0 -1 0 0 0 -1 -1 0 0 0 0 0 1 0
0 0 1 1 -1 1 2 0 0 1 -1 0 0 0 1 1 0 1 0 1 0 0
0 0 1 1 -1 1 2 1 1 1 -1 1 1 0 0 0 0 1 0 1 0 0
0 0 -1 -1 0 0 -1 0 0 -1 1 0 0 1 -1 0 0 0 0 0 0 0
0 0 0 0 0 0 0 -1 -1 1 0 -1 -1 0 1 0 0 0 0 0 0 0
0 0 -1 -1 1 -1 -1 0 0 -1 0 0 0 0 -1 0 0 -1 0 -1 0 0
0 0 0 1 0 0 1 1 0 0 0 1 0 0 -1 0 0 0 0 0 0 0
0 0 0 0 0 0 -1 0 0 0 0 -1 0 0 1 0 1 0 0 0 0 0
0 0 0 0 0 1 0 -1 0 1 0 -1 0 0 1 0 0 0 0 0 1 0
0 0 0 -1 0 -1 -1 0 0 -1 0 0 0 0 0 0 0 0 1 0 0 1
67 7866
0 0 -1 0 0 1 2 1 1 1 0 1 0 0 -1 -1 0 0 -1 -1 0 0
1 0 0 1 0 0 0 0 -1 0 0 -1 0 0 1 2 2 0 0 1 -1 0
-1 0 1 -1 0 0 -1 -2 0 0 0 -1 0 0 1 -1 -1 0 1 1 -1 0
0 0 -1 0 0 0 1 1 0 0 0 1 0 0 -1 0 0 0 0 -1 1 0
0 1 1 0 0 0 -1 -1 0 0 -1 -1 0 0 0 0 0 0 1 0 0 0
-1 0 0 -1 0 -1 0 1 0 -1 0 1 0 1 -1 -1 -1 0 1 0 -1 0
0 1 1 1 0 1 0 -2 0 1 0 -1 0 0 1 0 0 0 0 0 0 0
0 0 0 0 0 -1 -1 0 -1 -1 0 0 0 0 0 1 1 0 1 1 -1 0
1 0 0 1 0 1 1 0 0 1 0 0 0 0 0 1 0 0 -1 0 1 0
1 -1 0 0 0 -1 -1 1 0 -1 0 0 0 -1 0 1 1 0 0 1 0 0
0 0 1 1 -1 0 0 -1 -1 0 0 -1 0 0 1 1 1 0 1 2 -1 0
0 -1 -1 -1 0 0 1 2 1 0 0 1 0 0 -1 -1 -1 0 -1 -1 0 0
0 0 0 0 -1 0 0 0 0 0 0 0 0 0 0 0 1 1 1 1 0 0
0 0 -1 -1 0 1 0 0 1 0 0 0 0 0 -1 -1 -1 0 -1 -1 1 0
0 0 -1 0 0 0 1 1 0 0 0 1 0 0 -1 0 0 0 -1 -1 0 0
0 0 1 1 0 0 0 0 0 0 0 0 0 0 1 1 0 0 0 1 0 0
0 0 0 -1 0 0 -1 -1 0 0 0 -1 0 0 0 -1 -1 0 0 0 0 0
-1 1 1 0 0 0 0 -1 0 0 -1 0 1 0 1 0 0 0 1 0 0 0
0 0 0 1 0 0 1 1 0 0 0 1 0 0 -1 0 0 0 0 0 0 0
1 0 0 0 0 0 -1 0 0 0 0 -1 0 0 0 1 1 0 0 0 0 0
0 0 0 0 0 0 -1 -1 0 0 0 -1 0 0 0 0 0 0 0 0 0 0
0 0 0 0 0 0 -1 -1 0 0 0 -1 0 0 0 0 0 0 0 0 1 -1
67 8572
0 0 -1 -1 1 0 -2 -1 0 -1 2 -1 -1 1 0 0 0 -1 0 0 0 0
0 0 1 1 -1 0 2 0 -1 0 0 0 -1 1 0 1 -1 0 0 1 -1 0
0 0 1 1 -1 0 1 2 2 0 -1 2 2 0 -1 0 1 2 1 1 0 0
0 0 -1 -1 1 0 -1 -1 -1 0 1 -1 -1 0 1 0 0 -1 -1 -1 0 0
0 0 1 1 -1 1 1 0 1 1 0 1 1 0 0 0 0 1 0 1 0 0
0 -1 -1 -1 0 0 -1 0 1 0 0 0 1 -1 0 -1 1 1 0 0 1 0
0 1 1 1 -1 1 1 0 0 0 0 0 0 1 0 1 0 0 0 1 -1 0
0 0 1 1 -1 0 1 0 0 1 -1 0 0 0 0 0 0 1 0 0 0 0
1 0 0 0 0 0 0 0 -1 0 0 -1 -1 0 0 1 0 -1 0 0 0 0
0 0 1 1 0 0 1 0 0 1 -1 0 0 0 0 0 -1 0 0 0 0 0
0 1 2 2 -1 1 2 0 0 1 -1 0 0 1 1 1 0 1 0 1 -1 0
0 -1 -2 -2 2 -2 -3 0 0 -2 1 0 0 -1 -1 -1 0 -1 0 -1 1 0
-1 1 1 1 0 1 1 -1 0 1 0 0 0 1 1 0 0 0 0 0 -1 0
0 0 -1 -1 1 -1 -2 0 0 -1 1 0 0 0 -1 -1 0 -1 0 -1 0 0
0 0 -1 -1 1 -1 -2 -1 -1 -1 1 -1 -1 0 0 0 0 -1 0 -1 0 0
0 0 1 1 0 0 1 0 0 1 -1 0 0 -1 1 0 0 0 0 0 0 0
0 0 0 0 0 0 0 1 1 -1 0 1 1 0 -1 0 0 0 0 0 0 0
0 0 1 1 -1 1 1 0 0 1 0 0 0 0 1 0 0 1 0 1 0 0
0 0 0 -1 0 0 -1 -1 0 0 0 -1 0 0 1 0 0 0 0 0 0 0
0 0 0 0 0 0 1 0 0 0 0 1 0 0 -1 0 -1 0 0 0 0 0
0 0 0 0 0 -1 0 1 0 -1 0 1 0 0 -1 0 0 0 0 0 -1 0
0 0 0 1 0 1 1 0 0 1 0 0 0 0 0 0 0 0 -1 0 0 -1
68 0
1 0 0 0 0 0 0 0 0 0 0 0 0 0 0 0 0 0 0 0 0 0
0 1 0 0 0 0 0 0 0 0 0 0 0 0 0 0 0 0 0 0 0 0
0 0 1 0 0 0 0 0 0 0 0 0 0 0 0 0 0 0 0 0 0 0
0 0 0 1 0 0 0 0 0 0 0 0 0 0 0 0 0 0 0 0 0 0
0 0 0 0 1 0 0 0 0 0 0 0 0 0 0 0 0 0 0 0 0 0
0 0 0 0 0 1 0 0 0 0 0 0 0 0 0 0 0 0 0 0 0 0
0 0 0 0 0 0 1 0 0 0 0 0 0 0 0 0 0 0 0 0 0 0
0 0 0 0 0 0 0 1 0 0 0 0 0 0 0 0 0 0 0 0 0 0
0 0 0 0 0 0 0 0 1 0 0 0 0 0 0 0 0 0 0 0 0 0
0 0 0 0 0 0 0 0 0 1 0 0 0 0 0 0 0 0 0 0 0 0
0 0 0 0 0 0 0 0 0 0 1 0 0 0 0 0 0 0 0 0 0 0
0 0 0 0 0 0 0 0 0 0 0 1 0 0 0 0 0 0 0 0 0 0
0 0 0 0 0 0 0 0 0 0 0 0 1 0 0 0 0 0 0 0 0 0
0 0 0 0 0 0 0 0 0 0 0 0 0 1 0 0 0 0 0 0 0 0
0 0 0 0 0 0 0 0 0 0 0 0 0 0 1 0 0 0 0 0 0 0
0 0 0 0 0 0 0 0 0 0 0 0 0 0 0 1 0 0 0 0 0 0
0 0 0 0 0 0 0 0 0 0 0 0 0 0 0 0 1 0 0 0 0 0
0 0 0 0 0 0 0 0 0 0 0 0 0 0 0 0 0 1 0 0 0 0
0 0 0 0 0 0 0 0 0 0 0 0 0 0 0 0 0 0 1 0 0 0
0 0 0 0 0 0 0 0 0 0 0 0 0 0 0 0 0 0 0 1 0 0
0 0 0 0 0 0 0 0 0 0 0 0 0 0 0 0 0 0 0 0 1 0
0 0 0 0 0 0 0 0 0 0 0 0 0 0 0 0 0 0 0 0 0 1
68 2589
-1 0 0 0 0 0 0 0 0 0 0 0 0 0 0 0 0 0 0 0 0 0
0 -1 0 0 0 0 0 0 0 0 0 0 0 0 0 0 0 0 0 0 0 0
0 0 -1 0 0 0 0 0 0 0 0 0 0 0 0 0 0 0 0 0 0 0
0 0 0 -1 0 0 0 0 0 0 0 0 0 0 0 0 0 0 0 0 0 0
0 0 0 0 -1 0 0 0 0 0 0 0 0 0 0 0 0 0 0 0 0 0
0 0 0 0 0 -1 0 0 0 0 0 0 0 0 0 0 0 0 0 0 0 0
0 0 0 0 0 0 -1 0 0 0 0 0 0 0 0 0 0 0 0 0 0 0
0 0 0 0 0 0 0 -1 0 0 0 0 0 0 0 0 0 0 0 0 0 0
0 0 0 0 0 0 0 0 -1 0 0 0 0 0 0 0 0 0 0 0 0 0
0 0 0 0 0 0 0 0 0 -1 0 0 0 0 0 0 0 0 0 0 0 0
0 0 0 0 0 0 0 0 0 0 -1 0 0 0 0 0 0 0 0 0 0 0
0 0 0 0 0 0 0 0 0 0 0 -1 0 0 0 0 0 0 0 0 0 0
0 0 0 0 0 0 0 0 0 0 0 0 -1 0 0 0 0 0 0 0 0 0
0 0 0 0 0 0 0 0 0 0 0 0 0 -1 0 0 0 0 0 0 0 0
0 0 0 0 0 0 0 0 0 0 0 0 0 0 -1 0 0 0 0 0 0 0
0 0 0 0 0 0 0 0 0 0 0 0 0 0 0 -1 0 0 0 0 0 0
0 0 0 0 0 0 0 0 0 0 0 0 0 0 0 0 -1 0 0 0 0 0
0 0 0 0 0 0 0 0 0 0 0 0 0 0 0 0 0 -1 0 0 0 0
0 0 0 0 0 0 0 0 0 0 0 0 0 0 0 0 0 0 -1 0 0 0
0 0 0 0 0 0 0 0 0 0 0 0 0 0 0 0 0 0 0 -1 0 0
0 0 0 0 0 0 0 0 0 0 0 0 0 0 0 0 0 0 0 0 -1 0
0 0 0 0 0 0 0 0 0 0 0 0 0 0 0 0 0 0 0 0 0 -1
68 3860
0 1 1 1 1 1 0 0 2 1 -2 -1 1 0 1 1 1 -1 0 -1 1 0
1 0 1 1 -1 1 0 1 0 0 0 -1 -1 0 0 0 0 1 0 1 -1 0
2 -2 -2 -2 -2 -1 -1 2 -1 -1 1 0 -1 0 -3 0 1 2 1 2 0 0
-1 1 1 1 1 1 1 -1 1 1 -1 0 1 0 2 0 -1 -1 -1 -1 1 0
1 -1 -1 -1 0 -1 0 1 -1 -1 0 0 -1 -1 -1 0 0 0 0 0 0 0
-1 1 -1 -1 1 -1 -1 -1 0 -1 0 1 1 0 -1 0 0 -1 0 -1 0 0
1 -1 0 0 -1 1 1 1 0 0 0 -1 -1 0 0 0 0 1 0 1 0 0
0 0 0 0 0 -1 -1 0 -1 -1 1 0 -1 0 -1 -1 -1 0 0 0 -1 0
0 0 1 1 0 1 1 0 1 1 0 0 0 0 1 0 0 0 0 0 0 0
0 0 0 0 0 -1 -1 0 -1 -1 1 0 -1 0 0 0 0 0 0 0 -1 0
1 -1 0 0 -1 0 0 1 -1 -1 1 -1 -2 0 -1 0 -1 0 0 1 -1 0
-1 1 0 0 1 0 -1 -1 2 1 -1 1 2 0 0 0 1 0 0 -1 1 0
0 0 0 0 0 0 0 0 -1 -1 0 -1 -1 0 0 0 -1 -1 0 0 0 0
0 0 0 0 0 0 0 0 1 1 -1 0 1 0 0 0 1 0 0 -1 1 0
-1 1 1 1 1 0 0 -1 1 1 -1 0 1 0 1 0 0 -1 0 -1 0 0
0 0 0 0 0 0 0 -1 -1 0 1 0 -1 0 0 0 -1 0 0 0 0 0
1 -1 -1 -1 -1 0 0 1 0 0 0 0 0 0 -1 0 1 1 0 1 0 0
0 0 0 0 0 0 1 0 -1 0 0 0 -1 0 0 0 -1 0 0 0 0 0
-1 1 1 0 1 0 0 -1 1 0 -1 0 1 0 1 0 -1 -1 0 -1 0 0
1 -1 0 0 -1 0 0 1 0 0 0 0 0 -1 0 0 1 1 0 1 0 0
1 -1 0 0 -1 0 0 1 0 0 0 0 0 0 -1 0 0 1 0 1 0 0
0 -1 -1 0 0 0 1 0 -1 0 1 0 -1 0 0 0 0 0 -1 0 0 -1
68 8636
0 -1 -1 -1 -1 -1 0 0 -2 -1 2 1 -1 0 -1 -1 -1 1 0 1 -1 0
-1 0 -1 -1 1 -1 0 -1 0 0 0 1 1 0 0 0 0 -1 0 -1 1 0
-2 2 2 2 2 1 1 -2 1 1 -1 0 1 0 3 0 -1 -2 -1 -2 0 0
1 -1 -1 -1 -1 -1 -1 1 -1 -1 1 0 -1 0 -2 0 1 1 1 1 -1 0
-1 1 1 1 0 1 0 -1 1 1 0 0 1 1 1 0 0 0 0 0 0 0
1 -1 1 1 -1 1 1 1 0 1 0 -1 -1 0 1 0 0 1 0 1 0 0
-1 1 0 0 1 -1 -1 -1 0 0 0 1 1 0 0 0 0 -1 0 -1 0 0
0 0 0 0 0 1 1 0 1 1 -1 0 1 0 1 1 1 0 0 0 1 0
0 0 -1 -1 0 -1 -1 0 -1 -1 0 0 0 0 -1 0 0 0 0 0 0 0
0 0 0 0 0 1 1 0 1 1 -1 0 1 0 0 0 0 0 0 0 1 0
-1 1 0 0 1 0 0 -1 1 1 -1 1 2 0 1 0 1 0 0 -1 1 0
1 -1 0 0 -1 0 1 1 -2 -1 1 -1 -2 0 0 0 -1 0 0 1 -1 0
0 0 0 0 0 0 0 0 1 1 0 1 1 0 0 0 1 1 0 0 0 0
0 0 0 0 0 0 0 0 -1 -1 1 0 -1 0 0 0 -1 0 0 1 -1 0
1 -1 -1 -1 -1 0 0 1 -1 -1 1 0 -1 0 -1 0 0 1 0 1 0 0
0 0 0 0 0 0 0 1 1 0 -1 0 1 0 0 0 1 0 0 0 0 0
-1 1 1 1 1 0 0 -1 0 0 0 0 0 0 1 0 -1 -1 0 -1 0 0
0 0 0 0 0 0 -1 0 1 0 0 0 1 0 0 0 1 0 0 0 0 0
1 -1 -1 0 -1 0 0 1 -1 0 1 0 -1 0 -1 0 1 1 0 1 0 0
-1 1 0 0 1 0 0 -1 0 0 0 0 0 1 0 0 -1 -1 0 -1 0 0
-1 1 0 0 1 0 0 -1 0 0 0 0 0 0 1 0 0 -1 0 -1 0 0
0 1 1 0 0 0 -1 0 1 0 -1 0 1 0 0 0 0 0 1 0 0 1
69 0
1 0 0 0 0 0 0 0 0 0 0 0 0 0 0 0 0 0 0 0 0 0
0 1 0 0 0 0 0 0 0 0 0 0 0 0 0 0 0 0 0 0 0 0
0 0 1 0 0 0 0 0 0 0 0 0 0 0 0 0 0 0 0 0 0 0
0 0 0 1 0 0 0 0 0 0 0 0 0 0 0 0 0 0 0 0 0 0
0 0 0 0 1 0 0 0 0 0 0 0 0 0 0 0 0 0 0 0 0 0
0 0 0 0 0 1 0 0 0 0 0 0 0 0 0 0 0 0 0 0 0 0
0 0 0 0 0 0 1 0 0 0 0 0 0 0 0 0 0 0 0 0 0 0
0 0 0 0 0 0 0 1 0 0 0 0 0 0 0 0 0 0 0 0 0 0
0 0 0 0 0 0 0 0 1 0 0 0 0 0 0 0 0 0 0 0 0 0
0 0 0 0 0 0 0 0 0 1 0 0 0 0 0 0 0 0 0 0 0 0
0 0 0 0 0 0 0 0 0 0 1 0 0 0 0 0 0 0 0 0 0 0
0 0 0 0 0 0 0 0 0 0 0 1 0 0 0 0 0 0 0 0 0 0
0 0 0 0 0 0 0 0 0 0 0 0 1 0 0 0 0 0 0 0 0 0
0 0 0 0 0 0 0 0 0 0 0 0 0 1 0 0 0 0 0 0 0 0
0 0 0 0 0 0 0 0 0 0 0 0 0 0 1 0 0 0 0 0 0 0
0 0 0 0 0 0 0 0 0 0 0 0 0 0 0 1 0 0 0 0 0 0
0 0 0 0 0 0 0 0 0 0 0 0 0 0 0 0 1 0 0 0 0 0
0 0 0 0 0 0 0 0 0 0 0 0 0 0 0 0 0 1 0 0 0 0
0 0 0 0 0 0 0 0 0 0 0 0 0 0 0 0 0 0 1 0 0 0
0 0 0 0 0 0 0 0 0 0 0 0 0 0 0 0 0 0 0 1 0 0
0 0 0 0 0 0 0 0 0 0 0 0 0 0 0 0 0 0 0 0 1 0
0 0 0 0 0 0 0 0 0 0 0 0 0 0 0 0 0 0 0 0 0 1
69 2589
-1 0 0 0 0 0 0 0 0 0 0 0 0 0 0 0 0 0 0 0 0 0
0 -1 0 0 0 0 0 0 0 0 0 0 0 0 0 0 0 0 0 0 0 0
0 0 -1 0 0 0 0 0 0 0 0 0 0 0 0 0 0 0 0 0 0 0
0 0 0 -1 0 0 0 0 0 0 0 0 0 0 0 0 0 0 0 0 0 0
0 0 0 0 -1 0 0 0 0 0 0 0 0 0 0 0 0 0 0 0 0 0
0 0 0 0 0 -1 0 0 0 0 0 0 0 0 0 0 0 0 0 0 0 0
0 0 0 0 0 0 -1 0 0 0 0 0 0 0 0 0 0 0 0 0 0 0
0 0 0 0 0 0 0 -1 0 0 0 0 0 0 0 0 0 0 0 0 0 0
0 0 0 0 0 0 0 0 -1 0 0 0 0 0 0 0 0 0 0 0 0 0
0 0 0 0 0 0 0 0 0 -1 0 0 0 0 0 0 0 0 0 0 0 0
0 0 0 0 0 0 0 0 0 0 -1 0 0 0 0 0 0 0 0 0 0 0
0 0 0 0 0 0 0 0 0 0 0 -1 0 0 0 0 0 0 0 0 0 0
0 0 0 0 0 0 0 0 0 0 0 0 -1 0 0 0 0 0 0 0 0 0
0 0 0 0 0 0 0 0 0 0 0 0 0 -1 0 0 0 0 0 0 0 0
0 0 0 0 0 0 0 0 0 0 0 0 0 0 -1 0 0 0 0 0 0 0
0 0 0 0 0 0 0 0 0 0 0 0 0 0 0 -1 0 0 0 0 0 0
0 0 0 0 0 0 0 0 0 0 0 0 0 0 0 0 -1 0 0 0 0 0
0 0 0 0 0 0 0 0 0 0 0 0 0 0 0 0 0 -1 0 0 0 0
0 0 0 0 0 0 0 0 0 0 0 0 0 0 0 0 0 0 -1 0 0 0
0 0 0 0 0 0 0 0 0 0 0 0 0 0 0 0 0 0 0 -1 0 0
0 0 0 0 0 0 0 0 0 0 0 0 0 0 0 0 0 0 0 0 -1 0
0 0 0 0 0 0 0 0 0 0 0 0 0 0 0 0 0 0 0 0 0 -1
69 8506
2 -2 1 0 -1 -2 0 3 0 -1 -1 1 0 -2 -1 0 -1 1 1 2 0 1
0 2 1 1 0 2 0 -2 -1 1 0 -1 -1 1 1 0 -1 0 -1 -1 0 1
-2 1 0 2 2 1 1 -2 0 1 2 0 -2 0 1 -1 0 -3 -1 -2 -1 0
2 -1 0 -1 -1 -1 -1 2 0 -1 -1 0 1 0 -1 1 0 2 1 2 1 0
-1 0 0 1 0 1 1 -1 0 0 1 0 0 0 1 0 0 -1 -1 0 0 0
0 0 0 -1 0 -1 -1 1 1 -1 -1 0 1 -1 0 0 1 0 1 0 0 0
0 0 0 1 0 1 1 -1 -1 0 1 0 -1 0 0 0 -1 -1 -1 0 0 1
-1 2 0 0 1 1 -1 -2 0 0 0 -1 0 1 1 0 0 -1 -1 -2 0 0
1 -1 0 0 -1 0 0 1 0 0 0 0 0 0 -1 0 0 1 0 1 0 0
-1 1 0 0 0 1 0 -2 0 1 0 -1 0 1 1 0 0 0 -1 -1 0 -1
-1 1 0 1 1 2 0 -3 0 1 1 -1 -1 0 1 -1 -1 -1 -2 -2 1 0
1 -1 0 -1 0 -3 -1 3 0 -1 -1 1 0 -1 -1 0 1 1 2 1 -1 0
0 0 0 0 0 1 0 -1 0 0 0 -1 0 0 1 0 -1 0 -1 0 1 0
0 -1 0 0 0 -2 0 2 0 -1 0 1 0 0 -1 0 0 0 1 1 -1 0
1 -1 0 -1 0 -2 -1 2 0 -1 -1 1 1 -1 -1 0 0 1 1 1 0 0
0 0 -1 0 0 1 0 -1 0 1 0 -1 0 0 0 0 1 0 -1 -1 1 -1
-1 0 0 1 1 0 1 0 0 0 1 1 -1 0 0 0 0 -1 0 0 -1 0
0 0 -1 0 0 1 0 -1 0 0 1 0 0 0 0 0 0 0 -1 0 1 0
1 -1 0 -1 -1 -1 -1 1 0 -1 -1 0 1 -1 -1 0 0 1 1 1 1 0
-1 1 1 1 0 1 1 -1 0 1 0 0 0 1 1 0 0 0 0 0 -1 0
-1 1 0 1 1 0 0 -1 -1 0 1 0 -1 1 0 0 0 -1 0 -1 -1 0
-1 0 -1 0 0 1 1 -1 0 0 1 0 0 1 0 0 0 0 -1 0 0 -1
69 8934
-2 2 -1 0 1 2 0 -3 0 1 1 -1 0 2 1 0 1 -1 -1 -2 0 -1
0 -2 -1 -1 0 -2 0 2 1 -1 0 1 1 -1 -1 0 1 0 1 1 0 -1
2 -1 0 -2 -2 -1 -1 2 0 -1 -2 0 2 0 -1 1 0 3 1 2 1 0
-2 1 0 1 1 1 1 -2 0 1 1 0 -1 0 1 -1 0 -2 -1 -2 -1 0
1 0 0 -1 0 -1 -1 1 0 0 -1 0 0 0 -1 0 0 1 1 0 0 0
0 0 0 1 0 1 1 -1 -1 1 1 0 -1 1 0 0 -1 0 -1 0 0 0
0 0 0 -1 0 -1 -1 1 1 0 -1 0 1 0 0 0 1 1 1 0 0 -1
1 -2 0 0 -1 -1 1 2 0 0 0 1 0 -1 -1 0 0 1 1 2 0 0
-1 1 0 0 1 0 0 -1 0 0 0 0 0 0 1 0 0 -1 0 -1 0 0
1 -1 0 0 0 -1 0 2 0 -1 0 1 0 -1 -1 0 0 0 1 1 0 1
1 -1 0 -1 -1 -2 0 3 0 -1 -1 1 1 0 -1 1 1 1 2 2 -1 0
-1 1 0 1 0 3 1 -3 0 1 1 -1 0 1 1 0 -1 -1 -2 -1 1 0
0 0 0 0 0 -1 0 1 0 0 0 1 0 0 -1 0 1 0 1 0 -1 0
0 1 0 0 0 2 0 -2 0 1 0 -1 0 0 1 0 0 0 -1 -1 1 0
-1 1 0 1 0 2 1 -2 0 1 1 -1 -1 1 1 0 0 -1 -1 -1 0 0
0 0 1 0 0 -1 0 1 0 -1 0 1 0 0 0 0 -1 0 1 1 -1 1
1 0 0 -1 -1 0 -1 0 0 0 -1 -1 1 0 0 0 0 1 0 0 1 0
0 0 1 0 0 -1 0 1 0 0 -1 0 0 0 0 0 0 0 1 0 -1 0
-1 1 0 1 1 1 1 -1 0 1 1 0 -1 1 1 0 0 -1 -1 -1 -1 0
1 -1 -1 -1 0 -1 -1 1 0 -1 0 0 0 -1 -1 0 0 0 0 0 1 0
1 -1 0 -1 -1 0 0 1 1 0 -1 0 1 -1 0 0 0 1 0 1 1 0
1 0 1 0 0 -1 -1 1 0 0 -1 0 0 -1 0 0 0 0 1 0 0 1
70 0
1 0 0 0 0 0 0 0 0 0 0 0 0 0 0 0 0 0 0 0 0 0
0 1 0 0 0 0 0 0 0 0 0 0 0 0 0 0 0 0 0 0 0 0
0 0 1 0 0 0 0 0 0 0 0 0 0 0 0 0 0 0 0 0 0 0
0 0 0 1 0 0 0 0 0 0 0 0 0 0 0 0 0 0 0 0 0 0
0 0 0 0 1 0 0 0 0 0 0 0 0 0 0 0 0 0 0 0 0 0
0 0 0 0 0 1 0 0 0 0 0 0 0 0 0 0 0 0 0 0 0 0
0 0 0 0 0 0 1 0 0 0 0 0 0 0 0 0 0 0 0 0 0 0
0 0 0 0 0 0 0 1 0 0 0 0 0 0 0 0 0 0 0 0 0 0
0 0 0 0 0 0 0 0 1 0 0 0 0 0 0 0 0 0 0 0 0 0
0 0 0 0 0 0 0 0 0 1 0 0 0 0 0 0 0 0 0 0 0 0
0 0 0 0 0 0 0 0 0 0 1 0 0 0 0 0 0 0 0 0 0 0
0 0 0 0 0 0 0 0 0 0 0 1 0 0 0 0 0 0 0 0 0 0
0 0 0 0 0 0 0 0 0 0 0 0 1 0 0 0 0 0 0 0 0 0
0 0 0 0 0 0 0 0 0 0 0 0 0 1 0 0 0 0 0 0 0 0
0 0 0 0 0 0 0 0 0 0 0 0 0 0 1 0 0 0 0 0 0 0
0 0 0 0 0 0 0 0 0 0 0 0 0 0 0 1 0 0 0 0 0 0
0 0 0 0 0 0 0 0 0 0 0 0 0 0 0 0 1 0 0 0 0 0
0 0 0 0 0 0 0 0 0 0 0 0 0 0 0 0 0 1 0 0 0 0
0 0 0 0 0 0 0 0 0 0 0 0 0 0 0 0 0 0 1 0 0 0
0 0 0 0 0 0 0 0 0 0 0 0 0 0 0 0 0 0 0 1 0 0
0 0 0 0 0 0 0 0 0 0 0 0 0 0 0 0 0 0 0 0 1 0
0 0 0 0 0 0 0 0 0 0 0 0 0 0 0 0 0 0 0 0 0 1
70 2589
-1 0 0 0 0 0 0 0 0 0 0 0 0 0 0 0 0 0 0 0 0 0
0 -1 0 0 0 0 0 0 0 0 0 0 0 0 0 0 0 0 0 0 0 0
0 0 -1 0 0 0 0 0 0 0 0 0 0 0 0 0 0 0 0 0 0 0
0 0 0 -1 0 0 0 0 0 0 0 0 0 0 0 0 0 0 0 0 0 0
0 0 0 0 -1 0 0 0 0 0 0 0 0 0 0 0 0 0 0 0 0 0
0 0 0 0 0 -1 0 0 0 0 0 0 0 0 0 0 0 0 0 0 0 0
0 0 0 0 0 0 -1 0 0 0 0 0 0 0 0 0 0 0 0 0 0 0
0 0 0 0 0 0 0 -1 0 0 0 0 0 0 0 0 0 0 0 0 0 0
0 0 0 0 0 0 0 0 -1 0 0 0 0 0 0 0 0 0 0 0 0 0
0 0 0 0 0 0 0 0 0 -1 0 0 0 0 0 0 0 0 0 0 0 0
0 0 0 0 0 0 0 0 0 0 -1 0 0 0 0 0 0 0 0 0 0 0
0 0 0 0 0 0 0 0 0 0 0 -1 0 0 0 0 0 0 0 0 0 0
0 0 0 0 0 0 0 0 0 0 0 0 -1 0 0 0 0 0 0 0 0 0
0 0 0 0 0 0 0 0 0 0 0 0 0 -1 0 0 0 0 0 0 0 0
0 0 0 0 0 0 0 0 0 0 0 0 0 0 -1 0 0 0 0 0 0 0
0 0 0 0 0 0 0 0 0 0 0 0 0 0 0 -1 0 0 0 0 0 0
0 0 0 0 0 0 0 0 0 0 0 0 0 0 0 0 -1 0 0 0 0 0
0 0 0 0 0 0 0 0 0 0 0 0 0 0 0 0 0 -1 0 0 0 0
0 0 0 0 0 0 0 0 0 0 0 0 0 0 0 0 0 0 -1 0 0 0
0 0 0 0 0 0 0 0 0 0 0 0 0 0 0 0 0 0 0 -1 0 0
0 0 0 0 0 0 0 0 0 0 0 0 0 0 0 0 0 0 0 0 -1 0
0 0 0 0 0 0 0 0 0 0 0 0 0 0 0 0 0 0 0 0 0 -1
70 6293
0 0 -1 0 -1 0 -1 -1 -1 -1 1 -1 0 1 -1 0 1 1 -1 0 -1 -1
0 -2 0 -1 -1 0 0 2 2 0 0 1 1 -1 0 -1 0 1 1 1 1 1
0 -1 0 1 2 -1 1 1 1 1 -1 1 0 -2 1 1 0 -2 -1 -1 1 0
0 1 0 -1 -1 0 -1 -1 -1 -1 0 -1 0 1 -1 -1 0 1 1 0 -1 0
0 0 0 1 1 0 0 0 0 0 0 0 0 0 0 1 0 -1 0 0 1 0
0 2 0 0 0 0 0 -1 -2 0 -1 -1 0 1 0 1 0 -1 0 -1 -1 0
0 -2 0 1 0 0 1 1 1 0 1 1 0 -1 0 0 0 0 0 1 1 0
0 0 0 -1 0 0 0 1 1 0 -1 1 1 -1 0 0 0 0 1 0 1 1
0 -1 0 0 -1 0 0 0 0 0 1 0 0 0 0 -1 0 1 0 1 0 0
0 0 0 0 0 1 0 0 1 1 0 0 0 0 0 0 0 0 0 0 1 0
0 -1 0 0 0 1 1 1 2 1 0 1 1 -1 1 0 0 0 0 0 2 1
0 1 -1 -1 0 -1 -1 -1 -2 -1 0 -1 -1 1 -1 0 0 0 -1 -1 -2 -1
0 0 0 0 0 1 0 0 1 0 0 0 1 0 0 0 0 0 0 0 1 0
0 0 -1 0 1 -1 -1 -1 -1 -1 1 0 -1 0 -1 0 0 0 -1 0 -1 -1
0 1 0 -1 -1 0 -1 -1 -1 -1 0 -1 0 1 0 0 0 1 0 0 -1 0
0 0 0 0 0 1 1 0 0 1 0 0 0 0 1 0 0 0 0 0 1 0
1 -1 0 1 1 -1 0 1 0 0 0 0 -1 -1 0 1 0 -1 -1 0 0 0
0 0 0 0 0 0 0 0 0 0 0 0 0 0 0 0 0 0 1 0 1 0
0 1 0 0 -1 1 0 -1 -1 0 0 -1 0 1 0 0 0 1 0 0 0 0
0 -1 0 0 0 0 0 1 1 0 0 0 0 0 0 0 0 0 0 1 0 0
0 -1 0 0 1 -1 0 1 1 0 0 1 0 -1 0 0 0 0 0 0 0 0
0 0 0 1 1 0 0 0 0 0 1 0 -1 0 0 0 0 -1 0 0 0 0
70 7536
0 0 1 0 1 0 1 1 1 1 -1 1 0 -1 1 0 -1 -1 1 0 1 1
0 2 0 1 1 0 0 -2 -2 0 0 -1 -1 1 0 1 0 -1 -1 -1 -1 -1
0 1 0 -1 -2 1 -1 -1 -1 -1 1 -1 0 2 -1 -1 0 2 1 1 -1 0
0 -1 0 1 1 0 1 1 1 1 0 1 0 -1 1 1 0 -1 -1 0 1 0
0 0 0 -1 -1 0 0 0 0 0 0 0 0 0 0 -1 0 1 0 0 -1 0
0 -2 0 0 0 0 0 1 2 0 1 1 0 -1 0 -1 0 1 0 1 1 0
0 2 0 -1 0 0 -1 -1 -1 0 -1 -1 0 1 0 0 0 0 0 -1 -1 0
0 0 0 1 0 0 0 -1 -1 0 1 -1 -1 1 0 0 0 0 -1 0 -1 -1
0 1 0 0 1 0 0 0 0 0 -1 0 0 0 0 1 0 -1 0 -1 0 0
0 0 0 0 0 -1 0 0 -1 -1 0 0 0 0 0 0 0 0 0 0 -1 0
0 1 0 0 0 -1 -1 -1 -2 -1 0 -1 -1 1 -1 0 0 0 0 0 -2 -1
0 -1 1 1 0 1 1 1 2 1 0 1 1 -1 1 0 0 0 1 1 2 1
0 0 0 0 0 -1 0 0 -1 0 0 0 -1 0 0 0 0 0 0 0 -1 0
0 0 1 0 -1 1 1 1 1 1 -1 0 1 0 1 0 0 0 1 0 1 1
0 -1 0 1 1 0 1 1 1 1 0 1 0 -1 0 0 0 -1 0 0 1 0
0 0 0 0 0 -1 -1 0 0 -1 0 0 0 0 -1 0 0 0 0 0 -1 0
-1 1 0 -1 -1 1 0 -1 0 0 0 0 1 1 0 -1 0 1 1 0 0 0
0 0 0 0 0 0 0 0 0 0 0 0 0 0 0 0 0 0 -1 0 -1 0
0 -1 0 0 1 -1 0 1 1 0 0 1 0 -1 0 0 0 -1 0 0 0 0
0 1 0 0 0 0 0 -1 -1 0 0 0 0 0 0 0 0 0 0 -1 0 0
0 1 0 0 -1 1 0 -1 -1 0 0 -1 0 1 0 0 0 0 0 0 0 0
0 0 0 -1 -1 0 0 0 0 0 -1 0 1 0 0 0 0 1 0 0 0 0
71 0
1 0 0 0 0 0 0 0 0 0 0 0 0 0 0 0 0 0 0 0 0 0
0 1 0 0 0 0 0 0 0 0 0 0 0 0 0 0 0 0 0 0 0 0
0 0 1 0 0 0 0 0 0 0 0 0 0 0 0 0 0 0 0 0 0 0
0 0 0 1 0 0 0 0 0 0 0 0 0 0 0 0 0 0 0 0 0 0
0 0 0 0 1 0 0 0 0 0 0 0 0 0 0 0 0 0 0 0 0 0
0 0 0 0 0 1 0 0 0 0 0 0 0 0 0 0 0 0 0 0 0 0
0 0 0 0 0 0 1 0 0 0 0 0 0 0 0 0 0 0 0 0 0 0
0 0 0 0 0 0 0 1 0 0 0 0 0 0 0 0 0 0 0 0 0 0
0 0 0 0 0 0 0 0 1 0 0 0 0 0 0 0 0 0 0 0 0 0
0 0 0 0 0 0 0 0 0 1 0 0 0 0 0 0 0 0 0 0 0 0
0 0 0 0 0 0 0 0 0 0 1 0 0 0 0 0 0 0 0 0 0 0
0 0 0 0 0 0 0 0 0 0 0 1 0 0 0 0 0 0 0 0 0 0
0 0 0 0 0 0 0 0 0 0 0 0 1 0 0 0 0 0 0 0 0 0
0 0 0 0 0 0 0 0 0 0 0 0 0 1 0 0 0 0 0 0 0 0
0 0 0 0 0 0 0 0 0 0 0 0 0 0 1 0 0 0 0 0 0 0
0 0 0 0 0 0 0 0 0 0 0 0 0 0 0 1 0 0 0 0 0 0
0 0 0 0 0 0 0 0 0 0 0 0 0 0 0 0 1 0 0 0 0 0
0 0 0 0 0 0 0 0 0 0 0 0 0 0 0 0 0 1 0 0 0 0
0 0 0 0 0 0 0 0 0 0 0 0 0 0 0 0 0 0 1 0 0 0
0 0 0 0 0 0 0 0 0 0 0 0 0 0 0 0 0 0 0 1 0 0
0 0 0 0 0 0 0 0 0 0 0 0 0 0 0 0 0 0 0 0 1 0
0 0 0 0 0 0 0 0 0 0 0 0 0 0 0 0 0 0 0 0 0 1
71 2589
-1 0 0 0 0 0 0 0 0 0 0 0 0 0 0 0 0 0 0 0 0 0
0 -1 0 0 0 0 0 0 0 0 0 0 0 0 0 0 0 0 0 0 0 0
0 0 -1 0 0 0 0 0 0 0 0 0 0 0 0 0 0 0 0 0 0 0
0 0 0 -1 0 0 0 0 0 0 0 0 0 0 0 0 0 0 0 0 0 0
0 0 0 0 -1 0 0 0 0 0 0 0 0 0 0 0 0 0 0 0 0 0
0 0 0 0 0 -1 0 0 0 0 0 0 0 0 0 0 0 0 0 0 0 0
0 0 0 0 0 0 -1 0 0 0 0 0 0 0 0 0 0 0 0 0 0 0
0 0 0 0 0 0 0 -1 0 0 0 0 0 0 0 0 0 0 0 0 0 0
0 0 0 0 0 0 0 0 -1 0 0 0 0 0 0 0 0 0 0 0 0 0
0 0 0 0 0 0 0 0 0 -1 0 0 0 0 0 0 0 0 0 0 0 0
0 0 0 0 0 0 0 0 0 0 -1 0 0 0 0 0 0 0 0 0 0 0
0 0 0 0 0 0 0 0 0 0 0 -1 0 0 0 0 0 0 0 0 0 0
0 0 0 0 0 0 0 0 0 0 0 0 -1 0 0 0 0 0 0 0 0 0
0 0 0 0 0 0 0 0 0 0 0 0 0 -1 0 0 0 0 0 0 0 0
0 0 0 0 0 0 0 0 0 0 0 0 0 0 -1 0 0 0 0 0 0 0
0 0 0 0 0 0 0 0 0 0 0 0 0 0 0 -1 0 0 0 0 0 0
0 0 0 0 0 0 0 0 0 0 0 0 0 0 0 0 -1 0 0 0 0 0
0 0 0 0 0 0 0 0 0 0 0 0 0 0 0 0 0 -1 0 0 0 0
0 0 0 0 0 0 0 0 0 0 0 0 0 0 0 0 0 0 -1 0 0 0
0 0 0 0 0 0 0 0 0 0 0 0 0 0 0 0 0 0 0 -1 0 0
0 0 0 0 0 0 0 0 0 0 0 0 0 0 0 0 0 0 0 0 -1 0
0 0 0 0 0 0 0 0 0 0 0 0 0 0 0 0 0 0 0 0 0 -1
71 7502
0 -1 -1 -1 1 -1 1 0 -1 0 1 1 -1 -1 0 -1 -1 -1 -1 -2 0 0
0 2 1 0 -1 2 -1 -2 0 0 -1 -2 1 2 0 1 -1 1 0 0 1 0
2 0 -1 0 -2 1 -1 1 -1 0 -1 -3 -1 1 -1 1 2 2 1 2 1 -1
-2 0 0 0 2 -1 1 -1 0 0 1 2 0 -1 1 -1 -1 -2 -1 -2 -1 0
1 0 0 0 0 0 -1 0 0 0 0 -1 -1 0 0 0 0 1 0 1 0 0
0 -1 0 0 0 -2 0 1 0 0 0 1 0 -1 0 0 1 0 1 0 0 0
1 1 0 0 0 1 -1 -1 -1 0 0 -2 -1 1 0 0 -1 0 -1 0 0 0
0 1 1 0 -1 1 -1 -1 1 0 -1 -1 1 1 0 1 0 1 1 1 1 0
0 0 0 0 1 0 0 0 0 0 0 0 0 0 0 0 -1 -1 -1 -1 0 0
0 1 1 0 -1 1 0 0 1 0 -1 0 1 1 0 1 0 1 1 1 0 1
1 2 1 -1 -1 1 -2 -1 0 -1 -2 -2 1 1 0 1 -1 1 1 1 1 1
-1 -2 -1 0 0 -1 2 1 0 1 1 2 0 -1 0 -1 1 0 0 -1 0 -1
0 1 0 -1 0 0 -1 -1 0 -1 0 0 0 0 0 0 -1 0 0 0 0 1
0 -2 -1 0 0 0 2 1 0 1 1 1 -1 -1 0 -1 0 0 -1 0 0 -1
-1 -1 0 0 1 -1 1 0 0 0 1 2 0 -1 0 -1 -1 -1 0 -1 0 0
0 1 1 0 0 0 -1 0 1 0 -1 0 1 0 0 0 0 0 1 0 0 1
1 -1 -1 0 -1 0 0 1 -1 0 0 -1 -1 0 -1 0 1 1 0 1 0 -1
0 1 0 0 1 0 -1 -1 0 0 0 0 0 0 0 0 0 0 0 0 0 0
0 0 1 0 1 -1 0 0 0 0 0 1 0 -1 1 0 -1 -1 0 -1 0 1
0 0 0 0 -1 1 0 0 0 0 0 -1 0 1 0 0 0 1 0 1 0 0
0 0 0 0 -1 1 0 0 0 0 0 -1 0 1 0 0 0 1 0 1 0 -1
0 0 0 0 0 0 0 0 0 0 0 0 0 0 0 0 0 0 0 1 -1 0
71 10652
0 1 1 1 -1 1 -1 0 1 0 -1 -1 1 1 0 1 1 1 1 2 0 0
0 -2 -1 0 1 -2 1 2 0 0 1 2 -1 -2 0 -1 1 -1 0 0 -1 0
-2 0 1 0 2 -1 1 -1 1 0 1 3 1 -1 1 -1 -2 -2 -1 -2 -1 1
2 0 0 0 -2 1 -1 1 0 0 -1 -2 0 1 -1 1 1 2 1 2 1 0
-1 0 0 0 0 0 1 0 0 0 0 1 1 0 0 0 0 -1 0 -1 0 0
0 1 0 0 0 2 0 -1 0 0 0 -1 0 1 0 0 -1 0 -1 0 0 0
-1 -1 0 0 0 -1 1 1 1 0 0 2 1 -1 0 0 1 0 1 0 0 0
0 -1 -1 0 1 -1 1 1 -1 0 1 1 -1 -1 0 -1 0 -1 -1 -1 -1 0
0 0 0 0 -1 0 0 0 0 0 0 0 0 0 0 0 1 1 1 1 0 0
0 -1 -1 0 1 -1 0 0 -1 0 1 0 -1 -1 0 -1 0 -1 -1 -1 0 -1
-1 -2 -1 1 1 -1 2 1 0 1 2 2 -1 -1 0 -1 1 -1 -1 -1 -1 -1
1 2 1 0 0 1 -2 -1 0 -1 -1 -2 0 1 0 1 -1 0 0 1 0 1
0 -1 0 1 0 0 1 1 0 1 0 0 0 0 0 0 1 0 0 0 0 -1
0 2 1 0 0 0 -2 -1 0 -1 -1 -1 1 1 0 1 0 0 1 0 0 1
1 1 0 0 -1 1 -1 0 0 0 -1 -2 0 1 0 1 1 1 0 1 0 0
0 -1 -1 0 0 0 1 0 -1 0 1 0 -1 0 0 0 0 0 -1 0 0 -1
-1 1 1 0 1 0 0 -1 1 0 0 1 1 0 1 0 -1 -1 0 -1 0 1
0 -1 0 0 -1 0 1 1 0 0 0 0 0 0 0 0 0 0 0 0 0 0
0 0 -1 0 -1 1 0 0 0 0 0 -1 0 1 -1 0 1 1 0 1 0 -1
0 0 0 0 1 -1 0 0 0 0 0 1 0 -1 0 0 0 -1 0 -1 0 0
0 0 0 0 1 -1 0 0 0 0 0 1 0 -1 0 0 0 -1 0 -1 0 1
0 0 0 0 0 0 0 0 0 0 0 0 0 0 0 0 0 0 0 -1 1 0
72 0
1 0 0 0 0 0 0 0 0 0 0 0 0 0 0 0 0 0 0 0 0 0
0 1 0 0 0 0 0 0 0 0 0 0 0 0 0 0 0 0 0 0 0 0
0 0 1 0 0 0 0 0 0 0 0 0 0 0 0 0 0 0 0 0 0 0
0 0 0 1 0 0 0 0 0 0 0 0 0 0 0 0 0 0 0 0 0 0
0 0 0 0 1 0 0 0 0 0 0 0 0 0 0 0 0 0 0 0 0 0
0 0 0 0 0 1 0 0 0 0 0 0 0 0 0 0 0 0 0 0 0 0
0 0 0 0 0 0 1 0 0 0 0 0 0 0 0 0 0 0 0 0 0 0
0 0 0 0 0 0 0 1 0 0 0 0 0 0 0 0 0 0 0 0 0 0
0 0 0 0 0 0 0 0 1 0 0 0 0 0 0 0 0 0 0 0 0 0
0 0 0 0 0 0 0 0 0 1 0 0 0 0 0 0 0 0 0 0 0 0
0 0 0 0 0 0 0 0 0 0 1 0 0 0 0 0 0 0 0 0 0 0
0 0 0 0 0 0 0 0 0 0 0 1 0 0 0 0 0 0 0 0 0 0
0 0 0 0 0 0 0 0 0 0 0 0 1 0 0 0 0 0 0 0 0 0
0 0 0 0 0 0 0 0 0 0 0 0 0 1 0 0 0 0 0 0 0 0
0 0 0 0 0 0 0 0 0 0 0 0 0 0 1 0 0 0 0 0 0 0
0 0 0 0 0 0 0 0 0 0 0 0 0 0 0 1 0 0 0 0 0 0
0 0 0 0 0 0 0 0 0 0 0 0 0 0 0 0 1 0 0 0 0 0
0 0 0 0 0 0 0 0 0 0 0 0 0 0 0 0 0 1 0 0 0 0
0 0 0 0 0 0 0 0 0 0 0 0 0 0 0 0 0 0 1 0 0 0
0 0 0 0 0 0 0 0 0 0 0 0 0 0 0 0 0 0 0 1 0 0
0 0 0 0 0 0 0 0 0 0 0 0 0 0 0 0 0 0 0 0 1 0
0 0 0 0 0 0 0 0 0 0 0 0 0 0 0 0 0 0 0 0 0 1
72 2589
-1 0 0 0 0 0 0 0 0 0 0 0 0 0 0 0 0 0 0 0 0 0
0 -1 0 0 0 0 0 0 0 0 0 0 0 0 0 0 0 0 0 0 0 0
0 0 -1 0 0 0 0 0 0 0 0 0 0 0 0 0 0 0 0 0 0 0
0 0 0 -1 0 0 0 0 0 0 0 0 0 0 0 0 0 0 0 0 0 0
0 0 0 0 -1 0 0 0 0 0 0 0 0 0 0 0 0 0 0 0 0 0
0 0 0 0 0 -1 0 0 0 0 0 0 0 0 0 0 0 0 0 0 0 0
0 0 0 0 0 0 -1 0 0 0 0 0 0 0 0 0 0 0 0 0 0 0
0 0 0 0 0 0 0 -1 0 0 0 0 0 0 0 0 0 0 0 0 0 0
0 0 0 0 0 0 0 0 -1 0 0 0 0 0 0 0 0 0 0 0 0 0
0 0 0 0 0 0 0 0 0 -1 0 0 0 0 0 0 0 0 0 0 0 0
0 0 0 0 0 0 0 0 0 0 -1 0 0 0 0 0 0 0 0 0 0 0
0 0 0 0 0 0 0 0 0 0 0 -1 0 0 0 0 0 0 0 0 0 0
0 0 0 0 0 0 0 0 0 0 0 0 -1 0 0 0 0 0 0 0 0 0
0 0 0 0 0 0 0 0 0 0 0 0 0 -1 0 0 0 0 0 0 0 0
0 0 0 0 0 0 0 0 0 0 0 0 0 0 -1 0 0 0 0 0 0 0
0 0 0 0 0 0 0 0 0 0 0 0 0 0 0 -1 0 0 0 0 0 0
0 0 0 0 0 0 0 0 0 0 0 0 0 0 0 0 -1 0 0 0 0 0
0 0 0 0 0 0 0 0 0 0 0 0 0 0 0 0 0 -1 0 0 0 0
0 0 0 0 0 0 0 0 0 0 0 0 0 0 0 0 0 0 -1 0 0 0
0 0 0 0 0 0 0 0 0 0 0 0 0 0 0 0 0 0 0 -1 0 0
0 0 0 0 0 0 0 0 0 0 0 0 0 0 0 0 0 0 0 0 -1 0
0 0 0 0 0 0 0 0 0 0 0 0 0 0 0 0 0 0 0 0 0 -1
72 7712
1 0 1 1 -1 1 1 1 1 0 -1 0 2 -1 1 1 1 0 -1 1 0 1
0 0 0 -1 -1 0 0 -1 0 1 0 0 0 0 0 -1 -1 1 0 -1 1 -1
1 0 -1 0 0 1 0 -1 -1 2 0 0 -2 0 -2 0 0 2 1 0 2 -1
-1 0 1 0 0 -1 0 1 1 -2 0 1 2 0 1 0 0 -1 0 1 -2 1
1 -1 0 0 0 0 0 0 0 1 0 0 -1 -1 0 0 0 1 0 0 1 0
0 1 1 0 0 0 0 1 0 -1 -1 0 0 0 0 0 0 -1 1 0 -1 2
1 -1 -1 0 0 0 0 -1 -1 1 1 0 -1 -1 0 0 0 1 -1 0 1 -1
0 0 0 -1 0 -1 -1 0 0 0 0 0 -1 0 -1 -1 -1 0 1 -1 0 0
0 0 0 0 0 0 0 0 0 0 0 0 1 0 1 0 0 0 -1 0 0 0
0 0 0 0 0 0 0 0 0 1 0 -1 -1 1 0 0 0 0 0 -1 0 -1
1 -1 -1 -1 0 -1 0 0 -1 1 0 0 -2 -1 -1 -1 -1 1 0 -1 1 -1
-1 2 1 1 0 1 0 0 1 -1 -1 0 2 1 0 1 1 -1 0 0 -1 1
1 -1 0 0 0 -1 0 1 0 0 0 0 -1 -1 0 0 0 0 0 0 0 0
0 0 0 1 0 1 0 0 1 0 0 0 1 0 0 1 1 0 -1 1 0 0
-1 1 1 0 0 0 0 0 1 -1 -1 0 2 0 1 0 0 -1 0 0 -1 1
0 0 0 0 1 -1 0 0 -1 0 0 0 -1 0 0 0 -1 -1 0 -1 0 0
0 0 -1 0 0 1 0 -1 0 1 0 0 0 0 -1 0 1 1 0 0 1 -1
0 -1 0 0 1 -1 0 0 0 0 1 1 -1 -1 0 -1 -1 0 0 0 0 0
0 0 1 0 0 -1 0 1 0 -1 -1 0 1 -1 1 0 0 -1 0 0 -1 1
0 0 0 0 -1 1 0 -1 0 1 0 -1 0 1 0 0 0 1 0 0 1 -1
0 0 -1 -1 0 0 -1 -1 0 0 0 0 0 0 -1 0 0 1 0 0 1 -1
0 -1 -1 0 1 0 0 0 0 0 1 0 -1 0 0 0 0 0 -1 0 0 -1
72 7833
-1 0 -1 -1 1 -1 -1 -1 -1 0 1 0 -2 1 -1 -1 -1 0 1 -1 0 -1
0 0 0 1 1 0 0 1 0 -1 0 0 0 0 0 1 1 -1 0 1 -1 1
-1 0 1 0 0 -1 0 1 1 -2 0 0 2 0 2 0 0 -2 -1 0 -2 1
1 0 -1 0 0 1 0 -1 -1 2 0 -1 -2 0 -1 0 0 1 0 -1 2 -1
-1 1 0 0 0 0 0 0 0 -1 0 0 1 1 0 0 0 -1 0 0 -1 0
0 -1 -1 0 0 0 0 -1 0 1 1 0 0 0 0 0 0 1 -1 0 1 -2
-1 1 1 0 0 0 0 1 1 -1 -1 0 1 1 0 0 0 -1 1 0 -1 1
0 0 0 1 0 1 1 0 0 0 0 0 1 0 1 1 1 0 -1 1 0 0
0 0 0 0 0 0 0 0 0 0 0 0 -1 0 -1 0 0 0 1 0 0 0
0 0 0 0 0 0 0 0 0 -1 0 1 1 -1 0 0 0 0 0 1 0 1
-1 1 1 1 0 1 0 0 1 -1 0 0 2 1 1 1 1 -1 0 1 -1 1
1 -2 -1 -1 0 -1 0 0 -1 1 1 0 -2 -1 0 -1 -1 1 0 0 1 -1
-1 1 0 0 0 1 0 -1 0 0 0 0 1 1 0 0 0 0 0 0 0 0
0 0 0 -1 0 -1 0 0 -1 0 0 0 -1 0 0 -1 -1 0 1 -1 0 0
1 -1 -1 0 0 0 0 0 -1 1 1 0 -2 0 -1 0 0 1 0 0 1 -1
0 0 0 0 -1 1 0 0 1 0 0 0 1 0 0 0 1 1 0 1 0 0
0 0 1 0 0 -1 0 1 0 -1 0 0 0 0 1 0 -1 -1 0 0 -1 1
0 1 0 0 -1 1 0 0 0 0 -1 -1 1 1 0 1 1 0 0 0 0 0
0 0 -1 0 0 1 0 -1 0 1 1 0 -1 1 -1 0 0 1 0 0 1 -1
0 0 0 0 1 -1 0 1 0 -1 0 1 0 -1 0 0 0 -1 0 0 -1 1
0 0 1 1 0 0 1 1 0 0 0 0 0 0 1 0 0 -1 0 0 -1 1
0 1 1 0 -1 0 0 0 0 0 -1 0 1 0 0 0 0 0 1 0 0 1
73 0
1 0 0 0 0 0 0 0 0 0 0 0 0 0 0 0 0 0 0 0 0 0
0 1 0 0 0 0 0 0 0 0 0 0 0 0 0 0 0 0 0 0 0 0
0 0 1 0 0 0 0 0 0 0 0 0 0 0 0 0 0 0 0 0 0 0
0 0 0 1 0 0 0 0 0 0 0 0 0 0 0 0 0 0 0 0 0 0
0 0 0 0 1 0 0 0 0 0 0 0 0 0 0 0 0 0 0 0 0 0
0 0 0 0 0 1 0 0 0 0 0 0 0 0 0 0 0 0 0 0 0 0
0 0 0 0 0 0 1 0 0 0 0 0 0 0 0 0 0 0 0 0 0 0
0 0 0 0 0 0 0 1 0 0 0 0 0 0 0 0 0 0 0 0 0 0
0 0 0 0 0 0 0 0 1 0 0 0 0 0 0 0 0 0 0 0 0 0
0 0 0 0 0 0 0 0 0 1 0 0 0 0 0 0 0 0 0 0 0 0
0 0 0 0 0 0 0 0 0 0 1 0 0 0 0 0 0 0 0 0 0 0
0 0 0 0 0 0 0 0 0 0 0 1 0 0 0 0 0 0 0 0 0 0
0 0 0 0 0 0 0 0 0 0 0 0 1 0 0 0 0 0 0 0 0 0
0 0 0 0 0 0 0 0 0 0 0 0 0 1 0 0 0 0 0 0 0 0
0 0 0 0 0 0 0 0 0 0 0 0 0 0 1 0 0 0 0 0 0 0
0 0 0 0 0 0 0 0 0 0 0 0 0 0 0 1 0 0 0 0 0 0
0 0 0 0 0 0 0 0 0 0 0 0 0 0 0 0 1 0 0 0 0 0
0 0 0 0 0 0 0 0 0 0 0 0 0 0 0 0 0 1 0 0 0 0
0 0 0 0 0 0 0 0 0 0 0 0 0 0 0 0 0 0 1 0 0 0
0 0 0 0 0 0 0 0 0 0 0 0 0 0 0 0 0 0 0 1 0 0
0 0 0 0 0 0 0 0 0 0 0 0 0 0 0 0 0 0 0 0 1 0
0 0 0 0 0 0 0 0 0 0 0 0 0 0 0 0 0 0 0 0 0 1
73 734
0 1 1 -1 1 -2 -3 0 1 -1 -1 0 1 0 -1 0 0 -1 1 -2 -1 1
1 -1 0 0 -2 0 0 1 -1 0 1 0 -1 0 0 0 0 1 1 3 0 1
1 -1 1 1 -3 2 3 1 0 1 0 0 0 0 2 1 0 2 -1 2 1 0
-1 1 0 -1 2 -1 -2 -1 1 0 -1 0 1 0 -1 -1 0 -1 1 -2 0 0
0 -1 0 0 -1 0 1 1 0 0 0 0 0 0 1 0 0 1 0 1 0 0
0 0 -1 0 1 0 0 0 0 0 0 0 0 0 -1 0 0 -1 -1 -2 1 -1
0 -1 1 0 -2 0 1 1 0 0 0 0 0 0 1 0 0 1 1 2 -1 1
1 -1 -1 0 -1 1 1 1 -1 0 1 0 -1 0 0 0 0 1 0 2 1 0
0 0 0 0 0 -1 -1 0 0 0 0 0 0 0 -1 0 1 0 1 0 -1 0
0 0 -1 0 0 0 0 0 -1 -1 1 0 -1 0 0 0 0 0 0 1 0 0
1 -2 0 0 -2 0 2 2 -1 0 1 1 -1 -1 1 0 0 1 1 3 0 1
-1 2 0 0 2 0 -2 -2 1 0 0 0 1 1 -1 0 0 -1 -1 -3 0 -1
0 -1 0 -1 0 -1 0 1 0 -1 0 1 0 -1 0 -1 -1 0 1 1 0 1
-1 2 1 0 1 0 -1 -1 1 0 -1 0 1 1 0 0 0 0 0 -2 -1 0
0 1 0 0 2 -1 -2 -1 0 0 0 0 0 0 -1 0 0 -1 0 -2 0 0
0 -1 -1 0 0 0 1 0 -1 0 1 0 -1 0 0 0 0 0 0 1 0 -1
0 0 1 1 -1 1 1 0 1 1 0 0 0 0 1 0 0 1 -1 0 0 0
0 -1 0 0 0 0 1 1 0 0 0 0 0 0 1 0 0 0 0 1 0 0
0 0 0 0 1 -1 -1 0 0 0 0 0 0 0 -1 0 0 -1 1 -1 0 0
0 0 0 0 -1 0 0 0 0 0 0 0 0 0 0 0 0 1 0 1 0 0
0 0 1 1 -1 1 1 0 0 1 0 0 0 0 1 0 0 1 0 1 0 0
-1 0 0 0 0 0 1 0 0 0 0 0 0 0 1 -1 0 0 0 0 -1 0
73 2589
-1 0 0 0 0 0 0 0 0 0 0 0 0 0 0 0 0 0 0 0 0 0
0 -1 0 0 0 0 0 0 0 0 0 0 0 0 0 0 0 0 0 0 0 0
0 0 -1 0 0 0 0 0 0 0 0 0 0 0 0 0 0 0 0 0 0 0
0 0 0 -1 0 0 0 0 0 0 0 0 0 0 0 0 0 0 0 0 0 0
0 0 0 0 -1 0 0 0 0 0 0 0 0 0 0 0 0 0 0 0 0 0
0 0 0 0 0 -1 0 0 0 0 0 0 0 0 0 0 0 0 0 0 0 0
0 0 0 0 0 0 -1 0 0 0 0 0 0 0 0 0 0 0 0 0 0 0
0 0 0 0 0 0 0 -1 0 0 0 0 0 0 0 0 0 0 0 0 0 0
0 0 0 0 0 0 0 0 -1 0 0 0 0 0 0 0 0 0 0 0 0 0
0 0 0 0 0 0 0 0 0 -1 0 0 0 0 0 0 0 0 0 0 0 0
0 0 0 0 0 0 0 0 0 0 -1 0 0 0 0 0 0 0 0 0 0 0
0 0 0 0 0 0 0 0 0 0 0 -1 0 0 0 0 0 0 0 0 0 0
0 0 0 0 0 0 0 0 0 0 0 0 -1 0 0 0 0 0 0 0 0 0
0 0 0 0 0 0 0 0 0 0 0 0 0 -1 0 0 0 0 0 0 0 0
0 0 0 0 0 0 0 0 0 0 0 0 0 0 -1 0 0 0 0 0 0 0
0 0 0 0 0 0 0 0 0 0 0 0 0 0 0 -1 0 0 0 0 0 0
0 0 0 0 0 0 0 0 0 0 0 0 0 0 0 0 -1 0 0 0 0 0
0 0 0 0 0 0 0 0 0 0 0 0 0 0 0 0 0 -1 0 0 0 0
0 0 0 0 0 0 0 0 0 0 0 0 0 0 0 0 0 0 -1 0 0 0
0 0 0 0 0 0 0 0 0 0 0 0 0 0 0 0 0 0 0 -1 0 0
0 0 0 0 0 0 0 0 0 0 0 0 0 0 0 0 0 0 0 0 -1 0
0 0 0 0 0 0 0 0 0 0 0 0 0 0 0 0 0 0 0 0 0 -1
73 4263
-1 0 0 0 1 1 0 0 1 0 1 0 1 1 1 -1 0 0 -1 0 -1 0
0 0 -1 0 0 1 0 -2 -1 0 0 -1 -1 0 -1 1 0 0 0 0 2 -1
3 -1 0 0 -1 0 0 1 0 0 -2 -1 0 -2 0 2 0 1 -1 1 3 0
-2 0 0 -1 0 0 0 0 1 0 1 1 1 1 0 -2 0 0 1 0 -2 0
1 0 0 0 0 0 0 0 0 0 0 0 0 0 0 1 0 0 0 0 1 0
0 0 0 0 -1 0 0 1 0 0 0 -1 0 1 0 -1 0 0 0 0 -1 0
1 0 0 0 1 0 -1 -1 0 0 0 0 0 -1 0 1 0 0 0 0 2 0
1 0 0 0 -1 0 0 0 -1 0 -1 -1 -1 0 -1 1 0 0 1 0 1 0
-1 0 0 0 1 0 0 -1 0 0 1 1 0 0 0 -1 -1 0 0 0 0 0
0 0 0 1 0 0 1 0 -1 0 0 0 -1 0 0 1 0 -1 0 0 0 0
1 0 0 0 0 0 0 -1 -1 0 -1 -1 -1 -1 0 1 0 0 1 0 2 0
-1 0 0 0 0 0 0 1 1 0 0 0 1 1 0 -1 0 0 -1 0 -2 0
0 0 0 0 0 0 0 0 0 0 0 0 0 0 0 0 1 0 1 0 0 0
0 0 0 0 1 0 0 1 1 0 0 1 1 0 0 0 0 0 -1 0 -1 0
-1 0 0 0 0 0 0 0 0 0 1 0 0 1 0 -1 0 0 0 0 -2 0
0 0 0 0 0 -1 0 0 -1 0 0 0 -1 0 0 0 0 0 1 0 0 0
1 0 0 0 0 0 0 0 0 0 -1 0 1 -1 0 1 0 0 -1 0 1 0
0 0 0 -1 0 -1 -1 0 0 -1 0 0 0 0 0 0 0 0 1 0 0 0
-1 0 0 0 0 0 0 0 0 0 1 0 0 1 0 -1 0 0 1 0 -1 0
0 0 0 1 0 1 1 -1 0 1 0 0 0 0 0 1 0 0 -1 0 1 -1
1 0 0 0 0 0 0 0 0 0 -1 0 0 -1 -1 1 0 0 0 0 1 0
0 0 0 0 1 -1 0 0 0 0 0 1 0 -1 0 0 0 -1 0 -1 0 0
73 5770
0 -1 -1 -1 0 -1 1 2 0 -1 0 2 0 -1 0 -1 0 1 0 0 0 1
-1 0 1 2 0 1 2 -1 0 2 -1 -1 0 0 1 1 0 -1 -1 -1 0 -2
1 -1 1 0 0 -1 -2 0 0 0 -1 -2 0 -1 0 0 0 0 0 1 0 -1
0 0 -1 0 0 0 1 1 0 -1 1 2 0 0 -1 0 0 0 0 0 0 1
0 0 1 0 0 -1 -1 0 0 0 0 0 0 0 0 0 0 0 1 0 -1 0
1 1 0 -1 0 0 -1 1 0 -1 -1 0 0 0 -1 0 0 0 1 0 0 2
0 -1 1 1 0 -1 0 0 0 1 0 0 0 -1 1 0 0 0 0 0 0 -1
0 1 1 1 0 1 0 -1 0 1 -1 -2 0 1 0 1 0 -1 0 -1 0 -1
-1 0 0 0 0 0 1 0 0 0 0 1 1 0 1 0 0 0 0 0 0 0
-1 1 0 0 0 1 0 -2 0 1 0 -1 0 1 0 0 0 0 0 -1 0 -1
0 0 2 2 0 0 0 -1 0 2 -1 -2 0 0 1 1 0 -1 0 -1 0 -1
0 0 -2 -2 0 0 0 1 0 -2 0 1 0 0 -1 -1 0 1 0 1 0 1
0 0 1 1 0 0 0 0 1 1 0 0 0 0 0 0 0 0 0 -1 0 0
0 -1 -2 -2 0 -1 -1 1 0 -2 1 1 0 0 -1 -1 0 1 0 1 0 0
0 0 -1 -1 0 0 1 1 0 -1 0 1 0 0 0 0 0 0 0 0 0 1
0 1 1 1 0 1 0 -1 0 1 0 -1 0 1 1 1 0 0 0 0 0 0
0 -1 0 -1 0 -1 -1 0 0 -1 0 0 0 -1 0 -1 -1 0 0 1 0 0
1 0 1 1 0 0 0 0 0 1 0 0 0 0 0 1 0 0 0 0 0 0
0 0 0 0 0 0 1 1 0 0 0 1 0 0 0 0 0 0 1 0 0 1
-1 0 0 0 0 0 0 -1 0 0 0 0 0 0 0 0 0 0 0 0 0 -1
0 -1 0 0 -1 0 0 0 0 0 0 -1 0 0 0 0 0 0 0 1 0 -1
0 0 0 0 0 0 -1 -1 0 0 1 0 0 0 0 0 0 0 0 0 0 0
73 8125
0 1 1 1 0 1 -1 -2 0 1 0 -2 0 1 0 1 0 -1 0 0 0 -1
1 0 -1 -2 0 -1 -2 1 0 -2 1 1 0 0 -1 -1 0 1 1 1 0 2
-1 1 -1 0 0 1 2 0 0 0 1 2 0 1 0 0 0 0 0 -1 0 1
0 0 1 0 0 0 -1 -1 0 1 -1 -2 0 0 1 0 0 0 0 0 0 -1
0 0 -1 0 0 1 1 0 0 0 0 0 0 0 0 0 0 0 -1 0 1 0
-1 -1 0 1 0 0 1 -1 0 1 1 0 0 0 1 0 0 0 -1 0 0 -2
0 1 -1 -1 0 1 0 0 0 -1 0 0 0 1 -1 0 0 0 0 0 0 1
0 -1 -1 -1 0 -1 0 1 0 -1 1 2 0 -1 0 -1 0 1 0 1 0 1
1 0 0 0 0 0 -1 0 0 0 0 -1 -1 0 -1 0 0 0 0 0 0 0
1 -1 0 0 0 -1 0 2 0 -1 0 1 0 -1 0 0 0 0 0 1 0 1
0 0 -2 -2 0 0 0 1 0 -2 1 2 0 0 -1 -1 0 1 0 1 0 1
0 0 2 2 0 0 0 -1 0 2 0 -1 0 0 1 1 0 -1 0 -1 0 -1
0 0 -1 -1 0 0 0 0 -1 -1 0 0 0 0 0 0 0 0 0 1 0 0
0 1 2 2 0 1 1 -1 0 2 -1 -1 0 0 1 1 0 -1 0 -1 0 0
0 0 1 1 0 0 -1 -1 0 1 0 -1 0 0 0 0 0 0 0 0 0 -1
0 -1 -1 -1 0 -1 0 1 0 -1 0 1 0 -1 -1 -1 0 0 0 0 0 0
0 1 0 1 0 1 1 0 0 1 0 0 0 1 0 1 1 0 0 -1 0 0
-1 0 -1 -1 0 0 0 0 0 -1 0 0 0 0 0 -1 0 0 0 0 0 0
0 0 0 0 0 0 -1 -1 0 0 0 -1 0 0 0 0 0 0 -1 0 0 -1
1 0 0 0 0 0 0 1 0 0 0 0 0 0 0 0 0 0 0 0 0 1
0 1 0 0 1 0 0 0 0 0 0 1 0 0 0 0 0 0 0 -1 0 1
0 0 0 0 0 0 1 1 0 0 -1 0 0 0 0 0 0 0 0 0 0 0
73 9205
1 0 0 0 -1 -1 0 0 -1 0 -1 0 -1 -1 -1 1 0 0 1 0 1 0
0 0 1 0 0 -1 0 2 1 0 0 1 1 0 1 -1 0 0 0 0 -2 1
-3 1 0 0 1 0 0 -1 0 0 2 1 0 2 0 -2 0 -1 1 -1 -3 0
2 0 0 1 0 0 0 0 -1 0 -1 -1 -1 -1 0 2 0 0 -1 0 2 0
-1 0 0 0 0 0 0 0 0 0 0 0 0 0 0 -1 0 0 0 0 -1 0
0 0 0 0 1 0 0 -1 0 0 0 1 0 -1 0 1 0 0 0 0 1 0
-1 0 0 0 -1 0 1 1 0 0 0 0 0 1 0 -1 0 0 0 0 -2 0
-1 0 0 0 1 0 0 0 1 0 1 1 1 0 1 -1 0 0 -1 0 -1 0
1 0 0 0 -1 0 0 1 0 0 -1 -1 0 0 0 1 1 0 0 0 0 0
0 0 0 -1 0 0 -1 0 1 0 0 0 1 0 0 -1 0 1 0 0 0 0
-1 0 0 0 0 0 0 1 1 0 1 1 1 1 0 -1 0 0 -1 0 -2 0
1 0 0 0 0 0 0 -1 -1 0 0 0 -1 -1 0 1 0 0 1 0 2 0
0 0 0 0 0 0 0 0 0 0 0 0 0 0 0 0 -1 0 -1 0 0 0
0 0 0 0 -1 0 0 -1 -1 0 0 -1 -1 0 0 0 0 0 1 0 1 0
1 0 0 0 0 0 0 0 0 0 -1 0 0 -1 0 1 0 0 0 0 2 0
0 0 0 0 0 1 0 0 1 0 0 0 1 0 0 0 0 0 -1 0 0 0
-1 0 0 0 0 0 0 0 0 0 1 0 -1 1 0 -1 0 0 1 0 -1 0
0 0 0 1 0 1 1 0 0 1 0 0 0 0 0 0 0 0 -1 0 0 0
1 0 0 0 0 0 0 0 0 0 -1 0 0 -1 0 1 0 0 -1 0 1 0
0 0 0 -1 0 -1 -1 1 0 -1 0 0 0 0 0 -1 0 0 1 0 -1 1
-1 0 0 0 0 0 0 0 0 0 1 0 0 1 1 -1 0 0 0 0 -1 0
0 0 0 0 -1 1 0 0 0 0 0 -1 0 1 0 0 0 1 0 1 0 0
73 9598
0 -1 -1 1 -1 2 3 0 -1 1 1 0 -1 0 1 0 0 1 -1 2 1 -1
-1 1 0 0 2 0 0 -1 1 0 -1 0 1 0 0 0 0 -1 -1 -3 0 -1
-1 1 -1 -1 3 -2 -3 -1 0 -1 0 0 0 0 -2 -1 0 -2 1 -2 -1 0
1 -1 0 1 -2 1 2 1 -1 0 1 0 -1 0 1 1 0 1 -1 2 0 0
0 1 0 0 1 0 -1 -1 0 0 0 0 0 0 -1 0 0 -1 0 -1 0 0
0 0 1 0 -1 0 0 0 0 0 0 0 0 0 1 0 0 1 1 2 -1 1
0 1 -1 0 2 0 -1 -1 0 0 0 0 0 0 -1 0 0 -1 -1 -2 1 -1
-1 1 1 0 1 -1 -1 -1 1 0 -1 0 1 0 0 0 0 -1 0 -2 -1 0
0 0 0 0 0 1 1 0 0 0 0 0 0 0 1 0 -1 0 -1 0 1 0
0 0 1 0 0 0 0 0 1 1 -1 0 1 0 0 0 0 0 0 -1 0 0
-1 2 0 0 2 0 -2 -2 1 0 -1 -1 1 1 -1 0 0 -1 -1 -3 0 -1
1 -2 0 0 -2 0 2 2 -1 0 0 0 -1 -1 1 0 0 1 1 3 0 1
0 1 0 1 0 1 0 -1 0 1 0 -1 0 1 0 1 1 0 -1 -1 0 -1
1 -2 -1 0 -1 0 1 1 -1 0 1 0 -1 -1 0 0 0 0 0 2 1 0
0 -1 0 0 -2 1 2 1 0 0 0 0 0 0 1 0 0 1 0 2 0 0
0 1 1 0 0 0 -1 0 1 0 -1 0 1 0 0 0 0 0 0 -1 0 1
0 0 -1 -1 1 -1 -1 0 -1 -1 0 0 0 0 -1 0 0 -1 1 0 0 0
0 1 0 0 0 0 -1 -1 0 0 0 0 0 0 -1 0 0 0 0 -1 0 0
0 0 0 0 -1 1 1 0 0 0 0 0 0 0 1 0 0 1 -1 1 0 0
0 0 0 0 1 0 0 0 0 0 0 0 0 0 0 0 0 -1 0 -1 0 0
0 0 -1 -1 1 -1 -1 0 0 -1 0 0 0 0 -1 0 0 -1 0 -1 0 0
1 0 0 0 0 0 -1 0 0 0 0 0 0 0 -1 1 0 0 0 0 1 0
74 0
1 0 0 0 0 0 0 0 0 0 0 0 0 0 0 0 0 0 0 0 0 0
0 1 0 0 0 0 0 0 0 0 0 0 0 0 0 0 0 0 0 0 0 0
0 0 1 0 0 0 0 0 0 0 0 0 0 0 0 0 0 0 0 0 0 0
0 0 0 1 0 0 0 0 0 0 0 0 0 0 0 0 0 0 0 0 0 0
0 0 0 0 1 0 0 0 0 0 0 0 0 0 0 0 0 0 0 0 0 0
0 0 0 0 0 1 0 0 0 0 0 0 0 0 0 0 0 0 0 0 0 0
0 0 0 0 0 0 1 0 0 0 0 0 0 0 0 0 0 0 0 0 0 0
0 0 0 0 0 0 0 1 0 0 0 0 0 0 0 0 0 0 0 0 0 0
0 0 0 0 0 0 0 0 1 0 0 0 0 0 0 0 0 0 0 0 0 0
0 0 0 0 0 0 0 0 0 1 0 0 0 0 0 0 0 0 0 0 0 0
0 0 0 0 0 0 0 0 0 0 1 0 0 0 0 0 0 0 0 0 0 0
0 0 0 0 0 0 0 0 0 0 0 1 0 0 0 0 0 0 0 0 0 0
0 0 0 0 0 0 0 0 0 0 0 0 1 0 0 0 0 0 0 0 0 0
0 0 0 0 0 0 0 0 0 0 0 0 0 1 0 0 0 0 0 0 0 0
0 0 0 0 0 0 0 0 0 0 0 0 0 0 1 0 0 0 0 0 0 0
0 0 0 0 0 0 0 0 0 0 0 0 0 0 0 1 0 0 0 0 0 0
0 0 0 0 0 0 0 0 0 0 0 0 0 0 0 0 1 0 0 0 0 0
0 0 0 0 0 0 0 0 0 0 0 0 0 0 0 0 0 1 0 0 0 0
0 0 0 0 0 0 0 0 0 0 0 0 0 0 0 0 0 0 1 0 0 0
0 0 0 0 0 0 0 0 0 0 0 0 0 0 0 0 0 0 0 1 0 0
0 0 0 0 0 0 0 0 0 0 0 0 0 0 0 0 0 0 0 0 1 0
0 0 0 0 0 0 0 0 0 0 0 0 0 0 0 0 0 0 0 0 0 1
74 734
0 1 1 -1 1 -2 -3 0 1 -1 -1 0 1 0 -1 0 0 -1 1 -2 -1 1
1 -1 0 0 -2 0 0 1 -1 0 1 0 -1 0 0 0 0 1 1 3 0 1
1 -1 1 1 -3 2 3 1 0 1 0 0 0 0 2 1 0 2 -1 2 1 0
-1 1 0 -1 2 -1 -2 -1 1 0 -1 0 1 0 -1 -1 0 -1 1 -2 0 0
0 -1 0 0 -1 0 1 1 0 0 0 0 0 0 1 0 0 1 0 1 0 0
0 0 -1 0 1 0 0 0 0 0 0 0 0 0 -1 0 0 -1 -1 -2 1 -1
0 -1 1 0 -2 0 1 1 0 0 0 0 0 0 1 0 0 1 1 2 -1 1
1 -1 -1 0 -1 1 1 1 -1 0 1 0 -1 0 0 0 0 1 0 2 1 0
0 0 0 0 0 -1 -1 0 0 0 0 0 0 0 -1 0 1 0 1 0 -1 0
0 0 -1 0 0 0 0 0 -1 -1 1 0 -1 0 0 0 0 0 0 1 0 0
1 -2 0 0 -2 0 2 2 -1 0 1 1 -1 -1 1 0 0 1 1 3 0 1
-1 2 0 0 2 0 -2 -2 1 0 0 0 1 1 -1 0 0 -1 -1 -3 0 -1
0 -1 0 -1 0 -1 0 1 0 -1 0 1 0 -1 0 -1 -1 0 1 1 0 1
-1 2 1 0 1 0 -1 -1 1 0 -1 0 1 1 0 0 0 0 0 -2 -1 0
0 1 0 0 2 -1 -2 -1 0 0 0 0 0 0 -1 0 0 -1 0 -2 0 0
0 -1 -1 0 0 0 1 0 -1 0 1 0 -1 0 0 0 0 0 0 1 0 -1
0 0 1 1 -1 1 1 0 1 1 0 0 0 0 1 0 0 1 -1 0 0 0
0 -1 0 0 0 0 1 1 0 0 0 0 0 0 1 0 0 0 0 1 0 0
0 0 0 0 1 -1 -1 0 0 0 0 0 0 0 -1 0 0 -1 1 -1 0 0
0 0 0 0 -1 0 0 0 0 0 0 0 0 0 0 0 0 1 0 1 0 0
0 0 1 1 -1 1 1 0 0 1 0 0 0 0 1 0 0 1 0 1 0 0
-1 0 0 0 0 0 1 0 0 0 0 0 0 0 1 -1 0 0 0 0 -1 0
74 2589
-1 0 0 0 0 0 0 0 0 0 0 0 0 0 0 0 0 0 0 0 0 0
0 -1 0 0 0 0 0 0 0 0 0 0 0 0 0 0 0 0 0 0 0 0
0 0 -1 0 0 0 0 0 0 0 0 0 0 0 0 0 0 0 0 0 0 0
0 0 0 -1 0 0 0 0 0 0 0 0 0 0 0 0 0 0 0 0 0 0
0 0 0 0 -1 0 0 0 0 0 0 0 0 0 0 0 0 0 0 0 0 0
0 0 0 0 0 -1 0 0 0 0 0 0 0 0 0 0 0 0 0 0 0 0
0 0 0 0 0 0 -1 0 0 0 0 0 0 0 0 0 0 0 0 0 0 0
0 0 0 0 0 0 0 -1 0 0 0 0 0 0 0 0 0 0 0 0 0 0
0 0 0 0 0 0 0 0 -1 0 0 0 0 0 0 0 0 0 0 0 0 0
0 0 0 0 0 0 0 0 0 -1 0 0 0 0 0 0 0 0 0 0 0 0
0 0 0 0 0 0 0 0 0 0 -1 0 0 0 0 0 0 0 0 0 0 0
0 0 0 0 0 0 0 0 0 0 0 -1 0 0 0 0 0 0 0 0 0 0
0 0 0 0 0 0 0 0 0 0 0 0 -1 0 0 0 0 0 0 0 0 0
0 0 0 0 0 0 0 0 0 0 0 0 0 -1 0 0 0 0 0 0 0 0
0 0 0 0 0 0 0 0 0 0 0 0 0 0 -1 0 0 0 0 0 0 0
0 0 0 0 0 0 0 0 0 0 0 0 0 0 0 -1 0 0 0 0 0 0
0 0 0 0 0 0 0 0 0 0 0 0 0 0 0 0 -1 0 0 0 0 0
0 0 0 0 0 0 0 0 0 0 0 0 0 0 0 0 0 -1 0 0 0 0
0 0 0 0 0 0 0 0 0 0 0 0 0 0 0 0 0 0 -1 0 0 0
0 0 0 0 0 0 0 0 0 0 0 0 0 0 0 0 0 0 0 -1 0 0
0 0 0 0 0 0 0 0 0 0 0 0 0 0 0 0 0 0 0 0 -1 0
0 0 0 0 0 0 0 0 0 0 0 0 0 0 0 0 0 0 0 0 0 -1
74 4263
-1 0 0 0 1 1 0 0 1 0 1 0 1 1 1 -1 0 0 -1 0 -1 0
0 0 -1 0 0 1 0 -2 -1 0 0 -1 -1 0 -1 1 0 0 0 0 2 -1
3 -1 0 0 -1 0 0 1 0 0 -2 -1 0 -2 0 2 0 1 -1 1 3 0
-2 0 0 -1 0 0 0 0 1 0 1 1 1 1 0 -2 0 0 1 0 -2 0
1 0 0 0 0 0 0 0 0 0 0 0 0 0 0 1 0 0 0 0 1 0
0 0 0 0 -1 0 0 1 0 0 0 -1 0 1 0 -1 0 0 0 0 -1 0
1 0 0 0 1 0 -1 -1 0 0 0 0 0 -1 0 1 0 0 0 0 2 0
1 0 0 0 -1 0 0 0 -1 0 -1 -1 -1 0 -1 1 0 0 1 0 1 0
-1 0 0 0 1 0 0 -1 0 0 1 1 0 0 0 -1 -1 0 0 0 0 0
0 0 0 1 0 0 1 0 -1 0 0 0 -1 0 0 1 0 -1 0 0 0 0
1 0 0 0 0 0 0 -1 -1 0 -1 -1 -1 -1 0 1 0 0 1 0 2 0
-1 0 0 0 0 0 0 1 1 0 0 0 1 1 0 -1 0 0 -1 0 -2 0
0 0 0 0 0 0 0 0 0 0 0 0 0 0 0 0 1 0 1 0 0 0
0 0 0 0 1 0 0 1 1 0 0 1 1 0 0 0 0 0 -1 0 -1 0
-1 0 0 0 0 0 0 0 0 0 1 0 0 1 0 -1 0 0 0 0 -2 0
0 0 0 0 0 -1 0 0 -1 0 0 0 -1 0 0 0 0 0 1 0 0 0
1 0 0 0 0 0 0 0 0 0 -1 0 1 -1 0 1 0 0 -1 0 1 0
0 0 0 -1 0 -1 -1 0 0 -1 0 0 0 0 0 0 0 0 1 0 0 0
-1 0 0 0 0 0 0 0 0 0 1 0 0 1 0 -1 0 0 1 0 -1 0
0 0 0 1 0 1 1 -1 0 1 0 0 0 0 0 1 0 0 -1 0 1 -1
1 0 0 0 0 0 0 0 0 0 -1 0 0 -1 -1 1 0 0 0 0 1 0
0 0 0 0 1 -1 0 0 0 0 0 1 0 -1 0 0 0 -1 0 -1 0 0
74 5770
0 -1 -1 -1 0 -1 1 2 0 -1 0 2 0 -1 0 -1 0 1 0 0 0 1
-1 0 1 2 0 1 2 -1 0 2 -1 -1 0 0 1 1 0 -1 -1 -1 0 -2
1 -1 1 0 0 -1 -2 0 0 0 -1 -2 0 -1 0 0 0 0 0 1 0 -1
0 0 -1 0 0 0 1 1 0 -1 1 2 0 0 -1 0 0 0 0 0 0 1
0 0 1 0 0 -1 -1 0 0 0 0 0 0 0 0 0 0 0 1 0 -1 0
1 1 0 -1 0 0 -1 1 0 -1 -1 0 0 0 -1 0 0 0 1 0 0 2
0 -1 1 1 0 -1 0 0 0 1 0 0 0 -1 1 0 0 0 0 0 0 -1
0 1 1 1 0 1 0 -1 0 1 -1 -2 0 1 0 1 0 -1 0 -1 0 -1
-1 0 0 0 0 0 1 0 0 0 0 1 1 0 1 0 0 0 0 0 0 0
-1 1 0 0 0 1 0 -2 0 1 0 -1 0 1 0 0 0 0 0 -1 0 -1
0 0 2 2 0 0 0 -1 0 2 -1 -2 0 0 1 1 0 -1 0 -1 0 -1
0 0 -2 -2 0 0 0 1 0 -2 0 1 0 0 -1 -1 0 1 0 1 0 1
0 0 1 1 0 0 0 0 1 1 0 0 0 0 0 0 0 0 0 -1 0 0
0 -1 -2 -2 0 -1 -1 1 0 -2 1 1 0 0 -1 -1 0 1 0 1 0 0
0 0 -1 -1 0 0 1 1 0 -1 0 1 0 0 0 0 0 0 0 0 0 1
0 1 1 1 0 1 0 -1 0 1 0 -1 0 1 1 1 0 0 0 0 0 0
0 -1 0 -1 0 -1 -1 0 0 -1 0 0 0 -1 0 -1 -1 0 0 1 0 0
1 0 1 1 0 0 0 0 0 1 0 0 0 0 0 1 0 0 0 0 0 0
0 0 0 0 0 0 1 1 0 0 0 1 0 0 0 0 0 0 1 0 0 1
-1 0 0 0 0 0 0 -1 0 0 0 0 0 0 0 0 0 0 0 0 0 -1
0 -1 0 0 -1 0 0 0 0 0 0 -1 0 0 0 0 0 0 0 1 0 -1
0 0 0 0 0 0 -1 -1 0 0 1 0 0 0 0 0 0 0 0 0 0 0
74 8125
0 1 1 1 0 1 -1 -2 0 1 0 -2 0 1 0 1 0 -1 0 0 0 -1
1 0 -1 -2 0 -1 -2 1 0 -2 1 1 0 0 -1 -1 0 1 1 1 0 2
-1 1 -1 0 0 1 2 0 0 0 1 2 0 1 0 0 0 0 0 -1 0 1
0 0 1 0 0 0 -1 -1 0 1 -1 -2 0 0 1 0 0 0 0 0 0 -1
0 0 -1 0 0 1 1 0 0 0 0 0 0 0 0 0 0 0 -1 0 1 0
-1 -1 0 1 0 0 1 -1 0 1 1 0 0 0 1 0 0 0 -1 0 0 -2
0 1 -1 -1 0 1 0 0 0 -1 0 0 0 1 -1 0 0 0 0 0 0 1
0 -1 -1 -1 0 -1 0 1 0 -1 1 2 0 -1 0 -1 0 1 0 1 0 1
1 0 0 0 0 0 -1 0 0 0 0 -1 -1 0 -1 0 0 0 0 0 0 0
1 -1 0 0 0 -1 0 2 0 -1 0 1 0 -1 0 0 0 0 0 1 0 1
0 0 -2 -2 0 0 0 1 0 -2 1 2 0 0 -1 -1 0 1 0 1 0 1
0 0 2 2 0 0 0 -1 0 2 0 -1 0 0 1 1 0 -1 0 -1 0 -1
0 0 -1 -1 0 0 0 0 -1 -1 0 0 0 0 0 0 0 0 0 1 0 0
0 1 2 2 0 1 1 -1 0 2 -1 -1 0 0 1 1 0 -1 0 -1 0 0
0 0 1 1 0 0 -1 -1 0 1 0 -1 0 0 0 0 0 0 0 0 0 -1
0 -1 -1 -1 0 -1 0 1 0 -1 0 1 0 -1 -1 -1 0 0 0 0 0 0
0 1 0 1 0 1 1 0 0 1 0 0 0 1 0 1 1 0 0 -1 0 0
-1 0 -1 -1 0 0 0 0 0 -1 0 0 0 0 0 -1 0 0 0 0 0 0
0 0 0 0 0 0 -1 -1 0 0 0 -1 0 0 0 0 0 0 -1 0 0 -1
1 0 0 0 0 0 0 1 0 0 0 0 0 0 0 0 0 0 0 0 0 1
0 1 0 0 1 0 0 0 0 0 0 1 0 0 0 0 0 0 0 -1 0 1
0 0 0 0 0 0 1 1 0 0 -1 0 0 0 0 0 0 0 0 0 0 0
74 9205
1 0 0 0 -1 -1 0 0 -1 0 -1 0 -1 -1 -1 1 0 0 1 0 1 0
0 0 1 0 0 -1 0 2 1 0 0 1 1 0 1 -1 0 0 0 0 -2 1
-3 1 0 0 1 0 0 -1 0 0 2 1 0 2 0 -2 0 -1 1 -1 -3 0
2 0 0 1 0 0 0 0 -1 0 -1 -1 -1 -1 0 2 0 0 -1 0 2 0
-1 0 0 0 0 0 0 0 0 0 0 0 0 0 0 -1 0 0 0 0 -1 0
0 0 0 0 1 0 0 -1 0 0 0 1 0 -1 0 1 0 0 0 0 1 0
-1 0 0 0 -1 0 1 1 0 0 0 0 0 1 0 -1 0 0 0 0 -2 0
-1 0 0 0 1 0 0 0 1 0 1 1 1 0 1 -1 0 0 -1 0 -1 0
1 0 0 0 -1 0 0 1 0 0 -1 -1 0 0 0 1 1 0 0 0 0 0
0 0 0 -1 0 0 -1 0 1 0 0 0 1 0 0 -1 0 1 0 0 0 0
-1 0 0 0 0 0 0 1 1 0 1 1 1 1 0 -1 0 0 -1 0 -2 0
1 0 0 0 0 0 0 -1 -1 0 0 0 -1 -1 0 1 0 0 1 0 2 0
0 0 0 0 0 0 0 0 0 0 0 0 0 0 0 0 -1 0 -1 0 0 0
0 0 0 0 -1 0 0 -1 -1 0 0 -1 -1 0 0 0 0 0 1 0 1 0
1 0 0 0 0 0 0 0 0 0 -1 0 0 -1 0 1 0 0 0 0 2 0
0 0 0 0 0 1 0 0 1 0 0 0 1 0 0 0 0 0 -1 0 0 0
-1 0 0 0 0 0 0 0 0 0 1 0 -1 1 0 -1 0 0 1 0 -1 0
0 0 0 1 0 1 1 0 0 1 0 0 0 0 0 0 0 0 -1 0 0 0
1 0 0 0 0 0 0 0 0 0 -1 0 0 -1 0 1 0 0 -1 0 1 0
0 0 0 -1 0 -1 -1 1 0 -1 0 0 0 0 0 -1 0 0 1 0 -1 1
-1 0 0 0 0 0 0 0 0 0 1 0 0 1 1 -1 0 0 0 0 -1 0
0 0 0 0 -1 1 0 0 0 0 0 -1 0 1 0 0 0 1 0 1 0 0
74 9598
0 -1 -1 1 -1 2 3 0 -1 1 1 0 -1 0 1 0 0 1 -1 2 1 -1
-1 1 0 0 2 0 0 -1 1 0 -1 0 1 0 0 0 0 -1 -1 -3 0 -1
-1 1 -1 -1 3 -2 -3 -1 0 -1 0 0 0 0 -2 -1 0 -2 1 -2 -1 0
1 -1 0 1 -2 1 2 1 -1 0 1 0 -1 0 1 1 0 1 -1 2 0 0
0 1 0 0 1 0 -1 -1 0 0 0 0 0 0 -1 0 0 -1 0 -1 0 0
0 0 1 0 -1 0 0 0 0 0 0 0 0 0 1 0 0 1 1 2 -1 1
0 1 -1 0 2 0 -1 -1 0 0 0 0 0 0 -1 0 0 -1 -1 -2 1 -1
-1 1 1 0 1 -1 -1 -1 1 0 -1 0 1 0 0 0 0 -1 0 -2 -1 0
0 0 0 0 0 1 1 0 0 0 0 0 0 0 1 0 -1 0 -1 0 1 0
0 0 1 0 0 0 0 0 1 1 -1 0 1 0 0 0 0 0 0 -1 0 0
-1 2 0 0 2 0 -2 -2 1 0 -1 -1 1 1 -1 0 0 -1 -1 -3 0 -1
1 -2 0 0 -2 0 2 2 -1 0 0 0 -1 -1 1 0 0 1 1 3 0 1
0 1 0 1 0 1 0 -1 0 1 0 -1 0 1 0 1 1 0 -1 -1 0 -1
1 -2 -1 0 -1 0 1 1 -1 0 1 0 -1 -1 0 0 0 0 0 2 1 0
0 -1 0 0 -2 1 2 1 0 0 0 0 0 0 1 0 0 1 0 2 0 0
0 1 1 0 0 0 -1 0 1 0 -1 0 1 0 0 0 0 0 0 -1 0 1
0 0 -1 -1 1 -1 -1 0 -1 -1 0 0 0 0 -1 0 0 -1 1 0 0 0
0 1 0 0 0 0 -1 -1 0 0 0 0 0 0 -1 0 0 0 0 -1 0 0
0 0 0 0 -1 1 1 0 0 0 0 0 0 0 1 0 0 1 -1 1 0 0
0 0 0 0 1 0 0 0 0 0 0 0 0 0 0 0 0 -1 0 -1 0 0
0 0 -1 -1 1 -1 -1 0 0 -1 0 0 0 0 -1 0 0 -1 0 -1 0 0
1 0 0 0 0 0 -1 0 0 0 0 0 0 0 -1 1 0 0 0 0 1 0
75 0
1 0 0 0 0 0 0 0 0 0 0 0 0 0 0 0 0 0 0 0 0 0
0 1 0 0 0 0 0 0 0 0 0 0 0 0 0 0 0 0 0 0 0 0
0 0 1 0 0 0 0 0 0 0 0 0 0 0 0 0 0 0 0 0 0 0
0 0 0 1 0 0 0 0 0 0 0 0 0 0 0 0 0 0 0 0 0 0
0 0 0 0 1 0 0 0 0 0 0 0 0 0 0 0 0 0 0 0 0 0
0 0 0 0 0 1 0 0 0 0 0 0 0 0 0 0 0 0 0 0 0 0
0 0 0 0 0 0 1 0 0 0 0 0 0 0 0 0 0 0 0 0 0 0
0 0 0 0 0 0 0 1 0 0 0 0 0 0 0 0 0 0 0 0 0 0
0 0 0 0 0 0 0 0 1 0 0 0 0 0 0 0 0 0 0 0 0 0
0 0 0 0 0 0 0 0 0 1 0 0 0 0 0 0 0 0 0 0 0 0
0 0 0 0 0 0 0 0 0 0 1 0 0 0 0 0 0 0 0 0 0 0
0 0 0 0 0 0 0 0 0 0 0 1 0 0 0 0 0 0 0 0 0 0
0 0 0 0 0 0 0 0 0 0 0 0 1 0 0 0 0 0 0 0 0 0
0 0 0 0 0 0 0 0 0 0 0 0 0 1 0 0 0 0 0 0 0 0
0 0 0 0 0 0 0 0 0 0 0 0 0 0 1 0 0 0 0 0 0 0
0 0 0 0 0 0 0 0 0 0 0 0 0 0 0 1 0 0 0 0 0 0
0 0 0 0 0 0 0 0 0 0 0 0 0 0 0 0 1 0 0 0 0 0
0 0 0 0 0 0 0 0 0 0 0 0 0 0 0 0 0 1 0 0 0 0
0 0 0 0 0 0 0 0 0 0 0 0 0 0 0 0 0 0 1 0 0 0
0 0 0 0 0 0 0 0 0 0 0 0 0 0 0 0 0 0 0 1 0 0
0 0 0 0 0 0 0 0 0 0 0 0 0 0 0 0 0 0 0 0 1 0
0 0 0 0 0 0 0 0 0 0 0 0 0 0 0 0 0 0 0 0 0 1
75 2589
-1 0 0 0 0 0 0 0 0 0 0 0 0 0 0 0 0 0 0 0 0 0
0 -1 0 0 0 0 0 0 0 0 0 0 0 0 0 0 0 0 0 0 0 0
0 0 -1 0 0 0 0 0 0 0 0 0 0 0 0 0 0 0 0 0 0 0
0 0 0 -1 0 0 0 0 0 0 0 0 0 0 0 0 0 0 0 0 0 0
0 0 0 0 -1 0 0 0 0 0 0 0 0 0 0 0 0 0 0 0 0 0
0 0 0 0 0 -1 0 0 0 0 0 0 0 0 0 0 0 0 0 0 0 0
0 0 0 0 0 0 -1 0 0 0 0 0 0 0 0 0 0 0 0 0 0 0
0 0 0 0 0 0 0 -1 0 0 0 0 0 0 0 0 0 0 0 0 0 0
0 0 0 0 0 0 0 0 -1 0 0 0 0 0 0 0 0 0 0 0 0 0
0 0 0 0 0 0 0 0 0 -1 0 0 0 0 0 0 0 0 0 0 0 0
0 0 0 0 0 0 0 0 0 0 -1 0 0 0 0 0 0 0 0 0 0 0
0 0 0 0 0 0 0 0 0 0 0 -1 0 0 0 0 0 0 0 0 0 0
0 0 0 0 0 0 0 0 0 0 0 0 -1 0 0 0 0 0 0 0 0 0
0 0 0 0 0 0 0 0 0 0 0 0 0 -1 0 0 0 0 0 0 0 0
0 0 0 0 0 0 0 0 0 0 0 0 0 0 -1 0 0 0 0 0 0 0
0 0 0 0 0 0 0 0 0 0 0 0 0 0 0 -1 0 0 0 0 0 0
0 0 0 0 0 0 0 0 0 0 0 0 0 0 0 0 -1 0 0 0 0 0
0 0 0 0 0 0 0 0 0 0 0 0 0 0 0 0 0 -1 0 0 0 0
0 0 0 0 0 0 0 0 0 0 0 0 0 0 0 0 0 0 -1 0 0 0
0 0 0 0 0 0 0 0 0 0 0 0 0 0 0 0 0 0 0 -1 0 0
0 0 0 0 0 0 0 0 0 0 0 0 0 0 0 0 0 0 0 0 -1 0
0 0 0 0 0 0 0 0 0 0 0 0 0 0 0 0 0 0 0 0 0 -1
75 5294
-1 0 -1 0 2 0 1 0 0 0 1 2 -1 -1 -1 -1 -1 -2 0 -1 0 0
-1 0 0 -1 0 -1 -1 0 1 0 -1 0 1 1 0 0 1 1 1 -1 0 -1
0 1 1 2 0 -1 -1 -1 -1 1 0 -2 -1 1 1 1 2 0 0 -1 -2 0
1 -1 -1 -1 0 1 1 1 0 0 0 1 0 -1 -1 0 -1 0 0 1 2 0
0 0 0 1 -1 0 0 0 -1 0 1 -1 -1 1 0 0 1 0 0 0 -1 0
1 0 0 1 0 1 1 0 -1 0 0 -1 -1 0 0 1 -1 -1 -1 1 0 0
-1 0 0 0 0 -1 -1 0 0 0 1 0 0 1 0 -1 1 0 1 -1 -1 0
0 0 0 0 -1 0 0 0 0 0 -1 -1 1 1 0 1 1 1 0 0 0 -1
-1 0 0 -1 0 0 0 0 1 0 0 1 1 0 0 -1 0 0 1 0 0 0
0 0 1 0 -1 0 0 0 1 0 -1 0 1 0 0 0 0 1 0 0 0 0
-1 0 1 0 -1 -1 0 0 0 0 -1 -1 1 1 1 0 1 0 1 -1 -1 0
1 0 -1 0 2 0 0 0 0 0 0 1 -1 -2 -1 0 -1 -1 -1 0 1 0
0 -1 0 0 -1 0 1 1 0 0 0 0 0 0 0 0 0 0 0 0 0 0
0 0 -1 0 1 0 0 0 0 0 1 1 -1 -1 -1 -1 0 0 0 0 0 0
0 0 -1 -1 1 0 0 0 0 -1 0 1 0 -1 -1 0 -1 -1 0 0 1 0
0 0 1 0 -1 0 0 0 0 0 -1 -1 1 0 1 0 0 0 0 0 0 0
0 0 0 1 1 -1 -1 0 0 0 1 0 -1 0 0 0 1 0 0 0 -1 0
0 0 0 0 -1 0 0 0 -1 0 0 -1 0 1 0 0 0 0 0 0 0 0
0 0 0 0 0 1 1 0 0 0 0 0 0 0 0 0 -1 -1 0 0 1 0
0 0 0 0 0 0 -1 0 1 0 0 0 0 0 0 0 1 1 0 0 0 0
0 0 0 0 0 -1 -1 0 0 0 0 0 0 0 0 0 1 1 1 0 0 0
0 -1 0 0 -1 0 0 0 0 0 1 0 0 0 0 -1 0 1 0 1 0 0
75 10188
1 0 1 0 -2 0 -1 0 0 0 -1 -2 1 1 1 1 1 2 0 1 0 0
1 0 0 1 0 1 1 0 -1 0 1 0 -1 -1 0 0 -1 -1 -1 1 0 1
0 -1 -1 -2 0 1 1 1 1 -1 0 2 1 -1 -1 -1 -2 0 0 1 2 0
-1 1 1 1 0 -1 -1 -1 0 0 0 -1 0 1 1 0 1 0 0 -1 -2 0
0 0 0 -1 1 0 0 0 1 0 -1 1 1 -1 0 0 -1 0 0 0 1 0
-1 0 0 -1 0 -1 -1 0 1 0 0 1 1 0 0 -1 1 1 1 -1 0 0
1 0 0 0 0 1 1 0 0 0 -1 0 0 -1 0 1 -1 0 -1 1 1 0
0 0 0 0 1 0 0 0 0 0 1 1 -1 -1 0 -1 -1 -1 0 0 0 1
1 0 0 1 0 0 0 0 -1 0 0 -1 -1 0 0 1 0 0 -1 0 0 0
0 0 -1 0 1 0 0 0 -1 0 1 0 -1 0 0 0 0 -1 0 0 0 0
1 0 -1 0 1 1 0 0 0 0 1 1 -1 -1 -1 0 -1 0 -1 1 1 0
-1 0 1 0 -2 0 0 0 0 0 0 -1 1 2 1 0 1 1 1 0 -1 0
0 1 0 0 1 0 -1 -1 0 0 0 0 0 0 0 0 0 0 0 0 0 0
0 0 1 0 -1 0 0 0 0 0 -1 -1 1 1 1 1 0 0 0 0 0 0
0 0 1 1 -1 0 0 0 0 1 0 -1 0 1 1 0 1 1 0 0 -1 0
0 0 -1 0 1 0 0 0 0 0 1 1 -1 0 -1 0 0 0 0 0 0 0
0 0 0 -1 -1 1 1 0 0 0 -1 0 1 0 0 0 -1 0 0 0 1 0
0 0 0 0 1 0 0 0 1 0 0 1 0 -1 0 0 0 0 0 0 0 0
0 0 0 0 0 -1 -1 0 0 0 0 0 0 0 0 0 1 1 0 0 -1 0
0 0 0 0 0 0 1 0 -1 0 0 0 0 0 0 0 -1 -1 0 0 0 0
0 0 0 0 0 1 1 0 0 0 0 0 0 0 0 0 -1 -1 -1 0 0 0
0 1 0 0 1 0 0 0 0 0 -1 0 0 0 0 1 0 -1 0 -1 0 0
76 0
1 0 0 0 0 0 0 0 0 0 0 0 0 0 0 0 0 0 0 0 0 0
0 1 0 0 0 0 0 0 0 0 0 0 0 0 0 0 0 0 0 0 0 0
0 0 1 0 0 0 0 0 0 0 0 0 0 0 0 0 0 0 0 0 0 0
0 0 0 1 0 0 0 0 0 0 0 0 0 0 0 0 0 0 0 0 0 0
0 0 0 0 1 0 0 0 0 0 0 0 0 0 0 0 0 0 0 0 0 0
0 0 0 0 0 1 0 0 0 0 0 0 0 0 0 0 0 0 0 0 0 0
0 0 0 0 0 0 1 0 0 0 0 0 0 0 0 0 0 0 0 0 0 0
0 0 0 0 0 0 0 1 0 0 0 0 0 0 0 0 0 0 0 0 0 0
0 0 0 0 0 0 0 0 1 0 0 0 0 0 0 0 0 0 0 0 0 0
0 0 0 0 0 0 0 0 0 1 0 0 0 0 0 0 0 0 0 0 0 0
0 0 0 0 0 0 0 0 0 0 1 0 0 0 0 0 0 0 0 0 0 0
0 0 0 0 0 0 0 0 0 0 0 1 0 0 0 0 0 0 0 0 0 0
0 0 0 0 0 0 0 0 0 0 0 0 1 0 0 0 0 0 0 0 0 0
0 0 0 0 0 0 0 0 0 0 0 0 0 1 0 0 0 0 0 0 0 0
0 0 0 0 0 0 0 0 0 0 0 0 0 0 1 0 0 0 0 0 0 0
0 0 0 0 0 0 0 0 0 0 0 0 0 0 0 1 0 0 0 0 0 0
0 0 0 0 0 0 0 0 0 0 0 0 0 0 0 0 1 0 0 0 0 0
0 0 0 0 0 0 0 0 0 0 0 0 0 0 0 0 0 1 0 0 0 0
0 0 0 0 0 0 0 0 0 0 0 0 0 0 0 0 0 0 1 0 0 0
0 0 0 0 0 0 0 0 0 0 0 0 0 0 0 0 0 0 0 1 0 0
0 0 0 0 0 0 0 0 0 0 0 0 0 0 0 0 0 0 0 0 1 0
0 0 0 0 0 0 0 0 0 0 0 0 0 0 0 0 0 0 0 0 0 1
76 1184
-2 0 1 -1 -1 -2 0 0 1 -1 -1 2 2 0 -1 -1 0 1 3 1 -1 0
2 0 0 1 0 1 0 1 0 0 0 0 0 0 0 1 0 1 -2 1 1 1
1 0 -1 -1 2 0 -2 0 0 0 0 -1 0 -1 1 -1 0 -1 -2 -1 1 0
-1 0 1 1 -1 -1 1 0 0 0 0 1 0 0 -1 0 0 0 2 0 -1 0
0 0 -1 -1 1 0 -1 0 0 -1 1 0 -1 0 0 -1 -1 0 -1 0 0 0
-1 0 0 0 1 -1 0 0 0 0 0 1 0 -1 0 0 1 -1 1 -1 -1 0
0 0 -1 -1 0 0 -1 0 0 -1 1 0 0 1 0 -1 -1 1 -1 1 0 0
1 1 0 1 1 1 0 0 -1 0 0 -1 -1 0 1 1 0 -1 -2 -1 0 1
0 0 0 0 -1 0 0 0 0 0 0 0 0 1 -1 0 0 1 1 1 0 0
1 0 0 1 0 2 1 0 0 1 0 -1 -1 0 1 1 0 0 -2 0 1 0
1 0 -2 0 1 1 -1 0 -1 -1 1 -1 -1 0 0 0 0 0 -3 0 1 0
-1 0 2 0 -1 -1 1 0 1 1 -2 1 2 -1 0 0 1 0 3 0 -1 0
0 0 -1 0 0 0 0 0 -1 -1 1 0 -1 0 0 0 0 0 -1 0 0 0
-1 0 1 -1 -1 -1 0 0 1 0 -1 0 1 0 0 -1 0 0 2 0 -1 0
-1 0 1 0 -1 -1 1 0 0 0 -1 1 1 0 -1 0 0 0 2 0 -1 0
1 0 -1 0 0 1 0 0 -1 0 0 -1 -1 0 0 1 0 0 -1 0 1 0
0 0 0 -1 0 0 -1 0 1 0 0 0 1 0 0 -1 0 0 0 0 0 0
0 0 -1 0 1 0 0 0 -1 -1 1 0 -1 0 0 0 -1 -1 -1 0 0 0
-1 0 0 0 0 -1 0 0 0 -1 0 1 0 0 -1 0 0 0 1 0 -1 0
1 0 0 0 0 1 0 0 1 1 0 0 0 0 0 0 0 1 -1 0 1 0
1 0 0 0 0 0 -1 0 0 0 0 -1 0 0 0 0 0 0 -1 0 0 0
0 0 -1 0 0 1 0 0 0 0 1 -1 -1 1 0 0 0 0 -1 0 0 -1
76 2486
1 -1 -2 -1 0 1 0 1 0 -1 1 0 -1 0 -2 0 -1 -1 -1 1 1 0
-1 0 0 0 -1 1 0 -1 1 1 0 -1 1 1 2 0 1 1 -1 0 1 -1
0 0 1 1 -2 0 2 0 -1 1 -1 -1 1 1 1 1 1 1 0 0 -1 -1
0 0 -1 -1 1 0 -1 0 0 -1 1 1 -1 -1 -1 -1 -1 -1 0 0 0 1
0 0 1 1 -1 0 1 0 0 1 -1 0 1 0 0 1 1 0 1 0 0 0
0 0 0 1 1 0 1 0 -1 0 1 0 -2 0 0 0 -1 -1 0 0 -1 0
0 0 0 0 -1 0 0 0 0 0 -1 0 2 0 0 1 1 0 0 0 1 0
-1 1 1 1 0 0 0 -1 0 1 0 -1 0 1 2 0 1 0 0 -1 -1 0
0 0 -1 -1 0 0 -1 0 0 -1 0 0 0 0 -1 0 0 0 0 0 1 0
0 0 1 1 0 0 0 0 1 1 0 0 0 0 1 0 1 1 0 0 0 0
-1 0 0 1 -1 0 0 -1 0 1 0 -1 1 1 1 0 2 1 0 0 0 -1
1 -1 -1 -1 1 0 0 1 0 -1 1 0 -2 -1 -1 -1 -2 -1 -1 0 0 0
0 0 0 1 0 0 0 0 0 1 0 0 0 0 0 0 1 0 0 0 0 0
1 0 0 -1 0 0 0 1 0 -1 -1 0 0 -1 -1 0 -1 -1 0 0 0 1
0 0 -1 -1 1 0 -1 0 0 -1 1 0 -1 0 -1 -1 -1 -1 0 0 0 0
0 0 0 0 0 -1 -1 0 0 0 0 0 0 0 0 0 1 1 1 0 0 0
0 0 1 0 -1 0 1 0 0 0 -1 0 1 0 0 0 -1 0 0 0 0 0
-1 0 0 0 0 -1 0 0 0 0 0 1 1 0 0 0 1 0 1 0 -1 0
0 0 -1 0 1 0 -1 0 0 -1 1 0 -1 0 -1 0 0 -1 0 0 0 0
0 0 1 0 -1 1 1 0 1 1 -1 0 1 0 1 0 0 1 0 0 1 0
0 0 1 0 -1 0 0 0 0 0 -1 -1 1 0 1 0 0 0 0 0 0 0
0 0 1 0 0 -1 0 0 0 0 -1 1 1 -1 0 0 0 0 1 0 0 1
76 2589
-1 0 0 0 0 0 0 0 0 0 0 0 0 0 0 0 0 0 0 0 0 0
0 -1 0 0 0 0 0 0 0 0 0 0 0 0 0 0 0 0 0 0 0 0
0 0 -1 0 0 0 0 0 0 0 0 0 0 0 0 0 0 0 0 0 0 0
0 0 0 -1 0 0 0 0 0 0 0 0 0 0 0 0 0 0 0 0 0 0
0 0 0 0 -1 0 0 0 0 0 0 0 0 0 0 0 0 0 0 0 0 0
0 0 0 0 0 -1 0 0 0 0 0 0 0 0 0 0 0 0 0 0 0 0
0 0 0 0 0 0 -1 0 0 0 0 0 0 0 0 0 0 0 0 0 0 0
0 0 0 0 0 0 0 -1 0 0 0 0 0 0 0 0 0 0 0 0 0 0
0 0 0 0 0 0 0 0 -1 0 0 0 0 0 0 0 0 0 0 0 0 0
0 0 0 0 0 0 0 0 0 -1 0 0 0 0 0 0 0 0 0 0 0 0
0 0 0 0 0 0 0 0 0 0 -1 0 0 0 0 0 0 0 0 0 0 0
0 0 0 0 0 0 0 0 0 0 0 -1 0 0 0 0 0 0 0 0 0 0
0 0 0 0 0 0 0 0 0 0 0 0 -1 0 0 0 0 0 0 0 0 0
0 0 0 0 0 0 0 0 0 0 0 0 0 -1 0 0 0 0 0 0 0 0
0 0 0 0 0 0 0 0 0 0 0 0 0 0 -1 0 0 0 0 0 0 0
0 0 0 0 0 0 0 0 0 0 0 0 0 0 0 -1 0 0 0 0 0 0
0 0 0 0 0 0 0 0 0 0 0 0 0 0 0 0 -1 0 0 0 0 0
0 0 0 0 0 0 0 0 0 0 0 0 0 0 0 0 0 -1 0 0 0 0
0 0 0 0 0 0 0 0 0 0 0 0 0 0 0 0 0 0 -1 0 0 0
0 0 0 0 0 0 0 0 0 0 0 0 0 0 0 0 0 0 0 -1 0 0
0 0 0 0 0 0 0 0 0 0 0 0 0 0 0 0 0 0 0 0 -1 0
0 0 0 0 0 0 0 0 0 0 0 0 0 0 0 0 0 0 0 0 0 -1
76 3918
0 1 2 0 -1 -1 0 0 -2 -1 -1 0 1 0 1 1 0 -1 3 1 -1 2
-1 1 0 1 0 2 2 -1 0 2 0 -1 0 2 2 1 1 0 -2 -1 -1 -2
0 -1 0 0 1 0 0 0 2 2 0 0 -1 -1 1 -2 -1 0 -2 -1 1 0
0 0 0 0 -1 0 0 0 -1 -1 0 0 1 0 -1 1 1 0 2 1 0 0
0 -1 -1 -1 0 0 0 0 0 0 1 0 -1 0 0 -1 -1 0 -1 0 0 0
0 -1 0 0 0 -1 -1 0 0 -1 0 0 0 -1 -1 -1 -1 0 1 1 1 0
0 0 0 0 0 1 1 0 0 1 1 0 -1 1 1 0 0 0 -1 0 -1 0
0 -1 -1 0 0 1 1 0 1 1 0 0 0 0 0 0 0 1 -2 0 1 -2
0 1 0 0 0 0 0 0 -1 0 0 0 0 1 0 1 1 0 1 0 -1 0
0 0 -1 0 1 0 0 0 0 0 0 0 0 0 0 0 0 0 -2 -1 0 -1
0 -1 -1 1 1 1 2 0 0 2 1 0 -2 0 1 0 0 0 -3 -1 0 -2
0 1 2 0 -1 -1 -1 0 0 -1 -2 0 2 -1 0 0 0 0 3 1 0 2
0 -1 -1 0 0 0 1 0 -1 0 1 0 -1 0 0 0 0 0 -1 0 0 -1
1 0 1 -1 -1 -1 -1 1 0 -1 -1 0 1 -1 0 0 0 0 2 1 0 2
0 1 1 0 -1 0 0 0 -1 -1 -1 0 1 0 0 1 0 0 2 1 0 1
0 0 -1 0 1 0 0 0 0 0 0 0 -1 0 -1 0 0 0 -1 -1 0 -1
0 0 1 0 0 0 0 0 1 1 0 0 0 0 1 -1 -1 0 0 0 0 1
0 -1 -1 0 0 0 0 0 0 0 1 0 -1 0 -1 0 0 0 -1 0 0 -1
0 0 0 0 0 0 0 0 -1 -1 0 0 0 0 0 1 0 0 1 1 0 0
0 1 0 0 0 1 0 -1 0 1 0 -1 0 1 1 0 0 0 -1 -1 0 0
0 0 0 0 0 1 1 0 1 1 0 0 0 0 1 0 0 0 -1 0 0 0
1 -1 -1 0 0 0 0 1 0 0 1 0 -1 0 -1 0 0 0 -1 0 0 0
76 4003
0 0 -1 -1 1 -1 -1 1 1 -1 -1 1 1 -1 -1 0 1 0 -1 -2 0 -1
0 -1 1 -1 -2 0 2 1 0 1 -1 1 1 -1 1 -1 -1 0 1 1 0 2
0 0 2 2 -1 2 2 -1 0 3 0 -2 -1 2 1 0 -1 0 0 1 0 -1
0 0 -2 -1 1 -1 -2 0 0 -2 1 1 0 -1 -1 0 1 0 -1 -1 0 0
-1 0 0 0 0 1 1 -1 0 1 0 -1 0 1 1 0 0 0 0 0 0 -1
0 0 0 1 1 -1 -1 -1 0 0 1 0 -1 0 -1 0 0 0 0 -1 0 -1
-1 0 0 -1 0 1 1 0 1 1 -1 0 1 0 1 -1 0 0 0 0 0 0
0 0 1 0 -1 0 1 -1 -1 1 0 0 0 0 1 0 -1 0 1 1 0 1
0 0 0 -1 0 0 0 1 1 -1 -1 1 1 -1 0 0 0 0 0 0 0 1
0 0 1 0 -1 0 1 0 -1 0 0 0 0 0 1 0 -1 0 1 1 0 1
-1 0 2 0 -1 1 2 -1 0 2 -1 0 1 0 2 -1 -2 0 1 1 0 1
1 0 -1 1 1 -1 -1 1 0 -1 1 1 -1 0 -2 1 1 0 -1 -1 0 -1
-1 0 0 -1 0 0 0 -1 0 0 0 0 1 0 1 -1 -1 0 0 0 0 0
0 1 -1 0 1 0 -1 0 0 -1 0 0 0 1 -1 1 1 0 -1 -1 0 -1
1 0 -1 0 1 -1 -1 1 0 -1 0 1 0 -1 -1 1 1 0 -1 -1 0 0
0 0 1 0 0 0 0 0 0 0 0 0 0 0 1 0 -1 0 1 1 0 1
0 0 0 1 0 1 1 0 0 1 0 -1 -1 1 0 0 0 0 -1 0 0 -1
0 0 0 0 0 1 0 -1 0 1 0 -1 0 0 1 0 0 0 0 0 1 0
0 0 -1 -1 1 -1 -1 0 0 -1 0 1 0 -1 -1 0 0 0 0 -1 0 0
0 -1 0 0 -1 0 1 1 0 0 0 0 0 0 0 0 0 0 0 1 0 0
0 0 0 0 -1 1 1 0 0 1 0 0 0 1 0 0 0 1 0 1 0 0
-1 1 0 0 0 1 0 -1 0 0 0 -1 0 1 1 0 0 0 0 0 0 0
76 4166
2 0 -1 1 1 2 0 0 -1 1 1 -2 -2 0 1 1 0 -1 -3 -1 1 0
-2 0 0 -1 0 -1 0 -1 0 0 0 0 0 0 0 -1 0 -1 2 -1 -1 -1
-1 0 1 1 -2 0 2 0 0 0 0 1 0 1 -1 1 0 1 2 1 -1 0
1 0 -1 -1 1 1 -1 0 0 0 0 -1 0 0 1 0 0 0 -2 0 1 0
0 0 1 1 -1 0 1 0 0 1 -1 0 1 0 0 1 1 0 1 0 0 0
1 0 0 0 -1 1 0 0 0 0 0 -1 0 1 0 0 -1 1 -1 1 1 0
0 0 1 1 0 0 1 0 0 1 -1 0 0 -1 0 1 1 -1 1 -1 0 0
-1 -1 0 -1 -1 -1 0 0 1 0 0 1 1 0 -1 -1 0 1 2 1 0 -1
0 0 0 0 1 0 0 0 0 0 0 0 0 -1 1 0 0 -1 -1 -1 0 0
-1 0 0 -1 0 -2 -1 0 0 -1 0 1 1 0 -1 -1 0 0 2 0 -1 0
-1 0 2 0 -1 -1 1 0 1 1 -1 1 1 0 0 0 0 0 3 0 -1 0
1 0 -2 0 1 1 -1 0 -1 -1 2 -1 -2 1 0 0 -1 0 -3 0 1 0
0 0 1 0 0 0 0 0 1 1 -1 0 1 0 0 0 0 0 1 0 0 0
1 0 -1 1 1 1 0 0 -1 0 1 0 -1 0 0 1 0 0 -2 0 1 0
1 0 -1 0 1 1 -1 0 0 0 1 -1 -1 0 1 0 0 0 -2 0 1 0
-1 0 1 0 0 -1 0 0 1 0 0 1 1 0 0 -1 0 0 1 0 -1 0
0 0 0 1 0 0 1 0 -1 0 0 0 -1 0 0 1 0 0 0 0 0 0
0 0 1 0 -1 0 0 0 1 1 -1 0 1 0 0 0 1 1 1 0 0 0
1 0 0 0 0 1 0 0 0 1 0 -1 0 0 1 0 0 0 -1 0 1 0
-1 0 0 0 0 -1 0 0 -1 -1 0 0 0 0 0 0 0 -1 1 0 -1 0
-1 0 0 0 0 0 1 0 0 0 0 1 0 0 0 0 0 0 1 0 0 0
0 0 1 0 0 -1 0 0 0 0 -1 1 1 -1 0 0 0 0 1 0 0 1
76 4281
0 -1 -2 0 1 1 0 0 2 1 1 0 -1 0 -1 -1 0 1 -3 -1 1 -2
1 -1 0 -1 0 -2 -2 1 0 -2 0 1 0 -2 -2 -1 -1 0 2 1 1 2
0 1 0 0 -1 0 0 0 -2 -2 0 0 1 1 -1 2 1 0 2 1 -1 0
0 0 0 0 1 0 0 0 1 1 0 0 -1 0 1 -1 -1 0 -2 -1 0 0
0 1 1 1 0 0 0 0 0 0 -1 0 1 0 0 1 1 0 1 0 0 0
0 1 0 0 0 1 1 0 0 1 0 0 0 1 1 1 1 0 -1 -1 -1 0
0 0 0 0 0 -1 -1 0 0 -1 -1 0 1 -1 -1 0 0 0 1 0 1 0
0 1 1 0 0 -1 -1 0 -1 -1 0 0 0 0 0 0 0 -1 2 0 -1 2
0 -1 0 0 0 0 0 0 1 0 0 0 0 -1 0 -1 -1 0 -1 0 1 0
0 0 1 0 -1 0 0 0 0 0 0 0 0 0 0 0 0 0 2 1 0 1
0 1 1 -1 -1 -1 -2 0 0 -2 -1 0 2 0 -1 0 0 0 3 1 0 2
0 -1 -2 0 1 1 1 0 0 1 2 0 -2 1 0 0 0 0 -3 -1 0 -2
0 1 1 0 0 0 -1 0 1 0 -1 0 1 0 0 0 0 0 1 0 0 1
-1 0 -1 1 1 1 1 -1 0 1 1 0 -1 1 0 0 0 0 -2 -1 0 -2
0 -1 -1 0 1 0 0 0 1 1 1 0 -1 0 0 -1 0 0 -2 -1 0 -1
0 0 1 0 -1 0 0 0 0 0 0 0 1 0 1 0 0 0 1 1 0 1
0 0 -1 0 0 0 0 0 -1 -1 0 0 0 0 -1 1 1 0 0 0 0 -1
0 1 1 0 0 0 0 0 0 0 -1 0 1 0 1 0 0 0 1 0 0 1
0 0 0 0 0 0 0 0 1 1 0 0 0 0 0 -1 0 0 -1 -1 0 0
0 -1 0 0 0 -1 0 1 0 -1 0 1 0 -1 -1 0 0 0 1 1 0 0
0 0 0 0 0 -1 -1 0 -1 -1 0 0 0 0 -1 0 0 0 1 0 0 0
-1 1 1 0 0 0 0 -1 0 0 -1 0 1 0 1 0 0 0 1 0 0 0
76 4374
0 -1 0 0 0 -1 1 1 -1 -1 0 1 0 -1 -1 -1 -2 -2 0 0 0 0
-1 1 0 0 2 0 -1 0 1 -1 0 1 0 0 1 0 0 1 0 0 0 0
1 0 0 1 1 1 -1 0 1 1 0 -1 -1 0 -1 1 2 1 0 0 0 -1
0 0 0 -1 -1 -1 0 0 -1 -1 0 0 0 0 0 -1 -2 -1 0 0 0 1
0 0 0 0 1 0 0 0 0 0 0 0 0 0 0 0 0 0 0 0 0 0
1 0 0 0 -1 0 0 0 -1 0 0 -1 0 0 0 1 1 -1 0 0 0 0
-1 0 0 0 2 0 0 0 1 0 0 1 0 0 0 -1 -1 0 0 0 0 0
0 1 0 0 1 0 -1 -1 0 0 0 0 0 0 1 1 1 1 0 0 0 0
-1 0 0 0 0 0 1 0 0 0 0 1 0 0 0 -1 -1 0 0 0 0 0
0 0 0 0 0 0 0 0 0 0 0 0 0 0 1 1 1 1 0 0 0 0
0 1 0 0 2 0 -1 0 0 0 -1 0 0 0 1 1 1 1 0 0 0 0
1 -1 0 0 -2 0 1 1 0 0 0 0 0 -1 -1 0 0 -1 0 0 0 0
0 0 -1 -1 1 -1 -1 0 -1 -1 0 0 0 0 0 0 0 0 0 0 0 0
0 -1 0 0 -1 0 1 0 0 0 0 0 0 -1 -1 -1 -1 -1 0 0 0 0
0 0 0 0 -1 0 1 0 -1 0 0 0 0 0 0 0 -1 -1 0 0 0 0
0 0 0 0 0 0 0 0 0 1 0 0 0 0 1 0 1 1 0 0 0 0
0 0 0 0 0 1 0 0 1 0 0 0 0 0 -1 0 0 0 0 0 0 0
0 0 0 0 1 -1 -1 0 0 0 0 0 0 0 0 0 0 0 0 0 0 0
0 0 0 0 0 0 1 0 -1 0 0 0 0 0 1 0 -1 -1 -1 0 0 0
0 0 0 0 0 1 0 0 1 0 0 0 0 0 0 0 0 1 0 0 1 0
0 0 0 0 0 1 0 0 1 0 0 0 0 0 0 0 0 1 0 1 0 0
0 0 0 0 0 0 0 0 0 0 0 0 0 0 0 0 0 0 0 0 0 1
76 6383
0 0 -1 0 1 -1 -1 0 -1 0 1 -1 -2 1 -1 0 -1 -1 -1 -1 -1 -1
1 0 1 1 2 -1 0 1 0 0 0 1 0 -1 1 0 0 -1 -1 -1 0 1
1 1 1 1 -2 2 2 1 0 0 -1 0 1 0 1 2 2 1 0 1 0 1
-1 -1 -1 -1 1 -1 -1 -1 0 0 1 0 -1 0 -1 -2 -2 0 0 0 0 -1
0 1 1 1 0 0 0 0 0 0 -1 0 1 0 0 1 1 0 1 0 0 0
0 -1 -2 -1 -1 0 -1 0 0 -1 1 0 0 0 -2 0 1 1 0 1 0 -1
0 1 2 2 1 0 1 0 0 1 -1 0 0 0 1 1 0 -1 0 -1 0 0
1 -1 0 0 0 0 0 1 1 0 0 1 1 -1 0 0 1 1 0 1 1 0
0 0 0 0 1 -1 0 0 -1 0 0 0 -1 0 0 0 -1 -1 0 -1 0 0
0 0 0 0 0 0 0 0 0 0 0 0 1 0 1 0 1 0 0 0 0 0
1 0 1 2 1 0 1 1 0 1 0 1 0 -1 1 1 2 0 0 0 0 0
0 -1 -2 -2 -1 0 -1 0 0 -1 1 -1 -1 0 -1 -1 -1 0 -1 0 0 0
0 0 0 1 1 0 0 0 0 1 0 0 0 0 0 0 1 0 0 0 0 -1
0 0 0 -1 -1 0 0 0 0 0 -1 -1 0 0 0 0 -1 0 0 0 0 0
0 -1 -1 -1 0 -1 -1 0 0 0 1 0 -1 0 -1 -1 -1 0 0 0 0 0
0 0 0 0 0 0 0 0 0 0 0 0 0 0 0 0 1 0 1 0 0 0
0 1 1 0 -1 1 1 0 0 0 -1 0 1 0 1 1 0 0 0 0 0 1
0 0 1 1 0 0 0 0 0 0 0 0 0 0 0 0 0 0 1 1 0 0
0 -1 -1 0 1 -1 -1 0 0 0 1 0 -1 0 -1 0 0 0 0 0 0 -1
0 1 1 0 0 0 0 0 0 0 -1 0 1 0 1 0 0 0 0 -1 0 1
0 0 1 0 0 0 1 1 1 0 -1 1 1 -1 1 0 0 0 0 0 0 1
-1 1 1 0 0 0 0 -1 0 0 -1 0 1 0 1 0 0 0 1 0 0 0
76 8144
0 0 1 0 -1 1 1 0 1 0 -1 1 2 -1 1 0 1 1 1 1 1 1
-1 0 -1 -1 -2 1 0 -1 0 0 0 -1 0 1 -1 0 0 1 1 1 0 -1
-1 -1 -1 -1 2 -2 -2 -1 0 0 1 0 -1 0 -1 -2 -2 -1 0 -1 0 -1
1 1 1 1 -1 1 1 1 0 0 -1 0 1 0 1 2 2 0 0 0 0 1
0 -1 -1 -1 0 0 0 0 0 0 1 0 -1 0 0 -1 -1 0 -1 0 0 0
0 1 2 1 1 0 1 0 0 1 -1 0 0 0 2 0 -1 -1 0 -1 0 1
0 -1 -2 -2 -1 0 -1 0 0 -1 1 0 0 0 -1 -1 0 1 0 1 0 0
-1 1 0 0 0 0 0 -1 -1 0 0 -1 -1 1 0 0 -1 -1 0 -1 -1 0
0 0 0 0 -1 1 0 0 1 0 0 0 1 0 0 0 1 1 0 1 0 0
0 0 0 0 0 0 0 0 0 0 0 0 -1 0 -1 0 -1 0 0 0 0 0
-1 0 -1 -2 -1 0 -1 -1 0 -1 0 -1 0 1 -1 -1 -2 0 0 0 0 0
0 1 2 2 1 0 1 0 0 1 -1 1 1 0 1 1 1 0 1 0 0 0
0 0 0 -1 -1 0 0 0 0 -1 0 0 0 0 0 0 -1 0 0 0 0 1
0 0 0 1 1 0 0 0 0 0 1 1 0 0 0 0 1 0 0 0 0 0
0 1 1 1 0 1 1 0 0 0 -1 0 1 0 1 1 1 0 0 0 0 0
0 0 0 0 0 0 0 0 0 0 0 0 0 0 0 0 -1 0 -1 0 0 0
0 -1 -1 0 1 -1 -1 0 0 0 1 0 -1 0 -1 -1 0 0 0 0 0 -1
0 0 -1 -1 0 0 0 0 0 0 0 0 0 0 0 0 0 0 -1 -1 0 0
0 1 1 0 -1 1 1 0 0 0 -1 0 1 0 1 0 0 0 0 0 0 1
0 -1 -1 0 0 0 0 0 0 0 1 0 -1 0 -1 0 0 0 0 1 0 -1
0 0 -1 0 0 0 -1 -1 -1 0 1 -1 -1 1 -1 0 0 0 0 0 0 -1
1 -1 -1 0 0 0 0 1 0 0 1 0 -1 0 -1 0 0 0 -1 0 0 0
76 8825
1 0 1 1 0 2 1 0 0 1 -1 -2 -1 0 2 1 -1 0 -1 0 2 1
-1 1 1 -1 0 -1 -1 0 0 -1 -1 0 1 0 0 -2 -1 0 1 0 -1 0
0 1 -1 -1 0 -1 -1 1 0 -1 0 2 2 0 -1 0 1 0 0 0 -1 1
0 -1 0 1 1 1 1 -1 0 1 1 -1 -2 0 1 0 -1 0 -1 0 1 -1
1 0 0 0 0 -1 -1 1 0 -1 0 1 0 -1 -1 0 0 0 0 0 0 1
0 0 -1 0 0 1 0 -1 0 0 1 0 0 0 0 1 1 0 0 0 1 0
1 0 1 0 0 -1 -1 1 0 0 -1 0 0 -1 0 -1 -1 0 0 0 0 1
-1 1 0 -1 0 -1 -1 -1 0 -1 0 1 1 0 -1 -1 0 0 1 0 -1 0
0 0 1 0 0 0 0 0 0 0 -1 -1 0 0 1 0 -1 0 0 0 0 0
-1 0 0 -1 -1 -1 0 0 0 -1 0 1 1 0 -1 -1 0 0 1 0 -1 0
-1 1 1 -1 0 -1 -1 0 1 -1 -1 2 2 -1 -1 -2 -1 0 1 0 -1 1
0 0 -1 1 0 2 1 -1 -1 1 1 -2 -1 2 1 2 1 0 -1 0 1 -1
0 0 1 0 0 0 0 0 1 0 0 1 0 -1 0 -1 -1 0 0 0 0 1
1 0 0 1 0 1 1 0 -1 1 0 -1 -1 1 1 2 0 0 -1 0 1 0
0 0 0 1 0 2 1 -1 0 1 0 -2 -1 1 1 1 0 0 -1 0 1 -1
-1 0 0 -1 0 -1 -1 0 1 -1 0 1 1 0 -1 -1 0 0 1 0 -1 0
1 0 -1 0 0 0 0 1 -1 0 0 0 0 0 0 1 1 0 -1 0 0 0
0 0 0 0 1 -1 -1 0 1 0 0 1 0 -1 -1 -1 0 0 0 -1 0 0
0 0 0 0 0 1 0 -1 0 0 0 -1 -1 0 0 0 -1 0 0 0 1 0
0 0 0 0 0 -1 0 1 -1 -1 0 0 0 0 0 0 0 -1 0 0 -1 0
0 1 0 0 0 0 0 0 -1 0 0 0 0 1 0 0 0 0 0 0 -1 0
1 -1 0 0 0 -1 0 1 0 0 0 1 0 -1 -1 0 0 0 0 0 0 0
76 8881
0 0 1 1 -1 1 1 -1 -1 1 1 -1 -1 1 1 0 -1 0 1 2 0 1
0 1 -1 1 2 0 -2 -1 0 -1 1 -1 -1 1 -1 1 1 0 -1 -1 0 -2
0 0 -2 -2 1 -2 -2 1 0 -3 0 2 1 -2 -1 0 1 0 0 -1 0 1
0 0 2 1 -1 1 2 0 0 2 -1 -1 0 1 1 0 -1 0 1 1 0 0
1 0 0 0 0 -1 -1 1 0 -1 0 1 0 -1 -1 0 0 0 0 0 0 1
0 0 0 -1 -1 1 1 1 0 0 -1 0 1 0 1 0 0 0 0 1 0 1
1 0 0 1 0 -1 -1 0 -1 -1 1 0 -1 0 -1 1 0 0 0 0 0 0
0 0 -1 0 1 0 -1 1 1 -1 0 0 0 0 -1 0 1 0 -1 -1 0 -1
0 0 0 1 0 0 0 -1 -1 1 1 -1 -1 1 0 0 0 0 0 0 0 -1
0 0 -1 0 1 0 -1 0 1 0 0 0 0 0 -1 0 1 0 -1 -1 0 -1
1 0 -2 0 1 -1 -2 1 0 -2 1 0 -1 0 -2 1 2 0 -1 -1 0 -1
-1 0 1 -1 -1 1 1 -1 0 1 -1 -1 1 0 2 -1 -1 0 1 1 0 1
1 0 0 1 0 0 0 1 0 0 0 0 -1 0 -1 1 1 0 0 0 0 0
0 -1 1 0 -1 0 1 0 0 1 0 0 0 -1 1 -1 -1 0 1 1 0 1
-1 0 1 0 -1 1 1 -1 0 1 0 -1 0 1 1 -1 -1 0 1 1 0 0
0 0 -1 0 0 0 0 0 0 0 0 0 0 0 -1 0 1 0 -1 -1 0 -1
0 0 0 -1 0 -1 -1 0 0 -1 0 1 1 -1 0 0 0 0 1 0 0 1
0 0 0 0 0 -1 0 1 0 -1 0 1 0 0 -1 0 0 0 0 0 -1 0
0 0 1 1 -1 1 1 0 0 1 0 -1 0 1 1 0 0 0 0 1 0 0
0 1 0 0 1 0 -1 -1 0 0 0 0 0 0 0 0 0 0 0 -1 0 0
0 0 0 0 1 -1 -1 0 0 -1 0 0 0 -1 0 0 0 -1 0 -1 0 0
1 -1 0 0 0 -1 0 1 0 0 0 1 0 -1 -1 0 0 0 0 0 0 0
76 9196
0 1 0 0 0 1 -1 -1 1 1 0 -1 0 1 1 1 2 2 0 0 0 0
1 -1 0 0 -2 0 1 0 -1 1 0 -1 0 0 -1 0 0 -1 0 0 0 0
-1 0 0 -1 -1 -1 1 0 -1 -1 0 1 1 0 1 -1 -2 -1 0 0 0 1
0 0 0 1 1 1 0 0 1 1 0 0 0 0 0 1 2 1 0 0 0 -1
0 0 0 0 -1 0 0 0 0 0 0 0 0 0 0 0 0 0 0 0 0 0
-1 0 0 0 1 0 0 0 1 0 0 1 0 0 0 -1 -1 1 0 0 0 0
1 0 0 0 -2 0 0 0 -1 0 0 -1 0 0 0 1 1 0 0 0 0 0
0 -1 0 0 -1 0 1 1 0 0 0 0 0 0 -1 -1 -1 -1 0 0 0 0
1 0 0 0 0 0 -1 0 0 0 0 -1 0 0 0 1 1 0 0 0 0 0
0 0 0 0 0 0 0 0 0 0 0 0 0 0 -1 -1 -1 -1 0 0 0 0
0 -1 0 0 -2 0 1 0 0 0 1 0 0 0 -1 -1 -1 -1 0 0 0 0
-1 1 0 0 2 0 -1 -1 0 0 0 0 0 1 1 0 0 1 0 0 0 0
0 0 1 1 -1 1 1 0 1 1 0 0 0 0 0 0 0 0 0 0 0 0
0 1 0 0 1 0 -1 0 0 0 0 0 0 1 1 1 1 1 0 0 0 0
0 0 0 0 1 0 -1 0 1 0 0 0 0 0 0 0 1 1 0 0 0 0
0 0 0 0 0 0 0 0 0 -1 0 0 0 0 -1 0 -1 -1 0 0 0 0
0 0 0 0 0 -1 0 0 -1 0 0 0 0 0 1 0 0 0 0 0 0 0
0 0 0 0 -1 1 1 0 0 0 0 0 0 0 0 0 0 0 0 0 0 0
0 0 0 0 0 0 -1 0 1 0 0 0 0 0 -1 0 1 1 1 0 0 0
0 0 0 0 0 -1 0 0 -1 0 0 0 0 0 0 0 0 -1 0 0 -1 0
0 0 0 0 0 -1 0 0 -1 0 0 0 0 0 0 0 0 -1 0 -1 0 0
0 0 0 0 0 0 0 0 0 0 0 0 0 0 0 0 0 0 0 0 0 -1
76 9645
-1 1 2 1 0 -1 0 -1 0 1 -1 0 1 0 2 0 1 1 1 -1 -1 0
1 0 0 0 1 -1 0 1 -1 -1 0 1 -1 -1 -2 0 -1 -1 1 0 -1 1
0 0 -1 -1 2 0 -2 0 1 -1 1 1 -1 -1 -1 -1 -1 -1 0 0 1 1
0 0 1 1 -1 0 1 0 0 1 -1 -1 1 1 1 1 1 1 0 0 0 -1
0 0 -1 -1 1 0 -1 0 0 -1 1 0 -1 0 0 -1 -1 0 -1 0 0 0
0 0 0 -1 -1 0 -1 0 1 0 -1 0 2 0 0 0 1 1 0 0 1 0
0 0 0 0 1 0 0 0 0 0 1 0 -2 0 0 -1 -1 0 0 0 -1 0
1 -1 -1 -1 0 0 0 1 0 -1 0 1 0 -1 -2 0 -1 0 0 1 1 0
0 0 1 1 0 0 1 0 0 1 0 0 0 0 1 0 0 0 0 0 -1 0
0 0 -1 -1 0 0 0 0 -1 -1 0 0 0 0 -1 0 -1 -1 0 0 0 0
1 0 0 -1 1 0 0 1 0 -1 0 1 -1 -1 -1 0 -2 -1 0 0 0 1
-1 1 1 1 -1 0 0 -1 0 1 -1 0 2 1 1 1 2 1 1 0 0 0
0 0 0 -1 0 0 0 0 0 -1 0 0 0 0 0 0 -1 0 0 0 0 0
-1 0 0 1 0 0 0 -1 0 1 1 0 0 1 1 0 1 1 0 0 0 -1
0 0 1 1 -1 0 1 0 0 1 -1 0 1 0 1 1 1 1 0 0 0 0
0 0 0 0 0 1 1 0 0 0 0 0 0 0 0 0 -1 -1 -1 0 0 0
0 0 -1 0 1 0 -1 0 0 0 1 0 -1 0 0 0 1 0 0 0 0 0
1 0 0 0 0 1 0 0 0 0 0 -1 -1 0 0 0 -1 0 -1 0 1 0
0 0 1 0 -1 0 1 0 0 1 -1 0 1 0 1 0 0 1 0 0 0 0
0 0 -1 0 1 -1 -1 0 -1 -1 1 0 -1 0 -1 0 0 -1 0 0 -1 0
0 0 -1 0 1 0 0 0 0 0 1 1 -1 0 -1 0 0 0 0 0 0 0
0 0 -1 0 0 1 0 0 0 0 1 -1 -1 1 0 0 0 0 -1 0 0 -1
76 11720
-1 0 -1 -1 0 -2 -1 0 0 -1 1 2 1 0 -2 -1 1 0 1 0 -2 -1
1 -1 -1 1 0 1 1 0 0 1 1 0 -1 0 0 2 1 0 -1 0 1 0
0 -1 1 1 0 1 1 -1 0 1 0 -2 -2 0 1 0 -1 0 0 0 1 -1
0 1 0 -1 -1 -1 -1 1 0 -1 -1 1 2 0 -1 0 1 0 1 0 -1 1
-1 0 0 0 0 1 1 -1 0 1 0 -1 0 1 1 0 0 0 0 0 0 -1
0 0 1 0 0 -1 0 1 0 0 -1 0 0 0 0 -1 -1 0 0 0 -1 0
-1 0 -1 0 0 1 1 -1 0 0 1 0 0 1 0 1 1 0 0 0 0 -1
1 -1 0 1 0 1 1 1 0 1 0 -1 -1 0 1 1 0 0 -1 0 1 0
0 0 -1 0 0 0 0 0 0 0 1 1 0 0 -1 0 1 0 0 0 0 0
1 0 0 1 1 1 0 0 0 1 0 -1 -1 0 1 1 0 0 -1 0 1 0
1 -1 -1 1 0 1 1 0 -1 1 1 -2 -2 1 1 2 1 0 -1 0 1 -1
0 0 1 -1 0 -2 -1 1 1 -1 -1 2 1 -2 -1 -2 -1 0 1 0 -1 1
0 0 -1 0 0 0 0 0 -1 0 0 -1 0 1 0 1 1 0 0 0 0 -1
-1 0 0 -1 0 -1 -1 0 1 -1 0 1 1 -1 -1 -2 0 0 1 0 -1 0
0 0 0 -1 0 -2 -1 1 0 -1 0 2 1 -1 -1 -1 0 0 1 0 -1 1
1 0 0 1 0 1 1 0 -1 1 0 -1 -1 0 1 1 0 0 -1 0 1 0
-1 0 1 0 0 0 0 -1 1 0 0 0 0 0 0 -1 -1 0 1 0 0 0
0 0 0 0 -1 1 1 0 -1 0 0 -1 0 1 1 1 0 0 0 1 0 0
0 0 0 0 0 -1 0 1 0 0 0 1 1 0 0 0 1 0 0 0 -1 0
0 0 0 0 0 1 0 -1 1 1 0 0 0 0 0 0 0 1 0 0 1 0
0 -1 0 0 0 0 0 0 1 0 0 0 0 -1 0 0 0 0 0 0 1 0
-1 1 0 0 0 1 0 -1 0 0 0 -1 0 1 1 0 0 0 0 0 0 0
77 0
1 0 0 0 0 0 0 0 0 0 0 0 0 0 0 0 0 0 0 0 0 0
0 1 0 0 0 0 0 0 0 0 0 0 0 0 0 0 0 0 0 0 0 0
0 0 1 0 0 0 0 0 0 0 0 0 0 0 0 0 0 0 0 0 0 0
0 0 0 1 0 0 0 0 0 0 0 0 0 0 0 0 0 0 0 0 0 0
0 0 0 0 1 0 0 0 0 0 0 0 0 0 0 0 0 0 0 0 0 0
0 0 0 0 0 1 0 0 0 0 0 0 0 0 0 0 0 0 0 0 0 0
0 0 0 0 0 0 1 0 0 0 0 0 0 0 0 0 0 0 0 0 0 0
0 0 0 0 0 0 0 1 0 0 0 0 0 0 0 0 0 0 0 0 0 0
0 0 0 0 0 0 0 0 1 0 0 0 0 0 0 0 0 0 0 0 0 0
0 0 0 0 0 0 0 0 0 1 0 0 0 0 0 0 0 0 0 0 0 0
0 0 0 0 0 0 0 0 0 0 1 0 0 0 0 0 0 0 0 0 0 0
0 0 0 0 0 0 0 0 0 0 0 1 0 0 0 0 0 0 0 0 0 0
0 0 0 0 0 0 0 0 0 0 0 0 1 0 0 0 0 0 0 0 0 0
0 0 0 0 0 0 0 0 0 0 0 0 0 1 0 0 0 0 0 0 0 0
0 0 0 0 0 0 0 0 0 0 0 0 0 0 1 0 0 0 0 0 0 0
0 0 0 0 0 0 0 0 0 0 0 0 0 0 0 1 0 0 0 0 0 0
0 0 0 0 0 0 0 0 0 0 0 0 0 0 0 0 1 0 0 0 0 0
0 0 0 0 0 0 0 0 0 0 0 0 0 0 0 0 0 1 0 0 0 0
0 0 0 0 0 0 0 0 0 0 0 0 0 0 0 0 0 0 1 0 0 0
0 0 0 0 0 0 0 0 0 0 0 0 0 0 0 0 0 0 0 1 0 0
0 0 0 0 0 0 0 0 0 0 0 0 0 0 0 0 0 0 0 0 1 0
0 0 0 0 0 0 0 0 0 0 0 0 0 0 0 0 0 0 0 0 0 1
77 191
-1 2 1 0 0 0 0 -2 -2 0 0 0 0 1 1 1 -1 -1 2 0 0 1
2 -2 -1 0 0 0 0 2 0 0 1 0 -1 0 -1 0 0 2 0 2 1 -1
0 -1 -1 -1 -1 0 0 0 1 0 0 0 0 0 -1 -1 1 3 -1 0 0 -2
0 1 1 1 0 0 0 0 -1 0 0 0 0 0 1 1 0 -2 1 0 0 2
0 -1 -1 -1 0 0 0 0 1 0 0 0 0 -1 0 -1 0 1 -1 0 1 -1
-1 1 0 0 0 0 1 0 0 0 -1 1 1 0 0 1 1 -1 0 -1 -1 0
1 -1 0 -1 0 0 -1 0 1 0 0 0 0 -1 0 -1 -1 2 0 1 2 0
1 -1 -1 0 0 0 0 2 1 0 0 0 0 0 -1 0 1 1 -1 0 0 -1
0 0 1 0 0 0 0 0 0 0 0 0 0 0 1 0 -1 0 1 1 0 1
1 -1 -1 0 0 0 0 1 0 0 0 -1 -1 0 -1 0 0 0 -1 0 0 -1
2 -2 -1 -1 0 -1 -1 2 1 -1 0 0 0 -1 -1 0 0 2 -1 1 1 -1
-2 3 1 1 0 1 1 -2 -2 0 0 0 0 2 1 1 0 -2 1 -1 -2 1
1 -1 -1 -1 0 -1 -1 1 0 -1 0 0 0 -1 -1 0 0 0 0 0 1 0
-2 2 1 0 0 0 0 -2 -1 0 0 0 0 1 1 -1 -1 -1 1 -1 -1 1
-1 2 1 1 1 0 0 -1 -1 0 0 0 0 1 1 1 0 -2 1 -1 -1 1
1 -1 0 0 0 0 0 1 1 0 0 0 0 -1 0 0 0 0 -1 0 0 0
-1 0 0 0 0 0 0 -1 0 0 0 0 0 0 0 -1 0 1 0 0 0 -1
1 -1 0 0 0 0 0 1 1 0 0 0 0 -1 0 0 0 0 -1 0 1 0
0 1 1 0 0 0 0 0 0 0 -1 0 1 0 1 1 0 -1 1 0 0 1
0 -1 -1 0 0 0 0 0 0 0 1 0 -1 0 -1 -1 0 1 0 1 0 -1
0 0 0 0 0 0 0 0 0 0 0 0 0 0 0 -1 0 1 0 0 0 0
0 -1 0 0 0 0 0 0 1 0 0 0 0 -1 0 -1 -1 0 -1 0 1 0
77 427
0 0 0 1 0 0 1 0 0 1 1 1 -1 0 0 0 1 0 1 -1 0 1
0 0 -1 -1 -1 1 2 0 -2 0 -1 -1 0 0 1 1 0 -1 -1 0 0 0
0 -1 2 1 1 0 1 1 1 0 -1 0 1 -1 1 0 -2 -2 -1 1 0 0
0 1 -1 0 0 0 -1 -1 -1 0 1 0 -1 1 -1 0 1 1 1 -1 0 0
0 0 1 1 0 0 0 0 0 0 0 -1 0 0 1 0 0 -1 -1 0 -1 0
0 0 1 1 0 0 -1 0 1 0 0 0 0 0 0 0 0 1 1 1 1 0
0 0 0 0 0 0 1 0 -1 0 0 -1 0 0 1 0 0 -2 -1 -1 -1 0
0 0 0 -1 -1 0 0 0 -1 -1 -1 -1 0 0 0 0 -1 0 0 1 0 0
0 0 -1 -1 0 0 0 0 0 0 0 0 0 0 0 0 1 0 0 -1 0 0
0 0 0 -1 -1 0 0 0 0 0 -1 0 1 0 0 0 0 1 0 1 0 0
0 -1 0 -1 -1 0 1 0 -1 -1 -1 -1 1 -1 1 0 -1 -1 -1 1 0 0
0 0 0 1 1 0 0 0 1 1 1 2 -1 0 -1 0 0 1 1 0 1 0
0 0 0 0 -1 0 0 -1 -1 0 0 -1 0 0 0 0 0 0 0 0 0 0
0 0 0 1 1 0 0 0 1 1 1 1 -1 0 -1 -1 0 0 0 -1 0 0
0 0 -1 0 0 0 0 0 0 0 1 1 -1 0 -1 0 1 1 1 0 0 0
0 0 0 -1 0 -1 -1 0 0 -1 -1 0 1 -1 0 0 0 0 0 0 0 0
0 0 1 1 1 1 1 0 1 1 0 0 0 0 1 0 -1 -1 -1 0 0 0
0 0 0 0 0 -1 -1 0 -1 -1 0 -1 0 0 0 0 0 -1 0 0 -1 0
0 0 0 0 -1 0 0 0 0 0 0 0 0 0 0 0 1 1 1 0 0 0
0 0 0 0 0 1 1 0 0 1 0 0 0 0 1 0 0 0 -1 0 0 0
0 0 0 0 0 1 1 0 0 0 0 0 0 0 0 0 -1 -1 -1 0 0 0
1 0 0 0 0 0 -1 0 0 0 0 -1 0 0 0 0 0 0 -1 0 0 0
77 926
0 -2 0 0 0 1 1 1 3 0 0 1 1 -2 1 -1 0 1 -2 1 1 0
0 0 0 0 2 -2 0 1 -1 0 0 1 0 -1 0 -1 0 -2 0 -2 -1 0
0 1 0 0 0 0 0 -2 -3 1 0 -2 -2 1 0 0 -1 -2 1 -2 0 0
0 -1 0 0 0 0 0 1 2 -1 0 1 1 -1 0 0 0 1 -1 2 0 0
0 0 0 0 0 0 0 -1 -1 1 0 0 0 0 0 0 0 0 1 0 1 0
0 0 0 0 -1 1 -1 -1 1 0 1 -1 0 1 0 0 0 1 0 1 0 0
0 0 0 0 1 0 1 0 -1 1 -1 0 0 -1 1 0 0 -1 0 -1 1 0
0 1 0 0 1 -1 -1 0 -1 0 0 0 0 1 -1 0 0 -1 1 -1 -1 0
0 0 1 0 0 0 1 1 1 0 -1 1 1 -1 1 0 0 0 0 0 0 1
0 1 0 0 0 -1 -1 0 -1 0 0 0 0 1 -1 0 1 0 1 -1 -1 0
0 1 0 1 2 -1 0 0 -2 1 0 0 -1 0 0 0 1 -2 1 -2 -1 0
0 -1 0 0 -1 1 0 0 2 -1 1 0 0 0 0 0 -1 1 -2 1 0 0
0 0 0 1 1 0 0 0 0 1 0 0 0 0 0 0 1 0 0 0 0 -1
0 -1 0 0 -1 1 1 0 1 0 0 0 0 0 0 0 -1 1 -1 1 1 0
0 -1 0 0 0 0 0 1 2 -1 0 1 1 -1 0 0 0 1 -1 1 0 0
0 1 0 0 0 0 0 0 -1 0 0 0 0 1 0 1 1 0 1 0 -1 0
0 0 0 0 0 0 0 -1 -1 0 0 -1 -1 0 0 0 -1 -1 0 -1 1 0
0 0 0 0 0 0 0 0 -1 0 0 0 0 0 0 0 0 0 1 1 0 0
0 -1 0 0 0 0 0 1 2 0 0 1 1 -1 0 0 1 1 0 1 0 0
0 0 0 0 0 -1 0 0 -1 0 0 0 0 0 0 0 0 -1 0 -1 0 0
0 0 0 0 1 -1 0 0 -1 0 0 0 -1 0 0 0 -1 -1 0 -1 0 0
-1 1 0 0 0 0 0 -1 -1 0 0 0 0 1 0 0 0 0 1 0 0 0
77 996
-1 0 0 0 -1 0 2 0 0 1 0 2 0 0 -1 -1 0 1 2 0 0 1
2 -1 1 0 0 0 0 1 0 1 0 0 0 0 1 1 0 1 0 1 1 0
0 -1 0 -1 0 0 -1 0 -1 -2 1 -2 -1 0 2 -1 -2 -1 -1 1 0 0
0 1 0 1 0 0 1 0 0 1 -1 1 0 0 -2 1 1 0 1 -1 0 0
0 -1 0 -1 0 -1 -1 0 0 -1 0 0 0 -1 0 -1 -1 0 0 1 0 0
-1 1 0 1 0 1 0 -1 0 0 0 -1 0 1 0 0 0 -1 0 0 0 0
1 -2 0 -1 0 -1 0 1 0 0 0 1 0 -2 0 -1 -1 1 0 1 1 0
1 0 1 1 1 0 -1 0 0 0 0 -1 0 0 1 1 0 -1 -1 0 0 0
0 0 0 0 0 0 1 0 0 1 0 1 0 0 0 0 0 1 0 0 0 0
1 0 0 0 0 0 -1 0 0 0 0 -1 0 0 1 1 1 0 -1 0 0 0
2 -2 1 0 0 -1 -1 1 0 0 0 -1 0 -1 1 0 -1 0 -1 1 1 0
-2 2 0 1 -1 2 2 -1 0 1 0 0 0 2 0 0 1 0 1 -1 -1 0
1 -1 0 0 0 -1 -1 0 0 0 0 0 0 -1 -1 0 0 0 0 0 1 0
-2 1 0 0 0 0 1 -1 0 0 0 1 0 0 0 -1 0 0 1 -1 -1 0
-1 1 0 1 0 0 1 0 0 1 0 1 0 1 -1 0 1 0 1 -1 -1 0
1 0 0 0 0 0 -1 0 0 0 0 -1 0 0 0 0 0 0 -1 0 0 0
-1 0 0 -1 0 0 0 0 0 -1 0 0 0 0 1 -1 -1 0 0 0 0 0
1 -1 0 0 0 -1 -1 1 0 -1 0 0 0 -1 -1 0 0 0 0 1 0 0
0 0 0 1 0 0 1 0 0 1 0 1 0 0 -1 0 0 0 0 0 0 0
0 0 0 -1 0 0 0 0 0 0 0 0 0 0 1 0 0 0 0 0 0 0
0 0 1 0 0 0 0 0 0 0 0 0 0 0 1 0 -1 0 0 0 0 0
0 0 0 -1 0 -1 -1 0 0 -1 -1 0 1 -1 0 0 0 0 0 0 0 0
77 1105
0 2 0 0 0 -1 -1 -1 -3 0 0 -1 -1 2 -1 1 0 -1 2 -1 -1 0
0 0 0 0 -2 2 0 -1 1 0 0 -1 0 1 0 1 0 2 0 2 1 0
0 -1 0 0 0 0 0 2 3 -1 0 2 2 -1 0 0 1 2 -1 2 0 0
0 1 0 0 0 0 0 -1 -2 1 0 -1 -1 1 0 0 0 -1 1 -2 0 0
0 0 0 0 0 0 0 1 1 -1 0 0 0 0 0 0 0 0 -1 0 -1 0
0 0 0 0 1 -1 1 1 -1 0 -1 1 0 -1 0 0 0 -1 0 -1 0 0
0 0 0 0 -1 0 -1 0 1 -1 1 0 0 1 -1 0 0 1 0 1 -1 0
0 -1 0 0 -1 1 1 0 1 0 0 0 0 -1 1 0 0 1 -1 1 1 0
0 0 -1 0 0 0 -1 -1 -1 0 1 -1 -1 1 -1 0 0 0 0 0 0 -1
0 -1 0 0 0 1 1 0 1 0 0 0 0 -1 1 0 -1 0 -1 1 1 0
0 -1 0 -1 -2 1 0 0 2 -1 0 0 1 0 0 0 -1 2 -1 2 1 0
0 1 0 0 1 -1 0 0 -2 1 -1 0 0 0 0 0 1 -1 2 -1 0 0
0 0 0 -1 -1 0 0 0 0 -1 0 0 0 0 0 0 -1 0 0 0 0 1
0 1 0 0 1 -1 -1 0 -1 0 0 0 0 0 0 0 1 -1 1 -1 -1 0
0 1 0 0 0 0 0 -1 -2 1 0 -1 -1 1 0 0 0 -1 1 -1 0 0
0 -1 0 0 0 0 0 0 1 0 0 0 0 -1 0 -1 -1 0 -1 0 1 0
0 0 0 0 0 0 0 1 1 0 0 1 1 0 0 0 1 1 0 1 -1 0
0 0 0 0 0 0 0 0 1 0 0 0 0 0 0 0 0 0 -1 -1 0 0
0 1 0 0 0 0 0 -1 -2 0 0 -1 -1 1 0 0 -1 -1 0 -1 0 0
0 0 0 0 0 1 0 0 1 0 0 0 0 0 0 0 0 1 0 1 0 0
0 0 0 0 -1 1 0 0 1 0 0 0 1 0 0 0 1 1 0 1 0 0
1 -1 0 0 0 0 0 1 1 0 0 0 0 -1 0 0 0 0 -1 0 0 0
77 1255
1 -2 -1 0 0 0 0 2 2 0 0 0 0 -1 -1 -1 1 1 -2 0 0 -1
-2 2 1 0 0 0 0 -2 0 0 -1 0 1 0 1 0 0 -2 0 -2 -1 1
0 1 1 1 1 0 0 0 -1 0 0 0 0 0 1 1 -1 -3 1 0 0 2
0 -1 -1 -1 0 0 0 0 1 0 0 0 0 0 -1 -1 0 2 -1 0 0 -2
0 1 1 1 0 0 0 0 -1 0 0 0 0 1 0 1 0 -1 1 0 -1 1
1 -1 0 0 0 0 -1 0 0 0 1 -1 -1 0 0 -1 -1 1 0 1 1 0
-1 1 0 1 0 0 1 0 -1 0 0 0 0 1 0 1 1 -2 0 -1 -2 0
-1 1 1 0 0 0 0 -2 -1 0 0 0 0 0 1 0 -1 -1 1 0 0 1
0 0 -1 0 0 0 0 0 0 0 0 0 0 0 -1 0 1 0 -1 -1 0 -1
-1 1 1 0 0 0 0 -1 0 0 0 1 1 0 1 0 0 0 1 0 0 1
-2 2 1 1 0 1 1 -2 -1 1 0 0 0 1 1 0 0 -2 1 -1 -1 1
2 -3 -1 -1 0 -1 -1 2 2 0 0 0 0 -2 -1 -1 0 2 -1 1 2 -1
-1 1 1 1 0 1 1 -1 0 1 0 0 0 1 1 0 0 0 0 0 -1 0
2 -2 -1 0 0 0 0 2 1 0 0 0 0 -1 -1 1 1 1 -1 1 1 -1
1 -2 -1 -1 -1 0 0 1 1 0 0 0 0 -1 -1 -1 0 2 -1 1 1 -1
-1 1 0 0 0 0 0 -1 -1 0 0 0 0 1 0 0 0 0 1 0 0 0
1 0 0 0 0 0 0 1 0 0 0 0 0 0 0 1 0 -1 0 0 0 1
-1 1 0 0 0 0 0 -1 -1 0 0 0 0 1 0 0 0 0 1 0 -1 0
0 -1 -1 0 0 0 0 0 0 0 1 0 -1 0 -1 -1 0 1 -1 0 0 -1
0 1 1 0 0 0 0 0 0 0 -1 0 1 0 1 1 0 -1 0 -1 0 1
0 0 0 0 0 0 0 0 0 0 0 0 0 0 0 1 0 -1 0 0 0 0
0 1 0 0 0 0 0 0 -1 0 0 0 0 1 0 1 1 0 1 0 -1 0
77 1757
-1 -1 1 1 1 0 0 -1 1 0 0 -1 0 -1 2 0 -1 -1 -1 0 1 -1
1 0 0 0 -2 0 0 2 0 0 0 -1 0 1 0 1 2 1 1 1 -1 0
1 0 0 0 -2 0 0 1 1 1 0 2 0 0 -2 0 1 3 1 1 0 1
-1 0 0 0 2 0 0 -1 0 -1 0 -1 0 0 1 0 -1 -2 -1 -1 0 -1
0 1 0 0 -1 1 0 0 0 0 0 0 0 1 0 0 0 1 0 0 0 1
-1 0 0 -1 1 -1 0 -1 0 0 -1 1 1 -1 0 -1 -1 0 0 -1 0 0
0 0 0 1 -1 1 0 1 1 0 1 0 0 1 0 0 1 1 0 1 0 0
0 1 -1 -1 -1 0 0 0 -1 0 0 0 0 1 -1 0 1 1 1 0 -1 0
0 0 1 1 0 0 0 0 0 0 0 -1 0 0 1 0 0 -1 0 0 0 0
0 1 0 -1 -1 0 0 0 -1 0 0 0 0 1 0 0 0 0 1 0 -1 1
0 1 0 0 -2 1 1 1 0 1 0 0 0 2 0 0 1 2 1 1 -1 0
0 -2 0 0 1 -1 0 -1 0 0 0 0 0 -2 0 0 -1 -1 -1 0 1 -1
-1 1 0 0 0 1 1 0 0 0 0 0 0 1 1 0 0 0 0 0 -1 0
0 -1 0 1 1 0 0 -1 0 0 1 0 -1 -1 0 0 -1 -1 -1 0 1 0
0 -1 0 0 1 0 0 -1 0 0 0 -1 0 -1 1 0 -1 -1 -1 0 1 -1
0 1 0 0 0 0 0 0 -1 0 0 0 0 1 0 0 0 0 0 0 -1 0
1 -1 0 0 -1 0 0 1 1 0 0 1 0 -1 -1 0 0 1 0 1 1 1
0 1 0 0 0 1 0 0 0 0 0 0 0 1 0 0 0 1 0 0 0 0
-1 0 0 0 1 0 0 -1 0 0 0 -1 0 0 1 -1 -1 -1 -1 -1 0 -1
1 0 0 0 -1 0 0 1 0 0 0 0 0 0 0 1 1 0 0 0 0 1
1 -1 -1 0 -1 0 0 1 0 0 1 0 -1 0 -1 0 1 1 0 1 0 0
0 1 0 0 0 1 0 0 0 0 0 0 0 1 0 0 0 0 0 0 0 1
77 2589
-1 0 0 0 0 0 0 0 0 0 0 0 0 0 0 0 0 0 0 0 0 0
0 -1 0 0 0 0 0 0 0 0 0 0 0 0 0 0 0 0 0 0 0 0
0 0 -1 0 0 0 0 0 0 0 0 0 0 0 0 0 0 0 0 0 0 0
0 0 0 -1 0 0 0 0 0 0 0 0 0 0 0 0 0 0 0 0 0 0
0 0 0 0 -1 0 0 0 0 0 0 0 0 0 0 0 0 0 0 0 0 0
0 0 0 0 0 -1 0 0 0 0 0 0 0 0 0 0 0 0 0 0 0 0
0 0 0 0 0 0 -1 0 0 0 0 0 0 0 0 0 0 0 0 0 0 0
0 0 0 0 0 0 0 -1 0 0 0 0 0 0 0 0 0 0 0 0 0 0
0 0 0 0 0 0 0 0 -1 0 0 0 0 0 0 0 0 0 0 0 0 0
0 0 0 0 0 0 0 0 0 -1 0 0 0 0 0 0 0 0 0 0 0 0
0 0 0 0 0 0 0 0 0 0 -1 0 0 0 0 0 0 0 0 0 0 0
0 0 0 0 0 0 0 0 0 0 0 -1 0 0 0 0 0 0 0 0 0 0
0 0 0 0 0 0 0 0 0 0 0 0 -1 0 0 0 0 0 0 0 0 0
0 0 0 0 0 0 0 0 0 0 0 0 0 -1 0 0 0 0 0 0 0 0
0 0 0 0 0 0 0 0 0 0 0 0 0 0 -1 0 0 0 0 0 0 0
0 0 0 0 0 0 0 0 0 0 0 0 0 0 0 -1 0 0 0 0 0 0
0 0 0 0 0 0 0 0 0 0 0 0 0 0 0 0 -1 0 0 0 0 0
0 0 0 0 0 0 0 0 0 0 0 0 0 0 0 0 0 -1 0 0 0 0
0 0 0 0 0 0 0 0 0 0 0 0 0 0 0 0 0 0 -1 0 0 0
0 0 0 0 0 0 0 0 0 0 0 0 0 0 0 0 0 0 0 -1 0 0
0 0 0 0 0 0 0 0 0 0 0 0 0 0 0 0 0 0 0 0 -1 0
0 0 0 0 0 0 0 0 0 0 0 0 0 0 0 0 0 0 0 0 0 -1
77 2937
-1 1 1 0 0 0 0 -1 0 -1 -1 1 1 -1 0 0 0 0 2 0 1 1
1 -1 1 0 0 -1 0 2 1 0 -1 1 1 -1 -1 0 0 -1 1 1 -1 1
-1 1 -1 -1 0 0 0 -1 -1 0 0 -2 0 2 1 0 0 -2 -1 -1 -2 0
0 0 1 1 0 0 0 0 0 0 0 1 0 -1 0 0 0 1 1 0 1 0
-1 1 0 0 1 0 0 -1 0 0 0 0 0 1 0 0 -1 -1 -1 -1 -1 0
0 1 0 0 0 1 0 -1 0 1 0 -1 -1 1 1 0 0 1 0 -1 1 0
-1 0 0 0 1 -1 0 0 0 -1 0 1 1 0 -1 0 -1 -2 0 0 -1 0
1 -1 0 0 0 0 0 1 1 1 0 0 0 0 0 0 0 0 -1 0 0 0
0 -1 0 0 0 -1 0 1 0 -1 0 1 0 -1 -1 0 0 0 1 1 0 0
1 -1 0 0 -1 1 1 1 1 1 0 0 0 0 0 0 0 1 -1 1 0 0
0 -1 0 -1 0 -1 0 1 1 0 0 1 1 0 -1 -1 -1 -1 0 0 -1 1
0 1 0 0 -1 1 0 -1 -1 0 0 -1 -1 0 1 0 1 1 1 0 1 0
0 0 1 0 0 0 0 0 1 0 0 1 1 0 0 0 -1 0 0 0 0 1
-1 1 0 0 0 0 0 -1 -1 -1 0 0 0 0 1 0 0 0 0 0 0 0
0 0 0 0 0 0 0 0 0 0 0 1 0 -1 0 0 1 1 1 0 1 0
1 -1 -1 0 0 0 0 1 0 0 1 0 -1 0 -1 0 0 0 -1 0 0 0
-1 1 0 0 0 0 0 -1 -1 0 0 -1 0 1 1 0 0 -1 0 0 -1 0
0 0 0 0 1 0 0 0 0 0 0 0 0 0 0 0 -1 -1 -1 -1 0 0
0 0 0 0 0 0 0 0 0 0 0 1 0 0 -1 0 0 1 1 0 1 0
0 0 0 0 0 0 0 0 0 0 0 0 0 0 0 0 0 0 0 1 -1 0
0 0 0 0 0 -1 0 0 -1 0 0 0 0 0 0 0 0 -1 0 0 -1 0
0 0 0 0 0 0 0 0 0 0 0 0 0 0 0 0 -1 0 -1 0 0 0
77 3012
1 0 0 0 1 0 -2 0 0 -1 0 -2 0 0 1 1 0 -1 -2 0 0 -1
-2 1 -1 0 0 0 0 -1 0 -1 0 0 0 0 -1 -1 0 -1 0 -1 -1 0
0 1 0 1 0 0 1 0 1 2 -1 2 1 0 -2 1 2 1 1 -1 0 0
0 -1 0 -1 0 0 -1 0 0 -1 1 -1 0 0 2 -1 -1 0 -1 1 0 0
0 1 0 1 0 1 1 0 0 1 0 0 0 1 0 1 1 0 0 -1 0 0
1 -1 0 -1 0 -1 0 1 0 0 0 1 0 -1 0 0 0 1 0 0 0 0
-1 2 0 1 0 1 0 -1 0 0 0 -1 0 2 0 1 1 -1 0 -1 -1 0
-1 0 -1 -1 -1 0 1 0 0 0 0 1 0 0 -1 -1 0 1 1 0 0 0
0 0 0 0 0 0 -1 0 0 -1 0 -1 0 0 0 0 0 -1 0 0 0 0
-1 0 0 0 0 0 1 0 0 0 0 1 0 0 -1 -1 -1 0 1 0 0 0
-2 2 -1 0 0 1 1 -1 0 0 0 1 0 1 -1 0 1 0 1 -1 -1 0
2 -2 0 -1 1 -2 -2 1 0 -1 0 0 0 -2 0 0 -1 0 -1 1 1 0
-1 1 0 0 0 1 1 0 0 0 0 0 0 1 1 0 0 0 0 0 -1 0
2 -1 0 0 0 0 -1 1 0 0 0 -1 0 0 0 1 0 0 -1 1 1 0
1 -1 0 -1 0 0 -1 0 0 -1 0 -1 0 -1 1 0 -1 0 -1 1 1 0
-1 0 0 0 0 0 1 0 0 0 0 1 0 0 0 0 0 0 1 0 0 0
1 0 0 1 0 0 0 0 0 1 0 0 0 0 -1 1 1 0 0 0 0 0
-1 1 0 0 0 1 1 -1 0 1 0 0 0 1 1 0 0 0 0 -1 0 0
0 0 0 -1 0 0 -1 0 0 -1 0 -1 0 0 1 0 0 0 0 0 0 0
0 0 0 1 0 0 0 0 0 0 0 0 0 0 -1 0 0 0 0 0 0 0
0 0 -1 0 0 0 0 0 0 0 0 0 0 0 -1 0 1 0 0 0 0 0
0 0 0 1 0 1 1 0 0 1 1 0 -1 1 0 0 0 0 0 0 0 0
77 3494
-1 0 -1 -1 1 0 -1 0 1 -2 1 1 1 0 -1 0 1 0 0 0 -1 -1
0 0 0 -2 -1 0 1 0 -1 0 -2 -1 0 -1 1 -1 -1 0 1 0 0 1
1 0 0 -1 0 -1 -1 0 -1 1 -1 0 0 0 0 0 -1 0 1 0 1 1
-1 0 0 1 1 0 0 0 1 -1 1 0 0 0 0 0 1 -1 -1 -1 -1 -1
1 0 -1 0 0 0 -1 0 -1 0 0 -1 -1 0 -1 0 0 0 0 0 1 0
0 0 0 1 0 -1 -1 0 0 0 1 0 0 1 -1 1 1 0 0 0 -1 -1
0 0 -1 -1 0 1 0 -1 -1 0 0 -1 -1 0 0 -1 -1 0 0 0 1 0
0 0 0 0 -1 0 1 0 -1 1 -1 -1 0 0 1 0 0 0 0 0 0 0
0 0 0 0 0 1 1 0 0 0 0 0 0 0 0 0 0 0 0 0 0 0
1 -1 0 0 -1 0 1 1 0 1 -1 0 0 -1 0 0 0 1 0 1 1 0
0 0 -1 -1 -1 0 1 0 -2 1 -1 -1 -1 0 0 -1 0 0 1 0 0 0
-1 0 1 0 1 -1 -1 0 2 -1 1 2 2 0 0 0 0 0 0 0 -1 0
0 0 -1 0 0 0 0 0 -1 0 0 -1 -1 0 0 0 1 0 0 0 0 -1
0 0 0 0 1 0 -1 0 1 -1 1 1 1 0 0 0 0 0 -1 0 0 0
-1 0 0 0 0 0 0 0 1 -1 1 1 1 0 0 0 1 0 0 0 -1 0
0 0 0 1 0 0 1 0 -1 1 0 0 -1 0 0 0 0 0 0 0 0 0
1 0 0 -1 0 0 -1 0 0 0 0 0 0 0 0 0 -1 0 0 0 1 1
0 0 0 1 0 0 0 0 -1 0 0 -1 -1 0 0 0 0 -1 0 0 0 0
-1 0 -1 0 0 0 0 0 0 -1 1 0 0 1 -1 0 1 0 0 0 -1 -1
1 0 0 -1 0 0 0 0 0 0 -1 0 0 -1 0 0 -1 0 0 0 1 1
0 0 0 -1 0 0 0 0 0 0 0 0 0 0 1 -1 -1 0 0 0 0 1
1 0 0 1 0 1 0 0 0 1 0 -1 -1 0 0 0 0 0 -1 0 1 0
77 4412
-1 -1 -2 0 1 -2 0 0 -1 0 2 1 -1 0 -1 0 2 0 0 -1 -2 -2
1 -2 0 0 0 0 0 2 1 0 0 1 1 -1 0 0 0 0 0 2 1 1
2 -1 1 0 -2 2 1 1 -1 0 -1 -2 -1 -1 1 0 -2 0 0 2 2 1
-2 1 -1 0 2 -2 -1 -1 0 -1 1 1 0 1 -1 0 1 -1 0 -2 -2 -1
1 0 1 0 0 0 0 1 0 0 -1 0 0 -1 1 0 -1 0 0 0 1 1
0 1 0 0 0 1 0 -1 0 0 0 -1 0 1 0 1 0 0 -1 -1 0 -1
0 -1 1 0 0 -1 0 1 0 0 0 1 0 -1 1 -1 -1 0 1 1 0 1
1 0 1 0 0 1 0 1 1 0 -1 0 1 0 0 0 -1 0 0 1 1 1
-1 0 0 0 0 -1 0 0 0 0 0 1 1 0 0 0 1 0 1 0 -1 0
1 0 0 -1 -1 1 0 1 1 0 -1 0 1 0 0 0 0 1 0 1 1 1
1 -1 1 0 0 1 1 2 1 0 -1 1 1 -1 1 0 -1 0 0 2 1 1
-1 0 -2 0 0 0 0 -2 -1 0 2 -1 -1 1 -1 0 1 0 -1 -1 -1 -2
0 0 0 0 1 0 0 1 1 0 0 1 0 0 0 0 0 0 0 0 0 0
-1 0 -1 0 0 -1 0 -1 -1 0 1 0 -1 0 -1 -1 0 0 0 -1 -1 -1
-1 0 -1 0 1 -1 0 -1 0 0 1 1 0 0 -1 0 1 0 0 -1 -1 -1
0 1 1 0 0 1 0 0 1 0 -1 0 1 0 1 0 0 0 0 0 0 1
1 -1 0 0 -1 0 0 0 -1 0 0 -1 -1 -1 0 0 -1 0 0 1 1 0
0 1 1 0 1 0 0 0 0 0 -1 0 0 0 1 0 -1 -1 0 -1 0 1
-1 0 0 0 1 -1 0 0 1 0 0 1 1 0 0 0 1 0 0 -1 -1 -1
1 -1 0 0 -1 0 0 1 0 0 0 0 0 -1 0 0 0 0 0 1 1 1
0 -1 0 0 0 0 0 0 0 0 0 0 0 -1 0 -1 -1 0 0 1 1 0
0 1 1 0 0 0 0 0 0 0 -1 0 0 0 1 0 -1 0 0 0 0 1
77 4606
-2 0 1 -1 0 -1 0 -1 1 0 0 0 1 1 2 -2 -2 0 0 0 -1 0
1 -1 -1 -1 0 0 1 1 -1 0 0 0 -1 -2 0 -1 0 0 0 0 0 0
1 0 1 2 0 1 2 0 -1 1 0 1 -1 -1 -1 1 0 0 0 0 1 0
-1 0 0 -1 0 -1 -2 0 1 -1 0 -1 1 1 1 -1 0 0 0 0 -1 0
1 0 0 1 -1 1 1 0 -1 1 0 -1 -1 0 0 1 1 0 0 0 1 0
-1 0 0 0 0 -1 -1 0 1 -1 0 1 1 0 -1 0 0 0 0 0 0 0
1 0 0 0 0 1 1 0 -1 1 0 -1 -1 0 1 0 0 0 0 0 1 0
1 0 -1 0 0 0 0 1 -1 -1 0 0 -1 -1 -1 1 1 0 0 0 0 0
0 0 0 -1 0 0 0 0 0 0 0 0 0 0 1 -1 -1 0 0 0 0 1
1 0 -1 0 0 0 0 0 -1 0 0 0 -1 -1 -1 1 1 0 0 0 0 0
1 0 -1 0 0 0 1 1 -2 0 0 0 -2 -1 -1 0 1 0 1 0 0 0
-2 0 1 -1 0 -1 -1 -1 2 -1 0 1 2 1 0 -1 -2 0 0 0 -1 0
0 0 -1 0 0 0 0 0 -1 0 0 -1 -1 0 0 0 1 0 0 0 0 -1
-1 0 1 0 0 0 0 -1 1 0 0 0 1 1 1 0 -1 0 0 0 0 0
-1 0 0 -1 0 -1 -1 0 1 -1 0 0 1 1 0 -1 -1 0 0 0 -1 0
1 0 -1 0 0 0 0 1 -1 0 0 0 -1 0 -1 1 1 0 0 0 0 0
0 0 1 1 0 1 1 -1 0 1 0 0 0 0 0 0 -1 0 0 0 1 0
1 0 0 1 0 0 0 1 -1 0 0 -1 -1 0 0 1 1 -1 0 0 0 0
-1 0 -1 -1 0 -1 -1 0 0 -1 1 0 0 1 0 -1 0 0 0 0 -1 0
1 -1 0 0 -1 1 1 0 0 1 0 0 0 -1 0 0 0 1 0 1 1 0
0 0 0 0 0 1 1 0 0 0 0 0 0 0 0 0 0 0 0 0 0 0
1 0 0 1 0 1 0 0 0 1 0 -1 -1 0 0 1 1 0 0 0 1 0
77 4738
1 1 -1 -1 -1 0 0 1 -1 0 0 1 0 1 -2 0 1 1 1 0 -1 1
-1 0 0 0 2 0 0 -2 0 0 0 1 0 -1 0 -1 -2 -1 -1 -1 1 0
-1 0 0 0 2 0 0 -1 -1 -1 0 -2 0 0 2 0 -1 -3 -1 -1 0 -1
1 0 0 0 -2 0 0 1 0 1 0 1 0 0 -1 0 1 2 1 1 0 1
0 -1 0 0 1 -1 0 0 0 0 0 0 0 -1 0 0 0 -1 0 0 0 -1
1 0 0 1 -1 1 0 1 0 0 1 -1 -1 1 0 1 1 0 0 1 0 0
0 0 0 -1 1 -1 0 -1 -1 0 -1 0 0 -1 0 0 -1 -1 0 -1 0 0
0 -1 1 1 1 0 0 0 1 0 0 0 0 -1 1 0 -1 -1 -1 0 1 0
0 0 -1 -1 0 0 0 0 0 0 0 1 0 0 -1 0 0 1 0 0 0 0
0 -1 0 1 1 0 0 0 1 0 0 0 0 -1 0 0 0 0 -1 0 1 -1
0 -1 0 0 2 -1 -1 -1 0 -1 0 0 0 -2 0 0 -1 -2 -1 -1 1 0
0 2 0 0 -1 1 0 1 0 0 0 0 0 2 0 0 1 1 1 0 -1 1
1 -1 0 0 0 -1 -1 0 0 0 0 0 0 -1 -1 0 0 0 0 0 1 0
0 1 0 -1 -1 0 0 1 0 0 -1 0 1 1 0 0 1 1 1 0 -1 0
0 1 0 0 -1 0 0 1 0 0 0 1 0 1 -1 0 1 1 1 0 -1 1
0 -1 0 0 0 0 0 0 1 0 0 0 0 -1 0 0 0 0 0 0 1 0
-1 1 0 0 1 0 0 -1 -1 0 0 -1 0 1 1 0 0 -1 0 -1 -1 -1
0 -1 0 0 0 -1 0 0 0 0 0 0 0 -1 0 0 0 -1 0 0 0 0
1 0 0 0 -1 0 0 1 0 0 0 1 0 0 -1 1 1 1 1 1 0 1
-1 0 0 0 1 0 0 -1 0 0 0 0 0 0 0 -1 -1 0 0 0 0 -1
-1 1 1 0 1 0 0 -1 0 0 -1 0 1 0 1 0 -1 -1 0 -1 0 0
0 -1 0 0 0 -1 0 0 0 0 0 0 0 -1 0 0 0 0 0 0 0 -1
77 4774
1 0 0 0 1 0 -1 0 1 0 0 -1 0 0 1 1 1 0 -1 0 -1 0
-1 0 1 -1 -1 -1 0 0 -1 -1 -1 0 0 0 0 -1 -1 0 2 0 -1 1
1 0 1 0 0 0 0 1 -1 0 -1 0 0 -1 0 -1 -1 0 1 0 2 1
0 -1 -1 0 0 0 0 0 1 0 1 0 0 0 0 1 1 0 -1 1 -1 -1
1 0 0 0 0 0 0 0 -1 0 0 0 -1 0 -1 0 -1 0 0 0 1 0
0 0 0 0 0 1 0 0 2 0 0 0 1 0 0 0 0 0 -1 0 1 0
1 0 0 0 0 0 0 0 -2 0 0 -1 -2 0 0 0 -1 0 0 0 0 0
-1 0 1 0 -1 0 1 0 0 0 0 1 0 0 0 -1 -1 0 1 0 0 1
0 0 0 0 0 0 0 0 0 0 0 0 0 0 0 0 0 0 0 0 -1 0
-1 0 0 0 0 -1 0 0 0 0 0 1 0 0 -1 -1 0 0 1 -1 0 0
0 0 1 0 -1 0 1 1 -1 0 -1 0 -1 0 0 -1 -1 0 1 0 0 1
0 0 0 0 1 0 -1 0 2 0 0 0 2 0 1 1 1 0 -1 0 0 0
0 0 0 0 0 0 0 0 0 0 0 0 -1 0 0 0 0 0 0 0 0 0
1 0 -1 0 1 0 -1 0 0 0 1 0 0 0 0 1 1 0 -1 0 0 0
0 0 0 0 0 0 0 0 1 0 0 0 1 0 1 1 1 0 -1 0 -1 0
-1 0 0 0 0 0 1 0 0 0 0 1 0 0 0 -1 -1 0 0 0 0 0
1 0 0 0 0 0 -1 0 -1 0 0 -1 0 0 0 0 0 0 0 0 1 0
0 0 0 0 0 0 1 0 -1 0 0 0 -1 0 0 0 -1 -1 0 0 0 0
0 0 0 0 0 0 0 0 1 0 0 0 0 0 0 0 0 0 -1 0 -1 0
0 0 0 0 0 -1 -1 0 -1 -1 0 0 0 0 -1 0 0 0 1 0 0 0
0 0 0 0 0 0 0 0 -1 0 0 0 0 0 0 0 0 0 0 0 0 0
0 0 -1 0 0 0 0 0 -1 0 1 0 -1 1 -1 0 0 0 0 0 0 -1
77 5492
1 1 1 0 0 -1 0 0 -1 0 -2 0 0 -1 1 2 0 0 1 0 0 1
0 0 0 0 1 -1 0 2 0 -1 -1 0 1 0 -1 0 1 -2 1 -1 -1 0
-1 0 1 0 -1 0 0 1 0 -2 1 0 0 1 0 -1 -1 -1 0 1 -2 1
1 0 0 0 0 1 1 -1 0 2 -1 0 0 -1 1 1 0 1 0 0 2 0
-1 0 0 0 0 0 0 0 0 -1 1 0 0 1 0 -1 -1 0 0 1 -1 0
0 0 0 0 -1 1 0 -1 0 1 0 0 0 0 0 0 0 2 0 1 1 -1
0 0 1 1 1 -1 0 1 0 -1 0 0 0 0 0 0 -1 -2 0 0 -1 1
0 -1 -1 0 0 0 0 1 0 0 1 0 0 0 -1 -1 1 0 0 0 0 -1
0 0 0 0 1 -1 0 0 0 0 -1 0 0 -1 0 0 0 -1 0 -1 0 0
-1 0 -1 0 0 0 0 0 0 0 1 0 0 1 -1 -1 1 0 0 -1 -1 -1
0 -1 0 0 0 -1 0 2 0 -1 0 0 1 0 -1 -1 0 -1 0 0 -1 0
1 1 0 0 -1 1 0 -1 -1 1 -1 -1 -1 0 1 2 1 1 0 0 1 0
0 0 0 0 0 0 0 0 0 0 0 0 1 0 0 0 0 0 0 0 0 0
0 1 0 0 0 0 0 -1 -1 0 0 0 -1 0 1 1 0 0 0 0 0 1
1 0 0 0 0 0 0 0 0 1 -1 0 0 -1 1 1 1 1 0 0 1 0
0 -1 -1 0 0 0 0 0 0 0 1 0 0 0 -1 -1 0 0 -1 0 0 -1
-1 1 1 0 0 0 0 0 0 -1 0 0 0 1 1 0 -1 -1 0 0 -1 1
0 -1 0 0 0 0 0 0 0 0 1 0 0 0 0 -1 -1 0 0 1 0 0
1 0 0 0 0 0 0 0 0 1 -1 0 0 -1 0 0 0 1 0 0 1 0
-1 1 0 0 1 0 0 0 0 -1 0 0 0 1 0 0 0 -1 0 -1 -1 0
0 0 0 0 0 0 0 1 0 -1 0 0 0 0 0 0 0 -1 0 0 0 1
-1 0 0 0 0 0 0 -1 0 0 1 0 0 1 0 -1 -1 0 0 0 0 0
77 5582
0 -2 -3 -1 0 -1 0 1 0 0 2 1 -1 0 -3 -1 2 1 0 0 -1 -2
0 0 1 0 -2 0 1 1 -1 -1 0 -1 0 1 2 1 0 0 1 2 -1 1
0 1 3 2 1 0 1 0 -1 0 -1 0 1 0 2 1 -2 -3 0 0 0 1
0 -1 -2 -1 0 0 -1 0 1 0 1 0 -1 0 -2 -1 1 2 0 0 0 -1
0 1 1 0 0 1 1 0 0 0 -1 0 1 0 1 0 -1 -1 0 0 0 1
0 0 -1 -1 1 0 -1 -1 0 0 0 0 0 0 -1 0 -1 0 -1 -1 1 -1
0 0 1 1 -1 1 2 1 0 0 0 0 0 0 1 0 0 -1 0 1 -1 1
0 1 1 0 0 0 0 0 -1 -1 -1 -1 0 0 2 1 -1 -1 0 0 0 1
1 -1 -1 0 -1 0 0 1 0 0 1 0 -1 0 -1 0 1 1 0 1 0 0
0 1 1 0 0 0 0 0 0 0 -1 0 1 0 2 1 0 0 0 0 0 1
0 1 2 1 -1 1 2 1 -1 0 -1 -1 0 1 3 1 -1 -1 0 1 -1 1
0 -2 -2 -1 1 -2 -2 0 1 0 1 1 0 -1 -3 -1 1 1 0 -1 1 -2
-1 1 0 0 0 1 1 0 0 0 0 0 0 1 1 0 0 0 0 0 -1 0
0 -1 -1 0 1 -1 -1 0 1 0 1 1 0 -1 -2 -1 1 0 0 -1 0 -1
0 -1 -2 -1 0 -1 -1 0 0 0 1 0 -1 0 -2 -1 1 1 0 -1 0 -1
0 1 1 0 0 0 0 0 0 0 -1 0 0 0 1 0 -1 0 0 0 0 1
0 0 1 1 0 0 0 0 0 0 0 0 1 0 0 0 0 -1 0 0 0 0
0 1 1 0 0 1 1 0 0 0 -1 0 0 0 1 0 -1 0 0 0 0 1
0 -1 -2 -1 0 0 0 0 0 0 1 0 -1 0 -1 -1 0 1 -1 0 0 -1
0 0 1 0 -1 0 0 0 0 0 0 0 1 0 1 0 0 0 1 1 0 1
0 0 1 1 0 0 0 0 0 0 0 -1 0 0 1 0 0 -1 0 0 0 0
0 1 1 0 0 1 0 0 1 0 -1 0 1 0 1 0 0 0 0 0 0 1
77 5733
1 0 1 2 0 2 1 0 0 1 0 -1 0 0 1 2 0 -1 -1 0 1 -1
1 0 2 0 -1 0 0 0 1 2 -1 0 0 0 1 0 0 2 1 0 1 1
0 0 -2 -1 0 0 0 0 1 1 0 0 0 0 -1 -1 2 2 -1 -1 0 -1
0 0 1 1 0 0 0 0 -1 -1 0 0 0 0 0 1 -1 -1 1 1 0 0
0 0 -1 0 1 -1 -1 0 0 0 0 0 0 0 -1 0 1 0 -1 -1 0 -1
0 0 -1 0 0 0 0 1 0 -1 0 0 0 0 -1 0 1 -1 0 0 -1 0
0 0 0 0 0 0 0 -1 0 1 0 0 0 0 0 0 0 1 -1 -1 1 -1
0 0 0 -1 0 -1 -1 0 1 0 0 1 0 0 -1 -1 0 1 1 0 0 1
0 0 1 0 0 0 0 0 0 0 0 0 0 0 1 0 -1 0 0 0 0 0
0 0 0 -1 0 -1 -1 0 0 0 0 0 0 0 0 -1 0 0 1 0 0 1
1 -1 0 -1 -1 -1 -1 0 1 1 0 0 0 0 -1 -1 0 2 0 0 1 0
0 0 0 1 0 2 2 1 0 0 0 0 0 0 1 1 0 -1 0 1 0 0
1 -1 0 0 0 -1 -1 0 0 0 0 0 0 -1 -1 0 0 0 0 0 1 0
0 0 -1 1 1 1 1 0 -1 0 1 0 -1 0 0 1 0 -1 -1 0 0 -1
0 0 1 1 0 1 1 0 0 0 0 0 0 0 1 1 -1 -1 0 1 0 0
0 0 0 -1 0 -1 -1 0 0 -1 0 0 0 0 0 -1 -1 0 0 0 0 1
0 0 -1 0 0 1 1 0 0 1 0 0 0 0 0 0 1 1 -1 0 0 -1
0 0 0 0 0 -1 -1 0 0 -1 0 0 0 0 -1 0 0 0 0 0 0 0
0 0 1 1 0 0 0 0 0 0 0 0 0 0 0 0 -1 -1 0 0 0 0
0 0 0 0 0 0 0 0 0 1 0 0 0 0 1 0 1 1 0 0 0 0
0 0 0 0 0 0 1 0 0 1 0 1 0 0 0 0 0 1 0 0 0 0
0 0 -1 -1 0 -1 -1 0 -1 -1 0 0 0 0 -1 0 0 0 0 0 0 0
77 5738
1 1 1 2 0 1 0 -1 -1 2 0 -2 -2 1 0 0 -1 -1 0 -1 1 1
0 0 0 0 -1 -1 0 1 -2 -2 1 0 -1 0 1 0 0 0 0 1 -2 1
1 -2 0 -1 0 -1 -1 2 2 -1 0 2 1 -2 0 0 1 3 0 2 1 0
0 1 0 1 0 1 1 -1 -1 1 0 -1 -1 1 -1 0 -1 -2 0 -1 0 0
0 0 0 -1 0 0 -1 0 1 -1 0 0 0 0 0 0 0 1 0 0 0 0
-1 1 0 0 1 1 1 -1 1 1 -1 1 1 0 0 0 0 0 0 -1 1 0
1 -1 0 0 -1 0 -1 1 0 -1 1 -1 -1 0 0 0 0 1 0 1 0 0
-1 0 0 -1 -1 0 1 0 0 -1 0 1 1 0 1 0 0 1 0 1 -1 0
0 0 0 1 0 0 0 0 -1 0 1 -1 -1 1 0 0 0 -1 0 0 -1 0
-1 0 0 -1 0 -1 0 0 0 -1 0 1 1 0 1 0 0 0 0 0 -1 0
0 -1 0 -1 -1 -1 0 1 0 -2 1 1 0 -1 1 0 0 1 0 1 -1 1
0 1 1 2 1 1 1 -1 0 3 -1 0 0 0 0 0 0 -1 0 -1 1 0
0 0 0 -1 -1 0 0 0 0 -1 0 0 0 0 0 0 -1 0 0 0 0 1
1 0 1 1 0 1 0 0 1 2 -1 -1 0 0 0 0 0 0 0 0 1 0
0 1 0 1 0 1 1 -1 -1 2 0 -1 -1 1 0 0 0 -1 0 -1 0 0
-1 0 0 -1 0 -1 0 0 0 -1 0 1 1 0 0 0 0 0 1 0 -1 0
1 -1 0 0 0 0 -1 1 1 0 0 0 0 -1 0 0 1 1 0 1 1 0
0 0 0 -1 0 0 0 0 0 -1 0 0 0 0 0 0 -1 0 0 0 0 0
0 1 0 1 0 1 1 -1 -1 1 0 -1 -1 1 0 1 0 -1 0 -1 0 0
0 0 0 0 0 -1 -1 1 0 -1 0 0 0 0 0 0 1 0 0 0 -1 0
1 -1 0 0 -1 0 0 1 0 0 0 0 0 -1 0 0 1 1 0 1 0 0
0 0 0 -1 0 0 -1 0 1 -1 0 0 1 0 0 0 0 0 0 0 0 0
77 5822
-1 1 0 -1 1 -1 -2 -1 0 -1 1 -1 -1 2 0 -1 -1 -1 1 -1 -1 1
1 0 -1 0 1 1 0 0 1 1 -1 0 1 0 -1 2 1 1 -1 0 2 -2
2 0 0 0 -2 2 1 0 0 1 -1 0 0 -1 0 1 1 3 -1 1 2 0
-2 0 0 0 1 -2 -1 0 0 -1 1 0 0 1 0 -1 0 -2 1 -1 -2 0
1 0 1 1 0 0 0 0 0 1 -1 0 0 -1 0 0 0 1 0 0 1 0
0 -1 0 0 -1 0 0 1 0 -1 1 0 0 0 0 -1 0 0 0 1 -1 1
0 1 0 0 1 0 0 -1 0 1 -1 0 0 0 0 0 0 1 0 -1 1 -1
1 -1 0 1 0 1 1 1 1 1 0 1 1 -1 0 1 1 1 -1 1 1 -1
-1 1 0 0 1 0 0 -1 0 0 0 0 0 1 0 0 -1 -1 0 -1 0 0
1 -1 0 1 0 1 1 0 0 1 0 0 0 -1 0 1 0 0 -1 1 1 -1
1 0 0 1 0 2 1 0 1 2 -1 0 1 0 0 1 1 2 -1 1 2 -2
-1 0 0 -2 -1 -1 -1 0 0 -2 1 0 0 1 0 -1 -1 -1 1 0 -2 2
0 0 0 1 1 0 0 0 0 1 0 0 0 0 0 0 1 0 0 0 0 -1
-1 1 1 -1 0 -1 -1 -1 0 -1 0 0 0 0 1 -1 -1 -1 1 -1 -1 2
-1 0 0 -1 0 -1 -1 0 0 -1 1 0 0 1 0 -1 -1 -1 1 0 -1 1
0 0 0 1 0 1 1 0 0 1 0 0 0 0 0 0 0 0 -1 0 0 -1
1 0 0 -1 -1 0 0 0 0 0 -1 0 0 -1 0 0 0 1 0 0 1 1
0 0 0 1 0 0 0 0 0 1 0 0 0 0 0 0 1 1 0 0 0 -1
-1 0 0 0 1 -1 -1 0 0 -1 1 0 0 1 0 -1 -1 -1 0 0 -1 0
1 0 0 0 0 0 0 0 0 0 -1 0 0 -1 -1 1 0 0 0 0 1 0
0 0 0 -1 0 0 0 0 1 0 -1 1 1 -1 0 0 0 1 0 0 1 0
0 0 1 1 0 0 1 0 0 1 -1 0 0 -1 1 0 0 0 0 0 0 0
77 5830
-1 -1 -1 0 0 1 0 0 1 0 2 0 0 1 -1 -2 0 0 -1 0 0 -1
0 0 0 0 -1 1 0 -2 0 1 1 0 -1 0 1 0 -1 2 -1 1 1 0
1 0 -1 0 1 0 0 -1 0 2 -1 0 0 -1 0 1 1 1 0 -1 2 -1
-1 0 0 0 0 -1 -1 1 0 -2 1 0 0 1 -1 -1 0 -1 0 0 -2 0
1 0 0 0 0 0 0 0 0 1 -1 0 0 -1 0 1 1 0 0 -1 1 0
0 0 0 0 1 -1 0 1 0 -1 0 0 0 0 0 0 0 -2 0 -1 -1 1
0 0 -1 -1 -1 1 0 -1 0 1 0 0 0 0 0 0 1 2 0 0 1 -1
0 1 1 0 0 0 0 -1 0 0 -1 0 0 0 1 1 -1 0 0 0 0 1
0 0 0 0 -1 1 0 0 0 0 1 0 0 1 0 0 0 1 0 1 0 0
1 0 1 0 0 0 0 0 0 0 -1 0 0 -1 1 1 -1 0 0 1 1 1
0 1 0 0 0 1 0 -2 0 1 0 0 -1 0 1 1 0 1 0 0 1 0
-1 -1 0 0 1 -1 0 1 1 -1 1 1 1 0 -1 -2 -1 -1 0 0 -1 0
0 0 0 0 0 0 0 0 0 0 0 0 -1 0 0 0 0 0 0 0 0 0
0 -1 0 0 0 0 0 1 1 0 0 0 1 0 -1 -1 0 0 0 0 0 -1
-1 0 0 0 0 0 0 0 0 -1 1 0 0 1 -1 -1 -1 -1 0 0 -1 0
0 1 1 0 0 0 0 0 0 0 -1 0 0 0 1 1 0 0 1 0 0 1
1 -1 -1 0 0 0 0 0 0 1 0 0 0 -1 -1 0 1 1 0 0 1 -1
0 1 0 0 0 0 0 0 0 0 -1 0 0 0 0 1 1 0 0 -1 0 0
-1 0 0 0 0 0 0 0 0 -1 1 0 0 1 0 0 0 -1 0 0 -1 0
1 -1 0 0 -1 0 0 0 0 1 0 0 0 -1 0 0 0 1 0 1 1 0
0 0 0 0 0 0 0 -1 0 1 0 0 0 0 0 0 0 1 0 0 0 -1
1 0 0 0 0 0 0 1 0 0 -1 0 0 -1 0 1 1 0 0 0 0 0
77 5973
0 0 0 0 -1 1 1 0 -1 0 0 0 0 1 -1 0 -2 0 0 1 1 -1
-1 1 -1 -1 0 1 1 -2 -1 0 0 0 0 0 1 0 0 -1 -1 -1 0 1
-1 0 -2 -2 2 -2 -2 -1 1 0 0 1 1 -1 0 -1 2 1 0 -2 0 -1
1 0 1 2 -1 1 1 1 -1 0 0 -1 -1 1 -1 1 -1 -1 0 1 0 0
0 0 -1 -1 0 0 -1 -1 0 0 0 -1 0 0 0 0 1 1 0 0 0 -1
0 0 1 1 0 -1 0 1 0 0 0 1 0 0 0 0 0 1 1 1 -1 0
0 0 -1 -1 0 1 0 -2 0 1 0 -1 0 0 0 0 0 0 -1 -1 1 -1
-1 1 0 0 0 0 0 -1 0 0 0 0 0 0 1 0 1 0 0 -1 -1 1
0 0 0 0 0 1 1 0 0 0 0 0 0 0 0 0 -1 -1 -1 0 0 0
0 0 0 0 0 0 0 0 0 0 0 0 0 -1 1 0 1 0 0 0 0 1
-1 0 -1 -1 0 0 0 -2 0 0 0 0 1 -1 1 0 1 0 -1 -1 0 0
0 0 1 1 0 0 1 2 0 0 0 1 0 1 0 0 -1 0 1 1 0 0
0 0 0 0 -1 0 0 -1 -1 0 0 -1 0 0 0 0 0 0 0 0 0 0
0 0 0 0 0 0 0 1 0 0 0 0 0 1 -1 0 0 0 1 0 0 -1
0 0 1 1 -1 1 1 1 0 0 0 0 0 1 0 0 -1 0 0 1 0 0
0 0 1 0 0 0 0 0 1 0 -1 0 1 -1 1 0 0 0 0 0 0 1
0 0 -1 -1 1 -1 -1 0 0 0 0 0 0 0 0 0 1 0 0 -1 0 -1
0 0 0 0 0 0 -1 -1 0 0 0 -1 0 0 0 0 0 0 0 0 0 0
0 0 1 1 -1 1 1 0 0 0 0 0 0 0 0 0 -1 0 0 1 0 0
0 0 -1 -1 0 0 0 0 0 0 0 0 0 0 0 0 1 0 0 0 0 0
0 0 -1 -1 0 0 0 0 0 0 0 0 0 0 0 0 1 0 0 -1 0 0
1 0 0 0 0 0 -1 0 0 0 0 -1 0 0 0 1 1 0 0 0 0 0
77 6302
-2 0 0 -1 1 -2 0 -1 0 -1 0 1 1 0 1 -1 -1 0 0 0 -2 -1
1 0 1 0 -1 1 -1 -1 1 1 1 0 -1 0 0 -1 -1 2 0 1 1 1
1 0 1 0 -2 1 0 2 0 -1 0 0 0 0 0 0 0 1 2 2 1 2
-1 0 -1 0 2 -1 0 -1 0 0 0 0 0 0 0 0 0 -1 -2 -2 -1 -2
1 0 0 0 -1 0 0 1 -1 -1 0 0 -1 0 -1 1 0 0 1 1 0 1
-1 0 0 0 1 -1 0 0 0 -1 -1 0 1 -1 0 0 0 -2 0 -1 0 0
1 -1 0 0 -1 0 0 1 0 0 1 1 -1 0 -1 0 0 2 1 2 0 0
1 0 1 1 -1 1 0 0 0 1 0 -1 -1 0 0 0 0 0 0 0 1 1
0 0 0 0 0 0 0 -1 0 1 0 0 0 0 0 0 0 1 0 0 0 -1
1 0 0 0 -1 1 0 0 0 1 0 -1 -1 0 0 0 0 0 0 0 1 1
1 0 1 1 -1 1 0 0 0 1 1 0 -2 0 0 0 0 1 1 1 1 1
-2 0 -1 -1 1 -1 0 -1 0 -1 0 0 2 0 1 -1 0 -1 -1 -1 -1 -1
0 0 0 0 0 0 0 0 0 0 0 0 -1 0 0 0 0 0 0 0 0 0
-1 0 -1 -1 0 -1 0 0 -1 -1 0 0 1 1 0 0 0 0 0 0 -1 -1
-1 0 0 0 1 -1 0 -1 0 0 0 0 1 0 1 0 0 -1 -1 -1 -1 -1
1 0 0 1 0 1 0 0 0 1 0 -1 -1 0 0 1 1 0 0 0 1 0
0 0 0 -1 -1 0 0 1 0 -1 0 1 1 0 0 0 0 1 1 1 0 1
1 0 0 1 0 0 0 1 0 0 0 0 -1 0 -1 1 1 0 0 0 0 0
-1 0 0 0 1 -1 0 -1 0 0 0 0 0 0 0 0 0 -1 0 -1 -1 -1
1 0 0 -1 -1 1 0 0 0 0 0 0 0 0 0 0 -1 1 0 1 1 1
0 0 0 0 -1 1 0 0 0 0 1 0 0 1 0 0 0 1 0 1 0 0
1 0 -1 0 0 0 0 1 -1 0 0 0 -1 0 -1 1 1 0 0 0 0 0
77 6383
0 0 -1 0 1 -1 -1 0 -1 0 1 -1 -2 1 -1 0 -1 -1 -1 -1 -1 -1
1 0 1 1 2 -1 0 1 0 0 0 1 0 -1 1 0 0 -1 -1 -1 0 1
1 1 1 1 -2 2 2 1 0 0 -1 0 1 0 1 2 2 1 0 1 0 1
-1 -1 -1 -1 1 -1 -1 -1 0 0 1 0 -1 0 -1 -2 -2 0 0 0 0 -1
0 1 1 1 0 0 0 0 0 0 -1 0 1 0 0 1 1 0 1 0 0 0
0 -1 -2 -1 -1 0 -1 0 0 -1 1 0 0 0 -2 0 1 1 0 1 0 -1
0 1 2 2 1 0 1 0 0 1 -1 0 0 0 1 1 0 -1 0 -1 0 0
1 -1 0 0 0 0 0 1 1 0 0 1 1 -1 0 0 1 1 0 1 1 0
0 0 0 0 1 -1 0 0 -1 0 0 0 -1 0 0 0 -1 -1 0 -1 0 0
0 0 0 0 0 0 0 0 0 0 0 0 1 0 1 0 1 0 0 0 0 0
1 0 1 2 1 0 1 1 0 1 0 1 0 -1 1 1 2 0 0 0 0 0
0 -1 -2 -2 -1 0 -1 0 0 -1 1 -1 -1 0 -1 -1 -1 0 -1 0 0 0
0 0 0 1 1 0 0 0 0 1 0 0 0 0 0 0 1 0 0 0 0 -1
0 0 0 -1 -1 0 0 0 0 0 -1 -1 0 0 0 0 -1 0 0 0 0 0
0 -1 -1 -1 0 -1 -1 0 0 0 1 0 -1 0 -1 -1 -1 0 0 0 0 0
0 0 0 0 0 0 0 0 0 0 0 0 0 0 0 0 1 0 1 0 0 0
0 1 1 0 -1 1 1 0 0 0 -1 0 1 0 1 1 0 0 0 0 0 1
0 0 1 1 0 0 0 0 0 0 0 0 0 0 0 0 0 0 1 1 0 0
0 -1 -1 0 1 -1 -1 0 0 0 1 0 -1 0 -1 0 0 0 0 0 0 -1
0 1 1 0 0 0 0 0 0 0 -1 0 1 0 1 0 0 0 0 -1 0 1
0 0 1 0 0 0 1 1 1 0 -1 1 1 -1 1 0 0 0 0 0 0 1
-1 1 1 0 0 0 0 -1 0 0 -1 0 1 0 1 0 0 0 1 0 0 0
77 6863
0 0 1 1 -1 0 2 1 0 1 -2 1 1 -1 0 0 0 1 0 0 0 0
0 0 -1 -1 1 0 -2 0 1 0 0 0 1 -1 0 -1 1 0 0 -1 1 0
0 0 -1 -1 1 0 -1 -2 -2 0 1 -2 -2 0 1 0 -1 -2 -1 -1 0 0
0 0 1 1 -1 0 1 1 1 0 -1 1 1 0 -1 0 0 1 1 1 0 0
0 0 -1 -1 1 -1 -1 0 -1 -1 0 -1 -1 0 0 0 0 -1 0 -1 0 0
0 1 1 1 0 0 1 0 -1 0 0 0 -1 1 0 1 -1 -1 0 0 -1 0
0 -1 -1 -1 1 -1 -1 0 0 0 0 0 0 -1 0 -1 0 0 0 -1 1 0
0 0 -1 -1 1 0 -1 0 0 -1 1 0 0 0 0 0 0 -1 0 0 0 0
-1 0 0 0 0 0 0 0 1 0 0 1 1 0 0 -1 0 1 0 0 0 0
0 0 -1 -1 0 0 -1 0 0 -1 1 0 0 0 0 0 1 0 0 0 0 0
0 -1 -2 -2 1 -1 -2 0 0 -1 1 0 0 -1 -1 -1 0 -1 0 -1 1 0
0 1 2 2 -2 2 3 0 0 2 -1 0 0 1 1 1 0 1 0 1 -1 0
1 -1 -1 -1 0 -1 -1 1 0 -1 0 0 0 -1 -1 0 0 0 0 0 1 0
0 0 1 1 -1 1 2 0 0 1 -1 0 0 0 1 1 0 1 0 1 0 0
0 0 1 1 -1 1 2 1 1 1 -1 1 1 0 0 0 0 1 0 1 0 0
0 0 -1 -1 0 0 -1 0 0 -1 1 0 0 1 -1 0 0 0 0 0 0 0
0 0 0 0 0 0 0 -1 -1 1 0 -1 -1 0 1 0 0 0 0 0 0 0
0 0 -1 -1 1 -1 -1 0 0 -1 0 0 0 0 -1 0 0 -1 0 -1 0 0
0 0 0 1 0 0 1 1 0 0 0 1 0 0 -1 0 0 0 0 0 0 0
0 0 0 0 0 0 -1 0 0 0 0 -1 0 0 1 0 1 0 0 0 0 0
0 0 0 0 0 1 0 -1 0 1 0 -1 0 0 1 0 0 0 0 0 1 0
0 0 0 -1 0 -1 -1 0 0 -1 0 0 0 0 0 0 0 0 1 0 0 1
77 7096
1 -1 -1 0 0 0 0 1 0 1 1 -1 -1 1 0 0 0 0 -2 0 -1 -1
-1 1 -1 0 0 1 0 -2 -1 0 1 -1 -1 1 1 0 0 1 -1 -1 1 -1
1 -1 1 1 0 0 0 1 1 0 0 2 0 -2 -1 0 0 2 1 1 2 0
0 0 -1 -1 0 0 0 0 0 0 0 -1 0 1 0 0 0 -1 -1 0 -1 0
1 -1 0 0 -1 0 0 1 0 0 0 0 0 -1 0 0 1 1 1 1 1 0
0 -1 0 0 0 -1 0 1 0 -1 0 1 1 -1 -1 0 0 -1 0 1 -1 0
1 0 0 0 -1 1 0 0 0 1 0 -1 -1 0 1 0 1 2 0 0 1 0
-1 1 0 0 0 0 0 -1 -1 -1 0 0 0 0 0 0 0 0 1 0 0 0
0 1 0 0 0 1 0 -1 0 1 0 -1 0 1 1 0 0 0 -1 -1 0 0
-1 1 0 0 1 -1 -1 -1 -1 -1 0 0 0 0 0 0 0 -1 1 -1 0 0
0 1 0 1 0 1 0 -1 -1 0 0 -1 -1 0 1 1 1 1 0 0 1 -1
0 -1 0 0 1 -1 0 1 1 0 0 1 1 0 -1 0 -1 -1 -1 0 -1 0
0 0 -1 0 0 0 0 0 -1 0 0 -1 -1 0 0 0 1 0 0 0 0 -1
1 -1 0 0 0 0 0 1 1 1 0 0 0 0 -1 0 0 0 0 0 0 0
0 0 0 0 0 0 0 0 0 0 0 -1 0 1 0 0 -1 -1 -1 0 -1 0
-1 1 1 0 0 0 0 -1 0 0 -1 0 1 0 1 0 0 0 1 0 0 0
1 -1 0 0 0 0 0 1 1 0 0 1 0 -1 -1 0 0 1 0 0 1 0
0 0 0 0 -1 0 0 0 0 0 0 0 0 0 0 0 1 1 1 1 0 0
0 0 0 0 0 0 0 0 0 0 0 -1 0 0 1 0 0 -1 -1 0 -1 0
0 0 0 0 0 0 0 0 0 0 0 0 0 0 0 0 0 0 0 -1 1 0
0 0 0 0 0 1 0 0 1 0 0 0 0 0 0 0 0 1 0 0 1 0
0 0 0 0 0 0 0 0 0 0 0 0 0 0 0 0 1 0 1 0 0 0
77 7389
-1 -1 -1 -2 0 -1 0 1 1 -2 0 2 2 -1 0 0 1 1 0 1 -1 -1
0 0 0 0 1 1 0 -1 2 2 -1 0 1 0 -1 0 0 0 0 -1 2 -1
-1 2 0 1 0 1 1 -2 -2 1 0 -2 -1 2 0 0 -1 -3 0 -2 -1 0
0 -1 0 -1 0 -1 -1 1 1 -1 0 1 1 -1 1 0 1 2 0 1 0 0
0 0 0 1 0 0 1 0 -1 1 0 0 0 0 0 0 0 -1 0 0 0 0
1 -1 0 0 -1 -1 -1 1 -1 -1 1 -1 -1 0 0 0 0 0 0 1 -1 0
-1 1 0 0 1 0 1 -1 0 1 -1 1 1 0 0 0 0 -1 0 -1 0 0
1 0 0 1 1 0 -1 0 0 1 0 -1 -1 0 -1 0 0 -1 0 -1 1 0
0 0 0 -1 0 0 0 0 1 0 -1 1 1 -1 0 0 0 1 0 0 1 0
1 0 0 1 0 1 0 0 0 1 0 -1 -1 0 -1 0 0 0 0 0 1 0
0 1 0 1 1 1 0 -1 0 2 -1 -1 0 1 -1 0 0 -1 0 -1 1 -1
0 -1 -1 -2 -1 -1 -1 1 0 -3 1 0 0 0 0 0 0 1 0 1 -1 0
0 0 0 1 1 0 0 0 0 1 0 0 0 0 0 0 1 0 0 0 0 -1
-1 0 -1 -1 0 -1 0 0 -1 -2 1 1 0 0 0 0 0 0 0 0 -1 0
0 -1 0 -1 0 -1 -1 1 1 -2 0 1 1 -1 0 0 0 1 0 1 0 0
1 0 0 1 0 1 0 0 0 1 0 -1 -1 0 0 0 0 0 -1 0 1 0
-1 1 0 0 0 0 1 -1 -1 0 0 0 0 1 0 0 -1 -1 0 -1 -1 0
0 0 0 1 0 0 0 0 0 1 0 0 0 0 0 0 1 0 0 0 0 0
0 -1 0 -1 0 -1 -1 1 1 -1 0 1 1 -1 0 -1 0 1 0 1 0 0
0 0 0 0 0 1 1 -1 0 1 0 0 0 0 0 0 -1 0 0 0 1 0
-1 1 0 0 1 0 0 -1 0 0 0 0 0 1 0 0 -1 -1 0 -1 0 0
0 0 0 1 0 0 1 0 -1 1 0 0 -1 0 0 0 0 0 0 0 0 0
77 7600
-1 0 0 0 -1 0 1 0 -1 0 0 1 0 0 -1 -1 -1 0 1 0 1 0
1 0 -1 1 1 1 0 0 1 1 1 0 0 0 0 1 1 0 -2 0 1 -1
-1 0 -1 0 0 0 0 -1 1 0 1 0 0 1 0 1 1 0 -1 0 -2 -1
0 1 1 0 0 0 0 0 -1 0 -1 0 0 0 0 -1 -1 0 1 -1 1 1
-1 0 0 0 0 0 0 0 1 0 0 0 1 0 1 0 1 0 0 0 -1 0
0 0 0 0 0 -1 0 0 -2 0 0 0 -1 0 0 0 0 0 1 0 -1 0
-1 0 0 0 0 0 0 0 2 0 0 1 2 0 0 0 1 0 0 0 0 0
1 0 -1 0 1 0 -1 0 0 0 0 -1 0 0 0 1 1 0 -1 0 0 -1
0 0 0 0 0 0 0 0 0 0 0 0 0 0 0 0 0 0 0 0 1 0
1 0 0 0 0 1 0 0 0 0 0 -1 0 0 1 1 0 0 -1 1 0 0
0 0 -1 0 1 0 -1 -1 1 0 1 0 1 0 0 1 1 0 -1 0 0 -1
0 0 0 0 -1 0 1 0 -2 0 0 0 -2 0 -1 -1 -1 0 1 0 0 0
0 0 0 0 0 0 0 0 0 0 0 0 1 0 0 0 0 0 0 0 0 0
-1 0 1 0 -1 0 1 0 0 0 -1 0 0 0 0 -1 -1 0 1 0 0 0
0 0 0 0 0 0 0 0 -1 0 0 0 -1 0 -1 -1 -1 0 1 0 1 0
1 0 0 0 0 0 -1 0 0 0 0 -1 0 0 0 1 1 0 0 0 0 0
-1 0 0 0 0 0 1 0 1 0 0 1 0 0 0 0 0 0 0 0 -1 0
0 0 0 0 0 0 -1 0 1 0 0 0 1 0 0 0 1 1 0 0 0 0
0 0 0 0 0 0 0 0 -1 0 0 0 0 0 0 0 0 0 1 0 1 0
0 0 0 0 0 1 1 0 1 1 0 0 0 0 1 0 0 0 -1 0 0 0
0 0 0 0 0 0 0 0 1 0 0 0 0 0 0 0 0 0 0 0 0 0
0 0 1 0 0 0 0 0 1 0 -1 0 1 -1 1 0 0 0 0 0 0 1
77 7920
1 -1 0 1 -1 1 2 1 0 1 -1 1 1 -2 0 1 1 1 -1 1 1 -1
-1 0 1 0 -1 -1 0 0 -1 -1 1 0 -1 0 1 -2 -1 -1 1 0 -2 2
-2 0 0 0 2 -2 -1 0 0 -1 1 0 0 1 0 -1 -1 -3 1 -1 -2 0
2 0 0 0 -1 2 1 0 0 1 -1 0 0 -1 0 1 0 2 -1 1 2 0
-1 0 -1 -1 0 0 0 0 0 -1 1 0 0 1 0 0 0 -1 0 0 -1 0
0 1 0 0 1 0 0 -1 0 1 -1 0 0 0 0 1 0 0 0 -1 1 -1
0 -1 0 0 -1 0 0 1 0 -1 1 0 0 0 0 0 0 -1 0 1 -1 1
-1 1 0 -1 0 -1 -1 -1 -1 -1 0 -1 -1 1 0 -1 -1 -1 1 -1 -1 1
1 -1 0 0 -1 0 0 1 0 0 0 0 0 -1 0 0 1 1 0 1 0 0
-1 1 0 -1 0 -1 -1 0 0 -1 0 0 0 1 0 -1 0 0 1 -1 -1 1
-1 0 0 -1 0 -2 -1 0 -1 -2 1 0 -1 0 0 -1 -1 -2 1 -1 -2 2
1 0 0 2 1 1 1 0 0 2 -1 0 0 -1 0 1 1 1 -1 0 2 -2
0 0 0 -1 -1 0 0 0 0 -1 0 0 0 0 0 0 -1 0 0 0 0 1
1 -1 -1 1 0 1 1 1 0 1 0 0 0 0 -1 1 1 1 -1 1 1 -2
1 0 0 1 0 1 1 0 0 1 -1 0 0 -1 0 1 1 1 -1 0 1 -1
0 0 0 -1 0 -1 -1 0 0 -1 0 0 0 0 0 0 0 0 1 0 0 1
-1 0 0 1 1 0 0 0 0 0 1 0 0 1 0 0 0 -1 0 0 -1 -1
0 0 0 -1 0 0 0 0 0 -1 0 0 0 0 0 0 -1 -1 0 0 0 1
1 0 0 0 -1 1 1 0 0 1 -1 0 0 -1 0 1 1 1 0 0 1 0
-1 0 0 0 0 0 0 0 0 0 1 0 0 1 1 -1 0 0 0 0 -1 0
0 0 0 1 0 0 0 0 -1 0 1 -1 -1 1 0 0 0 -1 0 0 -1 0
0 0 -1 -1 0 0 -1 0 0 -1 1 0 0 1 -1 0 0 0 0 0 0 0
77 7972
1 0 1 1 -1 0 1 0 -1 2 -1 -1 -1 0 1 0 -1 0 0 0 1 1
0 0 0 2 1 0 -1 0 1 0 2 1 0 1 -1 1 1 0 -1 0 0 -1
-1 0 0 1 0 1 1 0 1 -1 1 0 0 0 0 0 1 0 -1 0 -1 -1
1 0 0 -1 -1 0 0 0 -1 1 -1 0 0 0 0 0 -1 1 1 1 1 1
-1 0 1 0 0 0 1 0 1 0 0 1 1 0 1 0 0 0 0 0 -1 0
0 0 0 -1 0 1 1 0 0 0 -1 0 0 -1 1 -1 -1 0 0 0 1 1
0 0 1 1 0 -1 0 1 1 0 0 1 1 0 0 1 1 0 0 0 -1 0
0 0 0 0 1 0 -1 0 1 -1 1 1 0 0 -1 0 0 0 0 0 0 0
0 0 0 0 0 -1 -1 0 0 0 0 0 0 0 0 0 0 0 0 0 0 0
-1 1 0 0 1 0 -1 -1 0 -1 1 0 0 1 0 0 0 -1 0 -1 -1 0
0 0 1 1 1 0 -1 0 2 -1 1 1 1 0 0 1 0 0 -1 0 0 0
1 0 -1 0 -1 1 1 0 -2 1 -1 -2 -2 0 0 0 0 0 0 0 1 0
0 0 1 0 0 0 0 0 1 0 0 1 1 0 0 0 -1 0 0 0 0 1
0 0 0 0 -1 0 1 0 -1 1 -1 -1 -1 0 0 0 0 0 1 0 0 0
1 0 0 0 0 0 0 0 -1 1 -1 -1 -1 0 0 0 -1 0 0 0 1 0
0 0 0 -1 0 0 -1 0 1 -1 0 0 1 0 0 0 0 0 0 0 0 0
-1 0 0 1 0 0 1 0 0 0 0 0 0 0 0 0 1 0 0 0 -1 -1
0 0 0 -1 0 0 0 0 1 0 0 1 1 0 0 0 0 1 0 0 0 0
1 0 1 0 0 0 0 0 0 1 -1 0 0 -1 1 0 -1 0 0 0 1 1
-1 0 0 1 0 0 0 0 0 0 1 0 0 1 0 0 1 0 0 0 -1 -1
0 0 0 1 0 0 0 0 0 0 0 0 0 0 -1 1 1 0 0 0 0 -1
-1 0 0 -1 0 -1 0 0 0 -1 0 1 1 0 0 0 0 0 1 0 -1 0
77 8144
0 0 1 0 -1 1 1 0 1 0 -1 1 2 -1 1 0 1 1 1 1 1 1
-1 0 -1 -1 -2 1 0 -1 0 0 0 -1 0 1 -1 0 0 1 1 1 0 -1
-1 -1 -1 -1 2 -2 -2 -1 0 0 1 0 -1 0 -1 -2 -2 -1 0 -1 0 -1
1 1 1 1 -1 1 1 1 0 0 -1 0 1 0 1 2 2 0 0 0 0 1
0 -1 -1 -1 0 0 0 0 0 0 1 0 -1 0 0 -1 -1 0 -1 0 0 0
0 1 2 1 1 0 1 0 0 1 -1 0 0 0 2 0 -1 -1 0 -1 0 1
0 -1 -2 -2 -1 0 -1 0 0 -1 1 0 0 0 -1 -1 0 1 0 1 0 0
-1 1 0 0 0 0 0 -1 -1 0 0 -1 -1 1 0 0 -1 -1 0 -1 -1 0
0 0 0 0 -1 1 0 0 1 0 0 0 1 0 0 0 1 1 0 1 0 0
0 0 0 0 0 0 0 0 0 0 0 0 -1 0 -1 0 -1 0 0 0 0 0
-1 0 -1 -2 -1 0 -1 -1 0 -1 0 -1 0 1 -1 -1 -2 0 0 0 0 0
0 1 2 2 1 0 1 0 0 1 -1 1 1 0 1 1 1 0 1 0 0 0
0 0 0 -1 -1 0 0 0 0 -1 0 0 0 0 0 0 -1 0 0 0 0 1
0 0 0 1 1 0 0 0 0 0 1 1 0 0 0 0 1 0 0 0 0 0
0 1 1 1 0 1 1 0 0 0 -1 0 1 0 1 1 1 0 0 0 0 0
0 0 0 0 0 0 0 0 0 0 0 0 0 0 0 0 -1 0 -1 0 0 0
0 -1 -1 0 1 -1 -1 0 0 0 1 0 -1 0 -1 -1 0 0 0 0 0 -1
0 0 -1 -1 0 0 0 0 0 0 0 0 0 0 0 0 0 0 -1 -1 0 0
0 1 1 0 -1 1 1 0 0 0 -1 0 1 0 1 0 0 0 0 0 0 1
0 -1 -1 0 0 0 0 0 0 0 1 0 -1 0 -1 0 0 0 0 1 0 -1
0 0 -1 0 0 0 -1 -1 -1 0 1 -1 -1 1 -1 0 0 0 0 0 0 -1
1 -1 -1 0 0 0 0 1 0 0 1 0 -1 0 -1 0 0 0 -1 0 0 0
77 8553
-1 -1 0 0 0 1 0 -1 1 0 1 -1 0 1 0 -2 -2 0 -1 1 1 -1
0 -1 -2 -1 1 -1 -1 1 0 -1 1 2 1 -1 -1 0 1 0 0 1 0 0
-1 2 0 0 -1 0 0 -1 0 0 0 1 1 1 0 1 2 0 1 -1 -2 1
0 -1 0 0 1 0 0 0 0 0 0 -1 -1 0 0 -1 -2 0 -1 0 1 -1
0 1 1 0 0 0 0 0 1 0 -1 1 1 0 0 1 0 0 1 0 0 1
1 0 0 0 0 0 0 0 0 0 0 -1 -1 0 0 0 0 0 -1 -1 0 0
-1 0 0 0 0 0 0 0 1 0 0 1 1 0 0 0 0 0 1 1 0 0
1 0 -1 0 1 -1 -1 1 0 0 0 1 0 -1 -1 1 2 0 0 -1 0 0
0 -1 0 0 0 0 0 0 0 0 0 0 0 -1 0 -1 -1 0 0 1 1 0
1 0 0 0 0 0 0 1 0 0 0 1 0 -1 0 1 1 0 0 0 0 1
0 0 -1 0 1 0 0 1 1 0 0 2 1 -1 0 1 2 0 0 0 0 0
0 -1 0 0 -1 0 0 -1 -1 0 1 -2 -1 1 0 -1 -1 0 -1 0 0 -1
0 0 0 0 1 0 0 1 1 0 0 1 0 0 0 0 0 0 0 0 0 0
-1 0 1 0 -1 0 0 -1 0 0 0 -1 0 1 0 -1 -1 0 1 0 0 0
0 -1 0 0 0 0 0 0 0 0 0 -1 0 0 0 -1 -1 0 -1 0 1 -1
1 0 0 0 0 0 0 1 0 0 -1 0 0 -1 0 1 1 0 0 0 0 0
-1 1 1 0 -1 0 0 -1 0 0 0 0 1 1 1 0 0 0 1 0 -1 1
0 1 0 0 1 0 0 0 0 0 -1 0 0 0 0 1 0 -1 0 -1 0 0
0 -1 0 0 1 0 0 0 1 0 0 0 0 -1 0 -1 -1 0 -1 0 1 -1
0 0 0 -1 -1 0 0 0 0 0 0 1 1 0 0 0 0 1 1 1 0 1
-1 0 0 0 0 -1 0 0 0 0 0 1 1 0 0 0 1 0 1 0 -1 0
0 1 1 0 0 0 0 0 0 0 -1 0 0 0 1 1 0 0 1 0 0 1
77 8572
0 0 -1 -1 1 0 -2 -1 0 -1 2 -1 -1 1 0 0 0 -1 0 0 0 0
0 0 1 1 -1 0 2 0 -1 0 0 0 -1 1 0 1 -1 0 0 1 -1 0
0 0 1 1 -1 0 1 2 2 0 -1 2 2 0 -1 0 1 2 1 1 0 0
0 0 -1 -1 1 0 -1 -1 -1 0 1 -1 -1 0 1 0 0 -1 -1 -1 0 0
0 0 1 1 -1 1 1 0 1 1 0 1 1 0 0 0 0 1 0 1 0 0
0 -1 -1 -1 0 0 -1 0 1 0 0 0 1 -1 0 -1 1 1 0 0 1 0
0 1 1 1 -1 1 1 0 0 0 0 0 0 1 0 1 0 0 0 1 -1 0
0 0 1 1 -1 0 1 0 0 1 -1 0 0 0 0 0 0 1 0 0 0 0
1 0 0 0 0 0 0 0 -1 0 0 -1 -1 0 0 1 0 -1 0 0 0 0
0 0 1 1 0 0 1 0 0 1 -1 0 0 0 0 0 -1 0 0 0 0 0
0 1 2 2 -1 1 2 0 0 1 -1 0 0 1 1 1 0 1 0 1 -1 0
0 -1 -2 -2 2 -2 -3 0 0 -2 1 0 0 -1 -1 -1 0 -1 0 -1 1 0
-1 1 1 1 0 1 1 -1 0 1 0 0 0 1 1 0 0 0 0 0 -1 0
0 0 -1 -1 1 -1 -2 0 0 -1 1 0 0 0 -1 -1 0 -1 0 -1 0 0
0 0 -1 -1 1 -1 -2 -1 -1 -1 1 -1 -1 0 0 0 0 -1 0 -1 0 0
0 0 1 1 0 0 1 0 0 1 -1 0 0 -1 1 0 0 0 0 0 0 0
0 0 0 0 0 0 0 1 1 -1 0 1 1 0 -1 0 0 0 0 0 0 0
0 0 1 1 -1 1 1 0 0 1 0 0 0 0 1 0 0 1 0 1 0 0
0 0 0 -1 0 0 -1 -1 0 0 0 -1 0 0 1 0 0 0 0 0 0 0
0 0 0 0 0 0 1 0 0 0 0 1 0 0 -1 0 -1 0 0 0 0 0
0 0 0 0 0 -1 0 1 0 -1 0 1 0 0 -1 0 0 0 0 0 -1 0
0 0 0 1 0 1 1 0 0 1 0 0 0 0 0 0 0 0 -1 0 0 -1
77 9115
1 1 2 0 -1 2 0 0 1 0 -2 -1 1 0 1 0 -2 0 0 1 2 2
-1 2 0 0 0 0 0 -2 -1 0 0 -1 -1 1 0 0 0 0 0 -2 -1 -1
-2 1 -1 0 2 -2 -1 -1 1 0 1 2 1 1 -1 0 2 0 0 -2 -2 -1
2 -1 1 0 -2 2 1 1 0 1 -1 -1 0 -1 1 0 -1 1 0 2 2 1
-1 0 -1 0 0 0 0 -1 0 0 1 0 0 1 -1 0 1 0 0 0 -1 -1
0 -1 0 0 0 -1 0 1 0 0 0 1 0 -1 0 -1 0 0 1 1 0 1
0 1 -1 0 0 1 0 -1 0 0 0 -1 0 1 -1 1 1 0 -1 -1 0 -1
-1 0 -1 0 0 -1 0 -1 -1 0 1 0 -1 0 0 0 1 0 0 -1 -1 -1
1 0 0 0 0 1 0 0 0 0 0 -1 -1 0 0 0 -1 0 -1 0 1 0
-1 0 0 1 1 -1 0 -1 -1 0 1 0 -1 0 0 0 0 -1 0 -1 -1 -1
-1 1 -1 0 0 -1 -1 -2 -1 0 1 -1 -1 1 -1 0 1 0 0 -2 -1 -1
1 0 2 0 0 0 0 2 1 0 -2 1 1 -1 1 0 -1 0 1 1 1 2
0 0 0 0 -1 0 0 -1 -1 0 0 -1 0 0 0 0 0 0 0 0 0 0
1 0 1 0 0 1 0 1 1 0 -1 0 1 0 1 1 0 0 0 1 1 1
1 0 1 0 -1 1 0 1 0 0 -1 -1 0 0 1 0 -1 0 0 1 1 1
0 -1 -1 0 0 -1 0 0 -1 0 1 0 -1 0 -1 0 0 0 0 0 0 -1
-1 1 0 0 1 0 0 0 1 0 0 1 1 1 0 0 1 0 0 -1 -1 0
0 -1 -1 0 -1 0 0 0 0 0 1 0 0 0 -1 0 1 1 0 1 0 -1
1 0 0 0 -1 1 0 0 -1 0 0 -1 -1 0 0 0 -1 0 0 1 1 1
-1 1 0 0 1 0 0 -1 0 0 0 0 0 1 0 0 0 0 0 -1 -1 -1
0 1 0 0 0 0 0 0 0 0 0 0 0 1 0 1 1 0 0 -1 -1 0
0 -1 -1 0 0 0 0 0 0 0 1 0 0 0 -1 0 1 0 0 0 0 -1
77 9283
0 0 0 -1 0 0 -1 0 0 -1 -1 -1 1 0 0 0 -1 0 -1 1 0 -1
0 0 1 1 1 -1 -2 0 2 0 1 1 0 0 -1 -1 0 1 1 0 0 0
0 1 -2 -1 -1 0 -1 -1 -1 0 1 0 -1 1 -1 0 2 2 1 -1 0 0
0 -1 1 0 0 0 1 1 1 0 -1 0 1 -1 1 0 -1 -1 -1 1 0 0
0 0 -1 -1 0 0 0 0 0 0 0 1 0 0 -1 0 0 1 1 0 1 0
0 0 -1 -1 0 0 1 0 -1 0 0 0 0 0 0 0 0 -1 -1 -1 -1 0
0 0 0 0 0 0 -1 0 1 0 0 1 0 0 -1 0 0 2 1 1 1 0
0 0 0 1 1 0 0 0 1 1 1 1 0 0 0 0 1 0 0 -1 0 0
0 0 1 1 0 0 0 0 0 0 0 0 0 0 0 0 -1 0 0 1 0 0
0 0 0 1 1 0 0 0 0 0 1 0 -1 0 0 0 0 -1 0 -1 0 0
0 1 0 1 1 0 -1 0 1 1 1 1 -1 1 -1 0 1 1 1 -1 0 0
0 0 0 -1 -1 0 0 0 -1 -1 -1 -2 1 0 1 0 0 -1 -1 0 -1 0
0 0 0 0 1 0 0 1 1 0 0 1 0 0 0 0 0 0 0 0 0 0
0 0 0 -1 -1 0 0 0 -1 -1 -1 -1 1 0 1 1 0 0 0 1 0 0
0 0 1 0 0 0 0 0 0 0 -1 -1 1 0 1 0 -1 -1 -1 0 0 0
0 0 0 1 0 1 1 0 0 1 1 0 -1 1 0 0 0 0 0 0 0 0
0 0 -1 -1 -1 -1 -1 0 -1 -1 0 0 0 0 -1 0 1 1 1 0 0 0
0 0 0 0 0 1 1 0 1 1 0 1 0 0 0 0 0 1 0 0 1 0
0 0 0 0 1 0 0 0 0 0 0 0 0 0 0 0 -1 -1 -1 0 0 0
0 0 0 0 0 -1 -1 0 0 -1 0 0 0 0 -1 0 0 0 1 0 0 0
0 0 0 0 0 -1 -1 0 0 0 0 0 0 0 0 0 1 1 1 0 0 0
-1 0 0 0 0 0 1 0 0 0 0 1 0 0 0 0 0 0 1 0 0 0
77 9434
0 0 0 0 1 -1 -1 0 1 0 0 0 0 -1 1 0 2 0 0 -1 -1 1
1 -1 1 1 0 -1 -1 2 1 0 0 0 0 0 -1 0 0 1 1 1 0 -1
1 0 2 2 -2 2 2 1 -1 0 0 -1 -1 1 0 1 -2 -1 0 2 0 1
-1 0 -1 -2 1 -1 -1 -1 1 0 0 1 1 -1 1 -1 1 1 0 -1 0 0
0 0 1 1 0 0 1 1 0 0 0 1 0 0 0 0 -1 -1 0 0 0 1
0 0 -1 -1 0 1 0 -1 0 0 0 -1 0 0 0 0 0 -1 -1 -1 1 0
0 0 1 1 0 -1 0 2 0 -1 0 1 0 0 0 0 0 0 1 1 -1 1
1 -1 0 0 0 0 0 1 0 0 0 0 0 0 -1 0 -1 0 0 1 1 -1
0 0 0 0 0 -1 -1 0 0 0 0 0 0 0 0 0 1 1 1 0 0 0
0 0 0 0 0 0 0 0 0 0 0 0 0 1 -1 0 -1 0 0 0 0 -1
1 0 1 1 0 0 0 2 0 0 0 0 -1 1 -1 0 -1 0 1 1 0 0
0 0 -1 -1 0 0 -1 -2 0 0 0 -1 0 -1 0 0 1 0 -1 -1 0 0
0 0 0 0 1 0 0 1 1 0 0 1 0 0 0 0 0 0 0 0 0 0
0 0 0 0 0 0 0 -1 0 0 0 0 0 -1 1 0 0 0 -1 0 0 1
0 0 -1 -1 1 -1 -1 -1 0 0 0 0 0 -1 0 0 1 0 0 -1 0 0
0 0 -1 0 0 0 0 0 -1 0 1 0 -1 1 -1 0 0 0 0 0 0 -1
0 0 1 1 -1 1 1 0 0 0 0 0 0 0 0 0 -1 0 0 1 0 1
0 0 0 0 0 0 1 1 0 0 0 1 0 0 0 0 0 0 0 0 0 0
0 0 -1 -1 1 -1 -1 0 0 0 0 0 0 0 0 0 1 0 0 -1 0 0
0 0 1 1 0 0 0 0 0 0 0 0 0 0 0 0 -1 0 0 0 0 0
0 0 1 1 0 0 0 0 0 0 0 0 0 0 0 0 -1 0 0 1 0 0
-1 0 0 0 0 0 1 0 0 0 0 1 0 0 0 -1 -1 0 0 0 0 0
77 9466
2 0 -1 1 0 1 0 1 -1 0 0 0 -1 -1 -2 2 2 0 0 0 1 0
-1 1 1 1 0 0 -1 -1 1 0 0 0 1 2 0 1 0 0 0 0 0 0
-1 0 -1 -2 0 -1 -2 0 1 -1 0 -1 1 1 1 -1 0 0 0 0 -1 0
1 0 0 1 0 1 2 0 -1 1 0 1 -1 -1 -1 1 0 0 0 0 1 0
-1 0 0 -1 1 -1 -1 0 1 -1 0 1 1 0 0 -1 -1 0 0 0 -1 0
1 0 0 0 0 1 1 0 -1 1 0 -1 -1 0 1 0 0 0 0 0 0 0
-1 0 0 0 0 -1 -1 0 1 -1 0 1 1 0 -1 0 0 0 0 0 -1 0
-1 0 1 0 0 0 0 -1 1 1 0 0 1 1 1 -1 -1 0 0 0 0 0
0 0 0 1 0 0 0 0 0 0 0 0 0 0 -1 1 1 0 0 0 0 -1
-1 0 1 0 0 0 0 0 1 0 0 0 1 1 1 -1 -1 0 0 0 0 0
-1 0 1 0 0 0 -1 -1 2 0 0 0 2 1 1 0 -1 0 -1 0 0 0
2 0 -1 1 0 1 1 1 -2 1 0 -1 -2 -1 0 1 2 0 0 0 1 0
0 0 1 0 0 0 0 0 1 0 0 1 1 0 0 0 -1 0 0 0 0 1
1 0 -1 0 0 0 0 1 -1 0 0 0 -1 -1 -1 0 1 0 0 0 0 0
1 0 0 1 0 1 1 0 -1 1 0 0 -1 -1 0 1 1 0 0 0 1 0
-1 0 1 0 0 0 0 -1 1 0 0 0 1 0 1 -1 -1 0 0 0 0 0
0 0 -1 -1 0 -1 -1 1 0 -1 0 0 0 0 0 0 1 0 0 0 -1 0
-1 0 0 -1 0 0 0 -1 1 0 0 1 1 0 0 -1 -1 1 0 0 0 0
1 0 1 1 0 1 1 0 0 1 -1 0 0 -1 0 1 0 0 0 0 1 0
-1 1 0 0 1 -1 -1 0 0 -1 0 0 0 1 0 0 0 -1 0 -1 -1 0
0 0 0 0 0 -1 -1 0 0 0 0 0 0 0 0 0 0 0 0 0 0 0
-1 0 0 -1 0 -1 0 0 0 -1 0 1 1 0 0 -1 -1 0 0 0 -1 0
77 9682
-1 0 -1 -2 0 -2 -1 0 0 -1 0 1 0 0 -1 -2 0 1 1 0 -1 1
-1 0 -2 0 1 0 0 0 -1 -2 1 0 0 0 -1 0 0 -2 -1 0 -1 -1
0 0 2 1 0 0 0 0 -1 -1 0 0 0 0 1 1 -2 -2 1 1 0 1
0 0 -1 -1 0 0 0 0 1 1 0 0 0 0 0 -1 1 1 -1 -1 0 0
0 0 1 0 -1 1 1 0 0 0 0 0 0 0 1 0 -1 0 1 1 0 1
0 0 1 0 0 0 0 -1 0 1 0 0 0 0 1 0 -1 1 0 0 1 0
0 0 0 0 0 0 0 1 0 -1 0 0 0 0 0 0 0 -1 1 1 -1 1
0 0 0 1 0 1 1 0 -1 0 0 -1 0 0 1 1 0 -1 -1 0 0 -1
0 0 -1 0 0 0 0 0 0 0 0 0 0 0 -1 0 1 0 0 0 0 0
0 0 0 1 0 1 1 0 0 0 0 0 0 0 0 1 0 0 -1 0 0 -1
-1 1 0 1 1 1 1 0 -1 -1 0 0 0 0 1 1 0 -2 0 0 -1 0
0 0 0 -1 0 -2 -2 -1 0 0 0 0 0 0 -1 -1 0 1 0 -1 0 0
-1 1 0 0 0 1 1 0 0 0 0 0 0 1 1 0 0 0 0 0 -1 0
0 0 1 -1 -1 -1 -1 0 1 0 -1 0 1 0 0 -1 0 1 1 0 0 1
0 0 -1 -1 0 -1 -1 0 0 0 0 0 0 0 -1 -1 1 1 0 -1 0 0
0 0 0 1 0 1 1 0 0 1 0 0 0 0 0 1 1 0 0 0 0 -1
0 0 1 0 0 -1 -1 0 0 -1 0 0 0 0 0 0 -1 -1 1 0 0 1
0 0 0 0 0 1 1 0 0 1 0 0 0 0 1 0 0 0 0 0 0 0
0 0 -1 -1 0 0 0 0 0 0 0 0 0 0 0 0 1 1 0 0 0 0
0 0 0 0 0 0 0 0 0 -1 0 0 0 0 -1 0 -1 -1 0 0 0 0
0 0 0 0 0 0 -1 0 0 -1 0 -1 0 0 0 0 0 -1 0 0 0 0
0 0 1 1 0 1 1 0 1 1 0 0 0 0 1 0 0 0 0 0 0 0
77 9867
1 0 1 2 0 2 1 -1 0 2 1 -1 -1 0 1 1 0 -1 0 0 1 0
-1 0 -1 -2 -1 0 -1 0 1 0 -1 0 2 0 0 -1 1 2 1 0 1 -1
-1 -1 -1 -1 -1 -1 -1 1 2 -1 1 2 1 1 -2 -1 1 3 0 1 -1 -1
1 1 1 1 1 1 1 -1 -1 1 -1 -1 -1 -1 1 1 -1 -2 0 -1 1 1
0 -1 -1 -1 0 -1 -1 1 1 -1 1 1 0 0 -1 -1 0 1 0 1 0 0
1 0 0 1 0 0 1 1 -1 0 0 0 -1 0 -1 1 1 -1 0 0 -1 0
0 -1 -1 -1 -1 0 -1 0 1 0 1 0 0 0 0 -1 0 2 0 1 1 0
0 0 -1 -1 0 -1 -1 1 0 -1 -1 0 1 0 -1 0 1 1 0 0 0 -1
0 0 0 0 0 1 0 -1 0 1 0 -1 0 0 1 0 0 0 0 0 1 0
0 0 0 -1 0 -1 -1 1 0 -1 -1 0 1 0 0 0 0 0 0 0 0 0
0 -1 -2 -2 -1 -1 -2 1 1 -1 0 0 1 0 -2 -1 1 2 0 0 1 -1
0 1 2 3 1 1 2 -1 -1 2 0 0 -1 0 1 1 0 -2 0 -1 -1 0
1 -1 -1 -1 0 -1 -1 1 0 -1 0 0 0 -1 -1 0 0 0 0 0 1 0
0 0 1 2 1 1 1 -1 0 1 1 0 -1 0 1 0 -1 -1 -1 0 0 0
0 1 1 2 1 1 1 -1 -1 1 0 -1 -1 0 1 1 0 -2 0 -1 0 0
0 0 -1 -1 0 -1 -1 0 -1 -1 0 0 0 0 -1 0 0 0 0 0 0 0
-1 0 0 0 0 0 0 0 1 0 1 1 0 1 0 -1 0 1 0 0 -1 0
0 0 -1 -1 0 -1 -1 0 0 -1 0 0 0 0 -1 0 0 0 0 0 0 0
1 0 0 1 0 1 1 0 -1 1 0 -1 -1 0 0 1 0 -1 0 0 1 0
-1 0 0 -1 0 0 0 0 1 0 0 1 1 0 1 -1 0 1 0 0 0 0
-1 0 0 0 0 0 0 0 1 0 0 1 1 0 0 -1 0 1 0 0 0 0
0 0 0 -1 0 -1 -1 0 0 -1 0 0 0 0 0 -1 -1 0 0 0 0 1
77 10357
1 1 0 0 0 -1 0 1 -1 0 -1 1 0 -1 0 2 2 0 1 -1 -1 1
0 1 2 1 -1 1 1 -1 0 1 -1 -2 -1 1 1 0 -1 0 0 -1 0 0
1 -2 0 0 1 0 0 1 0 0 0 -1 -1 -1 0 -1 -2 0 -1 1 2 -1
0 1 0 0 -1 0 0 0 0 0 0 1 1 0 0 1 2 0 1 0 -1 1
0 -1 -1 0 0 0 0 0 -1 0 1 -1 -1 0 0 -1 0 0 -1 0 0 -1
-1 0 0 0 0 0 0 0 0 0 0 1 1 0 0 0 0 0 1 1 0 0
1 0 0 0 0 0 0 0 -1 0 0 -1 -1 0 0 0 0 0 -1 -1 0 0
-1 0 1 0 -1 1 1 -1 0 0 0 -1 0 1 1 -1 -2 0 0 1 0 0
0 1 0 0 0 0 0 0 0 0 0 0 0 1 0 1 1 0 0 -1 -1 0
-1 0 0 0 0 0 0 -1 0 0 0 -1 0 1 0 -1 -1 0 0 0 0 -1
0 0 1 0 -1 0 0 -1 -1 0 0 -2 -1 1 0 -1 -2 0 0 0 0 0
0 1 0 0 1 0 0 1 1 0 -1 2 1 -1 0 1 1 0 1 0 0 1
0 0 0 0 -1 0 0 -1 -1 0 0 -1 0 0 0 0 0 0 0 0 0 0
1 0 -1 0 1 0 0 1 0 0 0 1 0 -1 0 1 1 0 -1 0 0 0
0 1 0 0 0 0 0 0 0 0 0 1 0 0 0 1 1 0 1 0 -1 1
-1 0 0 0 0 0 0 -1 0 0 1 0 0 1 0 -1 -1 0 0 0 0 0
1 -1 -1 0 1 0 0 1 0 0 0 0 -1 -1 -1 0 0 0 -1 0 1 -1
0 -1 0 0 -1 0 0 0 0 0 1 0 0 0 0 -1 0 1 0 1 0 0
0 1 0 0 -1 0 0 0 -1 0 0 0 0 1 0 1 1 0 1 0 -1 1
0 0 0 1 1 0 0 0 0 0 0 -1 -1 0 0 0 0 -1 -1 -1 0 -1
1 0 0 0 0 1 0 0 0 0 0 -1 -1 0 0 0 -1 0 -1 0 1 0
0 -1 -1 0 0 0 0 0 0 0 1 0 0 0 -1 -1 0 0 -1 0 0 -1
77 10930
2 0 0 1 -1 2 0 1 0 1 0 -1 -1 0 -1 1 1 0 0 0 2 1
-1 0 -1 0 1 -1 1 1 -1 -1 -1 0 1 0 0 1 1 -2 0 -1 -1 -1
-1 0 -1 0 2 -1 0 -2 0 1 0 0 0 0 0 0 0 -1 -2 -2 -1 -2
1 0 1 0 -2 1 0 1 0 0 0 0 0 0 0 0 0 1 2 2 1 2
-1 0 0 0 1 0 0 -1 1 1 0 0 1 0 1 -1 0 0 -1 -1 0 -1
1 0 0 0 -1 1 0 0 0 1 1 0 -1 1 0 0 0 2 0 1 0 0
-1 1 0 0 1 0 0 -1 0 0 -1 -1 1 0 1 0 0 -2 -1 -2 0 0
-1 0 -1 -1 1 -1 0 0 0 -1 0 1 1 0 0 0 0 0 0 0 -1 -1
0 0 0 0 0 0 0 1 0 -1 0 0 0 0 0 0 0 -1 0 0 0 1
-1 0 0 0 1 -1 0 0 0 -1 0 1 1 0 0 0 0 0 0 0 -1 -1
-1 0 -1 -1 1 -1 0 0 0 -1 -1 0 2 0 0 0 0 -1 -1 -1 -1 -1
2 0 1 1 -1 1 0 1 0 1 0 0 -2 0 -1 1 0 1 1 1 1 1
0 0 0 0 0 0 0 0 0 0 0 0 1 0 0 0 0 0 0 0 0 0
1 0 1 1 0 1 0 0 1 1 0 0 -1 -1 0 0 0 0 0 0 1 1
1 0 0 0 -1 1 0 1 0 0 0 0 -1 0 -1 0 0 1 1 1 1 1
-1 0 0 -1 0 -1 0 0 0 -1 0 1 1 0 0 -1 -1 0 0 0 -1 0
0 0 0 1 1 0 0 -1 0 1 0 -1 -1 0 0 0 0 -1 -1 -1 0 -1
-1 0 0 -1 0 0 0 -1 0 0 0 0 1 0 1 -1 -1 0 0 0 0 0
1 0 0 0 -1 1 0 1 0 0 0 0 0 0 0 0 0 1 0 1 1 1
-1 0 0 1 1 -1 0 0 0 0 0 0 0 0 0 0 1 -1 0 -1 -1 -1
0 0 0 0 1 -1 0 0 0 0 -1 0 0 -1 0 0 0 -1 0 -1 0 0
-1 0 1 0 0 0 0 -1 1 0 0 0 1 0 1 -1 -1 0 0 0 0 0
77 10986
1 0 0 0 -1 0 0 0 -1 1 0 -1 0 1 0 0 0 0 0 0 0 -1
0 -1 2 1 0 -1 1 1 1 0 0 2 0 -2 0 -1 -1 -1 1 1 -1 2
0 -2 -1 0 0 0 0 2 1 -2 2 1 -1 -1 -1 -1 0 1 0 2 0 0
0 2 1 0 0 0 0 -1 -1 1 -2 -1 1 1 1 1 0 -1 0 -2 0 0
0 -1 0 0 0 0 0 1 1 0 1 1 0 0 0 0 0 1 0 1 0 0
0 1 -1 0 0 2 0 -1 0 1 0 -1 0 1 0 0 1 1 -1 -1 1 -1
0 -1 1 0 -1 -1 0 1 0 -1 1 1 0 0 0 0 -1 0 1 2 -1 1
0 0 1 1 1 0 0 0 1 0 0 1 0 -1 0 0 0 0 0 0 0 1
0 0 0 0 0 -1 0 0 -1 0 0 0 0 0 0 0 0 -1 0 0 -1 0
0 0 0 0 1 0 0 0 1 0 0 1 0 -1 0 0 0 0 0 0 0 1
0 -1 1 0 0 -1 0 1 1 -1 1 2 0 -1 -1 -1 -1 0 1 1 -1 2
0 1 -1 0 0 1 0 -1 -1 1 -1 -2 0 1 0 0 1 0 0 -1 1 -2
0 0 1 0 0 0 0 0 1 0 0 1 1 0 0 0 -1 0 0 0 0 1
0 0 -1 0 0 0 0 0 -1 0 0 -1 0 1 0 1 1 0 0 0 0 -2
0 1 0 0 0 0 0 -1 -1 1 -1 -1 0 1 0 0 0 0 0 -1 0 -1
0 0 0 0 0 0 0 0 0 0 0 0 0 0 0 0 0 0 0 0 0 1
0 -1 -1 0 0 0 0 1 0 -1 1 0 -1 0 -1 0 0 0 0 1 0 -1
0 0 1 0 0 0 0 0 0 0 0 0 0 0 1 0 -1 0 0 0 0 1
0 1 0 0 0 0 0 -1 -1 1 0 0 0 1 0 0 0 0 0 -1 0 0
0 -1 0 0 0 0 1 1 1 0 0 1 0 -1 0 0 0 0 0 1 0 0
0 -1 0 0 0 -1 0 1 0 -1 0 1 0 -1 -1 0 0 0 1 1 0 0
0 0 0 0 0 0 0 0 0 0 0 0 0 0 0 1 0 0 0 0 0 0
77 11009
0 2 3 1 0 1 0 -1 0 0 -2 -1 1 0 3 1 -2 -1 0 0 1 2
0 0 -1 0 2 0 -1 -1 1 1 0 1 0 -1 -2 -1 0 0 -1 -2 1 -1
0 -1 -3 -2 -1 0 -1 0 1 0 1 0 -1 0 -2 -1 2 3 0 0 0 -1
0 1 2 1 0 0 1 0 -1 0 -1 0 1 0 2 1 -1 -2 0 0 0 1
0 -1 -1 0 0 -1 -1 0 0 0 1 0 -1 0 -1 0 1 1 0 0 0 -1
0 0 1 1 -1 0 1 1 0 0 0 0 0 0 1 0 1 0 1 1 -1 1
0 0 -1 -1 1 -1 -2 -1 0 0 0 0 0 0 -1 0 0 1 0 -1 1 -1
0 -1 -1 0 0 0 0 0 1 1 1 1 0 0 -2 -1 1 1 0 0 0 -1
-1 1 1 0 1 0 0 -1 0 0 -1 0 1 0 1 0 -1 -1 0 -1 0 0
0 -1 -1 0 0 0 0 0 0 0 1 0 -1 0 -2 -1 0 0 0 0 0 -1
0 -1 -2 -1 1 -1 -2 -1 1 0 1 1 0 -1 -3 -1 1 1 0 -1 1 -1
0 2 2 1 -1 2 2 0 -1 0 -1 -1 0 1 3 1 -1 -1 0 1 -1 2
1 -1 0 0 0 -1 -1 0 0 0 0 0 0 -1 -1 0 0 0 0 0 1 0
0 1 1 0 -1 1 1 0 -1 0 -1 -1 0 1 2 1 -1 0 0 1 0 1
0 1 2 1 0 1 1 0 0 0 -1 0 1 0 2 1 -1 -1 0 1 0 1
0 -1 -1 0 0 0 0 0 0 0 1 0 0 0 -1 0 1 0 0 0 0 -1
0 0 -1 -1 0 0 0 0 0 0 0 0 -1 0 0 0 0 1 0 0 0 0
0 -1 -1 0 0 -1 -1 0 0 0 1 0 0 0 -1 0 1 0 0 0 0 -1
0 1 2 1 0 0 0 0 0 0 -1 0 1 0 1 1 0 -1 1 0 0 1
0 0 -1 0 1 0 0 0 0 0 0 0 -1 0 -1 0 0 0 -1 -1 0 -1
0 0 -1 -1 0 0 0 0 0 0 0 1 0 0 -1 0 0 1 0 0 0 0
0 -1 -1 0 0 -1 0 0 -1 0 1 0 -1 0 -1 0 0 0 0 0 0 -1
77 11410
-1 0 -1 -2 0 -2 -1 1 0 -2 -1 1 1 0 -1 -1 0 1 0 0 -1 0
1 0 1 2 1 0 1 0 -1 0 1 0 -2 0 0 1 -1 -2 -1 0 -1 1
1 1 1 1 1 1 1 -1 -2 1 -1 -2 -1 -1 2 1 -1 -3 0 -1 1 1
-1 -1 -1 -1 -1 -1 -1 1 1 -1 1 1 1 1 -1 -1 1 2 0 1 -1 -1
0 1 1 1 0 1 1 -1 -1 1 -1 -1 0 0 1 1 0 -1 0 -1 0 0
-1 0 0 -1 0 0 -1 -1 1 0 0 0 1 0 1 -1 -1 1 0 0 1 0
0 1 1 1 1 0 1 0 -1 0 -1 0 0 0 0 1 0 -2 0 -1 -1 0
0 0 1 1 0 1 1 -1 0 1 1 0 -1 0 1 0 -1 -1 0 0 0 1
0 0 0 0 0 -1 0 1 0 -1 0 1 0 0 -1 0 0 0 0 0 -1 0
0 0 0 1 0 1 1 -1 0 1 1 0 -1 0 0 0 0 0 0 0 0 0
0 1 2 2 1 1 2 -1 -1 1 0 0 -1 0 2 1 -1 -2 0 0 -1 1
0 -1 -2 -3 -1 -1 -2 1 1 -2 0 0 1 0 -1 -1 0 2 0 1 1 0
-1 1 1 1 0 1 1 -1 0 1 0 0 0 1 1 0 0 0 0 0 -1 0
0 0 -1 -2 -1 -1 -1 1 0 -1 -1 0 1 0 -1 0 1 1 1 0 0 0
0 -1 -1 -2 -1 -1 -1 1 1 -1 0 1 1 0 -1 -1 0 2 0 1 0 0
0 0 1 1 0 1 1 0 1 1 0 0 0 0 1 0 0 0 0 0 0 0
1 0 0 0 0 0 0 0 -1 0 -1 -1 0 -1 0 1 0 -1 0 0 1 0
0 0 1 1 0 1 1 0 0 1 0 0 0 0 1 0 0 0 0 0 0 0
-1 0 0 -1 0 -1 -1 0 1 -1 0 1 1 0 0 -1 0 1 0 0 -1 0
1 0 0 1 0 0 0 0 -1 0 0 -1 -1 0 -1 1 0 -1 0 0 0 0
1 0 0 0 0 0 0 0 -1 0 0 -1 -1 0 0 1 0 -1 0 0 0 0
0 0 0 1 0 1 1 0 0 1 0 0 0 0 0 1 1 0 0 0 0 -1
77 11481
-1 -1 0 0 1 -1 0 -1 0 0 1 0 -1 -1 1 0 -1 -1 0 0 0 -1
-1 1 1 0 -1 1 0 -1 2 1 -1 0 2 1 0 0 1 0 0 -1 0 0
0 1 -1 0 -1 1 1 0 0 1 -1 0 1 1 -1 0 2 2 0 -1 1 -1
0 -1 0 0 1 -1 -1 0 0 -1 1 0 -1 -1 0 0 -1 -1 0 1 -1 0
0 1 0 0 -1 1 1 -1 -1 1 0 0 0 1 0 0 0 1 0 0 0 0
0 -1 0 -1 0 -1 0 1 0 -1 0 1 0 -1 0 -1 -1 1 1 1 0 1
0 1 0 1 0 1 1 -1 0 2 0 0 0 1 0 1 1 0 -1 -1 0 -1
0 1 1 0 -1 1 0 0 1 0 -1 0 1 1 0 0 0 1 0 0 0 1
0 0 0 0 0 0 0 0 0 0 0 0 0 0 0 1 0 -1 0 0 0 0
0 1 1 0 -1 1 0 0 0 0 -1 -1 1 1 1 0 0 0 0 0 0 1
-1 2 1 1 -1 2 1 -1 1 2 -1 0 1 2 0 0 1 1 0 -1 0 0
0 -2 -1 -1 1 -2 -1 1 0 -2 1 0 -1 -2 0 -1 -1 -1 0 0 0 0
-1 1 1 1 0 1 1 -1 0 1 0 0 0 1 1 0 0 0 0 0 -1 0
0 -1 -1 0 1 -1 0 0 -1 -1 1 0 -1 -1 0 0 -1 -1 -1 0 0 -1
0 -1 0 0 1 -1 -1 0 0 -1 1 0 -1 -1 0 0 -1 -1 0 0 0 0
0 1 0 0 0 1 0 0 0 0 0 0 0 1 0 0 0 0 0 0 0 1
0 0 -1 0 0 -1 0 0 -1 0 0 0 0 0 -1 0 1 0 0 -1 0 -1
0 1 0 0 0 1 0 -1 0 1 0 0 0 1 0 0 0 1 0 0 0 0
0 -1 0 0 0 0 0 0 0 0 1 0 -1 0 0 0 -1 0 0 1 0 0
0 0 0 0 -1 0 0 0 0 0 0 0 1 0 0 0 1 0 0 0 0 0
0 0 -1 0 0 0 0 0 0 0 0 0 0 0 -1 0 1 0 -1 -1 0 -1
0 1 0 0 0 0 0 0 -1 0 0 0 0 1 0 0 0 0 0 0 -1 0
77 11963
1 1 0 0 -1 1 0 1 0 0 -1 0 1 1 -1 0 1 1 0 0 0 1
1 -1 -1 0 1 -1 0 1 -2 -1 1 0 -2 -1 0 0 -1 0 0 1 0 0
0 -1 1 0 1 -1 -1 0 0 -1 1 0 -1 -1 1 0 -2 -2 0 1 -1 1
0 1 0 0 -1 1 1 0 0 1 -1 0 1 1 0 0 1 1 0 -1 1 0
0 -1 0 0 1 -1 -1 1 1 -1 0 0 0 -1 0 0 0 -1 0 0 0 0
0 1 0 1 0 1 0 -1 0 1 0 -1 0 1 0 1 1 -1 -1 -1 0 -1
0 -1 0 -1 0 -1 -1 1 0 -2 0 0 0 -1 0 -1 -1 0 1 1 0 1
0 -1 -1 0 1 -1 0 0 -1 0 1 0 -1 -1 0 0 0 -1 0 0 0 -1
0 0 0 0 0 0 0 0 0 0 0 0 0 0 0 -1 0 1 0 0 0 0
0 -1 -1 0 1 -1 0 0 0 0 1 1 -1 -1 -1 0 0 0 0 0 0 -1
1 -2 -1 -1 1 -2 -1 1 -1 -2 1 0 -1 -2 0 0 -1 -1 0 1 0 0
0 2 1 1 -1 2 1 -1 0 2 -1 0 1 2 0 1 1 1 0 0 0 0
1 -1 -1 -1 0 -1 -1 1 0 -1 0 0 0 -1 -1 0 0 0 0 0 1 0
0 1 1 0 -1 1 0 0 1 1 -1 0 1 1 0 0 1 1 1 0 0 1
0 1 0 0 -1 1 1 0 0 1 -1 0 1 1 0 0 1 1 0 0 0 0
0 -1 0 0 0 -1 0 0 0 0 0 0 0 -1 0 0 0 0 0 0 0 -1
0 0 1 0 0 1 0 0 1 0 0 0 0 0 1 0 -1 0 0 1 0 1
0 -1 0 0 0 -1 0 1 0 -1 0 0 0 -1 0 0 0 -1 0 0 0 0
0 1 0 0 0 0 0 0 0 0 -1 0 1 0 0 0 1 0 0 -1 0 0
0 0 0 0 1 0 0 0 0 0 0 0 -1 0 0 0 -1 0 0 0 0 0
0 0 1 0 0 0 0 0 0 0 0 0 0 0 1 0 -1 0 1 1 0 1
0 -1 0 0 0 0 0 0 1 0 0 0 0 -1 0 0 0 0 0 0 1 0
77 12064
-1 0 0 0 1 0 0 0 1 -1 0 1 0 -1 0 0 0 0 0 0 0 1
0 1 -2 -1 0 1 -1 -1 -1 0 0 -2 0 2 0 1 1 1 -1 -1 1 -2
0 2 1 0 0 0 0 -2 -1 2 -2 -1 1 1 1 1 0 -1 0 -2 0 0
0 -2 -1 0 0 0 0 1 1 -1 2 1 -1 -1 -1 -1 0 1 0 2 0 0
0 1 0 0 0 0 0 -1 -1 0 -1 -1 0 0 0 0 0 -1 0 -1 0 0
0 -1 1 0 0 -2 0 1 0 -1 0 1 0 -1 0 0 -1 -1 1 1 -1 1
0 1 -1 0 1 1 0 -1 0 1 -1 -1 0 0 0 0 1 0 -1 -2 1 -1
0 0 -1 -1 -1 0 0 0 -1 0 0 -1 0 1 0 0 0 0 0 0 0 -1
0 0 0 0 0 1 0 0 1 0 0 0 0 0 0 0 0 1 0 0 1 0
0 0 0 0 -1 0 0 0 -1 0 0 -1 0 1 0 0 0 0 0 0 0 -1
0 1 -1 0 0 1 0 -1 -1 1 -1 -2 0 1 1 1 1 0 -1 -1 1 -2
0 -1 1 0 0 -1 0 1 1 -1 1 2 0 -1 0 0 -1 0 0 1 -1 2
0 0 -1 0 0 0 0 0 -1 0 0 -1 -1 0 0 0 1 0 0 0 0 -1
0 0 1 0 0 0 0 0 1 0 0 1 0 -1 0 -1 -1 0 0 0 0 2
0 -1 0 0 0 0 0 1 1 -1 1 1 0 -1 0 0 0 0 0 1 0 1
0 0 0 0 0 0 0 0 0 0 0 0 0 0 0 0 0 0 0 0 0 -1
0 1 1 0 0 0 0 -1 0 1 -1 0 1 0 1 0 0 0 0 -1 0 1
0 0 -1 0 0 0 0 0 0 0 0 0 0 0 -1 0 1 0 0 0 0 -1
0 -1 0 0 0 0 0 1 1 -1 0 0 0 -1 0 0 0 0 0 1 0 0
0 1 0 0 0 0 -1 -1 -1 0 0 -1 0 1 0 0 0 0 0 -1 0 0
0 1 0 0 0 1 0 -1 0 1 0 -1 0 1 1 0 0 0 -1 -1 0 0
0 0 0 0 0 0 0 0 0 0 0 0 0 0 0 -1 0 0 0 0 0 0
